id,sales
3000888,4.807201695553167
3000889,0.1782740804833166
3000890,3.2464213767745536
3000891,2401.926427580311
3000892,0.0037758189857288772
3000893,370.4459004483336
3000894,12.196838101738331
3000895,729.2603630058129
3000896,951.1082292010764
3000897,145.26949627408266
3000898,128.90141676664675
3000899,96.62589849128037
3000900,3477.2784986091397
3000901,17.000961606520175
3000902,1.6374250908982177
3000903,23.757495221996226
3000904,23.063333178437688
3000905,0.29275600236632
3000906,175.32433362282364
3000907,14.296123146546975
3000908,20.41278643401703
3000909,7.268359429968102
3000910,79.27060205117098
3000911,6.890928901588331
3000912,300.02534660822033
3000913,170.11955170966382
3000914,3.771598556978241
3000915,8.216205685182107
3000916,302.11563563139157
3000917,62.28217030244875
3000918,3591.200200932196
3000919,55.10088047655057
3000920,25.631239714854956
3000921,1.3019504592123163
3000922,0.1782740804833166
3000923,2.3333653645567103
3000924,1935.1709682334981
3000925,0.0018879094928644386
3000926,118.05676015493434
3000927,4.377495318706086
3000928,1130.4059281401276
3000929,458.8136407251077
3000930,304.9595426880695
3000931,48.38032177855771
3000932,27.100705955604905
3000933,3843.3847301120513
3000934,4.832760659721471
3000935,0.40100206307711456
3000936,10.40527355817905
3000937,8.246888833501961
3000938,0.04182228605233143
3000939,176.34375360660684
3000940,3.8407495020573963
3000941,16.937692991869724
3000942,1.9858905546360934
3000943,13.260850044647698
3000944,0.4619617140729607
3000945,184.67169963126645
3000946,199.4816096583053
3000947,0.8755496650128058
3000948,3.9354934794569756
3000949,149.12409761995804
3000950,27.40459182378458
3000951,404.6113167633613
3000952,2.0129484853527533
3000953,1.7477223864948763
3000954,7.9452361357059305
3000955,0.20628857884498067
3000956,4.734364507796224
3000957,6606.785260423212
3000958,0.0018879094928644386
3000959,847.249360931801
3000960,13.165901950917538
3000961,2358.9017388946304
3000962,997.6578369513783
3000963,597.8455544897955
3000964,302.1571005624468
3000965,67.3413166809386
3000966,10626.641654669687
3000967,27.069212980939906
3000968,0.7685872875644696
3000969,28.489305143249595
3000970,22.049944296354816
3000971,0.08364457210466286
3000972,510.97846206176
3000973,12.482435881686538
3000974,2.4765512953035365
3000975,11.142926468280008
3000976,36.236769123912055
3000977,2.7332734749316843
3000978,646.8499213042664
3000979,449.5044612031346
3000980,2.7276739563860493
3000981,15.759925291593845
3000982,430.7078999667734
3000983,103.25065299597918
3000984,2379.270793281018
3000985,21.2133801917944
3000986,10.417796186165537
3000987,5.741935358577395
3000988,0.1782740804833166
3000989,0.9468729015592448
3000990,2183.297730445672
3000991,0.0018879094928644386
3000992,225.60570750322017
3000993,11.294606242157686
3000994,1395.561017976212
3000995,616.4415689428643
3000996,244.97669146082055
3000997,63.063580276385714
3000998,32.018377941539484
3000999,4186.713258016985
3001000,7.968301802040758
3001001,0.43441890166687414
3001002,15.898966940294565
3001003,20.093055420608593
3001004,0.18820028723549143
3001005,181.1720828901729
3001006,7.681499004114793
3001007,16.937692991869724
3001008,5.997389475001002
3001009,35.16331188359517
3001010,1.8478468562918429
3001011,158.38069749860634
3001012,196.18697473725308
3001013,1.6500743686779802
3001014,6.9734182706167465
3001015,164.58479063000362
3001016,31.96626410718882
3001017,555.4586233115446
3001018,4.129125098159494
3001019,3.4269066401860315
3001020,4.7738183504451595
3001021,0.1782740804833166
3001022,3.9227591636025854
3001023,2071.5744329794347
3001024,0.0018879094928644386
3001025,146.29180531271538
3001026,7.251270871444431
3001027,1087.5682042349968
3001028,425.48961563209207
3001029,194.56386789933424
3001030,50.30876817112959
3001031,25.348962066982384
3001032,4066.2736305851936
3001033,13.491456841722439
3001034,0.0668336771795191
3001035,17.3542499554245
3001036,9.330166604004335
3001037,0.020911143026165716
3001038,148.3766581575874
3001039,1.5647497971344946
3001040,16.937692991869724
3001041,3.1558637899674147
3001042,37.61877506838287
3001043,1.1549042851824016
3001044,159.7610974094977
3001045,219.18977436358352
3001046,0.5051248067381573
3001047,5.627065238170939
3001048,97.93761918987919
3001049,23.22305889733069
3001050,301.53508587703266
3001051,3.7678266520705384
3001052,1.9876058513078982
3001053,3.5720179265568675
3001054,0.1782740804833166
3001055,2.4348160325809154
3001056,2129.1094468412944
3001057,0.0018879094928644386
3001058,197.83587045666144
3001059,9.590390507394249
3001060,1857.46353109372
3001061,575.6593096623642
3001062,303.277780504128
3001063,40.091385529783835
3001064,34.8652983873039
3001065,4416.506019978895
3001066,9.37785699445952
3001067,0.33416838589759545
3001068,13.352221663817172
3001069,21.80533318688654
3001070,0.08364457210466286
3001071,212.70221817018765
3001072,1.1024373570720303
3001073,16.937692991869724
3001074,3.4225405215899762
3001075,18.83748850906884
3001076,2.3868021893769638
3001077,256.944448152524
3001078,287.04152505564804
3001079,1.1112745748239459
3001080,4.764018422500549
3001081,89.69251466930122
3001082,91.37167816152134
3001083,620.5205695084272
3001084,2.683931313803671
3001085,4.626323964251143
3001086,3.905851377636949
3001087,0.8939171749949162
3001088,3.719857827554176
3001089,2357.102890940282
3001090,0.0018879094928644386
3001091,190.14982340168356
3001092,2.7735275683404974
3001093,1126.3634753714346
3001094,511.7089186505293
3001095,304.15191678052696
3001096,94.19943092595257
3001097,53.20853758099633
3001098,3877.803251256785
3001099,7.105308827090495
3001100,1.035921996282546
3001101,14.261773548273384
3001102,18.066277656442853
3001103,0.10455571513082858
3001104,228.7969671871657
3001105,8.712811370407982
3001106,16.937692991869724
3001107,4.24980578692124
3001108,21.092591742980638
3001109,2.271311760858724
3001110,127.67700179323823
3001111,204.96464931137479
3001112,0.9428996392445602
3001113,5.350890257156414
3001114,111.31637669884138
3001115,43.9233747894454
3001116,995.4706618352282
3001117,3.561370397162563
3001118,4.797669296260445
3001119,4.6069016249051185
3001120,0.20628857884498067
3001121,1.4541262416802687
3001122,1844.8038906163367
3001123,0.0018879094928644386
3001124,183.7163962037727
3001125,5.379975162684579
3001126,1146.9716060147905
3001127,404.9662477970285
3001128,190.96009179088807
3001129,157.21912958388648
3001130,28.937799373025992
3001131,3109.20693427366
3001132,4.660162064731418
3001133,0.36758522448735503
3001134,12.297141477847969
3001135,13.418666576545561
3001136,0.16728914420932572
3001137,169.7701645879336
3001138,11.097474255687445
3001139,16.937692991869724
3001140,3.376013942881359
3001141,28.516588295842418
3001142,1.7708532372796826
3001143,55.908769563953186
3001144,158.15005538666117
3001145,0.9765746263604372
3001146,3.106968536413402
3001147,68.68044607664018
3001148,36.57908241316456
3001149,883.807512753531
3001150,55.10088047655057
3001151,0.9595338592520889
3001152,8.47936965743406
3001153,0.7220100259574322
3001154,3.2126044874331523
3001155,4051.9599313668746
3001156,0.0018879094928644386
3001157,390.366736136226
3001158,6.683198959856619
3001159,1466.5387336320493
3001160,1129.3141837077528
3001161,594.9834355044675
3001162,194.43476172123857
3001163,83.77482781851582
3001164,6661.369653118634
3001165,15.15990992662628
3001166,1.5037577365391797
3001167,25.06724993561317
3001168,26.348110934154565
3001169,0.16728914420932572
3001170,311.2204921474356
3001171,0.640124917009566
3001172,16.937692991869724
3001173,8.420175951657036
3001174,40.30916240314567
3001175,4.388636283693127
3001176,255.87985508837852
3001177,306.7589165840699
3001178,2.3235741109955237
3001179,8.906643137718419
3001180,376.47495501214
3001181,59.40541405433252
3001182,2252.6208853240078
3001183,9.600215853220822
3001184,14.632891353594356
3001185,3.7723179972049166
3001186,0.20628857884498067
3001187,4.193294278333798
3001188,2951.7832530252385
3001189,0.0018879094928644386
3001190,684.2487422452284
3001191,8.654742653014322
3001192,773.3249817181517
3001193,949.8405057067972
3001194,244.55364818764573
3001195,178.53353708073357
3001196,46.83219409121995
3001197,4089.920565619813
3001198,11.305207971848441
3001199,0.9690883191030268
3001200,27.10464615679508
3001201,18.76516654063794
3001202,0.1254668581569943
3001203,203.77839693305123
3001204,11.273311038446247
3001205,5.394003768180051
3001206,6.054507470001012
3001207,48.82431981049712
3001208,2.3483053798708835
3001209,109.94354096355174
3001210,184.85149297597323
3001211,4.175698402368766
3001212,7.1115057611240085
3001213,192.5623212813709
3001214,56.96619665095061
3001215,2824.154906100689
3001216,42.89128695713174
3001217,14.401198212785912
3001218,6.409602260737557
3001219,0.7907728855724259
3001220,3.3478720447987587
3001221,3565.784792454121
3001222,0.0018879094928644386
3001223,213.42442295551558
3001224,6.683198959856619
3001225,1168.50786406921
3001226,539.3202537275995
3001227,345.8023385837931
3001228,59.105190312685544
3001229,33.900545092088045
3001230,5011.749902499526
3001231,34.347120403020455
3001232,1.3032567050006223
3001233,14.989415055838354
3001234,19.149555426945227
3001235,0.08364457210466286
3001236,197.00156006113696
3001237,9.424061278196389
3001238,16.937692991869724
3001239,4.799424639471001
3001240,48.06671752780226
3001241,3.2337319985107253
3001242,148.56248210555884
3001243,209.56422064844688
3001244,1.3469994846350861
3001245,5.558021492917307
3001246,143.60809112487914
3001247,26.26417375293352
3001248,738.5054887092642
3001249,3.561370397162563
3001250,4.4207095658399815
3001251,7.110652508005727
3001252,0.1782740804833166
3001253,7.439715655108352
3001254,3604.9370804137616
3001255,0.0018879094928644386
3001256,727.2308745929632
3001257,11.528518205752668
3001258,1001.7307075870435
3001259,1179.8926484600413
3001260,259.32192268005826
3001261,169.9062769034383
3001262,86.82805832211685
3001263,5578.773621270449
3001264,40.73326841765239
3001265,1.5037577365391797
3001266,21.13798579476234
3001267,31.170444235100625
3001268,0.08364457210466286
3001269,268.25472295885373
3001270,24.040246883248148
3001271,18.461564201353635
3001272,5.854027090199653
3001273,77.92681343253345
3001274,10.740609852196338
3001275,515.0533647181151
3001276,300.41218037888217
3001277,8.755496650128059
3001278,8.526902538823448
3001279,467.00914180514997
3001280,109.05728129325648
3001281,3623.378889125836
3001282,55.10088047655057
3001283,33.99721000090156
3001284,7.911852790597921
3001285,0.034381429807496776
3001286,5.71505429869687
3001287,5458.467798842356
3001288,0.0018879094928644386
3001289,622.5016802881809
3001290,8.019838751827944
3001291,2426.640751026835
3001292,1179.5646977369036
3001293,816.0502337024936
3001294,109.17713173385016
3001295,69.5076003293459
3001296,8762.246754193824
3001297,11.564105864333518
3001298,0.5012525788463932
3001299,23.757495221996226
3001300,16.03949989227712
3001301,0.14173108051067873
3001302,369.05611601366684
3001303,2.560499668038264
3001304,7.064770152746767
3001305,4.964726386590234
3001306,49.804481814221035
3001307,1.6938596182675225
3001308,369.40994097569273
3001309,445.3533793767198
3001310,4.175698402368766
3001311,6.55915579909496
3001312,356.74277753279614
3001313,71.69051581627429
3001314,1698.292164813279
3001315,49.370662974649335
3001316,14.808725833922008
3001317,10.682670434562596
3001318,0.5157214471124516
3001319,4.362378725040806
3001320,4697.703644319044
3001321,0.0018879094928644386
3001322,549.8908911571651
3001323,7.184438881845866
3001324,2234.8944341591227
3001325,983.7463788569925
3001326,392.201276315692
3001327,279.59089453007056
3001328,71.52370888988075
3001329,6468.328010407968
3001330,14.61334770915778
3001331,0.6349199332054314
3001332,40.67516027288175
3001333,31.20538867931038
3001334,0.16728914420932572
3001335,357.9547755225585
3001336,4.231936951341019
3001337,3.864920960852489
3001338,12.669981738578278
3001339,79.23997198855461
3001340,2.463795808389124
3001341,119.79963156684543
3001342,335.1452379852783
3001343,2.7613489435019263
3001344,5.6484687991995655
3001345,181.68701062402863
3001346,159.6786088799826
3001347,2231.375356304083
3001348,0.9806672108128797
3001349,7.8133471396241525
3001350,4.740435005337152
3001351,0.20628857884498067
3001352,2.53626670060512
3001353,2355.440079621043
3001354,0.0018879094928644386
3001355,180.982278357115
3001356,8.821822627010738
3001357,960.0838315532814
3001358,495.15269665987233
3001359,174.94330908668272
3001360,53.18452156356135
3001361,43.105310256053386
3001362,3793.293939456319
3001363,9.435389859456205
3001364,0.8020041261542291
3001365,24.2668442772917
3001366,18.939888761686703
3001367,0.14173108051067873
3001368,181.90364793313748
3001369,1.3513748247979727
3001370,16.937692991869724
3001371,4.822877061259084
3001372,92.02226243104009
3001373,3.0412479509803245
3001374,109.0818920368598
3001375,175.77196947329747
3001376,1.3133244975192089
3001377,6.352024563334066
3001378,159.78700750577178
3001379,30.261511881883283
3001380,815.6148890947155
3001381,3.2960559994080167
3001382,2.5701799801395238
3001383,2.169917432020527
3001384,0.1782740804833166
3001385,1.6570275777286785
3001386,1762.6399708352142
3001387,0.0075516379714577545
3001388,298.8099697825917
3001389,13.299565930114673
3001390,633.3855808361081
3001391,725.9224520169712
3001392,146.40368453915636
3001393,48.887807671339786
3001394,52.142921592022795
3001395,3118.176914894103
3001396,20.481699938819567
3001397,0.46783574025663366
3001398,13.788806568356154
3001399,16.21422211332589
3001400,0.16728914420932572
3001401,139.0406159223284
3001402,13.620435734147987
3001403,2.9268333489950886
3001404,3.2171426985104716
3001405,48.272978683402414
3001406,5.813018235418089
3001407,604.4600714080271
3001408,169.95346889307947
3001409,3.6032236213988553
3001410,6.144893327573173
3001411,321.37709677764553
3001412,32.97460106511944
3001413,1820.6219260772264
3001414,55.10088047655057
3001415,8.179100902465741
3001416,2.8709676792886976
3001417,0.1375257192299871
3001418,4.835815175820429
3001419,4277.779960791692
3001420,0.0018879094928644386
3001421,844.5396652690083
3001422,16.97532535803581
3001423,1288.3506111002093
3001424,1821.6985610737038
3001425,320.7745539721586
3001426,227.5905067163341
3001427,134.03907412616115
3001428,6008.072862312887
3001429,29.945856230774112
3001430,0.9022546419235078
3001431,21.356278247031828
3001432,32.74294422453956
3001433,0.14173108051067873
3001434,274.15081913339026
3001435,13.549310743369148
3001436,41.80118398436576
3001437,11.994778950002004
3001438,78.71926092407628
3001439,15.360226992925943
3001440,412.5915088267819
3001441,310.3903305498626
3001442,16.568093661011556
3001443,9.83873369864244
3001444,549.9464508178257
3001445,114.63810736543525
3001446,5660.139318309401
3001447,55.10088047655057
3001448,23.688629380762354
3001449,3.471867891232843
3001450,0.10314428942249033
3001451,3.6522240488713726
3001452,2769.163483826644
3001453,0.0018879094928644386
3001454,466.2767599010416
3001455,7.384934850641565
3001456,558.375804321009
3001457,922.5613529750985
3001458,184.27048228469292
3001459,132.72447715893838
3001460,93.44275141178898
3001461,2990.9846054222035
3001462,20.078969883842774
3001463,1.1695893506415842
3001464,21.31989617165358
3001465,18.240999877491625
3001466,0.06273342907849715
3001467,124.04289639803933
3001468,11.097474255687445
3001469,28.1801518601963
3001470,5.52077574188834
3001471,236.46408339839257
3001472,11.54904285182402
3001473,228.06421571433185
3001474,128.62982332698695
3001475,5.1185980416133265
3001476,7.387680742138533
3001477,193.75550939517532
3001478,40.87057939182155
3001479,2765.010122185064
3001480,1.534839263460601
3001481,4.969014628269746
3001482,4.439984899365078
3001483,0.1782740804833166
3001484,0.37198578275541755
3001485,1191.590425828091
3001486,0.0018879094928644386
3001487,252.01150184990198
3001488,5.814383095075259
3001489,451.1433146374649
3001490,360.8847337147266
3001491,102.6531219074817
3001492,35.118023780519515
3001493,27.957852826881247
3001494,2321.20925471261
3001495,15.102377061629594
3001496,0.7017536103849505
3001497,11.78779242255249
3001498,10.730581688938631
3001499,0.2509337163139886
3001500,95.85760372316173
3001501,0.14224998155768134
3001502,8.592882524613785
3001503,0.9929452773180467
3001504,20.463129905726753
3001505,0.23098085703648036
3001506,283.7856126954091
3001507,152.11109963919134
3001508,2.8286989177336808
3001509,1.5189623955798854
3001510,155.71770505181863
3001511,23.67231450099929
3001512,823.9190235830929
3001513,1.0232261756404006
3001514,2.6044490465413843
3001515,6.910352437357679
3001516,0.30943286826747096
3001517,3.043520040726144
3001518,3918.040464831868
3001519,0.018879094928644386
3001520,750.1827644502021
3001521,16.440669441247284
3001522,1024.3175227355123
3001523,1474.244291059428
3001524,348.6952097919131
3001525,243.25490460687408
3001526,112.18309784940114
3001527,5826.758310221012
3001528,24.911730543564246
3001529,2.9072649573090805
3001530,25.10363201099142
3001531,29.248499803564155
3001532,0.14637800118316
3001533,257.4905385310248
3001534,7.148061573273488
3001535,42.776795100697456
3001536,11.04155148377668
3001537,163.58139495635342
3001538,4.696610759741767
3001539,300.42745386573927
3001540,285.75240605073145
3001541,10.573945954385424
3001542,9.700646208135177
3001543,408.3858267724406
3001544,82.75232898931732
3001545,4259.313857981677
3001546,2.199936277626861
3001547,16.742015297228715
3001548,7.077269162897719
3001549,0.1782740804833166
3001550,3.6184071595299714
3001551,5041.836233796334
3001552,0.0018879094928644386
3001553,794.5683569714122
3001554,16.139925488053734
3001555,1535.482557763921
3001556,1388.342359708543
3001557,439.11307142977955
3001558,253.2016281054027
3001559,60.627147227179776
3001560,7557.892810121543
3001561,12.513398136778807
3001562,0.8354209647439886
3001563,35.83634424757471
3001564,20.79194430480367
3001565,0.5018674326279772
3001566,304.3208795770064
3001567,11.097474255687445
3001568,6.490272360105821
3001569,6.545495268080565
3001570,48.49947254091431
3001571,1.5783691897492824
3001572,206.51705119705875
3001573,356.7261182593042
3001574,5.08492305449745
3001575,4.798540295127365
3001576,225.81416591869407
3001577,84.49851654276293
3001578,2616.899787936791
3001579,4.758001716727863
3001580,3.803866370606495
3001581,6.543135641169589
3001582,0.4469585874974581
3001583,3.17878759809175
3001584,4607.3921836027475
3001585,0.0018879094928644386
3001586,826.3494163591283
3001587,11.42827022135482
3001588,1280.361181230721
3001589,1135.82030289258
3001590,325.5286153724641
3001591,230.12793618024446
3001592,65.78724698388113
3001593,5883.763595320067
3001594,14.958544899137886
3001595,1.3032567050006223
3001596,27.17741030755158
3001597,20.86183319322318
3001598,0.020911143026165716
3001599,263.3576901756005
3001600,11.097474255687445
3001601,7.254005067552482
3001602,6.215648303577198
3001603,93.91177198179685
3001604,1.8093500467857628
3001605,122.15333160210015
3001606,292.18712660518105
3001607,5.219623002960958
3001608,4.764018422500549
3001609,200.84600193717836
3001610,67.78044634861587
3001611,1981.593363800583
3001612,3.2516860148006015
3001613,7.162234877988807
3001614,11.617404097586823
3001615,1.1345871836473935
3001616,14.980881978240907
3001617,9902.794244482611
3001618,0.0018879094928644386
3001619,1373.5586251175228
3001620,48.25269649016479
3001621,2285.074366824487
3001622,2898.8061633746242
3001623,417.98000778441315
3001624,483.9047149641335
3001625,276.5053853691836
3001626,11465.65095890825
3001627,70.24762816095136
3001628,2.706763925770524
3001629,62.21334889680482
3001630,57.23899961557716
3001631,0.2509337163139886
3001632,569.5745955009163
3001633,45.30661912612151
3001634,64.9156627405321
3001635,25.82187291841491
3001636,205.19078946707668
3001637,33.299740222759254
3001638,761.6496895215898
3001639,628.684094180993
3001640,18.58859288796419
3001641,25.339054508082633
3001642,1158.4296403424833
3001643,249.98952440825198
3001644,12020.24314244233
3001645,1.7747993842966245
3001646,83.40549328098184
3001647,3.17141778526077
3001648,0.4813400173049549
3001649,0.9468729015592448
3001650,2312.9913176396417
3001651,0.0018879094928644386
3001652,194.69970776636166
3001653,4.778487256297483
3001654,846.8756691996923
3001655,424.6961864632107
3001656,141.22798149433052
3001657,145.71611601415947
3001658,39.85875060221912
3001659,3244.6133271227063
3001660,4.890293524718155
3001661,0.2673347087180764
3001662,13.897952794490902
3001663,9.19038882716532
3001664,0.18820028723549143
3001665,193.7184233770151
3001666,0.533437430841305
3001667,16.937692991869724
3001668,3.8159359838416975
3001669,35.990323574237216
3001670,0.9624202376520016
3001671,71.54998210799573
3001672,102.36764842518866
3001673,2.2562241367637688
3001674,4.798540295127365
3001675,113.02965348934384
3001676,22.42822206007086
3001677,962.1954895113103
3001678,0.10322812745398735
3001679,5.003283694671606
3001680,8.512753002542068
3001681,0.20628857884498067
3001682,2.6377173686293247
3001683,4950.27272272743
3001684,0.0018879094928644386
3001685,697.7834239982742
3001686,10.058214434584212
3001687,1777.3360639309797
3001688,1074.9907332783448
3001689,294.996062755178
3001690,320.96791098823564
3001691,70.75601655991942
3001692,6926.8674733333655
3001693,12.225733811795386
3001694,0.2673347087180764
3001695,25.867655593934632
3001696,21.98005540793531
3001697,0.06273342907849715
3001698,307.0378485322252
3001699,1.4224998155768134
3001700,7.06800493761524
3001701,12.155919783578192
3001702,15.82646905095483
3001703,1.8478468562918429
3001704,388.4985500244321
3001705,314.57469484547386
3001706,4.040998453905258
3001707,7.18054950637764
3001708,144.22560062809305
3001709,69.24217859325415
3001710,2252.5041722342885
3001711,2.9420016324386395
3001712,6.202701018736718
3001713,1.535633874968373
3001714,0.1782740804833166
3001715,1.1159573482662526
3001716,1417.5149882232095
3001717,0.0018879094928644386
3001718,149.35628833980633
3001719,3.5086794539247252
3001720,938.9505847364859
3001721,257.86447988643073
3001722,112.63802436732398
3001723,208.84736107624948
3001724,15.512365307292889
3001725,2579.7765050693115
3001726,1.668453084903841
3001727,0.3007515473078359
3001728,10.332509407422554
3001729,4.507833303058275
3001730,0.04182228605233143
3001731,92.68102107790651
3001732,11.097474255687445
3001733,16.937692991869724
3001734,0.4766137331126624
3001735,30.323761990208375
3001736,0.34647128555472056
3001737,74.54165500015607
3001738,87.99621232027465
3001739,0.6061497680857887
3001740,1.2427874145653608
3001741,60.13068745152989
3001742,11.576971325306221
3001743,349.7439877176887
3001744,55.10088047655057
3001745,2.261758382522781
3001746,7.377719268869793
3001747,0.1782740804833166
3001748,2.4009991432395132
3001749,3141.892541512626
3001750,0.0018879094928644386
3001751,275.2073247441677
3001752,9.256230559401418
3001753,1216.1028092635913
3001754,647.0150395837582
3001755,211.66178343607345
3001756,190.374874578982
3001757,52.18682247585489
3001758,4421.394155485541
3001759,3.30813973730934
3001760,0.6683367717951909
3001761,30.961146146889416
3001762,18.240999877491625
3001763,0.16728914420932572
3001764,245.07428939312712
3001765,11.097474255687445
3001766,16.937692991869724
3001767,14.922170759969383
3001768,29.921918049461475
3001769,1.6168659992553627
3001770,266.7708676721296
3001771,234.80287724010435
3001772,1.7510993300256117
3001773,4.2807122057251314
3001774,221.31693347713008
3001775,29.24930444869457
3001776,2098.434406155394
3001777,55.10088047655057
3001778,0.9595338592520889
3001779,3.672167961880892
3001780,0.41257715768996134
3001781,1.8937458031184895
3001782,3357.974922704041
3001783,0.0018879094928644386
3001784,807.1818485972777
3001785,8.554494668616472
3001786,1116.065093125227
3001787,960.7898282373594
3001788,265.3115186981661
3001789,121.18763119635923
3001790,53.648426036297494
3001791,5873.005464180884
3001792,6.529980177123654
3001793,4.243938500899462
3001794,33.071306518827825
3001795,38.96305529387578
3001796,0.08364457210466286
3001797,212.30335618589305
3001798,1.8848122556392777
3001799,6.305889622602814
3001800,3.8923454870867435
3001801,29.64371839817516
3001802,2.8102670939438443
3001803,178.47556215884697
3001804,296.5369146585807
3001805,3.4011736987035923
3001806,6.55915579909496
3001807,151.08567542842246
3001808,31.433019822833142
3001809,1070.9387827490564
3001810,5.628649475912153
3001811,3.25556130817673
3001812,4.07276810317699
3001813,0.1782740804833166
3001814,0.6087040081452288
3001815,2004.8016529088147
3001816,0.0018879094928644386
3001817,129.4974731327526
3001818,3.107687516333328
3001819,559.7498095961006
3001820,280.45076356058576
3001821,113.27869567549222
3001822,150.98559494442665
3001823,42.99924971897405
3001824,2856.4852892651115
3001825,6.472447312126969
3001826,0.46783574025663366
3001827,10.478037708935549
3001828,9.01566660611655
3001829,0.1254668581569943
3001830,106.78623124977882
3001831,11.097474255687445
3001832,16.937692991869724
3001833,0.43689592201994065
3001834,42.94334778815368
3001835,0.8084329996276813
3001836,200.71036166360895
3001837,97.95656790376385
3001838,1.0439246005921916
3001839,1.4153967776994387
3001840,58.08582904521318
3001841,20.320176535164354
3001842,633.480840361807
3001843,0.10322812745398735
3001844,0.7881885272427873
3001845,4.873968385769184
3001846,0.1782740804833166
3001847,0.9468729015592448
3001848,4844.2454670178695
3001849,0.0018879094928644386
3001850,628.8407174345393
3001851,10.492622366974892
3001852,1108.1610717613755
3001853,931.0626820432725
3001854,245.9519133177228
3001855,138.13766001528052
3001856,78.39159844787278
3001857,5748.351155293073
3001858,6.673812339615364
3001859,0.43441890166687414
3001860,30.961146146889416
3001861,10.90266659344327
3001862,0.10455571513082858
3001863,234.43924209896932
3001864,11.097474255687445
3001865,27.82432552466419
3001866,3.6540386205304127
3001867,55.51628596780249
3001868,1.1164074756763218
3001869,242.72988404449836
3001870,248.38146561346687
3001871,2.660323982154295
3001872,3.6247966258156357
3001873,127.24088234054076
3001874,46.498991723400835
3001875,2210.854685212216
3001876,1.445193784355823
3001877,1.3707626560744126
3001878,3.7723179972049166
3001879,0.1782740804833166
3001880,7.033912983011533
3001881,3492.677716433161
3001882,0.0018879094928644386
3001883,575.8295490535503
3001884,7.251270871444431
3001885,1083.6696144624902
3001886,1256.4342314292433
3001887,179.5456917149472
3001888,126.02566337421503
3001889,89.32233221736388
3001890,5190.444010814643
3001891,50.80151979207212
3001892,1.5371745751289392
3001893,34.308297081688266
3001894,29.597944245661694
3001895,0.16728914420932572
3001896,255.51245026920012
3001897,23.54237194779626
3001898,26.003788600687134
3001899,1.9858905546360934
3001900,98.93510225088187
3001901,11.048584328244978
3001902,224.3444842169755
3001903,302.8322442776828
3001904,12.863845078265072
3001905,15.086058337918407
3001906,253.8406759099888
3001907,69.4738195515267
3001908,3827.070607309605
3001909,55.10088047655057
3001910,12.15057719117107
3001911,5.9756187743334515
3001912,0.1782740804833166
3001913,7.6764338804981636
3001914,3389.2433474452596
3001915,0.0018879094928644386
3001916,515.422103524645
3001917,12.998821976921125
3001918,1322.8640908038692
3001919,1156.0968260973248
3001920,170.2230702449725
3001921,92.63309162915456
3001922,88.41136888655295
3001923,5563.302924357663
3001924,25.573358491026113
3001925,1.1361725120518247
3001926,44.82271686600207
3001927,68.66583287216676
3001928,0.14173108051067873
3001929,354.8602553908185
3001930,23.54237194779626
3001931,20.48783344296562
3001932,11.160704917054845
3001933,93.53690497693228
3001934,13.935845041200983
3001935,169.34856823089845
3001936,493.07912208686145
3001937,8.14934688204227
3001938,10.773931228102873
3001939,133.61943219849752
3001940,83.442386633296
3001941,3168.681941014434
3001942,4.0775110344325
3001943,16.031994527583105
3001944,9.380719975350278
3001945,0.30943286826747096
3001946,3.1449707087503493
3001947,5583.719069840114
3001948,0.0018879094928644386
3001949,803.8306469173509
3001950,6.716614954655902
3001951,2757.8341520672925
3001952,983.1116355218875
3001953,229.56302070934206
3001954,467.631334002255
3001955,56.59575598648933
3001956,7823.642545690891
3001957,26.982913683444878
3001958,1.704258768077737
3001959,26.84997162914734
3001960,18.066277656442853
3001961,0.04182228605233143
3001962,378.0028384173656
3001963,5.938936730033196
3001964,15.754372744927919
3001965,9.015943118047865
3001966,48.34491717908858
3001967,4.273145855174887
3001968,166.39500644814004
3001969,360.76878491378193
3001970,7.206447242797711
3001971,10.563693023805566
3001972,241.57927175288765
3001973,56.02721933260105
3001974,2699.031878859852
3001975,6.813056411963165
3001976,16.685539892932987
3001977,4.206301483609022
3001978,0.41257715768996134
3001979,5.038716511868838
3001980,3007.9080769127527
3001981,0.0075516379714577545
3001982,420.22967612445655
3001983,7.485182835039414
3001984,940.3193940568618
3001985,1078.9324893893472
3001986,233.2611757098728
3001987,141.35173733623367
3001988,73.01402016319174
3001989,4931.3728289624105
3001990,23.789839676128906
3001991,1.6374250908982177
3001992,16.190023543320553
3001993,12.684833248140727
3001994,0.08364457210466286
3001995,252.73345732120828
3001996,21.05299727053684
3001997,25.02817748435544
3001998,2.383068665563312
3001999,82.25436356365392
3002000,8.854266186398414
3002001,386.5415649215315
3002002,282.4584301884752
3002003,6.229872616437272
3002004,9.735168080761992
3002005,387.57689490270394
3002006,52.53982076826414
3002007,3506.182098272569
3002008,0.051614063726993675
3002009,25.931128393756488
3002010,3.7723179972049166
3002011,0.24067000865247745
3002012,2.9758862620433404
3002013,6920.547671612413
3002014,0.0018879094928644386
3002015,535.923292626323
3002016,10.425790377376325
3002017,2607.3066944636503
3002018,1010.9345517106592
3002019,319.49477299213584
3002020,181.51078765172176
3002021,57.17174517818799
3002022,8579.685677154604
3002023,9.751820616937968
3002024,2.439429217052447
3002025,31.215820674537152
3002026,24.111666504730312
3002027,0.14637800118316
3002028,477.6553562829665
3002029,11.097474255687445
3002030,0.18761752237148005
3002031,9.559509732716831
3002032,38.80828933494345
3002033,2.502292617895204
3002034,140.99689825949443
3002035,356.7261182593042
3002036,3.333823724471838
3002037,10.391083660671487
3002038,185.62743118024085
3002039,60.200250891592354
3002040,1914.3999631882189
3002041,55.10088047655057
3002042,6.168431952334857
3002043,7.578019339517841
3002044,0.034381429807496776
3002045,8.352771667326195
3002046,3255.688741181591
3002047,0.0018879094928644386
3002048,568.274371406265
3002049,11.02727828376342
3002050,1445.2418142417143
3002051,1057.9175481047635
3002052,266.28730154288263
3002053,136.1753812298565
3002054,111.77732776428915
3002055,5932.029599637333
3002056,38.144289492801605
3002057,1.5371745751289392
3002058,27.941433890494793
3002059,37.56527752548563
3002060,0.06273342907849715
3002061,278.49345284277945
3002062,21.479747215209883
3002063,22.739243711423384
3002064,10.803244617220349
3002065,135.23537957801688
3002066,13.7048641841645
3002067,233.06227113995794
3002068,514.9012178802122
3002069,13.436319859234983
3002070,9.06544375180177
3002071,207.19106089907675
3002072,65.49376062248899
3002073,3301.149004598745
3002074,1.0232261756404006
3002075,7.106924604816204
3002076,3.672167961880892
3002077,0.1782740804833166
3002078,4.666730729113421
3002079,3271.887331079353
3002080,0.0018879094928644386
3002081,530.039127525692
3002082,9.490142522996399
3002083,863.5433176856475
3002084,1175.3182648250508
3002085,195.08469363091825
3002086,133.13046587316404
3002087,91.38538055181215
3002088,4554.684036053359
3002089,26.982913683444878
3002090,1.102755673462065
3002091,29.43309898100298
3002092,22.888610957388913
3002093,0.04182228605233143
3002094,219.3206553067122
3002095,17.567872722373647
3002096,41.46347244409709
3002097,5.679646986259227
3002098,63.0894986972633
3002099,11.472049232811859
3002100,238.2168880529661
3002101,266.68451696573777
3002102,9.058571534170953
3002103,9.010208755598866
3002104,228.7945847216624
3002105,56.25430076119385
3002106,3683.895714778541
3002107,0.2580703186349684
3002108,15.010159505612437
3002109,6.1759188449815
3002110,0.10314428942249033
3002111,3.9227591636025854
3002112,7064.398440409138
3002113,0.0018879094928644386
3002114,703.7977735612853
3002115,16.774829389240114
3002116,1523.405210521979
3002117,1069.489624374101
3002118,340.03673727180353
3002119,231.68422625144277
3002120,56.93867322686356
3002121,7175.650238593398
3002122,8.860061209489363
3002123,0.1336673543590382
3002124,18.191037689124215
3002125,20.68711097217441
3002126,0.08364457210466286
3002127,269.2782778754884
3002128,11.097474255687445
3002129,8.961001042646105
3002130,1.548994632616153
3002131,77.52496949178655
3002132,3.9266745696201664
3002133,215.435506788438
3002134,335.30077586112714
3002135,3.6705735956306094
3002136,2.796271682772062
3002137,259.01809900210407
3002138,142.76043699149795
3002139,2105.220292552577
3002140,3.8696965146896045
3002141,0.9252647928502286
3002142,15.256188714359705
3002143,0.1782740804833166
3002144,16.874627781359397
3002145,11853.141255737726
3002146,0.0018879094928644386
3002147,1878.8353515476272
3002148,27.234035761415726
3002149,2931.5985686531867
3002150,3510.985430822257
3002151,662.3867812738222
3002152,619.9447666225815
3002153,353.8960597653409
3002154,14478.20383233916
3002155,80.80490888784291
3002156,4.912275272694654
3002157,131.37567419085508
3002158,124.75166582882203
3002159,0.18820028723549143
3002160,779.7322396086187
3002161,32.720340757897866
3002162,31.182032218139984
3002163,36.80819773152933
3002164,317.4106275912521
3002165,30.52796993832149
3002166,913.5782869411132
3002167,723.3021997537727
3002168,40.6793844359796
3002169,37.490753672721716
3002170,1207.5348379114403
3002171,306.4950287901895
3002172,14493.40891788467
3002173,329.14288438703863
3002174,95.41028989794847
3002175,16.95873931486812
3002176,0.1782740804833166
3002177,14.57507930614409
3002178,11193.0125329142
3002179,0.0037758189857288772
3002180,1401.0868179545103
3002181,26.298387907035796
3002182,3087.2830113120067
3002183,3173.286460598174
3002184,849.2127420398102
3002185,385.892272871489
3002186,262.80772320225054
3002187,16292.054857351657
3002188,129.1900483500543
3002189,1.9715934767958132
3002190,78.22146206323411
3002191,85.47411053705845
3002192,0.5436897186803086
3002193,735.1408056658663
3002194,29.3436818206724
3002195,41.876230993314344
3002196,4.971913419073679
3002197,210.2885873195868
3002198,23.752531465251398
3002199,1205.7613412661822
3002200,896.4712165123881
3002201,24.650090568822073
3002202,31.310648035069192
3002203,1327.3031803467395
3002204,257.84147699900325
3002205,9907.932304318494
3002206,574.4129152177125
3002207,90.78879770071467
3002208,12.55213776061105
3002209,0.1782740804833166
3002210,20.154866047475352
3002211,7220.407532793182
3002212,0.018879094928644386
3002213,1057.4070364640422
3002214,14.836701690881695
3002215,2850.2770061473807
3002216,2204.384259902986
3002217,981.729916176545
3002218,152.92241569166492
3002219,205.0030003140682
3002220,14152.563299927346
3002221,44.09894101995842
3002222,3.0075154730783593
3002223,48.42454232844866
3002224,25.544388717330225
3002225,0.29275600236632
3002226,705.9074665490026
3002227,32.3618708043725
3002228,30.018803579436806
3002229,10.008888395365911
3002230,117.95637113564895
3002231,12.12649499441522
3002232,1077.7320901918717
3002233,887.4991195934554
3002234,24.751115530169706
3002235,45.50155421577427
3002236,832.0943099874116
3002237,142.84994336039304
3002238,4522.185227978239
3002239,357.84030381924714
3002240,50.935313084561585
3002241,17.526256181704255
3002242,0.1782740804833166
3002243,21.034105170351797
3002244,10692.67351156726
3002245,0.011327456957186632
3002246,1339.6878182480125
3002247,21.854060598731145
3002248,2757.1814102561525
3002249,2935.7725573055836
3002250,798.0234648947808
3002251,355.4431193045645
3002252,204.26809418770694
3002253,15120.61570284145
3002254,47.4358471897661
3002255,1.9047597996162942
3002256,75.89300923902621
3002257,80.47705501506361
3002258,0.4182228605233143
3002259,714.6894277821553
3002260,33.82953498909389
3002261,33.095730946329084
3002262,8.299887723776221
3002263,197.6453967027445
3002264,16.97709299218131
3002265,947.6847010767921
3002266,871.6879695487456
3002267,23.538815993998128
3002268,32.55412588708709
3002269,1197.2851320251734
3002270,234.4493241673327
3002271,8798.68204789193
3002272,434.6936447087407
3002273,72.5314044414065
3002274,13.55363811385129
3002275,0.1782740804833166
3002276,22.116245629276648
3002277,6106.122588918229
3002278,0.0018879094928644386
3002279,970.8534882894347
3002280,18.311965150007136
3002281,2552.879068818329
3002282,1785.3108414832475
3002283,773.5281582241474
3002284,122.27026776762767
3002285,158.3149037437985
3002286,12425.086133248778
3002287,42.3154222050612
3002288,0.5012525788463932
3002289,36.92780650892215
3002290,75.8643883793761
3002291,0.1254668581569943
3002292,673.2494488157913
3002293,28.30632383016301
3002294,14.258931700232484
3002295,2.9788358319541404
3002296,117.3384306980948
3002297,7.506877853685611
3002298,953.3203633874365
3002299,994.0620067843887
3002300,18.016118106994277
3002301,26.761355660307437
3002302,918.1405181959536
3002303,99.79922929982664
3002304,3228.608173866423
3002305,328.36867343113374
3002306,24.455468091156913
3002307,12.18492096442296
3002308,0.1782740804833166
3002309,12.004995716197566
3002310,8034.281472102288
3002311,0.0018879094928644386
3002312,1335.730348614041
3002313,25.696900000648704
3002314,2110.789705272699
3002315,2988.28910504106
3002316,519.2337835090691
3002317,455.89149368256307
3002318,260.6078011346646
3002319,11190.90750754502
3002320,61.44509981645869
3002321,1.6708419294879773
3002322,57.08347626847179
3002323,68.31638843006921
3002324,0.3136671453924857
3002325,525.2732430012875
3002326,16.70192595964126
3002327,33.921248044763594
3002328,13.027442038412774
3002329,231.0602659294675
3002330,21.750697370935235
3002331,811.1346911179667
3002332,628.2675690219403
3002333,19.295767617397605
3002334,32.31247277869938
3002335,1014.9371724744465
3002336,220.81562578472702
3002337,11462.419585817548
3002338,294.3550054350449
3002339,81.26648710553933
3002340,6.009002119441459
3002341,0.41257715768996134
3002342,6.729560978938919
3002343,2227.758417063791
3002344,0.0018879094928644386
3002345,395.38530046274445
3002346,24.19318023468096
3002347,1053.1057098369827
3002348,788.0176293143684
3002349,260.13065008075034
3002350,84.31032298752854
3002351,74.06143074618025
3002352,4363.190067751767
3002353,56.23837553425878
3002354,1.2698398664108628
3002355,31.870698031345622
3002356,21.455888744789
3002357,0.23002257328782286
3002358,231.5718252023061
3002359,14.367248137325815
3002360,10.769245784122953
3002361,13.729501632585078
3002362,55.869234212262704
3002363,8.238317234301132
3002364,252.66936201879184
3002365,279.21487232411056
3002366,3.5021986600512234
3002367,7.594811977899427
3002368,233.5756138294185
3002369,58.22110716681538
3002370,2453.019933190662
3002371,1.673382276622532
3002372,9.956671635515919
3002373,10.649287089454587
3002374,0.1782740804833166
3002375,14.642713084826891
3002376,5624.891993517331
3002377,0.0037758189857288772
3002378,678.1967729239267
3002379,31.878859038516072
3002380,2074.355021312966
3002381,1601.6563207150666
3002382,561.3699746501139
3002383,110.361265483675
3002384,123.10692785173012
3002385,10125.999471189956
3002386,109.11107846621152
3002387,1.6040082523084582
3002388,61.631235690752845
3002389,36.272333089724725
3002390,0.1254668581569943
3002391,498.13186183554456
3002392,19.26135875281784
3002393,10.544104757277179
3002394,3.7334742427158556
3002395,120.58409329643513
3002396,10.817603471208498
3002397,590.4052857767222
3002398,634.1902008919216
3002399,13.537344820582614
3002400,25.925926342738496
3002401,428.07714689809876
3002402,86.00124256639916
3002403,3416.624790064322
3002404,323.7234076957043
3002405,19.415825019840135
3002406,7.9452361357059305
3002407,0.1782740804833166
3002408,5.850321856062477
3002409,5552.197353670857
3002410,0.0075516379714577545
3002411,1008.9174946496032
3002412,9.657222496992816
3002413,1716.1264183931949
3002414,2296.0993822978744
3002415,304.0329317666745
3002416,349.31945619832754
3002417,210.66549464178792
3002418,7699.468533911471
3002419,40.73326841765239
3002420,1.9047597996162942
3002421,38.96520273010407
3002422,41.47905527697808
3002423,0.23002257328782286
3002424,364.8257616347849
3002425,2.9872496127113077
3002426,52.72052378638589
3002427,7.5066662965244335
3002428,142.97438805925435
3002429,12.39597266095778
3002430,653.5611558356744
3002431,350.4268342874264
3002432,21.18156689588673
3002433,10.805346132193275
3002434,982.4269502332885
3002435,127.67564321639144
3002436,8509.045591857557
3002437,5.987231392331266
3002438,49.02858178446422
3002439,11.851087513342879
3002440,0.1782740804833166
3002441,8.724757450081611
3002442,5473.998650888164
3002443,0.0018879094928644386
3002444,997.3637151646186
3002445,12.865157997723992
3002446,1886.131561742393
3002447,1669.483935598835
3002448,428.2713913012165
3002449,224.1734350382681
3002450,272.21200154368097
3002451,9236.056450083086
3002452,47.92487654223792
3002453,3.4419343747452333
3002454,56.17392438401558
3002455,48.80683929484991
3002456,0.16728914420932572
3002457,397.54516721725355
3002458,9.246248801249287
3002459,63.26462854366307
3002460,12.000074658147701
3002461,234.89323890274565
3002462,12.47296627996994
3002463,507.48435411866444
3002464,411.03421069419267
3002465,15.524169060419368
3002466,27.824629337213352
3002467,507.39570020181566
3002468,134.56452891951074
3002469,7585.651154196226
3002470,7.136323442674336
3002471,9.396543714335351
3002472,9.514253355782312
3002473,0.034381429807496776
3002474,3.6860409382127743
3002475,2815.302393676291
3002476,0.0018879094928644386
3002477,551.068079651645
3002478,8.019838751827944
3002479,1164.2932953005645
3002480,772.3444058298796
3002481,267.2277269393601
3002482,92.97141555767594
3002483,102.08634759741973
3002484,4784.376011716163
3002485,14.642114141656121
3002486,1.6040082523084582
3002487,32.598339538910594
3002488,25.299777607861948
3002489,0.06273342907849715
3002490,241.85444898880962
3002491,6.187874197759139
3002492,15.234542816564181
3002493,9.09537874023331
3002494,84.32456238287237
3002495,4.196152236162726
3002496,296.1219268950405
3002497,265.4754736045315
3002498,5.0512480673815725
3002499,6.7317651622290375
3002500,200.8413325457296
3002501,69.20005016739196
3002502,3218.631695636077
3002503,0.5161406372699368
3002504,4.112287968223238
3002505,6.743435711817638
3002506,0.1782740804833166
3002507,1.4879431310216702
3002508,4863.683573870242
3002509,0.0018879094928644386
3002510,291.9537521987185
3002511,4.745071261498199
3002512,1512.620357015528
3002513,411.52526225978073
3002514,269.59441182268847
3002515,68.67975748984067
3002516,27.368349413138628
3002517,4994.9185905488075
3002518,9.579222021947915
3002519,0.9356714805132673
3002520,25.467452764773903
3002521,11.042444370282286
3002522,0.04182228605233143
3002523,247.74450179994776
3002524,11.097474255687445
3002525,16.937692991869724
3002526,4.524047815894796
3002527,24.136489341701207
3002528,1.308891523206722
3002529,54.10342441690013
3002530,206.38459148729135
3002531,0.1346999484635086
3002532,2.4165310838770906
3002533,66.26526239585027
3002534,88.81437703294624
3002535,1041.3617489431253
3002536,55.10088047655057
3002537,2.8786015777562666
3002538,7.377719268869793
3002539,0.06876285961499355
3002540,6.661927200256114
3002541,4113.718479278771
3002542,0.0018879094928644386
3002543,620.3735457776258
3002544,12.865157997723992
3002545,1481.3196010619229
3002546,1364.0422690296039
3002547,403.4452980257847
3002548,179.14252015207205
3002549,120.6342977585888
3002550,7063.557379701528
3002551,30.37735271824924
3002552,1.3366735435903818
3002553,31.485119369738893
3002554,61.19893040659194
3002555,0.14173108051067873
3002556,360.3753015994978
3002557,25.49830919421438
3002558,20.30021592059414
3002559,11.120987105962124
3002560,89.02388841162092
3002561,8.353807662819374
3002562,469.89654801210736
3002563,387.91146236699575
3002564,9.46267137956148
3002565,15.22414582842567
3002566,549.5449428851934
3002567,98.8546862574776
3002568,4007.1140572710406
3002569,55.10088047655057
3002570,37.523291319254575
3002571,5.575018633037354
3002572,0.06876285961499355
3002573,5.6136036306726655
3002574,4537.810414996867
3002575,0.015103275942915509
3002576,716.8056821791081
3002577,17.77730923321861
3002578,1155.2153129181702
3002579,1844.9555568719531
3002580,216.44011026217578
3002581,265.31362474646824
3002582,171.97018409876924
3002583,5474.35901539653
3002584,32.79373304810998
3002585,3.040932311668119
3002586,31.506877277563138
3002587,31.380110900359156
3002588,0.5018674326279772
3002589,252.71691758980214
3002590,15.220748026671904
3002591,46.9794276018186
3002592,10.286913073014965
3002593,154.46262860863533
3002594,14.667284421816504
3002595,470.8222984821574
3002596,280.66809696922365
3002597,7.139097268565955
3002598,14.809883356903882
3002599,634.0775785627512
3002600,129.33916787699454
3002601,7444.131880519957
3002602,0.5677547009969304
3002603,41.64006856944553
3002604,4.840585040661176
3002605,0.5844843067274452
3002606,10.415601917151694
3002607,5571.454538074633
3002608,0.0037758189857288772
3002609,921.9912929049639
3002610,20.48400481196054
3002611,1408.2622045311891
3002612,1958.7703263840829
3002613,330.3838231559661
3002614,318.8026378456988
3002615,128.51891755233
3002616,7149.427306539926
3002617,34.31835397052211
3002618,3.8763532764121074
3002619,42.42149989103766
3002620,56.456705595673895
3002621,0.14173108051067873
3002622,366.28634714665145
3002623,32.184058327425404
3002624,39.28710918458792
3002625,25.65770596589833
3002626,130.81959238578136
3002627,21.943181418465635
3002628,453.60155897521463
3002629,380.05679963662953
3002630,19.127392681818222
3002631,19.746511142538512
3002632,623.0534948185634
3002633,149.7482621870969
3002634,7105.613273843891
3002635,1.586000572242621
3002636,40.28513808497251
3002637,12.318454344854993
3002638,0.3438142980749677
3002639,7.405898765766951
3002640,4853.693639333516
3002641,0.0018879094928644386
3002642,589.1603462513077
3002643,15.371357607670225
3002644,2118.040010583901
3002645,1220.1882711836274
3002646,632.909294976058
3002647,208.94885825480588
3002648,84.85862255841435
3002649,9592.72424624731
3002650,10.327149266904808
3002651,1.2030061892313435
3002652,52.31742439392124
3002653,42.10805527275366
3002654,0.14173108051067873
3002655,436.74433064984146
3002656,12.624685863244219
3002657,6.416519265104619
3002658,8.49961157384248
3002659,48.77092795823005
3002660,3.8496809506080063
3002661,365.3877662651802
3002662,521.2324662036946
3002663,7.644222075304113
3002664,7.870986958913951
3002665,421.8326566417839
3002666,106.05089202518602
3002667,2456.3902154191937
3002668,126.4028420674075
3002669,17.3477210458816
3002670,4.948403066189917
3002671,0.18389097117740788
3002672,3.1174259657094026
3002673,2402.6366668884552
3002674,0.004038610208116058
3002675,355.27250073299757
3002676,12.87164237413163
3002677,648.0557075889216
3002678,762.7633183177692
3002679,134.97859397353454
3002680,130.11992302752944
3002681,95.67001918610569
3002682,3159.0634587871077
3002683,17.761588122975784
3002684,1.7011980693538062
3002685,23.46838523442727
3002686,22.82732993320059
3002687,0.33630981644285024
3002688,177.14577362451055
3002689,14.87959468104705
3002690,18.545615484149973
3002691,6.6993445791817345
3002692,84.09225131088697
3002693,6.435252332225773
3002694,302.27133684392896
3002695,159.67799811242077
3002696,3.9693631355996515
3002697,8.283016153185768
3002698,312.1426544375558
3002699,62.69286528836022
3002700,2535.1824420168605
3002701,49.18857783687756
3002702,26.287458855935306
3002703,1.3401924970931027
3002704,0.18389097117740788
3002705,2.240649912853633
3002706,1610.5161200320676
3002707,0.002019305104058029
3002708,107.17596549307659
3002709,4.619685345236284
3002710,1047.140674188654
3002711,324.2139562284919
3002712,270.11524197093576
3002713,49.32603801277185
3002714,26.83261008914396
3002715,3937.9695468417867
3002716,5.048979364906822
3002717,0.4166199353519525
3002718,10.278649582000305
3002719,8.002450778721537
3002720,0.048044259491835745
3002721,168.83621660802146
3002722,3.9975030486395062
3002723,15.388391116086451
3002724,1.8304220161698728
3002725,13.408527110655116
3002726,0.43141356417156024
3002727,219.54389968677302
3002728,189.1348153321643
3002729,0.9214592993356334
3002730,3.9674951321982244
3002731,152.54794863798136
3002732,27.585300498487527
3002733,272.1592727700468
3002734,1.7969599105686955
3002735,1.792468130207299
3002736,8.178610623286113
3002737,0.21278812379100054
3002738,4.546246199992878
3002739,5919.622498799856
3002740,0.002019305104058029
3002741,791.8593719467132
3002742,13.894320809336607
3002743,2267.4726689831414
3002744,759.7360895022063
3002745,571.0687311391531
3002746,308.0635283161297
3002747,66.67513740598643
3002748,10888.160868576279
3002749,28.280295133198333
3002750,0.798521542757909
3002751,28.153436841104057
3002752,21.82431089068117
3002753,0.09608851898367149
3002754,516.794910734222
3002755,12.991884908078394
3002756,2.250019525650548
3002757,10.470013932491673
3002758,37.31883769259256
3002759,2.5525302546817312
3002760,782.0306890484848
3002761,437.6874126738239
3002762,2.8707001248533195
3002763,15.73077017327717
3002764,445.00281126424625
3002765,103.93149833697504
3002766,1600.401624952797
3002767,19.694680619832905
3002768,10.684515913392527
3002769,5.910592551282401
3002770,0.18389097117740788
3002771,0.9002467722758175
3002772,1980.238463820504
3002773,0.002019305104058029
3002774,201.31150932920087
3002775,11.919493486182166
3002776,1280.3241483089967
3002777,473.6615148712777
3002778,225.49521047033025
3002779,64.29631808098374
3002780,31.70163361794242
3002781,4289.747311076238
3002782,8.32480526237613
3002783,0.4513382632979486
3002784,15.705489046622846
3002785,19.69247156670565
3002786,0.21619916771326086
3002787,178.36820457997987
3002788,7.9950060972790125
3002789,15.388391116086451
3002790,5.693710723498007
3002791,36.23635187863259
3002792,1.725654256686241
3002793,191.4796027911302
3002794,187.18337538086675
3002795,1.7365963718248476
3002796,7.030122953544223
3002797,166.6966487054674
3002798,32.177052914377
3002799,373.6257704891029
3002800,3.7597930436514244
3002801,3.5146433925633307
3002802,4.914039156008043
3002803,0.18389097117740788
3002804,3.729593770856958
3002805,1869.6423957513546
3002806,0.002019305104058029
3002807,135.46179706245906
3002808,7.652455877223462
3002809,997.7634921577122
3002810,300.66602074037223
3002811,172.3332406429591
3002812,51.29218078670752
3002813,25.098195464799915
3002814,4027.465568968247
3002815,14.095067393698212
3002816,0.06943665589199209
3002817,17.314493038882123
3002818,9.053620160672248
3002819,0.024022129745917872
3002820,143.30591129641647
3002821,1.6286123531494283
3002822,15.388391116086451
3002823,2.965283666195194
3002824,38.0377097754482
3002825,1.0785339104289005
3002826,186.71020032554384
3002827,202.3074613799196
3002828,0.5316111342320963
3002829,5.672821987265882
3002830,100.1862417969418
3002831,23.37619411725551
3002832,202.8256904513208
3002833,3.397175748877691
3002834,2.038493167686732
3002835,3.6769383894605636
3002836,0.18389097117740788
3002837,2.338069474282052
3002838,1915.2613961829495
3002839,0.002019305104058029
3002840,184.78300285841348
3002841,10.120990031166516
3002842,1751.668529027081
3002843,426.52790332960814
3002844,271.2592205223914
3002845,40.875073458136114
3002846,34.86559458593915
3002847,4525.195220207178
3002848,9.797424243807287
3002849,0.34718327945996047
3002850,13.189735652426965
3002851,21.370612621955345
3002852,0.09608851898367149
3002853,209.30925360988797
3002854,1.1474314306280062
3002855,15.388391116086451
3002856,3.1849343081355785
3002857,19.031697415248207
3002858,2.228970081553061
3002859,289.9320868773171
3002860,274.2658289180732
3002861,1.1695444953106116
3002862,4.802757265292588
3002863,91.75183179215942
3002864,91.97419233039221
3002865,417.3892818599518
3002866,2.467824943847675
3002867,4.744768579960497
3002868,4.020577491279308
3002869,0.9220818697610024
3002870,3.57205058570869
3002871,2118.058951493794
3002872,0.002019305104058029
3002873,174.56810088521735
3002874,2.9269762111039053
3002875,1054.1624815334976
3002876,382.65522179712724
3002877,285.4688945296211
3002878,95.09922153930911
3002879,53.208989614879414
3002880,3973.235099898022
3002881,7.423201804357054
3002882,1.0870308479891364
3002883,14.22910119757189
3002884,17.530792595758623
3002885,0.12011064872958936
3002886,225.25603061735802
3002887,9.068409693672953
3002888,15.388391116086451
3002889,3.9171031146035276
3002890,21.72243902542029
3002891,2.121116690510171
3002892,147.9277108432506
3002893,197.53033910795287
3002894,0.9923407838999129
3002895,5.394401276234428
3002896,113.87217214549217
3002897,44.655140104556644
3002898,662.9674430114756
3002899,3.3064062354463997
3002900,4.920500749588664
3002901,4.742219605098671
3002902,0.21278812379100054
3002903,1.3825218288521484
3002904,1680.8004405002064
3002905,0.002019305104058029
3002906,169.9914144383062
3002907,5.67762855406902
3002908,1054.3755496265426
3002909,297.27662765270026
3002910,172.45772219962208
3002911,160.29237667507053
3002912,28.651529915356022
3002913,3100.771169062284
3002914,4.868658673303007
3002915,0.3819016074059565
3002916,12.147494960545815
3002917,13.02093686029267
3002918,0.19217703796734298
3002919,167.0620397888673
3002920,11.550398469242852
3002921,15.388391116086451
3002922,3.111717427488784
3002923,28.81058584324566
3002924,1.6537519959909808
3002925,63.649852055977796
3002926,145.82007975874745
3002927,1.0277815261820527
3002928,3.1322329991038615
3002929,69.56171435251308
3002930,36.455731301910376
3002931,588.6015824558025
3002932,49.18857783687756
3002933,0.9841001499177326
3002934,8.728433186196105
3002935,0.7447584332685019
3002936,3.0849527785665964
3002937,3691.7398495160774
3002938,0.002019305104058029
3002939,361.20343636535694
3002940,7.052954725551578
3002941,1335.0914136810834
3002942,890.9858006966526
3002943,552.8347631247636
3002944,198.23548283874118
3002945,82.9460787413363
3002946,6825.304432500159
3002947,15.83816741253509
3002948,1.5623247575698223
3002949,24.76220126572801
3002950,25.82282358486271
3002951,0.19217703796734298
3002952,295.4020923228917
3002953,0.6662505081065843
3002954,15.388391116086451
3002955,7.760989348560261
3002956,41.13198526252245
3002957,4.098428859629822
3002958,306.7764928017659
3002959,298.36974504435193
3002960,2.4454112174676426
3002961,8.979067930764403
3002962,388.96991061437933
3002963,59.7971394160152
3002964,1500.2092634897722
3002965,8.74151882648956
3002966,15.007527286245423
3002967,3.883121850551811
3002968,0.21278812379100054
3002969,4.026675205707978
3002970,2682.266331473774
3002971,0.002019305104058029
3002972,639.9200075605643
3002973,9.133576369589292
3002974,688.9870322354282
3002975,781.9700001112616
3002976,231.47672834061555
3002977,182.02342838699093
3002978,46.36890292553148
3002979,4190.572572718526
3002980,11.811005300049889
3002981,1.0068315104338852
3002982,26.774803981084712
3002983,18.39105605447119
3002984,0.14413277847550726
3002985,204.36931100281294
3002986,11.733411726099291
3002987,4.943224715444386
3002988,5.693710723498007
3002989,50.80751455333791
3002990,2.1930189512054308
3002991,131.81222840444522
3002992,170.78527640889018
3002993,4.394652042985329
3002994,7.16933330905995
3002995,195.03317105838536
3002996,56.7740965982087
3002997,1899.6501422224283
3002998,42.88375712729478
3002999,14.769902264047435
3003000,6.5978707549198905
3003001,0.8156878078655021
3003002,3.2148455271378213
3003003,3026.6482616661274
3003004,0.002019305104058029
3003005,197.4800305447227
3003006,7.052954725551578
3003007,1108.8262470565892
3003008,399.6029130155917
3003009,309.29424721829577
3003010,60.26055133448422
3003011,33.56518128182974
3003012,5032.386159794607
3003013,35.8838176291592
3003014,1.3540147898938457
3003015,14.807005691552888
3003016,18.58196197770933
3003017,0.09608851898367149
3003018,184.88409195937626
3003019,9.808688036013603
3003020,15.388391116086451
3003021,4.466229719454489
3003022,48.60200386263101
3003023,3.0198949492009217
3003024,169.13232183139206
3003025,205.6055688592232
3003026,1.41762969128559
3003027,5.603216809508019
3003028,146.905296049112
3003029,26.437362394515155
3003030,496.75110017091265
3003031,3.3064062354463997
3003032,4.533889976406697
3003033,7.3195128687392526
3003034,0.18389097117740788
3003035,7.214834846381908
3003036,3397.776477480282
3003037,0.002019305104058029
3003038,730.0344478968531
3003039,12.166346901576473
3003040,929.1238756897153
3003041,990.3088079874269
3003042,240.95153771186258
3003043,171.5124024788065
3003044,85.96910492189464
3003045,5182.566470944941
3003046,42.555683218500356
3003047,1.5623247575698223
3003048,20.8807531718258
3003049,30.54901676087206
3003050,0.09608851898367149
3003051,263.5792410713221
3003052,25.021407971113945
3003053,16.772872827576812
3003054,5.344832287216028
3003055,83.4755005312351
3003056,10.030365366988775
3003057,513.7713416329638
3003058,279.8653461773811
3003059,9.214592993356334
3003060,8.596239453096153
3003061,477.73155187243987
3003062,109.77641613372165
3003063,2533.7676395151116
3003064,49.18857783687756
3003065,34.86761737074057
3003066,8.144246713104238
3003067,0.03546468729850009
3003068,5.4879686271342605
3003069,5116.623458576736
3003070,0.002019305104058029
3003071,592.5790165807975
3003072,8.463545670661894
3003073,2344.787393315432
3003074,938.7239870653094
3003075,765.327538414646
3003076,111.31127599105928
3003077,68.81999092291777
3003078,8977.883637197723
3003079,12.08148633745561
3003080,0.5207749191899407
3003081,23.46838523442727
3003082,15.875370362634955
3003083,0.16281665716677668
3003084,373.257067943011
3003085,2.665002032426337
3003086,6.647784962149347
3003087,4.62181559082893
3003088,50.821130727098414
3003089,1.5818497352957206
3003090,465.2191804979825
3003091,422.2536067873776
3003092,4.394652042985329
3003093,6.612491886997041
3003094,364.9335001693277
3003095,72.1632503924808
3003096,1142.3456076908835
3003097,48.46493030594058
3003098,15.187863536793188
3003099,10.996451258199818
3003100,0.5319703094775013
3003101,4.147565486556445
3003102,4225.387215237253
3003103,0.002019305104058029
3003104,513.9410848679076
3003105,7.5819263299679465
3003106,2302.556757861021
3003107,782.8873861632566
3003108,378.0407995822266
3003109,285.05620848779483
3003110,70.81615497085205
3003111,6627.512079236387
3003112,15.26715188912301
3003113,0.6596482309739249
3003114,40.180175638728464
3003115,30.8860691368911
3003116,0.19217703796734298
3003117,352.41495053900326
3003118,4.404656136926863
3003119,3.511394108212219
3003120,11.678092463163788
3003121,84.0597581689585
3003122,2.3008723422483213
3003123,143.62877764772404
3003124,329.27453684777976
3003125,2.906140867135459
3003126,5.694399592370821
3003127,185.85849776939958
3003128,160.7315459196822
3003129,1486.0600830168903
3003130,0.8754420077129541
3003131,8.013386935044394
3003132,4.879675245826169
3003133,0.21278812379100054
3003134,2.411375282881654
3003135,2134.32547517914
3003136,0.002019305104058029
3003137,164.30190354711186
3003138,9.309900237728083
3003139,883.4399863159058
3003140,366.8774881069982
3003141,161.03114981119202
3003142,54.22414808117298
3003143,42.67888758200587
3003144,3886.6460333163145
3003145,9.857531141008558
3003146,0.833239870703905
3003147,24.450966631531777
3003148,18.37850983926726
3003149,0.16281665716677668
3003150,175.80242112047316
3003151,1.4065288504472335
3003152,15.388391116086451
3003153,4.5760550404246825
3003154,93.96830970617528
3003155,2.8401392974627715
3003156,125.28426635544601
3003157,166.39359849017745
3003158,1.38218894900345
3003159,6.40367635372345
3003160,163.45567619880745
3003161,30.159464731637687
3003162,548.6182562863522
3003163,3.1147305116524056
3003164,2.635982544422498
3003165,2.2336541618218377
3003166,0.18389097117740788
3003167,1.5911861699975074
3003168,1673.8635448153605
3003169,0.008077220416232116
3003170,294.6054596955168
3003171,14.035379903847641
3003172,572.698714928011
3003173,577.018407982455
3003174,136.03243625458776
3003175,49.34994456030972
3003176,51.62709363658434
3003177,2726.327068686819
3003178,21.398055403652723
3003179,0.4860565912439446
3003180,13.621007662860544
3003181,15.890968359915513
3003182,0.19217703796734298
3003183,132.81844485872364
3003184,14.176330255823432
3003185,2.6591139848597387
3003186,2.994936502857146
3003187,50.72148509185109
3003188,5.428620682492133
3003189,608.9850604918028
3003190,159.65991974894956
3003191,3.792159424188953
3003192,6.194860820449859
3003193,328.7558324584189
3003194,33.19203894909348
3003195,1273.1301531645988
3003196,49.18857783687756
3003197,8.388504841905895
3003198,2.9552962756412007
3003199,0.14185874919400035
3003200,4.597688872694354
3003201,3574.719049409593
3003202,0.002019305104058029
3003203,756.9602498346128
3003204,17.914505002901006
3003205,1087.388967258406
3003206,1329.5565732990106
3003207,278.5522054877669
3003208,229.74192183889517
3003209,132.7130820366435
3003210,4103.953438337312
3003211,31.285639993261913
3003212,0.9373948545418933
3003213,21.096389177042585
3003214,31.77244228670373
3003215,0.16281665716677668
3003216,256.5453072762025
3003217,14.102302421589368
3003218,37.977602296586525
3003219,11.055748977666033
3003220,79.53083310111852
3003221,14.344501008704377
3003222,415.68016953707615
3003223,276.97417242677847
3003224,17.436845202812755
3003225,9.918737830495562
3003226,562.573080219397
3003227,115.3940427424578
3003228,3769.5617106688946
3003229,49.18857783687756
3003230,24.295113194988684
3003231,3.57384665891494
3003232,0.10639406189550027
3003233,3.472380407349582
3003234,2677.9988739678342
3003235,0.002019305104058029
3003236,459.71584982900185
3003237,7.793514971734494
3003238,499.5550007969112
3003239,738.414484484415
3003240,169.61659061715912
3003241,133.97912284435643
3003242,92.51836163960827
3003243,2574.2573224879175
3003244,20.97730712324382
3003245,1.2151414781098615
3003246,21.060449842839784
3003247,17.877339404904955
3003248,0.07206638923775363
3003249,119.64229109248767
3003250,11.550398469242852
3003251,25.60249490550851
3003252,5.0885732049522465
3003253,246.06901653184985
3003254,10.785339104289006
3003255,229.7715048064025
3003256,122.99154101018271
3003257,5.386992826885241
3003258,7.522231560292318
3003259,198.2040861757098
3003260,41.14008416254496
3003261,1859.8667730685886
3003262,1.382276854283612
3003263,5.096232919216829
3003264,4.570400054189299
3003265,0.18389097117740788
3003266,0.3536683748226426
3003267,1133.0537939108374
3003268,0.002019305104058029
3003269,246.20670881266537
3003270,6.136070611229872
3003271,406.92701867618763
3003272,282.4576494805188
3003273,90.03269020246412
3003274,35.44999477757889
3003275,27.681277567539706
3003276,1918.5225035630315
3003277,15.778060515333818
3003278,0.729084886865917
3003279,11.760787724523707
3003280,10.511693819507103
3003281,0.2882655569510145
3003282,89.87642771355372
3003283,0.14805566846812984
3003284,7.80688592990872
3003285,0.9152110080849364
3003286,21.305598433252175
3003287,0.21570678208578012
3003288,285.91003225646966
3003289,142.89820690036348
3003290,2.977022351699739
3003291,1.531313910672999
3003292,157.71578574717066
3003293,23.828412158214316
3003294,559.6911485593173
3003295,0.9215179028557413
3003296,2.671128978348132
3003297,7.113329407648006
3003298,0.3191821856865008
3003299,2.922586842852565
3003300,3792.7732379384097
3003301,0.020193051040580293
3003302,726.417304625282
3003303,17.35026862485688
3003304,965.908126582193
3003305,1248.1240455823508
3003306,330.04956969091796
3003307,245.55439542465527
3003308,111.07331772524212
3003309,5094.53098314369
3003310,26.02628648815064
3003311,3.020494531301656
3003312,24.798140599930807
3003313,29.233020512049254
3003314,0.16815490822142512
3003315,250.74371603889395
3003316,7.439797340523525
3003317,38.863973624873104
3003318,10.177146409904493
3003319,171.95370708547674
3003320,4.3860379024108616
3003321,302.67645427703576
3003322,270.93088250943214
3003323,11.12839307659188
3003324,9.779527474979833
3003325,417.76226056857035
3003326,83.2980062902747
3003327,2950.099874055281
3003328,1.9812634911398437
3003329,17.170649691059232
3003330,7.285148958557379
3003331,0.18389097117740788
3003332,3.4746310242802716
3003333,4609.634382575506
3003334,0.002019305104058029
3003335,736.795222587784
3003336,17.03288566220706
3003337,1509.5132699508627
3003338,1142.9730240530312
3003339,415.63255301827564
3003340,258.1510968444647
3003341,60.02738840194651
3003342,7743.890818779782
3003343,13.073250141276594
3003344,0.8679581986499011
3003345,35.754246631653864
3003346,20.377427099460625
3003347,0.576531113902029
3003348,294.3032260099482
3003349,11.550398469242852
3003350,6.0000520684014615
3003351,6.150217974330773
3003352,49.525118551894195
3003353,1.4739963442528308
3003354,251.7562761981516
3003355,344.21886251571334
3003356,5.351552084603102
3003357,4.837559854171519
3003358,233.30878923944007
3003359,85.05570838261931
3003360,1777.669414168181
3003361,4.285058248279197
3003362,3.9012541657452973
3003363,6.735326395647387
3003364,0.4610409348805012
3003365,3.05247959142379
3003366,4115.9643112814965
3003367,0.002019305104058029
3003368,780.325395416161
3003369,12.0605525806932
3003370,1221.6859211578872
3003371,927.2882328499123
3003372,305.29494827320065
3003373,234.62637102298893
3003374,65.13644146571063
3003375,6028.561667962722
3003376,15.62779327233064
3003377,1.3540147898938457
3003378,27.115149475985213
3003379,20.445922652736126
3003380,0.024022129745917872
3003381,261.5562830333927
3003382,11.550398469242852
3003383,6.647784962149347
3003384,5.784133571096798
3003385,98.67517340838546
3003386,1.6897031263386109
3003387,143.98929282158537
3003388,279.76403912170287
3003389,5.493315053731661
3003390,4.802757265292588
3003391,205.45737460714776
3003392,67.55187874038636
3003393,1346.1034810676606
3003394,2.902781393995585
3003395,7.345604690457362
3003396,11.958640743292301
3003397,1.170334680850503
3003398,14.528053804305388
3003399,9739.892393663766
3003400,0.002019305104058029
3003401,1378.853879248286
3003402,50.92233311848239
3003403,2177.7824643351933
3003404,2569.3900327484967
3003405,399.2591579788228
3003406,488.47907062014525
3003407,273.77003408375566
3003408,10651.354986091656
3003409,73.39052148275273
3003410,2.81218456362568
3003411,61.456261486785046
3003412,57.2087068085265
3003413,0.2882655569510145
3003414,565.4489843088809
3003415,47.15573040709936
3003416,58.97778453599164
3003417,24.047352279633323
3003418,219.74462023387417
3003419,31.097727750699963
3003420,767.3514003438085
3003421,623.1864303410903
3003422,19.56328973974114
3003423,25.545100237135937
3003424,1185.026887646558
3003425,251.63798083978426
3003426,8325.500060105109
3003427,1.6126563299975472
3003428,85.54086721416338
3003429,3.2645714672780706
3003430,0.4965056221790013
3003431,0.9002467722758175
3003432,1963.8622889918315
3003433,0.002019305104058029
3003434,186.8779198100234
3003435,5.042862628769378
3003436,770.9693637642505
3003437,323.4145094434661
3003438,125.09144674783225
3003439,148.56450749720864
3003440,39.46444477504776
3003441,3302.299433506437
3003442,5.109086262108094
3003443,0.27774662356796836
3003444,13.866113922123631
3003445,9.007165255727974
3003446,0.21619916771326086
3003447,185.47118920474625
3003448,0.555208756755487
3003449,15.388391116086451
3003450,3.5510187113695535
3003451,37.08860057264224
3003452,0.8987782586907505
3003453,85.06101436155659
3003454,98.65465276596376
3003455,2.3745297329033628
3003456,4.837559854171519
3003457,115.62478533149971
3003458,22.576116044789917
3003459,640.8067136629238
3003460,0.09215179028557413
3003461,5.131379353142464
3003462,8.76279709637798
3003463,0.21278812379100054
3003464,2.5078302941969204
3003465,4613.752315795092
3003466,0.002019305104058029
3003467,628.6300402311432
3003468,10.614696861955125
3003469,1747.276359539438
3003470,826.0016274866119
3003471,268.9751821545181
3003472,327.2420437952214
3003473,70.05605709768138
3003474,7097.336093178586
3003475,12.772715655270234
3003476,0.27774662356796836
3003477,25.55286661818957
3003478,21.54185150514409
3003479,0.07206638923775363
3003480,305.0592968710996
3003481,1.4805566846812985
3003482,6.477328937478851
3003483,11.312008059929815
3003484,16.161160419738575
3003485,1.725654256686241
3003486,473.602289474901
3003487,292.78557733893473
3003488,4.25288907385677
3003489,7.238938486817814
3003490,146.07622120007395
3003491,69.00868176633361
3003492,1515.132849794509
3003493,2.626326023138863
3003494,6.361504540539629
3003495,1.5807398683662235
3003496,0.18389097117740788
3003497,1.0610051244679277
3003498,1301.2081188764464
3003499,0.002019305104058029
3003500,134.28699071891043
3003501,3.7028012309145786
3003502,827.0710017823371
3003503,180.44707846305283
3003504,98.79002376587017
3003505,212.9298130439445
3003506,15.358908012684767
3003507,2643.264213188645
3003508,1.743100018836879
3003509,0.31246495151396436
3003510,10.206770913594708
3003511,4.374220976504569
3003512,0.048044259491835745
3003513,88.66919454834157
3003514,11.550398469242852
3003515,15.388391116086451
3003516,0.43930128388076944
3003517,30.66145709919037
3003518,0.32356017312867014
3003519,88.61761526274243
3003520,80.37026417142555
3003521,0.6379333610785154
3003522,1.2528931996415447
3003523,61.5112726066538
3003524,11.653311055477076
3003525,232.92386821161008
3003526,49.18857783687756
3003527,2.319664639091798
3003528,7.594424150194249
3003529,0.18389097117740788
3003530,2.3055962871392457
3003531,2762.920075267057
3003532,0.002019305104058029
3003533,266.65895448120546
3003534,9.768342294888935
3003535,1104.6744534397396
3003536,492.71469417268366
3003537,198.50566178826767
3003538,194.09623489361343
3003539,51.67056022746817
3003540,4469.800936252784
3003541,3.456146589073122
3003542,0.6943665589199209
3003543,30.584373406581328
3003544,17.70033604446035
3003545,0.19217703796734298
3003546,236.85425729080438
3003547,11.550398469242852
3003548,15.388391116086451
3003549,14.021032643861226
3003550,30.255138095837186
3003551,1.5099474746004609
3003552,311.77078119595694
3003553,226.1405431553278
3003554,1.8429185986712668
3003555,4.315521020987543
3003556,226.39831348267828
3003557,29.15067064026803
3003558,1411.49878481751
3003559,49.18857783687756
3003560,0.9841001499177326
3003561,3.7800301200061868
3003562,0.4255762475820011
3003563,1.8184984799971513
3003564,3127.462347801808
3003565,0.002019305104058029
3003566,768.7401235206994
3003567,9.02778204870602
3003568,1080.228261093413
3003569,738.2519097410234
3003570,239.60514345642684
3003571,123.55655116206209
3003572,53.11770475966254
3003573,6017.5387816835755
3003574,6.822132832344337
3003575,4.4092276491414975
3003576,32.99554333824707
3003577,38.18627095109008
3003578,0.09608851898367149
3003579,205.04792537647077
3003580,1.9617376072027204
3003581,5.829596043730966
3003582,3.5876271516929505
3003583,30.27061102056503
3003584,2.6244325153769914
3003585,219.3701892212827
3003586,271.1392953411473
3003587,3.5795149704961147
3003588,6.612491886997041
3003589,154.55456376961243
3003590,31.327022141387033
3003591,713.227997208906
3003592,5.160500255992151
3003593,3.3389112229351645
3003594,4.192397042188681
3003595,0.18389097117740788
3003596,0.578730067891597
3003597,1909.8994896476977
3003598,0.002019305104058029
3003599,117.66942979515538
3003600,3.2796239473814834
3003601,540.2402183106286
3003602,200.1004779108196
3003603,102.30297674622162
3003604,152.42780557932784
3003605,42.57387625713644
3003606,2926.7827371004855
3003607,6.762025935143066
3003608,0.4860565912439446
3003609,10.454033532909962
3003610,8.748441953009138
3003611,0.14413277847550726
3003612,104.10981906289834
3003613,11.550398469242852
3003614,15.388391116086451
3003615,0.40269284355737206
3003616,44.253802555612275
3003617,0.7549737373002304
3003618,242.6554557113887
3003619,88.61536231908573
3003620,1.0986630107463322
3003621,1.4269061440362036
3003622,59.419464776012504
3003623,20.454169852598568
3003624,426.10692702760196
3003625,0.09215179028557413
3003626,0.8083679802895661
3003627,5.017130886553666
3003628,0.18389097117740788
3003629,0.9092492399985757
3003630,4543.932379949629
3003631,0.002019305104058029
3003632,604.0552858258268
3003633,11.073138919115978
3003634,1029.328923302822
3003635,728.185339692627
3003636,224.25709708807133
3003637,140.83791133297026
3003638,77.61610339089644
3003639,5889.816758843438
3003640,6.972400075347516
3003641,0.4513382632979486
3003642,30.584373406581328
3003643,10.685306310977673
3003644,0.12011064872958936
3003645,222.52340185176692
3003646,11.550398469242852
3003647,26.182045389388197
3003648,3.3679765097525665
3003649,57.24610799108839
3003650,1.0425827800812706
3003651,295.9018220279642
3003652,235.49831340946108
3003653,2.79981864028904
3003654,3.6542718322878387
3003655,130.16230035070106
3003656,46.80561081933155
3003657,1501.8415191858726
3003658,1.2901250639980377
3003659,1.4058573570253323
3003660,3.883121850551811
3003661,0.18389097117740788
3003662,6.821298400215623
3003663,3270.465656600717
3003664,0.002019305104058029
3003665,572.8882939845416
3003666,7.652455877223462
3003667,979.8394759633609
3003668,1011.5088448377267
3003669,169.94491643788237
3003670,127.2169851122171
3003671,88.43870401633637
3003672,4857.270744712203
3003673,53.0743902287229
3003674,1.597043085515818
3003675,34.22970007477116
3003676,29.295073414274082
3003677,0.19217703796734298
3003678,251.31297240004898
3003679,24.503213131475487
3003680,23.625205019330757
3003681,1.8304220161698728
3003682,106.9519503038038
3003683,10.317974409769816
3003684,226.0239273929695
3003685,300.18406231422637
3003686,13.538363551777383
3003687,15.208731340093195
3003688,259.66879269662024
3003689,69.93193700638373
3003690,2676.205816632101
3003691,49.18857783687756
3003692,12.461660128115383
3003693,6.151139922555522
3003694,0.18389097117740788
3003695,7.444397773312243
3003696,3251.017187354961
3003697,0.002019305104058029
3003698,508.16967672326535
3003699,13.71799694119782
3003700,1258.875068853762
3003701,910.7487929401879
3003702,158.30109263494003
3003703,93.50875308382561
3003704,87.5367524619673
3003705,5168.194510269451
3003706,26.717515805965263
3003707,1.1804231501638656
3003708,44.720032335225945
3003709,67.2968810931767
3003710,0.16281665716677668
3003711,358.637454489087
3003712,24.503213131475487
3003713,18.79993587295835
3003714,10.286971730874685
3003715,99.26066888008707
3003716,13.014309185842066
3003717,170.61631188981843
3003718,488.5824401608372
3003719,8.576659632277819
3003720,10.753999963589925
3003721,136.68730007674242
3003722,83.99261424476754
3003723,2173.5999221578822
3003724,3.639995716280178
3003725,16.442450744127253
3003726,9.656258761106713
3003727,0.3191821856865008
3003728,3.0200064042809838
3003729,4888.39233775808
3003730,0.002019305104058029
3003731,778.8624088628092
3003732,7.088219499179336
3003733,2606.628525950325
3003734,802.6162667418837
3003735,215.29422368202225
3003736,476.7723758129598
3003737,56.03587801637055
3003738,8016.180594391926
3003739,28.190134787396424
3003740,1.7706347252457983
3003741,26.523228641665124
3003742,17.70610052171621
3003743,0.048044259491835745
3003744,375.71415416350436
3003745,6.181324158544421
3003746,14.693309326596761
3003747,8.310115953411223
3003748,50.81927397613108
3003749,3.990575468586932
3003750,199.49236128907762
3003751,345.19441194076325
3003752,7.584318848377906
3003753,10.64959219695313
3003754,247.1258698461911
3003755,56.39666853359584
3003756,1797.5118021412404
3003757,6.325298885201809
3003758,17.112728385523006
3003759,4.329852682916178
3003760,0.4255762475820011
3003761,4.886410873231383
3003762,2856.4129711152623
3003763,0.008077220416232116
3003764,406.78365694976077
3003765,7.899309292617768
3003766,857.1365279496665
3003767,908.4342801871715
3003768,222.81367258864145
3003769,142.68793659029345
3003770,72.29172322260598
3003771,4513.774619725969
3003772,24.854201992725844
3003773,1.7011980693538062
3003774,15.99300372024523
3003775,12.308854375745415
3003776,0.09608851898367149
3003777,246.39913034580692
3003778,21.91223893328322
3003779,22.738833691044178
3003780,2.196506419403847
3003781,84.81731256363375
3003782,8.268759979954904
3003783,389.4352157091197
3003784,265.3508080183857
3003785,6.556537322195853
3003786,9.814330063858767
3003787,396.47556096240953
3003788,52.886273707290336
3003789,2428.4632951257104
3003790,0.046075895142787066
3003791,26.59502538005532
3003792,3.883121850551811
3003793,0.24825281108950065
3003794,2.857640468566952
3003795,5787.0649222722295
3003796,0.002019305104058029
3003797,496.9562633801142
3003798,11.00260937186046
3003799,2355.4920421925913
3003800,769.8465692469204
3003801,294.08732990238076
3003802,185.0588768800846
3003803,56.606169189660626
3003804,8790.829773922856
3003805,10.188119075615552
3003806,2.5344379400577113
3003807,30.835948746000913
3003808,23.396995920838393
3003809,0.16815490822142512
3003810,465.6837509390695
3003811,11.550398469242852
3003812,0.17045602467049606
3003813,8.895850998585583
3003814,39.600475172960444
3003815,2.336823472595951
3003816,167.62183349932002
3003817,337.9603377427004
3003818,3.5086334859318353
3003819,10.47557925255847
3003820,189.88938937052103
3003821,60.59721748848079
3003822,1287.7091672575036
3003823,49.18857783687756
3003824,6.326358106613996
3003825,7.800607611285495
3003826,0.03546468729850009
3003827,8.02087722427315
3003828,3174.5277808701317
3003829,0.002019305104058029
3003830,560.278268302536
3003831,11.637375297160103
3003832,1343.0673075818086
3003833,881.6794853076431
3003834,249.73585765210498
3003835,137.46264834273123
3003836,110.67156175263075
3003837,5470.213938818808
3003838,39.85087284444313
3003839,1.597043085515818
3003840,27.877422754426565
3003841,36.45184147087141
3003842,0.07206638923775363
3003843,273.63951744809015
3003844,22.356405938687608
3003845,20.659270190064124
3003846,9.957495767964108
3003847,142.03154632978277
3003848,12.798602403756286
3003849,234.8069756831243
3003850,514.7609337707361
3003851,14.282264732279497
3003852,9.048673108522266
3003853,209.84961831163423
3003854,65.92563316266418
3003855,2308.4377253982884
3003856,0.9215179028557413
3003857,7.288878346101389
3003858,3.7800301200061868
3003859,0.18389097117740788
3003860,4.436930520502243
3003861,2849.0268151033715
3003862,0.002019305104058029
3003863,475.0736607097896
3003864,10.01519571028324
3003865,717.1831555927348
3003866,857.7995054217483
3003867,169.4064288918444
3003868,134.388949373577
3003869,90.48134348277654
3003870,3111.1825103774513
3003871,28.190134787396424
3003872,1.1457048222178694
3003873,29.0749213700638
3003874,22.210191779926298
3003875,0.048044259491835745
3003876,205.236245820962
3003877,18.284875055814037
3003878,37.67078145217963
3003879,5.2350069662458365
3003880,63.160478739059506
3003881,10.713436843593746
3003882,240.0001800667789
3003883,235.93969835911656
3003884,9.533559673895592
3003885,9.083475697401198
3003886,234.04764968111567
3003887,56.62524736029896
3003888,2453.415269763033
3003889,0.23037947571393533
3003890,15.394454377332721
3003891,6.357323383646769
3003892,0.10639406189550027
3003893,3.766889708565528
3003894,6322.4436761091865
3003895,0.002019305104058029
3003896,657.7861119149251
3003897,17.70291636113446
3003898,1447.688123996661
3003899,858.461053986933
3003900,318.90129842380793
3003901,236.21308273528788
3003902,56.37540292095717
3003903,7352.2413452334695
3003904,9.25646216899584
3003905,0.13887331178398418
3003906,17.969667101399136
3003907,20.073944326284533
3003908,0.09608851898367149
3003909,262.37729409402544
3003910,11.550398469242852
3003911,8.284162798986108
3003912,1.4277291726125008
3003913,81.49279995660915
3003914,3.667015295458262
3003915,258.2874262403384
3003916,320.6034033043548
3003917,3.8630409087532325
3003918,2.8190096991934754
3003919,264.9650880944701
3003920,143.70181387952576
3003921,1402.042840475463
3003922,3.547843925994604
3003923,0.9489537159920993
3003924,15.704306953116612
3003925,0.18389097117740788
3003926,16.20412038426033
3003927,11765.19404005142
3003928,0.002019305104058029
3003929,1869.3875554285737
3003930,28.74079050662268
3003931,2791.888535788476
3003932,3115.633186962952
3003933,632.7192296816619
3003934,625.805110119803
3003935,350.3951151428898
3003936,13845.541834212088
3003937,84.4201371191861
3003938,5.103594208061419
3003939,131.0747051643676
3003940,124.68564304422442
3003941,0.21619916771326086
3003942,795.3284470318708
3003943,34.05576486103923
3003944,28.329791300236447
3003945,35.6229411098916
3003946,336.94831154535837
3003947,28.509246365670606
3003948,920.4173354922497
3003949,723.5353327553839
3003950,42.81241667682482
3003951,37.79561152251993
3003952,1235.2595279519344
3003953,308.51608828313357
3003954,10134.995987476086
3003955,329.0851013246195
3003956,97.85301444750556
3003957,17.45686637239221
3003958,0.18389097117740788
3003959,13.995943658549505
3003960,10927.75869734602
3003961,0.004038610208116058
3003962,1381.3723363284673
3003963,27.753376845045455
3003964,2942.3247234699984
3003965,2705.756130789098
3003966,811.1774678624846
3003967,389.5401160241472
3003968,260.2078771177996
3003969,15691.418675367635
3003970,134.97003766545558
3003971,2.0483813488137668
3003972,77.26956853601628
3003973,85.42887475803164
3003974,0.6245753733938647
3003975,736.0864694491236
3003976,29.70070737304919
3003977,38.045784706454725
3003978,4.63023553210331
3003979,225.14498042238634
3003980,22.18184742448772
3003981,1226.935549366563
3003982,896.7601649292941
3003983,25.942623350526294
3003984,31.25272481328075
3003985,1357.7777207985273
3003986,259.5417100070899
3003987,6928.449664077276
3003988,574.3120734893665
3003989,93.11320133899642
3003990,12.920830228384785
3003991,0.18389097117740788
3003992,19.54564349292553
3003993,7220.986329174503
3003994,0.020193051040580293
3003995,1061.4834834939281
3003996,15.814135085631747
3003997,2694.3620103260696
3003998,1966.023992525097
3003999,929.2342632986876
3004000,154.36799267307953
3004001,202.9749919999554
3004002,13920.820451381185
3004003,46.07193670477475
3004004,3.1246495151396445
3004005,49.74866397688148
3004006,25.035124722194485
3004007,0.33630981644285024
3004008,713.4212779877431
3004009,34.006536351273574
3004010,27.272963947279372
3004011,9.594340039956005
3004012,127.5145388916249
3004013,11.324606059503456
3004014,1085.7999943827856
3004015,871.9528981336265
3004016,26.048945577372713
3004017,45.87155227187605
3004018,851.1989818399944
3004019,143.7919104625501
3004020,3162.2877267767285
3004021,354.58304093768646
3004022,52.239375150027655
3004023,18.041052845484074
3004024,0.18389097117740788
3004025,20.39830579295249
3004026,10610.412476796408
3004027,0.012115830624348175
3004028,1332.8448842707833
3004029,23.06316195255366
3004030,2671.5178742742837
3004031,2621.289116455831
3004032,755.3510739334689
3004033,358.8031263326048
3004034,202.24735599028546
3004035,14563.166752139925
3004036,49.55813674244851
3004037,1.9789446929217744
3004038,75.71914565850756
3004039,80.43446384617614
3004040,0.48044259491835745
3004041,722.4758571135789
3004042,34.258601126840574
3004043,30.06844275187551
3004044,8.03262397575987
3004045,211.7185047190469
3004046,15.854448483304838
3004047,954.7790702999641
3004048,849.2219143275667
3004049,24.773078855215683
3004050,32.81884131283268
3004051,1212.6480113351106
3004052,235.99530693283805
3004053,6094.171894070856
3004054,434.61733155965896
3004055,74.38837649790463
3004056,13.951747533841017
3004057,0.18389097117740788
3004058,21.447736316062585
3004059,5853.7520665180855
3004060,0.002019305104058029
3004061,957.3467683717299
3004062,19.325095948011324
3004063,2453.1203818387
3004064,1565.0468148817733
3004065,732.1655950422785
3004066,124.66035061409615
3004067,156.74876109930787
3004068,11882.140343080819
3004069,44.20862289153533
3004070,0.5207749191899407
3004071,37.20799270015705
3004072,74.35192308055298
3004073,0.14413277847550726
3004074,680.4156421900707
3004075,27.824842053557987
3004076,12.954657874957702
3004077,2.828002014982453
3004078,119.81985342446804
3004079,7.010470417787853
3004080,960.4569211878891
3004081,984.9965638178797
3004082,18.960797120944765
3004083,26.449967547988162
3004084,929.9215731788624
3004085,100.4573156008054
3004086,2257.7111480578096
3004087,325.37967783723656
3004088,25.08158475363719
3004089,12.542827216384165
3004090,0.18389097117740788
3004091,11.527981435696226
3004092,8107.59866285874
3004093,0.002019305104058029
3004094,1316.9354880260698
3004095,27.11861091974582
3004096,1975.758176024329
3004097,2651.7947429150363
3004098,486.9601122369054
3004099,460.2010401039263
3004100,258.02971795239864
3004101,10701.892296365002
3004102,64.19416621095817
3004103,1.7359163972998022
3004104,56.9527035178324
3004105,68.28023309564671
3004106,0.36033194618876807
3004107,535.6903894383308
3004108,18.244159746985304
3004109,30.81844926042569
3004110,12.12764411033511
3004111,242.88623591533235
3004112,20.31238864641096
3004113,817.2068467431194
3004114,606.974572622987
3004115,20.307545327666073
3004116,32.57522319068016
3004117,1038.239869534598
3004118,222.27170655198836
3004119,8015.4763566819665
3004120,294.3033295992324
3004121,83.34709752315042
3004122,6.185503832737396
3004123,0.4255762475820011
3004124,6.526146065590909
3004125,2152.231953738496
3004126,0.002019305104058029
3004127,382.7342226510946
3004128,25.53169610649671
3004129,952.204004882532
3004130,656.7420864432422
3004131,241.70297480122466
3004132,85.10730923480403
3004133,73.32877221397224
3004134,3934.09911366888
3004135,58.75449201424308
3004136,1.3192964619478498
3004137,32.11251389688431
3004138,21.028134855577854
3004139,0.2642434272050966
3004140,229.70270581456396
3004141,14.953622515281115
3004142,9.784175816086474
3004143,12.776345672865714
3004144,58.70303858346219
3004145,7.6935418943928235
3004146,254.5608452763647
3004147,276.6685457537558
3004148,3.6858371973425337
3004149,7.656569553364995
3004150,238.9384499904351
3004151,58.60502308804147
3004152,1682.6819589624029
3004153,1.5205045397119732
3004154,10.211585505518492
3004155,10.962087348017942
3004156,0.18389097117740788
3004157,14.200106765833485
3004158,5442.404911280657
3004159,0.004038610208116058
3004160,674.732640700378
3004161,33.64259404088102
3004162,1920.1784199809792
3004163,1387.362055496168
3004164,531.3520615360305
3004165,111.40451152645696
3004166,121.88908287957992
3004167,9406.846182843381
3004168,113.99273054221176
3004169,1.66647974140781
3004170,61.49004446093568
3004171,35.19721995047862
3004172,0.14413277847550726
3004173,489.449791033862
3004174,20.244021688818563
3004175,9.57962858648188
3004176,3.4411933903993606
3004177,130.3773394247706
3004178,10.102267627684036
3004179,594.8250607122608
3004180,628.4066430687005
3004181,14.247178397420178
3004182,26.136744248077775
3004183,433.56998846710235
3004184,86.56834353498546
3004185,2343.6796485004716
3004186,326.5564561991833
3004187,19.912915139538935
3004188,8.178610623286113
3004189,0.18389097117740788
3004190,5.617861375705486
3004191,5418.379623936506
3004192,0.008077220416232116
3004193,1012.8070079426274
3004194,10.19151957842203
3004195,1539.2848160910796
3004196,1957.807798852936
3004197,285.1353576730996
3004198,352.62157618352796
3004199,208.5814696569062
3004200,6994.869610613518
3004201,42.555683218500356
3004202,1.9789446929217744
3004203,38.49102693119695
3004204,41.05460701622591
3004205,0.2642434272050966
3004206,351.8830278800018
3004207,3.1091690378307266
3004208,47.8981429324094
3004209,6.9189952211221195
3004210,153.0751916250342
3004211,11.576263971936866
3004212,658.4537157178305
3004213,338.1404391750173
3004214,22.2922268954659
3004215,11.002142422296709
3004216,1004.9832209324892
3004217,128.5175494350951
3004218,6006.9006949817585
3004219,5.344803836563299
3004220,50.283827109501786
3004221,12.199188114565422
3004222,0.18389097117740788
3004223,8.29513097311289
3004224,5383.95088360204
3004225,0.002019305104058029
3004226,1001.2086870762812
3004227,13.57693784668679
3004228,1794.8964040688766
3004229,1467.2258095171098
3004230,405.3706057340151
3004231,226.29254855128872
3004232,269.5191228956313
3004233,8832.463435632486
3004234,50.069045368659324
3004235,3.5759877784375926
3004236,55.490332009120536
3004237,48.767477584564894
3004238,0.19217703796734298
3004239,394.3364030297286
3004240,9.62361845042844
3004241,57.47777151889128
3004242,11.275399619606416
3004243,249.2669606146007
3004244,11.648166232632127
3004245,511.28338282410846
3004246,403.6492652695188
3004247,16.338182192066423
3004248,28.050886636419023
3004249,519.04537528722
3004250,135.45186115344555
3004251,5203.479258949917
3004252,6.542777110275764
3004253,9.637117011372224
3004254,9.793714401834212
3004255,0.03546468729850009
3004256,3.5045320777880042
3004257,2673.5079893673433
3004258,0.002019305104058029
3004259,543.314083688103
3004260,8.463545670661894
3004261,1068.8500203651402
3004262,649.2770751791628
3004263,250.61782964846506
3004264,93.85027519150943
3004265,101.07645036973136
3004266,4183.141041553328
3004267,15.297205337723645
3004268,1.66647974140781
3004269,32.20164344570725
3004270,24.79539028573024
3004271,0.07206638923775363
3004272,237.87944735967503
3004273,6.440421578363649
3004274,13.841029203244283
3004275,8.383332834058017
3004276,88.60168049356984
3004277,3.918673207891672
3004278,298.3386961243882
3004279,253.47741643217424
3004280,5.316111342320962
3004281,6.786504831391699
3004282,205.45259800766945
3004283,69.65636235899606
3004284,2164.9924886091567
3004285,0.46075895142787066
3004286,4.217572071075997
3004287,6.941509856738634
3004288,0.18389097117740788
3004289,1.4146734992905703
3004290,4771.33407064651
3004291,0.002019305104058029
3004292,274.9239201522229
3004293,5.00759785514162
3004294,1359.3744336270395
3004295,290.7983144405888
3004296,246.0698976865362
3004297,70.0222777384104
3004298,27.09760586271079
3004299,5117.84239148019
3004300,10.007798384011737
3004301,0.9721131824878892
3004302,25.409109281378377
3004303,10.715145957949177
3004304,0.048044259491835745
3004305,248.385745841817
3004306,11.550398469242852
3004307,15.388391116086451
3004308,4.2099706371907075
3004309,24.62918266479308
3004310,1.2223384318194206
3004311,59.95928701468943
3004312,197.19878874391486
3004313,0.14176296912855899
3004314,2.4361812215252256
3004315,67.78669581764252
3004316,89.40002809724206
3004317,693.5301686078783
3004318,49.18857783687756
3004319,2.952300449753198
3004320,7.594424150194249
3004321,0.07092937459700017
3004322,6.397217867132836
3004323,4150.686600444804
3004324,0.002019305104058029
3004325,617.2047663372578
3004326,13.57693784668679
3004327,1387.7863221418606
3004328,1200.2733632975078
3004329,381.8720282584237
3004330,180.83595601857436
3004331,119.44091347422821
3004332,6368.903117977585
3004333,31.736441722271454
3004334,1.3887331178398419
3004335,31.108009505916097
3004336,61.14957473014945
3004337,0.16281665716677668
3004338,360.7162478868743
3004339,26.538978572912274
3004340,18.443341869347677
3004341,10.762881455078853
3004342,91.79776782535332
3004343,7.8013952854357145
3004344,473.4141943395243
3004345,384.5192868062047
3004346,9.958848581281268
3004347,15.347941695608922
3004348,562.1623537676531
3004349,99.50654414525901
3004350,2748.733689621648
3004351,49.18857783687756
3004352,38.48397454308467
3004353,5.738773000373029
3004354,0.07092937459700017
3004355,5.337177292778062
3004356,3822.8424000571827
3004357,0.016154440832464232
3004358,642.4723794261781
3004359,18.7608595699672
3004360,983.0125723110499
3004361,1300.4165021062843
3004362,187.95091232447734
3004363,267.8216368456393
3004364,170.26895551871183
3004365,3739.387823482665
3004366,34.260931404724865
3004367,3.15936784308564
3004368,31.1234634196233
3004369,30.450003386830254
3004370,0.576531113902029
3004371,234.3763567053935
3004372,15.841956526089895
3004373,42.68218857749222
3004374,9.481586043759942
3004375,154.63640973007367
3004376,13.697380662447037
3004377,474.3468749791081
3004378,246.20684440597125
3004379,7.513437363813626
3004380,14.93031062906174
3004381,648.6358370703774
3004382,130.19204354704732
3004383,4957.672051499802
3004384,0.5068348465706577
3004385,42.70615083215137
3004386,4.982766976371792
3004387,0.6028996840745016
3004388,9.902714495033994
3004389,4655.775858674361
3004390,0.004038610208116058
3004391,826.3800838772636
3004392,21.617306233815587
3004393,1188.5963114547765
3004394,1471.3377166987386
3004395,286.8966426980437
3004396,321.8162820704488
3004397,127.24753404614911
3004398,4883.582048557585
3004399,35.853764180558564
3004400,4.027326041735541
3004401,41.90526368046278
3004402,55.3050729665035
3004403,0.16281665716677668
3004404,339.7036509225904
3004405,33.49759499091438
3004406,35.69349156600188
3004407,23.649052448914755
3004408,129.78689261715607
3004409,20.49214429814911
3004410,456.99722098803414
3004411,333.3923105048439
3004412,20.130341616255375
3004413,19.90708083874899
3004414,637.3586431920615
3004415,150.73571750746456
3004416,4732.224106438228
3004417,1.4283527494263988
3004418,41.31653098701394
3004419,12.680282857111663
3004420,0.3546468729850009
3004421,7.111627984274575
3004422,4523.738695410045
3004423,0.002019305104058029
3004424,560.0281891498905
3004425,16.22179586876863
3004426,2115.533542126312
3004427,979.4242837613417
3004428,593.5699700324656
3004429,213.0332942425727
3004430,84.01915195647695
3004431,9828.798989861054
3004432,10.789188047628269
3004433,1.2498598060558574
3004434,51.68076258362392
3004435,41.26857084848749
3004436,0.16281665716677668
3004437,429.9851327851726
3004438,13.139940576546524
3004439,5.931869658533263
3004440,7.990890353791197
3004441,51.22187947754957
3004442,3.595113034763002
3004443,445.42890221450386
3004444,498.7308829909376
3004445,8.045048498045723
3004446,7.934990264396449
3004447,431.5178262014296
3004448,105.69326973075424
3004449,1652.2755221375548
3004450,124.12385392515408
3004451,17.7918629106948
3004452,4.985462129332896
3004453,0.18493822378085806
3004454,3.08053641098051
3004455,2319.5673614930074
3004456,0.004056900074983291
3004457,365.6465218298349
3004458,13.16707474337687
3004459,651.3197131754443
3004460,801.9743943007207
3004461,190.80804609075494
3004462,163.6349985182717
3004463,95.66996998616396
3004464,3141.0432794441685
3004465,18.04017788247367
3004466,1.7114090845372902
3004467,23.520394623951585
3004468,22.80091232940148
3004469,0.34696663908308784
3004470,176.2946688004902
3004471,15.027838579929975
3004472,18.91373236630555
3004473,6.632805069481603
3004474,88.78175081012992
3004475,6.182600823040068
3004476,447.6450533521091
3004477,164.819068795543
3004478,4.030780484393371
3004479,8.377368813655423
3004480,437.39873627458877
3004481,62.80740013266267
3004482,2511.5709496400314
3004483,49.68115383864307
3004484,28.332206345761385
3004485,1.350229326694326
3004486,0.18493822378085806
3004487,2.192213411279447
3004488,1638.2481126991142
3004489,0.0020284500374916454
3004490,107.29719056940358
3004491,4.725717236664027
3004492,1044.0268955665206
3004493,348.6216107290066
3004494,365.84219113758644
3004495,49.624782857730146
3004496,26.832596290015832
3004497,3842.775491818305
3004498,5.128172392987439
3004499,0.41912059213158126
3004500,10.301428579556129
3004501,8.153053499604168
3004502,0.049566662726155404
3004503,174.45618233222842
3004504,4.037329767742381
3004505,15.693839407294995
3004506,1.8122418222627328
3004507,14.161557886725616
3004508,0.41447603282950174
3004509,186.17204722015336
3004510,191.6421949629548
3004511,0.9357168981627467
3004512,3.972959667013554
3004513,166.90122938177504
3004514,27.635696633408116
3004515,272.1923622671355
3004516,1.8694033667032297
3004517,1.805508158587683
3004518,8.239861019314091
3004519,0.21399994466070718
3004520,4.492448932679911
3004521,6197.954054938728
3004522,0.0020284500374916454
3004523,792.7550318305579
3004524,14.213225887371195
3004525,2281.9889052626577
3004526,820.0755777927928
3004527,785.2559900188323
3004528,309.9293256660055
3004529,66.67510311715799
3004530,10991.334994196633
3004531,28.72387036786417
3004532,0.8033144682521974
3004533,28.215828993290526
3004534,21.79905406038233
3004535,0.09913332545231081
3004536,519.3866674288297
3004537,13.121321745162739
3004538,2.2946807650297174
3004539,10.366023223342832
3004540,39.414685586830736
3004541,2.452316527574552
3004542,652.1051917205691
3004543,443.48987956107777
3004544,2.915118028891634
3004545,15.752436574474794
3004546,526.2777484829861
3004547,106.20380031860654
3004548,1616.4436911420692
3004549,19.700635479872496
3004550,10.762244710012855
3004551,5.954857543369847
3004552,0.18493822378085806
3004553,0.898489786535982
3004554,1898.9012401748817
3004555,0.0020284500374916454
3004556,201.53920966268197
3004557,12.193071954140771
3004558,1298.912009710468
3004559,459.8762394984709
3004560,313.1905254261525
3004561,64.68573094182447
3004562,31.701617314835765
3004563,4330.396134444552
3004564,8.455379481294765
3004565,0.4540473081425464
3004566,15.74029471771339
3004567,19.667753659474727
3004568,0.22304998226769931
3004569,177.57326627869088
3004570,8.074659535484763
3004571,15.693839407294995
3004572,5.527700006265788
3004573,38.267728204168016
3004574,1.657904131318007
3004575,159.66744635126068
3004576,193.24346730000278
3004577,1.7634664619220997
3004578,7.03980572576086
3004579,187.40085037849914
3004580,32.23583781324402
3004581,373.67119642193626
3004582,3.909133253748352
3004583,3.540212075662123
3004584,4.950840864545861
3004585,0.18493822378085806
3004586,3.6854602276582007
3004587,1901.6974349938237
3004588,0.0020284500374916454
3004589,133.0801556967226
3004590,7.8280964912678925
3004591,1038.8872470204024
3004592,314.48362853181067
3004593,236.8143341491185
3004594,51.60283364296834
3004595,25.09818255762414
3004596,4037.590239706874
3004597,14.316147930423268
3004598,0.06985343202193021
3004599,17.18105395960935
3004600,9.224005442348782
3004601,0.024783331363077702
3004602,142.59176404688165
3004603,1.6448380535246738
3004604,15.693839407294995
3004605,2.9358317520656274
3004606,40.173929949056124
3004607,1.0361900820737544
3004608,161.0590611894102
3004609,208.8210510477017
3004610,0.5398366720169693
3004611,5.680635313361486
3004612,107.60155042006096
3004613,23.418900551891873
3004614,202.8503502765231
3004615,3.465167405644075
3004616,2.0533230038840316
3004617,3.7044753322126374
3004618,0.18493822378085806
3004619,2.3104023082353824
3004620,1867.7350732014934
3004621,0.0020284500374916454
3004622,183.26311078242463
3004623,10.353288907805924
3004624,1792.0330191304631
3004625,437.4047716813211
3004626,387.7255703788295
3004627,41.122634745741415
3004628,34.520372926447045
3004629,4568.075102837653
3004630,9.951096429249436
3004631,0.3492671601096511
3004632,13.218966044395453
3004633,21.55722620234322
3004634,0.09913332545231081
3004635,210.30583080775298
3004636,1.1588631740742021
3004637,15.693839407294995
3004638,3.153300770737155
3004639,20.30153403341784
3004640,2.1414595029524257
3004641,259.03196878526444
3004642,280.47496392750116
3004643,1.1876406784373323
3004644,4.809372228490092
3004645,103.14767234472748
3004646,92.14222181428886
3004647,417.4400286204291
3004648,2.419939633272789
3004649,4.779286302143866
3004650,4.050687980082977
3004651,0.9273330935297311
3004652,3.4948329745034665
3004653,2203.394930703301
3004654,0.0020284500374916454
3004655,174.76555216318542
3004656,2.9941567224665215
3004657,1096.428258077579
3004658,385.278507744118
3004659,388.2164492312576
3004660,95.67519324388954
3004661,52.68214084281933
3004662,4010.884714214355
3004663,7.539634411118437
3004664,1.0827281963399182
3004665,14.260634976286232
3004666,17.683875899040753
3004667,0.1239166568153885
3004668,228.44375462521543
3004669,9.250344916924558
3004670,15.693839407294995
3004671,3.878197499642248
3004672,22.717458655759053
3004673,2.0378404947450504
3004674,128.7143014021078
3004675,209.41517734759057
3004676,1.0076951210983427
3004677,5.40183112620264
3004678,129.1584172296461
3004679,44.736721469448085
3004680,689.5699694011333
3004681,3.339516693916449
3004682,4.956296905926973
3004683,4.777734540610691
3004684,0.21399994466070718
3004685,1.366161980942264
3004686,1638.1503533464065
3004687,0.0020284500374916454
3004688,170.18368909704532
3004689,5.807942558037469
3004690,1106.568691969594
3004691,299.314602192882
3004692,227.41154973085895
3004693,161.26319296494546
3004694,28.651515180817302
3004695,3022.956445314198
3004696,4.945023378952174
3004697,0.3841938761206162
3004698,12.29615974996109
3004699,13.134638965631817
3004700,0.19826665090462162
3004701,169.42622810194842
3004702,11.66547392253547
3004703,15.693839407294995
3004704,3.080811097846646
3004705,31.034194214355765
3004706,1.58882479251309
3004707,56.362995023405816
3004708,144.965434680057
3004709,1.0436842325661404
3004710,3.1365471055370167
3004711,76.80502372524819
3004712,36.522333003545654
3004713,588.673145442251
3004714,49.68115383864307
3004715,0.9912593811853946
3004716,8.793801255906635
3004717,0.7489998063124751
3004718,3.048447490032797
3004719,3598.0624428846513
3004720,0.0020284500374916454
3004721,375.25772337924633
3004722,7.214835475822943
3004723,1354.4743911782862
3004724,881.4923040269402
3004725,781.4966644530623
3004726,199.4361028555071
3004727,82.94603608489831
3004728,6889.979709198935
3004729,16.086588399430838
3004730,1.57170222049343
3004731,25.06524872107453
3004732,25.79041088564164
3004733,0.19826665090462162
3004734,305.2349923195076
3004735,0.6728882946237302
3004736,15.693839407294995
3004737,7.683905326393988
3004738,43.44198176906972
3004739,3.937522311880267
3004740,257.95872653643
3004741,307.87251587176894
3004742,2.483248691278059
3004743,8.991435035872781
3004744,448.41412909991857
3004745,59.90638400104483
3004746,1500.391660986471
3004747,9.002175435774776
3004748,15.116705563077266
3004749,3.912202920934842
3004750,0.21399994466070718
3004751,3.9790261975164922
3004752,2661.501844115426
3004753,0.0020284500374916454
3004754,634.7663450225637
3004755,9.34321194119071
3004756,705.0679803231309
3004757,807.0140508257434
3004758,321.21543043703406
3004759,183.12585953863072
3004760,46.36887907953102
3004761,4230.281635273496
3004762,11.996260419309902
3004763,1.012874764317988
3004764,27.10248228911542
3004765,18.367971678500744
3004766,0.14869998817846622
3004767,201.7098092398185
3004768,11.850310521984584
3004769,5.041344104989531
3004770,5.527700006265788
3004771,54.166551110682995
3004772,2.1069198335499673
3004773,110.83676676332352
3004774,177.85632194162253
3004775,4.462649822006946
3004776,7.179207819340283
3004777,232.96040317369204
3004778,58.01537469262401
3004779,1899.8811042881732
3004780,40.606121673311
3004781,14.877351842342811
3004782,6.647282839110527
3004783,0.8203331211993775
3004784,3.1453496770531197
3004785,3052.4508555322163
3004786,0.0020284500374916454
3004787,197.70339715183187
3004788,7.214835475822943
3004789,1124.9242864677988
3004790,409.793168433589
3004791,448.1471470686962
3004792,60.62552143528291
3004793,33.56516402036186
3004794,5183.747027105043
3004795,36.44665379301787
3004796,1.3621419244276392
3004797,14.83982019152841
3004798,18.744224357203738
3004799,0.09913332545231081
3004800,189.3208832030078
3004801,9.906411004182695
3004802,15.693839407294995
3004803,4.421870046321068
3004804,50.82827080533141
3004805,2.9013322298065125
3004806,149.76946380481857
3004807,212.15389567238407
3004808,1.439564458711918
3004809,5.610934266571774
3004810,163.67678931276973
3004811,26.48566133844914
3004812,496.81149584994137
3004813,3.2110737441504313
3004814,4.566873577604139
3004815,7.374329399638241
3004816,0.18493822378085806
3004817,7.129459267987071
3004818,3366.0926721549904
3004819,0.0020284500374916454
3004820,737.3857158742912
3004821,12.445591195794576
3004822,942.6129798739397
3004823,1049.1203487271455
3004824,340.6132095462324
3004825,224.31652521288999
3004826,85.96906071081379
3004827,5270.143679599808
3004828,43.2231673123227
3004829,1.57170222049343
3004830,21.345568548309632
3004831,31.120885199193882
3004832,0.09913332545231081
3004833,269.8551010935736
3004834,25.270693731424537
3004835,17.105802066585166
3004836,5.4504985046373955
3004837,85.66742493728471
3004838,9.636567763285916
3004839,760.8634084773361
3004840,288.82694882384567
3004841,9.357168981627467
3004842,8.608079278529368
3004843,685.719703325538
3004844,109.97696885486666
3004845,2534.075698454562
3004846,49.68115383864307
3004847,37.579765147585896
3004848,8.205239754527057
3004849,0.0356666574434512
3004850,5.423027640163606
3004851,5119.611541614048
3004852,0.0020284500374916454
3004853,582.4629231100195
3004854,8.657802570987531
3004855,2418.1487194381725
3004856,985.8990213491506
3004857,1071.862673158154
3004858,111.98543656076586
3004859,68.81995553106177
3004860,9062.956341887682
3004861,12.2709839403628
3004862,0.5239007401644766
3004863,23.7555985701911
3004864,15.85699811999285
3004865,0.1679759125719711
3004866,368.3084471639537
3004867,2.691553178494921
3004868,6.779738623951438
3004869,4.530604555656833
3004870,53.6752753468901
3004871,1.519745453708173
3004872,372.41117676526085
3004873,431.7767089367402
3004874,4.462649822006946
3004875,6.621599445022591
3004876,435.90049256586707
3004877,73.01803774067929
3004878,1142.484495634238
3004879,48.05208977568881
3004880,15.298353742013338
3004881,11.078804731850878
3004882,0.5349998616517679
3004883,4.098485942826793
3004884,4161.532445324839
3004885,0.0020284500374916454
3004886,504.99420316468866
3004887,7.755948136509663
3004888,2193.329882335222
3004889,781.4591594303533
3004890,515.147096448277
3004891,286.7826612141831
3004892,70.81611855243459
3004893,6690.313113503524
3004894,15.506616521652495
3004895,0.663607604208337
3004896,40.671913019102064
3004897,31.155774083946344
3004898,0.19826665090462162
3004899,354.1232525001425
3004900,4.44853928112355
3004901,3.5810927090615285
3004902,11.562102826036236
3004903,87.91020559807838
3004904,2.2105388417573426
3004905,120.77293223354067
3004906,321.7240573032111
3004907,2.951107140359432
3004908,5.758700485765963
3004909,220.13601260452504
3004910,164.24569337399683
3004911,1501.1031678392194
3004912,0.8842087121573652
3004913,8.07168353250964
3004914,4.916219599758827
3004915,0.21399994466070718
3004916,2.3828406644341817
3004917,2134.7314653433905
3004918,0.0020284500374916454
3004919,166.0693558004966
3004920,9.523582828086283
3004921,896.2658476759735
3004922,379.65351592198175
3004923,217.5287559204751
3004924,54.5525584981481
3004925,42.67886563365884
3004926,3923.475146232945
3004927,10.012146100594524
3004928,0.8382411842631625
3004929,24.024660358615172
3004930,18.724385579599396
3004931,0.1679759125719711
3004932,176.6240349747751
3004933,1.4205419553167637
3004934,15.693839407294995
3004935,4.530604555656833
3004936,99.2360861182998
3004937,2.72863388279422
3004938,109.9681174522077
3004939,170.17519169803217
3004940,1.4035753472441201
3004941,6.412496304653456
3004942,180.47595872717795
3004943,30.21456365846764
3004944,548.6849580452503
3004945,3.145921523254626
3004946,2.6551590567465926
3004947,2.2503822111572096
3004948,0.18493822378085806
3004949,1.5723571264379685
3004950,1642.9156017943583
3004951,0.008113800149966582
3004952,286.89490109899594
3004953,14.357522596887655
3004954,570.2537026738971
3004955,601.7232239213175
3004956,192.29777554055948
3004957,58.58562435139214
3004958,51.62706708646948
3004959,2752.16122147553
3004960,21.733682998851528
3004961,0.48897402415351143
3004962,13.651193816964241
3004963,16.188442525141216
3004964,0.19826665090462162
3004965,137.31352870251712
3004966,14.317567602271593
3004967,2.711895449580575
3004968,2.9651900695862836
3004969,54.06493016876536
3004970,5.2154900797712305
3004971,859.2130388468343
3004972,163.2744786651162
3004973,3.850834927054381
3004974,6.203393164284322
3004975,438.8860461176108
3004976,33.25267814616367
3004977,1273.2849420720936
3004978,49.68115383864307
3004979,8.787511600447965
3004980,2.9774287716849237
3004981,0.1426666297738048
3004982,4.543282866854507
3004983,4140.618877132781
3004984,0.0020284500374916454
3004985,848.7544081647691
3004986,18.32568210859027
3004987,1235.5568717060992
3004988,1633.1790156732761
3004989,421.32978669921056
3004990,295.850702958843
3004991,134.04014392454062
3004992,5592.836314677432
3004993,31.776353935118596
3004994,0.9430213322960579
3004995,21.35457329357148
3004996,33.33188275840857
3004997,0.1679759125719711
3004998,267.9810980286951
3004999,14.24280223620229
3005000,38.731429882471296
3005001,10.945940606466907
3005002,88.16425795287245
3005003,13.781328091580933
3005004,619.7559180198502
3005005,314.32357310703776
3005006,17.70664284215659
3005007,9.932399167533886
3005008,790.5578370342844
3005009,115.60485841754534
3005010,3958.5210201010527
3005011,49.68115383864307
3005012,25.940169205255422
3005013,3.6006115378515355
3005014,0.10699997233035359
3005015,3.499916367920926
3005016,2677.343712555299
3005017,0.0020284500374916454
3005018,468.6037514469334
3005019,7.972393200784351
3005020,511.5887889666544
3005021,783.3057790256165
3005022,242.0349184016289
3005023,169.83612072983655
3005024,92.51831406046028
3005025,2722.395753006886
3005026,21.306335299435908
3005027,1.2224350603837788
3005028,21.107122893775845
3005029,18.211997840783866
3005030,0.07434999408923311
3005031,122.50210272666271
3005032,11.66547392253547
3005033,26.110685674807847
3005034,5.038032265890397
3005035,259.8389230790773
3005036,10.361900820737544
3005037,324.1831133356292
3005038,124.62205247443572
3005039,5.470344943105289
3005040,7.458012006499128
3005041,264.60065226983875
3005042,41.215243801723574
3005043,1860.0928982178307
3005044,1.3961190191958397
3005045,5.235973659904281
3005046,4.604628216675521
3005047,0.18493822378085806
3005048,0.3529781304248501
3005049,1112.641832885919
3005050,0.0020284500374916454
3005051,251.0078534375591
3005052,6.2769068639659595
3005053,420.6241580769256
3005054,287.02731086539774
3005055,117.75367013466209
3005056,39.58781576751334
3005057,27.68126333196983
3005058,1952.707857220766
3005059,16.025538728085746
3005060,0.7334610362302673
3005061,11.670149859357295
3005062,10.603484581629852
3005063,0.29739997635693244
3005064,93.82915220333415
3005065,0.1495307321386067
3005066,7.961846896845534
3005067,0.9061209111313664
3005068,22.281524232946783
3005069,0.20723801641475087
3005070,389.08403445663265
3005071,146.13329551037972
3005072,3.0230853632950283
3005073,1.5334230293736526
3005074,194.71837709552017
3005075,23.87194475899692
3005076,565.2470318361668
3005077,0.9307460127972266
3005078,2.744372401053278
3005079,7.1666018109160365
3005080,0.32099991699106073
3005081,2.888002885294228
3005082,3825.1071528911903
3005083,0.020284500374916452
3005084,753.926611669008
3005085,17.74849527052444
3005086,988.9214629546029
3005087,1310.8478019283548
3005088,458.0029074794213
3005089,311.2724211184106
3005090,111.073260603891
3005091,5303.518463046083
3005092,26.434507692423345
3005093,3.038624292953964
3005094,25.101627891932402
3005095,29.201996537808615
3005096,0.17348331954154392
3005097,256.7139603454001
3005098,7.513919289964988
3005099,39.63539503233149
3005100,10.076064531780794
3005101,181.5429000336969
3005102,4.2138396670999345
3005103,448.24500707862006
3005104,277.0411973251762
3005105,11.300581000888556
3005106,9.792997073954464
3005107,578.6753150028369
3005108,83.45018507708369
3005109,2922.088757476044
3005110,2.001103927514037
3005111,18.33329833763101
3005112,7.339708134851207
3005113,0.18493822378085806
3005114,3.399519347926099
3005115,4471.491992995615
3005116,0.0020284500374916454
3005117,744.395835129059
3005118,17.423827674112406
3005119,1506.9256633659593
3005120,1141.2185828072443
3005121,576.7646293365344
3005122,259.7145978372394
3005123,60.02735753183656
3005124,7817.2704440232865
3005125,13.278303517556763
3005126,0.8731679002741276
3005127,35.83348329500495
3005128,20.758886427713414
3005129,0.5947999527138649
3005130,298.4680754773325
3005131,11.66547392253547
3005132,6.119148706745913
3005133,6.089132522802783
3005134,51.79366975354893
3005135,1.4161264455007978
3005136,208.1948792586741
3005137,345.6114599154998
3005138,5.4343558316374905
3005139,4.844222751884948
3005140,266.6454837325447
3005141,86.91532031739825
3005142,1743.0250447548665
3005143,4.327968959507103
3005144,3.929635403984957
3005145,6.785767898258663
3005146,0.4636665467648656
3005147,3.0163585690850825
3005148,4053.763158895553
3005149,0.0020284500374916454
3005150,781.2080093976074
3005151,12.337368663657232
3005152,1219.591708011702
3005153,941.4909988702653
3005154,427.5741338612348
3005155,236.04739370509122
3005156,65.13640796818287
3005157,6085.68716292446
3005158,15.872914549723028
3005159,1.3621419244276392
3005160,27.17524063083117
3005161,20.420259016880717
3005162,0.024783331363077702
3005163,260.3905982196914
3005164,11.66547392253547
3005165,6.779738623951438
3005166,5.726684158350236
3005167,104.18735615141411
3005168,1.6233644619155485
3005169,123.14575467997106
3005170,280.91908975377066
3005171,5.578312277508682
3005172,4.809372228490092
3005173,233.03805321736087
3005174,68.35204351927688
3005175,1359.4658396445716
3005176,2.9318499403112637
3005177,7.399043238133838
3005178,12.048200145887831
3005179,1.1769996956338895
3005180,14.215391979837143
3005181,9738.245920338599
3005182,0.0020284500374916454
3005183,1380.4134795372747
3005184,52.09111213544164
3005185,2169.9461402841803
3005186,2674.6995053617447
3005187,549.0068502741219
3005188,643.7832047846637
3005189,273.76989329283873
3005190,11068.528866453278
3005191,74.54164871235312
3005192,2.829063996888174
3005193,62.82430674287344
3005194,57.147993224528676
3005195,0.29739997635693244
3005196,578.7607001671925
3005197,47.625538186146244
3005198,60.14845035608199
3005199,24.041924910866317
3005200,229.81025837598932
3005201,29.876814033126585
3005202,1151.7564595383813
3005203,631.4480767168676
3005204,19.86598953022447
3005205,25.580284171824115
3005206,1724.736969159595
3005207,252.09770327906827
3005208,8406.5749039364
3005209,1.6288055223951465
3005210,92.19459036299544
3005211,3.2890201547682296
3005212,0.4993332042083168
3005213,0.8895938480554277
3005214,1980.6044858614107
3005215,0.0020284500374916454
3005216,188.8057100798989
3005217,5.1586073652134035
3005218,775.3012930970773
3005219,322.69805309467307
3005220,163.23965860844183
3005221,149.4642935442264
3005222,39.46442447978285
3005223,3355.9644866136296
3005224,5.189222064332528
3005225,0.27941372808772086
3005226,13.759250760106442
3005227,9.085818094897862
3005228,0.22304998226769931
3005229,189.87038526386974
3005230,0.5607402455197752
3005231,15.693839407294995
3005232,3.515749135189702
3005233,38.787483722383676
3005234,0.863491735061462
3005235,72.13128310514352
3005236,99.03694864920085
3005237,2.4112704683424626
3005238,4.844222751884948
3005239,128.82512841273774
3005240,22.61736080085986
3005241,640.8846238207161
3005242,0.09307460127972267
3005243,5.1687096304667
3005244,8.82842252069367
3005245,0.21399994466070718
3005246,2.478154291011549
3005247,4580.944334947585
3005248,0.0020284500374916454
3005249,641.3285229708858
3005250,10.858327391113528
3005251,1772.6434752375078
3005252,853.9409881225439
3005253,387.4703484383421
3005254,329.22399648341667
3005255,70.05602107015723
3005256,7164.5890897577265
3005257,12.97305516083132
3005258,0.27941372808772086
3005259,25.865590479947734
3005260,21.5148122640167
3005261,0.07434999408923311
3005262,309.376361509906
3005263,1.495307321386067
3005264,6.605899172055247
3005265,11.19965446158369
3005266,17.06714010499479
3005267,1.657904131318007
3005268,391.6548693953972
3005269,304.9848339429894
3005270,4.318693376135754
3005271,7.2489088661299945
3005272,170.0842818979451
3005273,69.82610265257273
3005274,1515.3170617212675
3005275,2.652626136472096
3005276,6.471861695517928
3005277,1.5925781802035637
3005278,0.18493822378085806
3005279,1.04844989235104
3005280,1312.3010975525162
3005281,0.0020284500374916454
3005282,137.0493443584707
3005283,3.7877886248070447
3005284,861.5538099241276
3005285,183.46534710556355
3005286,120.33053560669791
3005287,214.21942977676096
3005288,15.35890011410394
3005289,2650.522536422879
3005290,1.7704404690075684
3005291,0.31434044409868594
3005292,10.229390617461332
3005293,4.412417777516938
3005294,0.049566662726155404
3005295,88.21116375548546
3005296,11.66547392253547
3005297,15.693839407294995
3005298,0.43493803734305586
3005299,32.383422580134805
3005300,0.31085702462212633
3005301,75.1472615580338
3005302,80.66016251476516
3005303,0.6478040064203631
3005304,1.2546188422148066
3005305,66.68146511823883
3005306,11.67460072155324
3005307,235.2817092886269
3005308,49.68115383864307
3005309,2.336539969937001
3005310,7.651299517934514
3005311,0.18493822378085806
3005312,2.255755828997692
3005313,2740.0331108045193
3005314,0.0020284500374916454
3005315,264.5555181339784
3005316,9.992547134014776
3005317,1120.7122167369516
3005318,500.5617925597579
3005319,266.8922345761445
3005320,195.27178541290039
3005321,51.67053365499987
3005322,4573.130993174085
3005323,3.5103561023425924
3005324,0.6985343202193022
3005325,30.95867440004996
3005326,17.854899843905752
3005327,0.19826665090462162
3005328,235.71628037583005
3005329,11.66547392253547
3005330,15.693839407294995
3005331,13.881772358532535
3005332,31.641007163704696
3005333,1.4506661149032563
3005334,268.93822211190746
3005335,233.42147434449933
3005336,1.8714337963254934
3005337,4.321464900962112
3005338,263.6075485473176
3005339,29.20392658107945
3005340,1425.6473313942406
3005341,49.68115383864307
3005342,0.9912593811853946
3005343,3.808339126573739
3005344,0.42799988932141436
3005345,1.796979573071964
3005346,3129.4827988154175
3005347,0.0020284500374916454
3005348,762.6762134580083
3005349,9.234989409053366
3005350,1095.9111123664104
3005351,743.3129823459323
3005352,348.4804021943838
3005353,124.30487566181075
3005354,53.11767744297544
3005355,6074.559825887523
3005356,6.929137697667552
3005357,4.435692933392568
3005358,32.74125377208574
3005359,38.51972310194341
3005360,0.09913332545231081
3005361,211.8732519301384
3005362,1.981282200836539
3005363,5.945309254849723
3005364,3.5519939716349564
3005365,32.27791803534134
3005366,2.521395866379469
3005367,179.92556982052403
3005368,290.2847875282853
3005369,3.634900258247593
3005370,6.621599445022591
3005371,173.75068368338097
3005372,31.698096643125137
3005373,713.3147124455282
3005374,5.2121776716644685
3005375,3.3632014718790173
3005376,4.223794304018147
3005377,0.18493822378085806
3005378,0.5718817594642036
3005379,1792.830609164988
3005380,0.0020284500374916454
3005381,115.55866626913901
3005382,3.354898496257668
3005383,534.2662440510541
3005384,199.53502981614324
3005385,121.01496097808332
3005386,153.35098982399268
3005387,42.57385436279327
3005388,2954.516369384757
3005389,6.8680880263224635
3005390,0.48897402415351143
3005391,10.373466541650929
3005392,8.824835555033877
3005393,0.14869998817846622
3005394,103.60961876221185
3005395,11.66547392253547
3005396,15.693839407294995
3005397,0.3986932008978013
3005398,46.280895471303765
3005399,0.7253330574516281
3005400,202.34101383060522
3005401,91.51687882198529
3005402,1.1156624555017365
3005403,1.4288714591890854
3005404,65.01025945526473
3005405,20.49153798290539
3005406,426.1587336913171
3005407,0.09307460127972267
3005408,0.8142487774022884
3005409,5.054704658906964
3005410,0.18493822378085806
3005411,0.8895938480554277
3005412,4403.659482133722
3005413,0.0020284500374916454
3005414,577.4980493859532
3005415,11.32729169704202
3005416,1079.374420574551
3005417,733.1774011087734
3005418,323.05201860061845
3005419,141.69090098469383
3005420,77.61606347548934
3005421,5945.627533637515
3005422,7.081761876030273
3005423,0.4540473081425464
3005424,30.95867440004996
3005425,10.885332042767368
3005426,0.1239166568153885
3005427,227.801440326025
3005428,11.66547392253547
3005429,26.701739811254892
3005430,3.334524952963429
3005431,60.44957329663507
3005432,1.001650412671296
3005433,244.7019198085278
3005434,240.80951610507284
3005435,2.843139805956038
3005436,3.6593049564598528
3005437,150.24835348224067
3005438,47.360032131224614
3005439,1502.0241151344542
3005440,1.3030444179161171
3005441,1.4160848302648492
3005442,3.912202920934842
3005443,0.18493822378085806
3005444,6.740579671551413
3005445,3183.6217203464125
3005446,0.0020284500374916454
3005447,573.536279070056
3005448,7.8280964912678925
3005449,1021.6777869654024
3005450,1053.8673376036113
3005451,232.6846308791861
3005452,157.42459936190895
3005453,88.43865853522202
3005454,4795.925837397375
3005455,53.906859797713196
3005456,1.6066289365043949
3005457,33.96589912769731
3005458,29.261170822731902
3005459,0.19826665090462162
3005460,259.63335757484515
3005461,24.74733616893941
3005462,24.094148032812033
3005463,1.8122418222627328
3005464,110.80566271897978
3005465,9.912885118505585
3005466,300.8023089091801
3005467,296.088492489155
3005468,13.747840580698817
3005469,15.22967872355196
3005470,341.4426121130111
3005471,70.0596970549946
3005472,2676.531193400185
3005473,49.68115383864307
3005474,13.179933346803733
3005475,6.197206396879085
3005476,0.18493822378085806
3005477,7.356305699241205
3005478,3449.796864592688
3005479,0.0020284500374916454
3005480,494.8696106844369
3005481,14.032855000475623
3005482,1265.5410621262758
3005483,974.8207652889251
3005484,220.22708401326352
3005485,116.65311415629493
3005486,87.53670744469693
3005487,5025.359708477565
3005488,27.40794470202078
3005489,1.1875083443728136
3005490,44.8191384968996
3005491,67.88453443526352
3005492,0.1679759125719711
3005493,356.9773125943022
3005494,24.74733616893941
3005495,18.983268147064027
3005496,10.184799041116559
3005497,104.78672552858436
3005498,12.50336032368997
3005499,233.89246156769565
3005500,490.6394523967668
3005501,8.709364975207105
3005502,10.768811729010423
3005503,175.61629098979498
3005504,84.14606202468369
3005505,2194.9696689995635
3005506,3.676446750549045
3005507,17.390171344568234
3005508,9.728575405156553
3005509,0.32099991699106073
3005510,2.9547224238983856
3005511,4968.582701618417
3005512,0.0020284500374916454
3005513,765.6939380272547
3005514,7.250909653202057
3005515,2666.147792178048
3005516,828.4913255446126
3005517,301.52559594202853
3005518,479.65996409758463
3005519,56.03584919896301
3005520,8092.140385363439
3005521,28.632295860846536
3005522,1.7812625165592204
3005523,26.582008012980506
3005524,18.03755341702157
3005525,0.049566662726155404
3005526,377.59838261484254
3005527,6.24290806678683
3005528,14.98496075345164
3005529,8.474405209264992
3005530,52.640942447626536
3005531,3.833903303672891
3005532,167.74686678854826
3005533,346.5909560957704
3005534,7.701669854108762
3005535,10.664260158825856
3005536,282.4368397040405
3005537,57.62969474525312
3005538,1815.7076495486033
3005539,6.26578215815093
3005540,17.237221792157367
3005541,4.362279363166284
3005542,0.42799988932141436
3005543,4.781249221209333
3005544,2855.043175957242
3005545,0.008113800149966582
3005546,422.3268660077396
3005547,8.080615732921697
3005548,861.5288419102948
3005549,938.1149076434684
3005550,306.38303503206765
3005551,186.61777027866478
3005552,72.29168604535234
3005553,4590.550359673422
3005554,25.244039101194122
3005555,1.7114090845372902
3005556,16.188731031753505
3005557,12.540501781170814
3005558,0.09913332545231081
3005559,247.55067841829532
3005560,22.130548356513795
3005561,23.19018288295184
3005562,2.1746901867152792
3005563,92.14721633561236
3005564,7.944123962565451
3005565,568.9356980327021
3005566,273.84763885456897
3005567,6.657985621542621
3005568,9.827847597349319
3005569,561.1283364575955
3005570,52.98289269410711
3005571,2452.1119986247113
3005572,0.046537300639861334
3005573,27.860041621952004
3005574,3.912202920934842
3005575,0.2496666021041584
3005576,2.823825043398801
3005577,6081.627358503792
3005578,0.0020284500374916454
3005579,497.51836292064337
3005580,11.25514334228379
3005581,2452.575848210254
3005582,782.1073397156714
3005583,419.6488246632334
3005584,186.17969232987568
3005585,56.6061400789711
3005586,8874.12999205423
3005587,10.347919292992511
3005588,2.5496502688004528
3005589,30.90428573866839
3005590,24.073330479197065
3005591,0.17348331954154392
3005592,485.515226372408
3005593,11.66547392253547
3005594,0.1738394518961907
3005595,8.807495256196882
3005596,42.2345049082586
3005597,2.245078511159801
3005598,142.14241409525354
3005599,351.9529545928484
3005600,3.5629220353119972
3005601,10.490007541851577
3005602,217.2862351385432
3005603,60.707923752076844
3005604,1287.865728701497
3005605,49.68115383864307
3005606,6.372381736191822
3005607,7.859027106656717
3005608,0.0356666574434512
3005609,8.004438359967303
3005610,3229.430990363702
3005611,0.0020284500374916454
3005612,566.0111902956793
3005613,11.904478535107854
3005614,1325.7399695601002
3005615,903.1624982444835
3005616,349.76206987262754
3005617,167.33718667372446
3005618,110.6715048378895
3005619,5481.144573726269
3005620,40.47593210179372
3005621,1.6066289365043949
3005622,27.662577444402476
3005623,36.77014814597449
3005624,0.07434999408923311
3005625,274.8689723367064
3005626,22.579140552929616
3005627,21.069341569818317
3005628,9.858595513109268
3005629,152.86378732996093
3005630,12.296122307275217
3005631,328.9380686285809
3005632,516.9693742419322
3005633,14.359655475651383
3005634,9.061136082662493
3005635,265.40273534097224
3005636,66.04607401498599
3005637,2308.718388418205
3005638,0.9307460127972266
3005639,7.562161341689631
3005640,3.808339126573739
3005641,0.18493822378085806
3005642,4.4282710907844836
3005643,3271.596471174211
3005644,0.0020284500374916454
3005645,518.41600000294
3005646,10.245066375668578
3005647,793.0788609736719
3005648,993.2321545657971
3005649,244.28130310068053
3005650,164.94751441189857
3005651,90.48129695119994
3005652,4208.489062626695
3005653,28.632295860846536
3005654,1.1525816283618484
3005655,29.430749224019298
3005656,22.628178145087833
3005657,0.049566662726155404
3005658,218.54769159621733
3005659,18.46704541911793
3005660,38.418518869058154
3005661,5.183011611671416
3005662,70.01682898125007
3005663,10.292821481932627
3005664,329.0085940244671
3005665,262.97433263321585
3005666,9.68107098483765
3005667,9.095986606057348
3005668,303.05444643398334
3005669,56.72869715255472
3005670,2551.8621017253845
3005671,0.23268650319930664
3005672,16.281769886011258
3005673,6.404933985601289
3005674,0.10699997233035359
3005675,3.6854602276582007
3005676,6428.183570524442
3005677,0.0020284500374916454
3005678,664.6276247532745
3005679,18.109237044315588
3005680,1505.731987088196
3005681,827.4083456316013
3005682,446.6302086949804
3005683,237.6437153914238
3005684,56.37537392894315
3005685,7421.90977512722
3005686,9.401649387143639
3005687,0.13970686404386043
3005688,18.00949052369953
3005689,20.24923507201572
3005690,0.09913332545231081
3005691,276.13148682775983
3005692,11.66547392253547
3005693,8.44859736215487
3005694,1.4135486213649318
3005695,83.60231910806041
3005696,3.523046279050765
3005697,217.18579199085963
3005698,321.87336653040836
3005699,3.922813149989977
3005700,2.822892394983315
3005701,303.1936993744301
3005702,146.84363249724427
3005703,1402.2133027640189
3005704,3.5833721492693225
3005705,0.9558572604287733
3005706,15.821918007674535
3005707,0.18493822378085806
3005708,16.170909885116128
3005709,11865.49394189864
3005710,0.0020284500374916454
3005711,1871.501990769081
3005712,29.400454563978492
3005713,2908.9733556407164
3005714,3216.0761947375822
3005715,870.0293642702685
3005716,831.0658227738436
3005717,350.3949349462159
3005718,13976.739535066012
3005719,85.74426340417688
3005720,5.13422725361187
3005721,132.66583137340115
3005722,124.55331856628047
3005723,0.22304998226769931
3005724,799.1837350772172
3005725,34.7195406952631
3005726,28.8921169051469
3005727,35.2691254481484
3005728,355.6758857803041
3005729,27.389957836149577
3005730,1381.5008497402
3005731,720.3772745573123
3005732,43.474846653099924
3005733,37.847668406813334
3005734,1810.246573159798
3005735,309.0797224697955
3005736,10136.228214167495
3005737,335.3482537838471
3005738,105.46442743192479
3005739,17.58760251181327
3005740,0.18493822378085806
3005741,13.9672588386474
3005742,11020.919347397577
3005743,0.004056900074983291
3005744,1408.079054027208
3005745,28.390377597363276
3005746,3011.693816714688
3005747,2841.7323495631995
3005748,1115.4208431911334
3005749,517.3071804495995
3005750,260.2077433014536
3005751,15840.107551396857
3005752,137.08703700539635
3005753,2.0606762446469413
3005754,78.21521734442706
3005755,86.17486124279554
3005756,0.6443666154400202
3005757,760.4565721512766
3005758,30.279599431237518
3005759,38.80096566322977
3005760,4.719077705172157
3005761,239.94290191261103
3005762,21.310976021316883
3005763,1823.3361512131519
3005764,884.944729655171
3005765,26.3440295944281
3005766,31.295770008580455
3005767,1948.9081938146603
3005768,260.015871926615
3005769,6929.2920344755175
3005770,580.0632530795388
3005771,100.35593201718807
3005772,13.017595559924782
3005773,0.18493822378085806
3005774,19.3143532896377
3005775,7219.765662570412
3005776,0.020284500374916452
3005777,1072.1723620300968
3005778,16.016934756326933
3005779,2733.4790008784057
3005780,2064.0961384560037
3005781,1289.4790158910123
3005782,192.57563038219615
3005783,202.9748876165983
3005784,13564.78941277611
3005785,46.79457308601038
3005786,3.14340444098686
3005787,48.42067641182902
3005788,25.503774754047903
3005789,0.34696663908308784
3005790,723.5173012965307
3005791,34.018241561533024
3005792,27.814312303390516
3005793,9.499046735572342
3005794,133.35547918393203
3005795,10.879995861774422
3005796,1629.7320324649118
3005797,875.6239628981002
3005798,26.451996928831495
3005799,46.389531690892476
3005800,1179.062556478828
3005801,144.0546067678
3005802,3162.6722020491075
3005803,361.3602779764977
3005804,55.776576124290166
3005805,18.176164013192846
3005806,0.18493822378085806
3005807,20.15692574858163
3005808,10791.553026096411
3005809,0.01217070022494987
3005810,1346.373637691081
3005811,23.59251200594102
3005812,2710.303211600109
3005813,2728.725734058617
3005814,1048.184938866023
3005815,476.48862333889986
3005816,202.2472519811276
3005817,14596.900950958609
3005818,50.33545402402552
3005819,1.990822812625011
3005820,75.13559446487443
3005821,81.13683787496244
3005822,0.495666627261554
3005823,725.977998330049
3005824,34.59991610955221
3005825,30.665279314488043
3005826,7.9528420128177775
3005827,223.48581109269503
3005828,15.23199420648419
3005829,1423.5222716514859
3005830,860.4801362803377
3005831,25.156388915990767
3005832,32.864043561348964
3005833,1764.9378908871918
3005834,236.426451459593
3005835,6153.517762910668
3005836,442.88897496747063
3005837,79.42531725507322
3005838,14.0562335035358
3005839,0.18493822378085806
3005840,21.193938005743387
3005841,5748.296738912779
3005842,0.0020284500374916454
3005843,967.0641094666063
3005844,19.768649203754862
3005845,2510.9558529377327
3005846,1657.9903631675265
3005847,1016.0109331449663
3005848,158.94223881273354
3005849,156.7486804885797
3005850,11909.056561788319
3005851,44.902033274312636
3005852,0.5239007401644766
3005853,36.92485842074114
3005854,75.74376879758961
3005855,0.14869998817846622
3005856,683.6552825900175
3005857,29.479610014295968
3005858,13.211798344110495
3005859,2.772729988061981
3005860,131.45089560690883
3005861,6.735235533479403
3005862,1422.376974994314
3005863,1015.877170717956
3005864,19.254174635271905
3005865,27.01612573569217
3005866,1297.4415116137525
3005867,100.64084307157036
3005868,2236.481018493167
3005869,328.6380404045856
3005870,26.77989385040222
3005871,12.636761647267408
3005872,0.18493822378085806
3005873,11.391566936438343
3005874,8176.71705965977
3005875,0.0020284500374916454
3005876,1330.4107356842187
3005877,27.741042404539215
3005878,2004.4424113308878
3005879,2737.28434454525
3005880,682.0012888924101
3005881,611.1445078518633
3005882,260.6098811087703
3005883,10880.467815099344
3005884,65.20104899655459
3005885,1.7463358005482552
3005886,56.513781263369125
3005887,68.20776969105836
3005888,0.3717499704461655
3005889,548.3015328838304
3005890,17.382947611113032
3005891,31.430172902831284
3005892,12.007189417583964
3005893,258.8502225136048
3005894,19.514913212389043
3005895,1226.5870161879793
3005896,615.0212967394847
3005897,20.621760871048224
3005898,32.620089897584975
3005899,1531.9398122018706
3005900,222.67777915986292
3005901,8016.4508892741105
3005902,294.5964703595334
3005903,89.83018017403481
3005904,6.231827661666118
3005905,0.42799988932141436
3005906,6.385695268595016
3005907,2266.623392049899
3005908,0.0020284500374916454
3005909,386.71497118091736
3005910,26.11770442247905
3005911,992.8623048091564
3005912,678.4942230584614
3005913,341.6754538514991
3005914,107.02845572376197
3005915,74.06202184843244
3005916,4001.4640789627388
3005917,59.67605373982407
3005918,1.327215208416674
3005919,32.183679945472
3005920,21.421775238010138
3005921,0.2726166449938547
3005922,237.34870357126866
3005923,15.102603945999277
3005924,9.978384538841347
3005925,12.649447919393877
3005926,63.16291717255052
3005927,7.391489252126115
3005928,336.2332381616704
3005929,275.330362430208
3005930,3.742867592650987
3005931,7.667115146868263
3005932,299.7938509973168
3005933,58.71208977200713
3005934,1682.8865417393022
3005935,1.535730921115424
3005936,10.800167469201796
3005937,11.044183467063846
3005938,0.18493822378085806
3005939,14.032072104720008
3005940,5441.484903733446
3005941,0.004056900074983291
3005942,669.4102724196246
3005943,34.41476521967543
3005944,1984.4680002645866
3005945,1396.8730909564415
3005946,737.3461789590782
3005947,141.21983834329004
3005948,121.88902019603678
3005949,9495.98365440307
3005950,115.78070170596045
3005951,1.676482368526325
3005952,61.62631543323695
3005953,36.214662373052974
3005954,0.14869998817846622
3005955,496.3762686302367
3005956,20.64421287905604
3005957,9.769777196565919
3005958,3.4070146258539378
3005959,137.61190793584518
3005960,9.705647102090833
3005961,892.8029657125835
3005962,631.052338140153
3005963,14.467622810054777
3005964,26.17274306953666
3005965,626.6836594795022
3005966,86.72649696604489
3005967,2389.4784719376153
3005968,329.8266030629276
3005969,20.86009081299846
3005970,8.239861019314091
3005971,0.18493822378085806
3005972,5.55138332395446
3005973,5464.572057533583
3005974,0.008113800149966582
3005975,1004.8994302586647
3005976,10.425437262564152
3005977,1590.5514083267565
3005978,2022.2095884399027
3005979,399.34006206086644
3005980,464.7319855555934
3005981,210.6671760142254
3005982,7167.3343860878285
3005983,43.2231673123227
3005984,1.990822812625011
3005985,38.57632870176439
3005986,41.81911704627895
3005987,0.2726166449938547
3005988,367.1568382717693
3005989,3.140145374910741
3005990,48.84888598282959
3005991,6.850274088153131
3005992,161.61160280777514
3005993,11.12177354759163
3005994,981.7177170437216
3005995,345.7379580107641
3005996,22.63715111324491
3005997,10.908213822589847
3005998,1371.9060934871372
3005999,128.7523407059515
3006000,5950.95525783401
3006001,5.398326874223914
3006002,53.688615197616635
3006003,12.29054899939707
3006004,0.18493822378085806
3006005,8.360911323366658
3006006,5429.849807439354
3006007,0.0020284500374916454
3006008,1002.3411387313859
3006009,13.888558290959166
3006010,1804.4007366674057
3006011,1540.4161593051317
3006012,562.5243390159219
3006013,289.1321333818849
3006014,272.21417413372626
3006015,8916.15816636292
3006016,50.854376230458776
3006017,3.5974517491294056
3006018,56.72557287192783
3006019,49.19332750096792
3006020,0.19826665090462162
3006021,399.9168779038745
3006022,9.719497589009437
3006023,58.61866317939551
3006024,11.163409625138435
3006025,263.1441927599843
3006026,11.190852886396549
3006027,767.411043439107
3006028,412.6851740017401
3006029,16.590980386654856
3006030,28.089521856253725
3006031,734.6003049316328
3006032,135.69932085649677
3006033,5204.1119050840625
3006034,6.60829669086031
3006035,9.9984428671002
3006036,9.86706046430469
3006037,0.0356666574434512
3006038,3.463061765644344
3006039,2672.2259064417312
3006040,0.0020284500374916454
3006041,538.9838122251828
3006042,8.657802570987531
3006043,1114.7705134999005
3006044,664.999357975072
3006045,350.99729637921246
3006046,116.13497960980558
3006047,101.07639838944004
3006048,4222.779684343267
3006049,15.537141357325039
3006050,1.676482368526325
3006051,32.273007018469556
3006052,24.764267216451653
3006053,0.07434999408923311
3006054,238.9911786336742
3006055,6.504586848029393
3006056,14.115763493970688
3006057,8.300067545963316
3006058,94.44210200165676
3006059,3.764823964867974
3006060,426.8946699341153
3006061,261.63849892229626
3006062,5.398366720169693
3006063,6.795852061996869
3006064,263.9661710785629
3006065,69.78361895479476
3006066,2165.255711360745
3006067,0.4653730063986133
3006068,4.290737035702493
3006069,6.9934954869808665
3006070,0.18493822378085806
3006071,1.3979331898013865
3006072,4481.414220631093
3006073,0.0020284500374916454
3006074,277.83143783846134
3006075,5.122533187834289
3006076,1390.998833112329
3006077,301.3197957700098
3006078,334.74412524177933
3006079,70.44637007076378
3006080,27.09759192730406
3006081,5166.338085121864
3006082,10.164770278957246
3006083,0.9779480483070229
3006084,25.465419600511137
3006085,10.80871331546785
3006086,0.049566662726155404
3006087,240.55390888480835
3006088,11.66547392253547
3006089,15.693839407294995
3006090,4.168156191204286
3006091,25.757348806817458
3006092,1.1743487596835882
3006093,54.5429825221025
3006094,194.26271014955043
3006095,0.14395644587119183
3006096,2.4395366376399017
3006097,71.44312291533383
3006098,89.56335478922934
3006099,707.4867787346348
3006100,49.68115383864307
3006101,2.9737781435561836
3006102,7.651299517934514
3006103,0.0713333148869024
3006104,6.321517426699588
3006105,4115.717628677607
3006106,0.0020284500374916454
3006107,612.336184512502
3006108,13.888558290959166
3006109,1433.3025151797165
3006110,1249.4679788558853
3006111,529.9158529163036
3006112,236.5105537638894
3006113,119.44085204969802
3006114,6624.0794906639985
3006115,32.23422647020676
3006116,1.3970686404386043
3006117,31.1769494251972
3006118,62.28828891139105
3006119,0.1679759125719711
3006120,369.27208614385546
3006121,26.803383735845255
3006122,18.809428695167835
3006123,10.554496372858157
3006124,98.79885716119558
3006125,7.495108260333491
3006126,705.8341246907859
3006127,379.27308693782874
3006128,10.112940322451223
3006129,15.369080817131382
3006130,795.6233812319074
3006131,99.68833463271451
3006132,2749.067884427853
3006133,49.68115383864307
3006134,41.4774175676369
3006135,5.781751219434677
3006136,0.0713333148869024
3006137,5.379501084026609
3006138,4466.19426807334
3006139,0.016227600299933163
3006140,707.5189769935324
3006141,19.191462365689027
3006142,1087.0396008212442
3006143,1597.3844103567842
3006144,284.2889635748075
3006145,344.8879459793736
3006146,171.97155663454265
3006147,4982.764440489899
3006148,34.798312666700475
3006149,3.1783311569978245
3006150,31.81628633878853
3006151,31.330218507708643
3006152,0.5947999527138649
3006153,256.70859934968433
3006154,15.99978833883092
3006155,43.52939875480616
3006156,9.387412639320956
3006157,174.6572721348447
3006158,13.159614042336681
3006159,669.252903493492
3006160,276.91262549064527
3006161,7.629691631173165
3006162,15.100383281757043
3006163,931.0299309704659
3006164,130.42989398454915
3006165,5057.440308298191
3006166,0.5119103070384746
3006167,45.16767554881354
3006168,5.020083394119929
3006169,0.6063331765386704
3006170,9.883387651895804
3006171,5532.282889201149
3006172,0.004056900074983291
3006173,926.5925643567753
3006174,22.113470733397318
3006175,1338.4962304355927
3006176,1807.3378238570062
3006177,433.95133440433284
3006178,417.65733174563775
3006179,127.24746860693092
3006180,6704.606793078167
3006181,36.41612895734533
3006182,4.051499057271952
3006183,41.9981319012673
3006184,56.345890923111845
3006185,0.1679759125719711
3006186,368.626756284575
3006187,33.831328146359766
3006188,36.401981227062336
3006189,23.648305987070856
3006190,141.1611973307837
3006191,19.687611559401336
3006192,685.9302022883242
3006193,378.349581717757
3006194,20.441815313709238
3006195,19.934499381857485
3006196,921.2405321887221
3006197,151.0110995921105
3006198,4969.439429561856
3006199,1.442656319835701
3006200,44.11413094376487
3006201,12.775246706415546
3006202,0.35666657443451194
3006203,7.027473687549288
3006204,4420.837395060602
3006205,0.0020284500374916454
3006206,581.6209415798858
3006207,16.594121594392767
3006208,2061.749133491139
3006209,986.1387092111395
3006210,831.3113834938263
3006211,214.32353771282615
3006212,84.01910874819274
3006213,9921.934805350687
3006214,10.958416006443397
3006215,1.2573617763947438
3006216,52.83120064108304
3006217,42.041106126713714
3006218,0.1679759125719711
3006219,444.07137886752326
3006220,13.270852477301347
3006221,6.049612925987438
3006222,7.833958949277341
3006223,54.608310937809016
3006224,3.453966940245848
3006225,372.03988752320436
3006226,500.7485856983674
3006227,8.169528303190136
3006228,7.945919334027108
3006229,493.7763197896347
3006230,108.00409012781631
3006231,1652.4764080582256
3006232,120.80804022304163
3006233,17.921296953836496
3006234,4.995188480818309
3006235,0.18513348092135873
3006236,3.066531360529369
3006237,2305.4079720737823
3006238,0.0040581730217239854
3006239,362.4430288240812
3006240,13.296416373785199
3006241,685.8992971086159
3006242,816.9143234953345
3006243,135.22755560929363
3006244,131.15694619472083
3006245,95.6699729644564
3006246,3176.7416938750157
3006247,18.142215153615293
3006248,1.7130440219920295
3006249,23.771057918819835
3006250,22.636573708613895
3006251,0.34957416889863796
3006252,180.60442376273488
3006253,15.065503234084595
3006254,19.056617296655194
3006255,6.612942096158501
3006256,91.57516594624873
3006257,6.042517287072639
3006258,302.47920807987805
3006259,165.6617578785446
3006260,4.049854126190825
3006261,8.379336371303596
3006262,310.4057700013154
3006263,62.839341673244846
3006264,2535.4541184863438
3006265,49.965108226037415
3006266,26.534429246985454
3006267,1.3528635468882921
3006268,0.18513348092135873
3006269,2.1822469459212708
3006270,1699.0847040779686
3006271,0.0020290865108619927
3006272,107.33289474136652
3006273,4.7721384793585235
3006274,1086.7705575490254
3006275,339.67389212669696
3006276,275.84451600203477
3006277,49.71915417035048
3006278,29.515856837872633
3006279,3990.006618758007
3006280,5.1571779116875955
3006281,0.4195209849776399
3006282,10.411213728610218
3006283,8.175232892704862
3006284,0.04993916698551971
3006285,177.00430648583543
3006286,4.047448630052578
3006287,15.812399462349209
3006288,1.806814780371175
3006289,14.328750831606014
3006290,0.40508495779257914
3006291,186.18210124817534
3006292,194.3892002224843
3006293,0.9401447078657272
3006294,3.973892779468383
3006295,153.21610300219993
3006296,27.649751135324582
3006297,272.18843803607973
3006298,1.8800880075936002
3006299,1.8093083488639712
3006300,8.25593651690804
3006301,0.21422588506614368
3006302,4.472024900771996
3006303,5895.6948850619965
3006304,0.0020290865108619927
3006305,785.6760617584405
3006306,14.35284397608594
3006307,2313.400780560937
3006308,821.4301675528264
3006309,577.5194181574726
3006310,310.51871740937065
3006311,77.34312202366432
3006312,11032.039078758953
3006313,28.88633580296445
3006314,0.8040818878738097
3006315,27.95738511738688
3006316,21.858355742782916
3006317,0.09987833397103942
3006318,517.3915550712286
3006319,13.154208047670878
3006320,2.3120160690794904
3006321,10.334980543723121
3006322,40.66972315937526
3006323,2.3967526669394266
3006324,652.140407984067
3006325,449.7731924728896
3006326,2.9289123591201505
3006327,15.756136283506219
3006328,442.5266406865313
3006329,104.17432517352209
3006330,1600.5731279799625
3006331,20.390319676082342
3006332,11.108443729338955
3006333,5.966475129866314
3006334,0.18513348092135873
3006335,0.8855494853013853
3006336,1904.3125232068978
3006337,0.0020290865108619927
3006338,209.3603612255552
3006339,12.312845847505198
3006340,1317.7157675092064
3006341,477.69644414889814
3006342,230.19370580630968
3006343,64.80874361785546
3006344,36.45686104699605
3006345,4346.432840680678
3006346,8.503204056770619
3006347,0.45448106705910996
3006348,15.908043354554778
3006349,19.918469971632607
3006350,0.22472625143483868
3006351,180.18236660068817
3006352,8.094897260105157
3006353,15.812399462349209
3006354,5.620278055822578
3006355,39.10288290365394
3006356,1.6203398311703165
3006357,159.67606902584467
3006358,194.23148501812915
3006359,1.771811180208486
3006360,7.04145913554924
3006361,167.42677385187292
3006362,32.25223177827899
3006363,373.6658091579387
3006364,3.819148155828672
3006365,3.583140063436492
3006366,4.9604996719237375
3006367,0.18513348092135873
3006368,3.7053920606396535
3006369,1874.7926746863786
3006370,0.0020290865108619927
3006371,135.66014300585422
3006372,7.904992748250378
3006373,1053.6917554724475
3006374,320.8909965339746
3006375,175.98851145665535
3006376,51.7009666093085
3006377,27.357019839458985
3006378,4221.398542956447
3006379,14.397121670127872
3006380,0.06992016416293999
3006381,17.19223481460595
3006382,9.249098230305922
3006383,0.024969583492759854
3006384,150.238876195818
3006385,1.6489605529843834
3006386,15.812399462349209
3006387,2.9270399442013035
3006388,41.0506855854181
3006389,1.0127123944814478
3006390,161.06775901670795
3006391,207.96312950656556
3006392,0.5423911776148427
3006393,5.681969500467951
3006394,100.6250538248252
3006395,23.43081054594971
3006396,202.84742575785697
3006397,3.519139091136738
3006398,2.0782212367931647
3006399,3.7117025517191604
3006400,0.18513348092135873
3006401,2.2998985203970266
3006402,1985.1208140269182
3006403,0.0020290865108619927
3006404,183.32409334484882
3006405,10.454990408976307
3006406,1817.185041160175
3006407,434.14429578309864
3006408,276.9866477787422
3006409,41.20083754675897
3006410,39.008022621240045
3006411,4584.992002865822
3006412,10.0073809476795
3006413,0.34960082081469995
3006414,13.227568505158036
3006415,21.401851506325865
3006416,0.09987833397103942
3006417,215.37176142831584
3006418,1.1617676623299065
3006419,15.812399462349209
3006420,3.1438577178458447
3006421,20.33783784864109
3006422,2.092938948594992
3006423,259.04595753766654
3006424,287.0816218129276
3006425,1.193260590752654
3006426,4.810501785672253
3006427,92.15370141665674
3006428,92.1890819694807
3006429,417.43401033574764
3006430,2.4824463012886366
3006431,4.885132541932722
3006432,4.058590640664876
3006433,0.9375952903061556
3006434,3.4789444065411566
3006435,1973.5255682700767
3006436,0.0020290865108619927
3006437,171.5559742386236
3006438,3.0235686548607443
3006439,1093.5906312474178
3006440,389.455409298929
3006441,278.0992416646728
3006442,95.85713849486453
3006443,59.53082100563392
3006444,4025.7381774800356
3006445,7.582279429683547
3006446,1.0837625445255699
3006447,14.269915320332887
3006448,17.909302565798363
3006449,0.12484791746379927
3006450,229.6540006365693
3006451,9.181712170026682
3006452,15.812399462349209
3006453,3.9052494662942574
3006454,23.44307845675068
3006455,1.9916677091468475
3006456,128.72125248425172
3006457,204.89775734086118
3006458,1.0124635315477062
3006459,5.403099831733328
3006460,114.3709280413359
3006461,44.31630982723524
3006462,676.299258020232
3006463,3.326309551896369
3006464,5.016396088811088
3006465,4.787055627450879
3006466,0.21422588506614368
3006467,1.3599509952842703
3006468,1742.816229248082
3006469,0.0020290865108619927
3006470,171.8463601047709
3006471,5.864994619669636
3006472,1131.3734542993448
3006473,299.8090060089915
3006474,176.082751393896
3006475,161.56986673399905
3006476,31.23015251931364
3006477,3206.3017549729716
3006478,4.972992986270182
3006479,0.38456090289616995
3006480,12.182338296303588
3006481,13.170370157738994
3006482,0.19975666794207883
3006483,170.3238119169033
3006484,11.694711396607678
3006485,15.812399462349209
3006486,3.071585126630998
3006487,31.40360581760415
3006488,1.5528256715382198
3006489,56.366038848404415
3006490,148.50866614849187
3006491,1.0486229433886958
3006492,3.137283773264513
3006493,69.86639208461065
3006494,36.54090692285014
3006495,588.6646584684806
3006496,49.965108226037415
3006497,0.9933457601606115
3006498,8.810957459221184
3006499,0.7497905977315029
3006500,3.034588325523855
3006501,3639.692470659074
3006502,0.0020290865108619927
3006503,371.9700249589673
3006504,7.285707602074082
3006505,1386.031043757885
3006506,922.0168517740068
3006507,564.3045244982682
3006508,199.81536994196097
3006509,101.19416717384152
3006510,6915.495291870555
3006511,16.177575949162875
3006512,1.5732036936661498
3006513,25.081560346197346
3006514,26.11917627584519
3006515,0.19975666794207883
3006516,309.6932846314088
3006517,0.6745747716754296
3006518,15.812399462349209
3006519,7.890721508836997
3006520,44.390059351199845
3006521,3.8483070990295016
3006522,257.9726573294993
3006523,309.4466104833773
3006524,2.4949994170282763
3006525,8.993546816691603
3006526,390.67358441430355
3006527,59.93685019120171
3006528,1500.3700296537515
3006529,9.22773591180369
3006530,15.300008070873819
3006531,3.9198354050865905
3006532,0.21422588506614368
3006533,4.000153532175687
3006534,2800.3528432580206
3006535,0.0020290865108619927
3006536,646.736413509967
3006537,9.434991344685935
3006538,751.8429570495267
3006539,795.2032110046468
3006540,234.09144675388137
3006541,183.47410948037722
3006542,55.178967822412886
3006543,4245.947588635442
3006544,12.064112614840626
3006545,1.0138423803626297
3006546,26.851603641260866
3006547,18.602118912637756
3006548,0.14981750095655913
3006549,208.35948209911555
3006550,11.8800112567284
3006551,5.079429242674638
3006552,5.620278055822578
3006553,54.29442103521288
3006554,2.0591818687789436
3006555,110.84275238777974
3006556,180.37616957649794
3006557,4.483767068282699
3006558,7.180893969916552
3006559,197.84628321426052
3006560,56.906744298813
3006561,1899.8537134665878
3006562,42.78288393680134
3006563,15.505011949172875
3006564,6.660251307757746
3006565,0.8211992260868841
3006566,3.1623604655459117
3006567,3247.480232285364
3006568,0.0020290865108619927
3006569,199.63493188537356
3006570,7.285707602074082
3006571,1150.6239618985944
3006572,414.20160524603773
3006573,324.9350839070433
3006574,60.74081282209951
3006575,37.92863652376152
3006576,5202.94393789453
3006577,36.65280015806541
3006578,1.3634432011773296
3006579,14.997972224431505
3006580,18.983167903399423
3006581,0.09987833397103942
3006582,192.15390179326704
3006583,9.931239694110491
3006584,15.812399462349209
3006585,4.408628064105667
3006586,52.45177985647094
3006587,2.835594704548054
3006588,149.77755194913675
3006589,215.1596673334844
3006590,1.4463764736395806
3006591,5.612252083284295
3006592,147.54873580401144
3006593,26.49913097458598
3006594,496.8043332569698
3006595,3.390898086884648
3006596,4.622250681833075
3006597,7.388716294543749
3006598,0.18513348092135873
3006599,7.027467701213136
3006600,3466.9197280638878
3006601,0.0020290865108619927
3006602,724.5756705743379
3006603,12.567845613577791
3006604,956.640194316961
3006605,1033.4837959826398
3006606,243.6732818235767
3006607,172.87931333067928
3006608,85.96906338710818
3006609,5366.881863902302
3006610,43.46764239850973
3006611,1.5732036936661498
3006612,21.150053064064817
3006613,30.899609069037016
3006614,0.09987833397103942
3006615,273.8440254937656
3006616,25.334030314032802
3006617,17.235028878592566
3006618,5.32865815027067
3006619,88.37071637302381
3006620,9.418225268677464
3006621,514.1246608887541
3006622,298.221039748725
3006623,9.401447078657274
3006624,8.610101022181498
3006625,479.8239983730873
3006626,110.03289910840942
3006627,2558.172870698174
3006628,49.965108226037415
3006629,35.19519825804624
3006630,8.221247708013466
3006631,0.03570431417769061
3006632,5.398372915931909
3006633,5174.948481780157
3006634,0.0020290865108619927
3006635,593.4466829386099
3006636,8.742849122488899
3006637,2451.594295277655
3006638,987.5275160329468
3006639,781.1389494573491
3006640,112.19839895644823
3006641,81.20755005471706
3006642,9096.519083949459
3006643,12.340390002966746
3006644,0.5244012312220498
3006645,23.771057918819835
3006646,15.742708079172392
3006647,0.16923828811759456
3006648,387.4013175340494
3006649,2.6982990867017183
3006650,6.830956567734859
3006651,4.517036950927938
3006652,55.922109456204936
3006653,1.4853115119061233
3006654,372.4312884440161
3006655,433.98430252147716
3006656,4.483767068282699
3006657,6.623154632447305
3006658,370.1972143356993
3006659,72.33185350210734
3006660,1142.4680242935246
3006661,48.326733189961956
3006662,15.94377548412118
3006663,11.10041884626291
3006664,0.5355647126653592
3006665,4.12065151571134
3006666,4240.165794111657
3006667,0.0020290865108619927
3006668,519.4592895073014
3006669,7.832135672229638
3006670,2259.5315541034015
3006671,782.7499631122505
3006672,375.42259079698
3006673,287.3280350096338
3006674,82.85486128569492
3006675,6715.089273166041
3006676,15.594323685341063
3006677,0.6642415595479298
3006678,40.698380939112674
3006679,31.240529588224323
3006680,0.19975666794207883
3006681,369.18448159006783
3006682,4.4596887682986734
3006683,3.6081462896240533
3006684,11.527478298768097
3006685,89.82875746366867
3006686,2.1604531082270886
3006687,120.77945445029181
3006688,332.35144370794137
3006689,2.96507177096114
3006690,5.647110791876123
3006691,186.672551104895
3006692,161.1070810890343
3006693,1501.0815262486174
3006694,0.8892624382444211
3006695,8.250446070819708
3006696,4.925810863029167
3006697,0.21422588506614368
3006698,2.372007549914425
3006699,2122.9746685368173
3006700,0.0020290865108619927
3006701,169.28889539419345
3006702,9.617134034737788
3006703,916.7416625037465
3006704,376.8546709166088
3006705,164.3864499293506
3006706,54.65630094810556
3006707,48.653908337011075
3006708,3938.004906650105
3006709,10.068775922818638
3006710,0.8390419699552798
3006711,24.52110069972539
3006712,18.7753229993476
3006713,0.16923828811759456
3006714,184.26011919744573
3006715,1.4241022957592402
3006716,15.812399462349209
3006717,4.517036950927938
3006718,101.4018139409214
3006719,2.6668093054678126
3006720,109.97405616616018
3006721,171.04526563601524
3006722,1.4102170617985907
3006723,6.414002380896337
3006724,164.1716060056888
3006725,30.229929677586902
3006726,548.6770475861387
3006727,3.2247464207916114
3006728,2.7139625232959568
3006729,2.2547725781471533
3006730,0.18513348092135873
3006731,1.580705831262973
3006732,1677.8285497270924
3006733,0.008116346043447971
3006734,284.3082151629659
3006735,14.498558128127423
3006736,578.8886672692857
3006737,592.32546734746
3006738,136.28334165261612
3006739,49.743251247079165
3006740,51.62706869366664
3006741,2848.6768081373903
3006742,21.856611149533144
3006743,0.4894411491405799
3006744,13.660077557097809
3006745,16.232481219413312
3006746,0.19975666794207883
3006747,139.35566238438267
3006748,14.353452086204975
3006749,2.7323826270939433
3006750,2.9270399442013035
3006751,55.24484292101766
3006752,5.097319052223288
3006753,609.4038579819012
3006754,165.6148601856196
3006755,3.869057066985878
3006756,6.20485012934537
3006757,330.1957708265231
3006758,33.26958923890478
3006759,1273.2665849651162
3006760,49.965108226037415
3006761,8.467314753981661
3006762,2.983237564933157
3006763,0.14281725671076245
3006764,4.567854005788539
3006765,4259.808494333744
3006766,0.0020290865108619927
3006767,849.0368393559551
3006768,18.505697309268168
3006769,1220.3556726585691
3006770,1609.0590282362273
3006771,309.8685477854229
3006772,231.57290736270005
3006773,132.7130179181497
3006774,5447.220847016609
3006775,31.95608455992135
3006776,0.9439222161996899
3006777,21.3684701352944
3006778,33.10118735139448
3006779,0.16923828811759456
3006780,277.24742977574465
3006781,14.278499333796594
3006782,39.024028802341704
3006783,10.913161273441897
3006784,90.08835425572042
3006785,13.469074846603256
3006786,415.96603174122487
3006787,307.4682226225788
3006788,17.790430625766838
3006789,9.934731948670958
3006790,565.0371294714292
3006791,115.66365080934696
3006792,3958.4639496124
3006793,49.965108226037415
3006794,24.52336552014712
3006795,3.6076361250354454
3006796,0.10711294253307184
3006797,3.4498477805955394
3006798,2684.9733166105857
3006799,0.0020290865108619927
3006800,456.20362089115036
3006801,8.05070690029186
3006802,519.2900698417017
3006803,797.8979317920131
3006804,173.1507799166002
3006805,135.04690286663777
3006806,92.51831694063883
3006807,2587.573456355046
3006808,21.426846323559175
3006809,1.2236028728514499
3006810,21.12085870305888
3006811,18.082506652508208
3006812,0.07490875047827956
3006813,121.97822504201346
3006814,11.694711396607678
3006815,26.307940422404506
3006816,5.022945089431866
3006817,270.6156011105687
3006818,10.127123944814478
3006819,229.92951809072076
3006820,126.40838890032988
3006821,5.4962305998304055
3006822,7.459763638651175
3006823,199.07221273110866
3006824,41.23620436337262
3006825,1878.4825768795085
3006826,1.4040985867017175
3006827,5.144111972260309
3006828,4.613611582978022
3006829,0.18513348092135873
3006830,0.35137338506065685
3006831,1145.9696141496313
3006832,0.0020290865108619927
3006833,253.35346320747885
3006834,6.338565613804451
3006835,423.0027917080948
3006836,290.13904639418865
3006837,92.85264687595212
3006838,35.73252234911292
3006839,27.68126419371252
3006840,2056.3297550544225
3006841,16.116180974023735
3006842,0.7341617237108699
3006843,11.677744402373852
3006844,10.632330075258041
3006845,0.29963500191311826
3006846,93.42789379294942
3006847,0.14990550481676213
3006848,8.021995148775808
3006849,0.9034073901855875
3006850,23.20563833357468
3006851,0.20254247889628957
3006852,286.1066518645209
3006853,145.53292068482187
3006854,3.037390594643119
3006855,1.564458841601237
3006856,158.4065750464959
3006857,23.88408515472552
3006858,565.2388825995827
3006859,0.9360657244678118
3006860,2.6962242061502315
3006861,7.18058344117632
3006862,0.3213388275992155
3006863,2.9033372410952563
3006864,3901.5803071239015
3006865,0.02029086510861993
3006866,747.5033509370802
3006867,17.922840701102242
3006868,1003.5548580295001
3006869,1302.1616951581454
3006870,333.7777487322747
3006871,247.51140239896137
3006872,111.07326406170176
3006873,5282.831960487338
3006874,26.58402423524677
3006875,3.0415271410878892
3006876,24.86927048653691
3006877,29.281437027260644
3006878,0.17478708444931898
3006879,265.3779562911468
3006880,7.5327516170422975
3006881,39.93482301137302
3006882,10.045890178863733
3006883,185.50489133123443
3006884,4.118363737557887
3006885,302.88460411122173
3006886,283.5205236634902
3006887,11.354055318070705
3006888,9.893250085446683
3006889,419.59204379474227
3006890,83.49262478112492
3006891,2922.0466293599047
3006892,2.012541307605795
3006893,17.331967758812613
3006894,7.354027485649178
3006895,0.18513348092135873
3006896,3.4179047455900258
3006897,4591.0018513623445
3006898,0.0020290865108619927
3006899,758.1825134560981
3006900,17.594983859008906
3006901,1540.0887625858222
3006902,1171.921370872269
3006903,420.32746164827154
3006904,260.2084963712608
3006905,69.03146331062368
3006906,7846.220051815975
3006907,13.353407092762524
3006908,0.8740020520367499
3006909,35.50178468005631
3006910,20.81535846023905
3006911,0.5992700038262365
3006912,302.82752953643865
3006913,11.694711396607678
3006914,6.165376184211974
3006915,6.070897662047148
3006916,55.51832896818557
3006917,1.3840402724579788
3006918,208.20612260686386
3006919,347.3785066920613
3006920,5.460071187989416
3006921,4.845360494264081
3006922,232.0105674196819
3006923,85.25443359035042
3006924,1760.429914500017
3006925,4.352705618775325
3006926,4.0560435985415255
3006927,6.799006543336032
3006928,0.464156084309978
3006929,2.9729161292260793
3006930,4162.882697186471
3006931,0.0020290865108619927
3006932,781.4679638750576
3006933,12.458559999546681
3006934,1246.4314133825515
3006935,950.9048588240119
3006936,305.88476753335834
3006937,236.49628438232443
3006938,74.25550739536932
3006939,6108.22421825307
3006940,15.962693536175891
3006941,1.3634432011773296
3006942,27.192925368083337
3006943,20.88532605170204
3006944,0.024969583492759854
3006945,266.6629906672107
3006946,11.694711396607678
3006947,6.830956567734859
3006948,5.709534705972914
3006949,107.47505608873107
3006950,1.586582751354268
3006951,123.15240503853363
3006952,277.22164241818746
3006953,5.604708835353374
3006954,4.810501785672253
3006955,206.35727029719362
3006956,67.70970778432213
3006957,1346.2477328718837
3006958,2.948607032073607
3006959,7.5629088982514
3006960,12.071705495310916
3006961,1.1782423678637903
3006962,14.150764507442815
3006963,9850.91863088023
3006964,0.0020290865108619927
3006965,1380.8728253970478
3006966,52.60280888697486
3006967,2221.8938829125154
3006968,2679.1175378690427
3006969,403.7691157595292
3006970,492.372126357767
3006971,273.76990181554237
3006972,10792.103998704248
3006973,74.96326464488754
3006974,2.8317666485990696
3006975,62.24886530043173
3006976,57.86525601022855
3006977,0.29963500191311826
3006978,576.4889892027268
3006979,47.74490328413874
3006980,60.60284544708361
3006981,23.969927602316154
3006982,239.25630863071612
3006983,29.199874040881745
3006984,767.8791059663864
3006985,634.6765526730796
3006986,19.95999533622621
3006987,25.586292106401697
3006988,1190.2172615176378
3006989,252.2259109266218
3006990,8326.392241443036
3006991,1.6381150178186705
3006992,86.34452273455541
3006993,3.2954368449843012
3006994,0.4998603984876686
3006995,0.8855494853013853
3006996,2035.904812900245
3006997,0.0020290865108619927
3006998,187.1515502955791
3006999,5.209280935482968
3007000,807.2851206173482
3007001,326.169545755241
3007002,127.74469642058517
3007003,149.74852937881084
3007004,42.62157976501365
3007005,3301.024739500786
3007006,5.218572886826734
3007007,0.27968065665175995
3007008,13.768204820082754
3007009,9.020331644493112
3007010,0.22472625143483868
3007011,190.87627783824462
3007012,0.562145643062858
3007013,15.812399462349209
3007014,3.5052206739200797
3007015,39.24541311686962
3007016,0.8439269954012065
3007017,72.1351784801605
3007018,100.4736173224937
3007019,2.422680593346297
3007020,4.845360494264081
3007021,116.13121760817631
3007022,22.628863161192502
3007023,640.8753841075845
3007024,0.09360657244678118
3007025,5.231384492617278
3007026,8.845646268115757
3007027,0.21422588506614368
3007028,2.466887851911002
3007029,4811.037918415379
3007030,0.0020290865108619927
3007031,647.5376501873218
3007032,10.964989941121493
3007033,1768.4064486917562
3007034,885.1028733988702
3007035,282.3758943234892
3007036,329.85008084903143
3007037,78.46274604119208
3007038,7191.121630192327
3007039,13.046432217066833
3007040,0.27968065665175995
3007041,25.882422940705823
3007042,21.789074108098973
3007043,0.07490875047827956
3007044,308.18795864801956
3007045,1.4990550481676213
3007046,6.655803835228837
3007047,11.166115342693862
3007048,17.947563182462588
3007049,1.6203398311703165
3007050,391.6760203097834
3007051,312.1176946381939
3007052,4.339129420918741
3007053,7.250611387100208
3007054,146.71602963784593
3007055,69.16991450285462
3007056,1515.295215207194
3007057,2.6677873147332636
3007058,6.549696222887576
3007059,1.5956852091502933
3007060,0.18513348092135873
3007061,1.043683321962347
3007062,1338.1590829992883
3007063,0.0020290865108619927
3007064,135.78928266622933
3007065,3.8249964910888927
3007066,851.3576283398825
3007067,187.33671099187066
3007068,98.91676994698486
3007069,214.62681027522623
3007070,16.434023633697176
3007071,2678.19280476843
3007072,1.780454279035003
3007073,0.3146407387332299
3007074,10.23604756257461
3007075,4.424421224865443
3007076,0.04993916698551971
3007077,89.53944377007076
3007078,11.694711396607678
3007079,15.812399462349209
3007080,0.433635547289082
3007081,33.41457154049174
3007082,0.3038137183444343
3007083,75.15131980783426
3007084,83.41119446542928
3007085,0.6508694131378112
3007086,1.254913509305805
3007087,61.780689702116085
3007088,11.680537995376715
3007089,235.27831720303436
3007090,49.965108226037415
3007091,2.341457863235727
3007092,7.666226765700323
3007093,0.18513348092135873
3007094,2.2455004805856555
3007095,2840.988525071774
3007096,0.0020290865108619927
3007097,257.4260001214072
3007098,10.090705028872604
3007099,1187.4275258311282
3007100,510.34198186899556
3007101,200.7479451172922
3007102,195.64313322836514
3007103,57.35429414254071
3007104,4590.066616622829
3007105,3.5302110705004375
3007106,0.6992016416293999
3007107,30.672100266728854
3007108,18.082506652508208
3007109,0.19975666794207883
3007110,243.73548480206156
3007111,11.694711396607678
3007112,15.812399462349209
3007113,13.840201217643202
3007114,32.3315403379828
3007115,1.417797352274027
3007116,268.9527458412303
3007117,232.46248429057917
3007118,1.8802894157314545
3007119,4.322479865386662
3007120,227.38992970928624
3007121,29.21877862724086
3007122,1411.650044545482
3007123,49.965108226037415
3007124,1.0032792177622176
3007125,3.815768978402875
3007126,0.42845177013228736
3007127,1.7710989706027707
3007128,3163.1126776492392
3007129,0.0020290865108619927
3007130,769.8657285867176
3007131,9.325705730654825
3007132,1119.884443724718
3007133,757.8361477001664
3007134,244.64159893693204
3007135,124.54126590083595
3007136,58.96062379720008
3007137,6097.055673476769
3007138,6.968329678292168
3007139,4.439930424346689
3007140,33.09018629128213
3007141,38.62451133629627
3007142,0.09987833397103942
3007143,214.96789348155286
3007144,1.9862479388220984
3007145,5.990223451705952
3007146,3.541356969527503
3007147,32.98235114913932
3007148,2.464266826571523
3007149,179.93528651402264
3007150,286.5587993843935
3007151,3.6521005959399404
3007152,6.623154632447305
3007153,155.23150703377675
3007154,31.40021498289085
3007155,713.304428498823
3007156,5.241968057019745
3007157,3.437685862841545
3007158,4.232034685137735
3007159,0.18513348092135873
3007160,0.569281811979462
3007161,1887.0936545267018
3007162,0.0020290865108619927
3007163,117.84172378923796
3007164,3.3878540349644477
3007165,560.4464697966863
3007166,205.68591866757163
3007167,102.46377833111298
3007168,153.64261697816696
3007169,46.40550270008978
3007170,2906.1486399817127
3007171,6.90693470315303
3007172,0.4894411491405799
3007173,10.380217246554537
3007174,8.848842449730887
3007175,0.14981750095655913
3007176,106.14249211360092
3007177,11.694711396607678
3007178,15.812399462349209
3007179,0.39749925168165856
3007180,48.6818391820887
3007181,0.7088986761370135
3007182,202.35194104687335
3007183,94.58813055556672
3007184,1.1209417670706747
3007185,1.429207052264945
3007186,59.679719830663174
3007187,20.501959227705996
3007188,421.93325713661676
3007189,0.09360657244678118
3007190,0.824122214590393
3007191,5.064566098607453
3007192,0.18513348092135873
3007193,0.8855494853013853
3007194,4595.729226764904
3007195,0.0020290865108619927
3007196,610.3896636840645
3007197,11.438560935256309
3007198,1103.1283467801354
3007199,753.7144655723216
3007200,231.1100784288845
3007201,141.96035418009862
3007202,93.13927907009686
3007203,5967.64590775067
3007204,7.121817116140012
3007205,0.45448106705910996
3007206,30.978821269396143
3007207,10.807935010694562
3007208,0.12484791746379927
3007209,229.0082834939967
3007210,11.694711396607678
3007211,26.903459712924978
3007212,3.3245391958829624
3007213,61.76882446700126
3007214,0.9789553146653995
3007215,244.7151346815204
3007216,246.4414706854051
3007217,2.8565935354381713
3007218,3.660164402141932
3007219,130.7324064046503
3007220,46.91496802662457
3007221,1502.002460266441
3007222,1.3104920142549363
3007223,1.4190653716580164
3007224,3.9198354050865905
3007225,0.18513348092135873
3007226,6.709934957197926
3007227,3250.220079729662
3007228,0.0020290865108619927
3007229,573.7271287822082
3007230,7.984042675732882
3007231,1036.711739424695
3007232,1028.9961324902201
3007233,171.86458285720892
3007234,128.23087259195148
3007235,88.43866128839721
3007236,4921.4556359493245
3007237,54.21176304785889
3007238,1.6081637757476195
3007239,34.667763058232445
3007240,29.340772288648377
3007241,0.19975666794207883
3007242,261.00883941252937
3007243,24.809361047174132
3007244,24.27616872533465
3007245,1.806814780371175
3007246,114.29203477835526
3007247,9.688281907205852
3007248,226.17936347775282
3007249,303.0132891850229
3007250,13.812895323257994
3007251,15.233255654628802
3007252,260.8061323897508
3007253,70.09532684785229
3007254,2701.983011284749
3007255,49.965108226037415
3007256,12.578737289960557
3007257,6.209296792128315
3007258,0.18513348092135873
3007259,7.322861708095813
3007260,3373.85182802223
3007261,0.0020290865108619927
3007262,508.91374919329195
3007263,14.170701286034088
3007264,1307.7260862290775
3007265,968.1561224059876
3007266,161.57154027797773
3007267,94.25399440450018
3007268,87.53671016979357
3007269,5197.984418470155
3007270,27.290066449346856
3007271,1.1886427907699797
3007272,45.29234791913296
3007273,68.06920607697056
3007274,0.16923828811759456
3007275,365.6396056336598
3007276,24.809361047174132
3007277,19.126678389657602
3007278,10.154299065686004
3007279,106.07290271510118
3007280,12.220062893409471
3007281,170.73364429717108
3007282,502.0335497362702
3007283,8.750577665519462
3007284,10.771340954874827
3007285,137.28598538778692
3007286,84.1888556262229
3007287,2216.0431971557764
3007288,3.697459611647856
3007289,16.596927390666373
3007290,9.747555299374618
3007291,0.3213388275992155
3007292,2.970702255512826
3007293,5021.367534428595
3007294,0.0020290865108619927
3007295,751.8946249097684
3007296,7.322136140084452
3007297,2746.6206122698914
3007298,836.6619459650768
3007299,219.74213035582048
3007300,480.5721321276813
3007301,66.12230411322324
3007302,8122.107915850855
3007303,28.794243340255743
3007304,1.7829641861549697
3007305,26.599306694295997
3007306,17.909302565798363
3007307,0.04993916698551971
3007308,379.59881785196694
3007309,6.258554826099819
3007310,15.098165542019098
3007311,8.531056667000541
3007312,54.306987504127484
3007313,3.7470358595813567
3007314,167.75592578384038
3007315,348.363010853168
3007316,7.738114133971756
3007317,10.666764829099344
3007318,245.75076435828
3007319,56.52843440660774
3007320,1815.6814722661577
3007321,6.486935470561936
3007322,17.791707351735784
3007323,4.370789920716021
3007324,0.42845177013228736
3007325,4.7595122158216245
3007326,2940.562389467268
3007327,0.008116346043447971
3007328,403.6072475776563
3007329,8.159992514322973
3007330,906.8868142319774
3007331,931.833935897369
3007332,223.28207531599577
3007333,145.2633749116953
3007334,72.29168829585772
3007335,4709.940502996635
3007336,25.386822220033583
3007337,1.7130440219920295
3007338,16.199266116194224
3007339,12.57461669513502
3007340,0.09987833397103942
3007341,246.5143926926323
3007342,22.186014712880798
3007343,23.365374516303337
3007344,2.16817773644541
3007345,92.39826966015552
3007346,7.7641283576911
3007347,389.7030293247168
3007348,277.75002309180894
3007349,6.689491190583059
3007350,9.830155822895474
3007351,398.2121092328272
3007352,53.009837850467264
3007353,2475.4297571382094
3007354,0.04680328622339059
3007355,26.844885355266193
3007356,3.9198354050865905
3007357,0.2499301992438343
3007358,2.810987080485255
3007359,6148.143267421054
3007360,0.0020290865108619927
3007361,497.6839169401864
3007362,11.479360897827922
3007363,2571.8488285708327
3007364,776.4045782132478
3007365,297.40928611852536
3007366,186.5337497370142
3007367,63.39887886211185
3007368,8906.993455664819
3007369,10.406448286083897
3007370,2.5520859919473096
3007371,30.92439721369372
3007372,24.138819054731
3007373,0.17478708444931898
3007374,479.213065865307
3007375,11.694711396607678
3007376,0.175152732506022
3007377,8.781119832603911
3007378,43.156230521715635
3007379,2.194210188043137
3007380,142.15009034867484
3007381,347.3785066920613
3007382,3.5797817722579617
3007383,10.492471286140203
3007384,192.62830884053267
3007385,60.73879757595891
3007386,1287.84716138151
3007387,49.965108226037415
3007388,6.513510055910296
3007389,7.874359619067752
3007390,0.03570431417769061
3007391,7.889929646362021
3007392,3238.633872931525
3007393,0.0020290865108619927
3007394,566.1995359621783
3007395,12.021417543422233
3007396,1382.616191444105
3007397,912.3864181465781
3007398,254.89531696754915
3007399,138.558191189961
3007400,110.67150828319325
3007401,5624.609464031444
3007402,40.70486851724852
3007403,1.6081637757476195
3007404,28.234190910628335
3007405,36.8701768738787
3007406,0.07490875047827956
3007407,284.2960875355124
3007408,22.635731227331082
3007409,21.228511179729868
3007410,9.829072405219193
3007411,157.67346965088265
3007412,12.017520414513179
3007413,234.96845184806386
3007414,519.6125419961454
3007415,14.427605324554815
3007416,9.063264233875259
3007417,212.87643938506844
3007418,66.07966262634368
3007419,2286.6976261641175
3007420,0.9360657244678118
3007421,7.3573572791667345
3007422,3.815768978402875
3007423,0.18513348092135873
3007424,4.451783769679392
3007425,3252.389777471048
3007426,0.0020290865108619927
3007427,518.5885079121799
3007428,10.345704794945195
3007429,804.8808279427587
3007430,1012.1748970116204
3007431,188.45201392072872
3007432,135.45999561055814
3007433,90.4812997679643
3007434,4224.074311804816
3007435,28.794243340255743
3007436,1.1536827086885098
3007437,29.158318584939654
3007438,22.9143862041287
3007439,0.04993916698551971
3007440,219.70551038832596
3007441,18.513329844870125
3007442,38.708753883830866
3007443,5.219165174580176
3007444,71.54487588946513
3007445,10.059609785182381
3007446,240.16522758527464
3007447,269.12466888710884
3007448,9.726881785226178
3007449,9.098122942467088
3007450,235.0727697169193
3007451,56.757547287705115
3007452,2551.8253112128723
3007453,0.23401643111695294
3007454,15.539085109363905
3007455,6.417429645495744
3007456,0.10711294253307184
3007457,3.7053920606396535
3007458,6446.5019116503145
3007459,0.0020290865108619927
3007460,664.8487859866635
3007461,18.287126081205944
3007462,1539.0706357879992
3007463,887.9732652412326
3007464,319.51740468093266
3007465,238.09564178920283
3007466,64.83168203655327
3007467,7449.395248298603
3007468,9.454826171427259
3007469,0.13984032832587998
3007470,18.20142260246542
3007471,20.50736386644609
3007472,0.09987833397103942
3007473,272.54720181149924
3007474,11.694711396607678
3007475,8.512422799792668
3007476,1.4093155286895165
3007477,86.2562426298659
3007478,3.4432221412369226
3007479,217.1975208839521
3007480,329.510138297323
3007481,3.9413758906678567
3007482,2.8235553959380617
3007483,266.1256253652532
3007484,144.0375605725764
3007485,1402.1930868808702
3007486,3.6038530392010752
3007487,0.9578691258691611
3007488,15.852785664819217
3007489,0.18513348092135873
3007490,15.939574467751614
3007491,11899.306941056182
3007492,0.0020290865108619927
3007493,1872.1247510534165
3007494,29.689258478451883
3007495,2925.4236277495206
3007496,3221.3884659462974
3007497,639.8663093563044
3007498,630.7926199664212
3007499,350.39494585432624
3007500,13828.092299182978
3007501,86.22924258291937
3007502,5.139132065976089
3007503,131.45067403500525
3007504,126.1165836120366
3007505,0.22472625143483868
3007506,810.8566912963443
3007507,37.08362378157062
3007508,29.11038414250086
3007509,35.163506529671665
3007510,360.0729863481557
3007511,26.769364294126273
3007512,921.0503041723613
3007513,749.6908865345453
3007514,43.68056950391533
3007515,37.85655753072513
3007516,1240.66991892679
3007517,309.2369090827988
3007518,10136.0820789078
3007519,337.2649485586148
3007520,98.77234245771677
3007521,17.621914918442368
3007522,0.18513348092135873
3007523,13.903759454578394
3007524,11052.32556937482
3007525,0.0040581730217239854
3007526,1408.547605872933
3007527,28.66925941416151
3007528,2948.3163463832807
3007529,2846.4262846659067
3007530,820.3403788680581
3007531,392.6446530963218
3007532,260.2077514019553
3007533,16011.52525978339
3007534,137.86241667493448
3007535,2.0626448428067294
3007536,78.2661171906013
3007537,86.40928950001164
3007538,0.6492091708117562
3007539,750.4580545974188
3007540,30.92288229736374
3007541,39.09408989534411
3007542,4.70494568808654
3007543,247.47081094226482
3007544,20.828118246501777
3007545,1227.779309849246
3007546,897.4109766612613
3007547,26.46868946760432
3007548,31.616151518616086
3007549,1363.724736919624
3007550,260.14810646438616
3007551,7061.176746089018
3007552,583.3786250657275
3007553,93.9879988564229
3007554,13.04299214435892
3007555,0.18513348092135873
3007556,19.226544396586362
3007557,7303.299244832721
3007558,0.02029086510861993
3007559,1063.0377293957074
3007560,16.17427087660446
3007561,2773.4809297593583
3007562,2067.505584571205
3007563,948.3521048540977
3007564,155.5982668766767
3007565,202.9748939353896
3007566,13712.973552600448
3007567,47.059248444149304
3007568,3.1464073873322995
3007569,48.45218696776294
3007570,25.82387188246464
3007571,0.34957416889863796
3007572,734.0850661434959
3007573,36.72684868010673
3007574,28.024437200963522
3007575,9.379536887862844
3007576,134.99231604621764
3007577,10.633480142055202
3007578,1086.5466963002827
3007579,903.8873743590434
3007580,26.57716770312729
3007581,46.40042700658215
3007582,854.9272018495896
3007583,144.12786765837026
3007584,3192.7468587964727
3007585,366.6705172270466
3007586,52.73016351339602
3007587,18.211624669650085
3007588,0.18513348092135873
3007589,20.065286266236107
3007590,10458.530645795978
3007591,0.012174519065171958
3007592,1346.821656466143
3007593,23.824263858782246
3007594,2774.301966470982
3007595,2733.2330063605727
3007596,763.8833802938202
3007597,361.66269730229317
3007598,202.24725827726692
3007599,14860.25687915455
3007600,50.620157002219315
3007601,1.9927246786437895
3007602,76.68817999944102
3007603,81.35756080070597
3007604,0.49939166985519706
3007605,729.8240740446206
3007606,37.2560151121099
3007607,30.896942014062283
3007608,7.929025982180865
3007609,228.3631642610537
3007610,14.886872198877283
3007611,955.4356694584349
3007612,872.6017497136249
3007613,25.275428876851667
3007614,32.87176220209373
3007615,1217.9593647047805
3007616,236.54668928313046
3007617,6153.429046881657
3007618,441.478549762203
3007619,75.08725448888721
3007620,14.083656411196065
3007621,0.18513348092135873
3007622,20.890744893606325
3007623,6128.215839999768
3007624,0.0020290865108619927
3007625,967.3859093486008
3007626,19.962838829682983
3007627,2458.115810171821
3007628,1660.7290092496664
3007629,740.4360025110576
3007630,124.40976471068797
3007631,156.7486853683075
3007632,12039.153185409017
3007633,45.156004214836024
3007634,0.5244012312220498
3007635,36.58305730990574
3007636,75.94982053307392
3007637,0.14981750095655913
3007638,687.2771416347218
3007639,30.658299081362152
3007640,13.311607670457674
3007641,2.818631057379033
3007642,133.06435515747654
3007643,6.58263056412941
3007644,961.1174249900945
3007645,1003.1576316201136
3007646,19.34528533492939
3007647,27.022470900385002
3007648,933.9945952224101
3007649,100.69202531389219
3007650,2257.9530900118284
3007651,333.4940077875962
3007652,25.317225970565413
3007653,12.661415246518631
3007654,0.18513348092135873
3007655,11.452052450986843
3007656,8200.018182091213
3007657,0.0020290865108619927
3007658,1330.853442650134
3007659,28.013545729974847
3007660,2034.1028027862917
3007661,2741.8057538443795
3007662,497.0205453319013
3007663,463.8687270272607
3007664,258.0295932889019
3007665,10920.761326511492
3007666,65.56983344859943
3007667,1.7480041040734997
3007668,57.116064126536486
3007669,67.72279790355087
3007670,0.3745437523913978
3007671,546.1493781094553
3007672,17.77504523364757
3007673,31.66761403708878
3007674,12.208286108011958
3007675,262.0274116970857
3007676,19.072750096067267
3007677,817.7688378304391
3007678,629.2044603845287
3007679,20.71934298488699
3007680,32.62775124195093
3007681,1042.7873217037618
3007682,222.79102491282768
3007683,8092.681365727164
3007684,293.6110554651962
3007685,84.13014260107128
3007686,6.243985601022886
3007687,0.42845177013228736
3007688,6.4196012330884
3007689,2273.082569832226
3007690,0.0020290865108619927
3007691,386.84365430634136
3007692,26.374261519508174
3007693,998.4769506253562
3007694,668.0960531808975
3007695,246.7176295030502
3007696,85.78559315413237
3007697,73.32873678618807
3007698,4046.4802688447653
3007699,60.013588198507435
3007700,1.3284831190958597
3007701,31.888892399519413
3007702,21.48005057913744
3007703,0.2746654184203584
3007704,234.18749412738046
3007705,15.140455986492976
3007706,10.053766845845663
3007707,12.611567166990804
3007708,63.33500332962183
3007709,7.224015080634327
3007710,254.73590612759966
3007711,284.2854771436444
3007712,3.760578831462909
3007713,7.668915890202142
3007714,239.9849915504242
3007715,58.74194858791347
3007716,1699.2007480868506
3007717,1.5445084453718894
3007718,10.307523240670497
3007719,11.065730037368338
3007720,0.18513348092135873
3007721,13.968278059936067
3007722,5551.895657162918
3007723,0.0040581730217239854
3007724,675.7205980806979
3007725,34.75282526189337
3007726,1977.3811014860703
3007727,1411.1392341249389
3007728,537.354116382687
3007729,112.29237755569012
3007730,121.88902399055189
3007731,9601.232006987033
3007732,116.43557035137529
3007733,1.6780839399105596
3007734,61.055861165497866
3007735,36.313179969290985
3007736,0.14981750095655913
3007737,499.0059636298923
3007738,21.292952667934937
3007739,9.843583566838436
3007740,3.3968117870978087
3007741,140.61514949240376
3007742,9.48573942830956
3007743,595.2341204062257
3007744,634.2787907590123
3007745,14.536083560077783
3007746,26.178890152462767
3007747,435.469008955906
3007748,86.77060288217164
3007749,2412.2006322684206
3007750,328.77623653627853
3007751,20.099996761460332
3007752,8.25593651690804
3007753,0.18513348092135873
3007754,5.580859363438659
3007755,5526.98324401599
3007756,0.008116346043447971
3007757,1023.3461412923076
3007758,10.527847484997048
3007759,1585.004664534121
3007760,2042.571274202705
3007761,296.3660883422012
3007762,355.43188174816083
3007763,208.58136888364808
3007764,7193.877093146778
3007765,43.46764239850973
3007766,1.9927246786437895
3007767,38.98744721448092
3007768,41.52576553328362
3007769,0.2746654184203584
3007770,369.10195644665095
3007771,3.1480156011520046
3007772,49.217917834192185
3007773,6.829759869803041
3007774,163.58070213039935
3007775,10.86977970076754
3007776,658.9065326773565
3007777,350.63633309391713
3007778,22.744270047982404
3007779,11.01988354713456
3007780,1009.3850102126978
3007781,128.81781942513143
3007782,6007.544409432562
3007783,5.429181201913308
3007784,50.75624312022348
3007785,12.314527157572915
3007786,0.18513348092135873
3007787,8.322900091139736
3007788,5539.208088011839
3007789,0.0020290865108619927
3007790,993.7222249074587
3007791,14.024987133992608
3007792,1847.9001380493744
3007793,1530.3133798901588
3007794,409.949597300933
3007795,228.0960434347035
3007796,269.5189926811871
3007797,8821.331882822285
3007798,51.14201429090199
3007799,3.6008884543914093
3007800,56.205992996413215
3007801,48.84355245217735
3007802,0.19975666794207883
3007803,405.82833996575425
3007804,9.743857813089539
3007805,59.061501401030625
3007806,11.129979047086438
3007807,266.3740871553384
3007808,10.937293860399636
3007809,511.6349911169011
3007810,414.79515613784406
3007811,16.669488858696166
3007812,28.096119125013303
3007813,521.3187748040411
3007814,135.76833255503797
3007815,5355.610766371374
3007816,6.646066643721464
3007817,9.727657621247767
3007818,9.886310534952905
3007819,0.03570431417769061
3007820,3.481790815601054
3007821,2776.4117705195904
3007822,0.0020290865108619927
3007823,549.0560663684546
3007824,8.742849122488899
3007825,1110.8829645696378
3007826,677.3875880647298
3007827,255.7955102104509
3007828,94.59823835776717
3007829,101.07640153603948
3007830,4304.643134813684
3007831,15.625021172910632
3007832,1.6780839399105596
3007833,32.294009211502996
3007834,25.328268109601805
3007835,0.07490875047827956
3007836,240.25730263502714
3007837,6.520889459529154
3007838,14.222401879488988
3007839,8.275211694099982
3007840,98.32402114649372
3007841,3.67952169994926
3007842,298.54386289323344
3007843,267.80145916598826
3007844,5.423911776148427
3007845,6.797448175406444
3007846,206.35247277638655
3007847,69.81910834445438
3007848,2186.6623608837003
3007849,0.4680328622339059
3007850,4.257196114974049
3007851,7.007139396703462
3007852,0.18513348092135873
3007853,1.3915777626164627
3007854,4641.5351929577455
3007855,0.0020290865108619927
3007856,277.9238889211099
3007857,5.172852397472598
3007858,1434.7332767164671
3007859,301.81751173777957
3007860,248.84945784812902
3007861,70.5803377383297
3007862,29.26540019254666
3007863,5081.761115065051
3007864,10.222263360666483
3007865,0.9788822982811598
3007866,25.229694696486717
3007867,10.838117108972714
3007868,0.04993916698551971
3007869,248.67250940231557
3007870,11.694711396607678
3007871,15.812399462349209
3007872,4.155673994853703
3007873,26.84065481540009
3007874,1.1477407137456408
3007875,54.54592805921652
3007876,200.83468018196743
3007877,0.14463764736395804
3007878,2.4401096014279546
3007879,68.08359903430917
3007880,89.6089034272184
3007881,693.6044890293851
3007882,49.965108226037415
3007883,3.009837653286653
3007884,7.666226765700323
3007885,0.07140862835538123
3007886,6.292777896086308
3007887,4056.891519762897
3007888,0.0020290865108619927
3007889,606.971400309335
3007890,14.024987133992608
3007891,1428.6520328700092
3007892,1251.5318331828284
3007893,386.18558422993027
3007894,182.27717325486793
3007895,119.44085576799945
3007896,6746.384049996273
3007897,32.41654687346489
3007898,1.3984032832587998
3007899,31.197238340625727
3007900,61.85135085328175
3007901,0.16923828811759456
3007902,374.69783484496025
3007903,26.870561738404614
3007904,18.95152565715158
3007905,10.522889280881724
3007906,100.95504290135209
3007907,7.325286320082473
3007908,473.73976008691096
3007909,391.60893675573004
3007910,10.160794727318052
3007911,15.372690488996113
3007912,564.6246040530414
3007913,99.7390324641725
3007914,2775.717845442825
3007915,49.965108226037415
3007916,38.84553106683074
3007917,5.793031085393456
3007918,0.07140862835538123
3007919,5.302543810915367
3007920,4555.484306088999
3007921,0.016232692086895942
3007922,714.1885417435335
3007923,19.379982221517057
3007924,1113.2452939099928
3007925,1547.5631795466763
3007926,209.08136826613227
3007927,269.95610815196875
3007928,170.2688732556161
3007929,4925.441038794777
3007930,34.99513582930868
3007931,3.1813674694137695
3007932,31.524863947470102
3007933,31.72344316067475
3007934,0.5992700038262365
3007935,250.90001459993306
3007936,16.03988901539355
3007937,43.85824421950791
3007938,9.452893567945914
3007939,180.12148218752668
3007940,12.861447409914387
3007941,474.67308212861826
3007942,270.8060380260491
3007943,7.665795310289775
3007944,15.103929845753122
3007945,651.4768380094044
3007946,130.4962258458113
3007947,5106.949427833764
3007948,0.5148361484572964
3007949,43.10737465637361
3007950,5.029877289712881
3007951,0.6069733410207404
3007952,9.838454781698392
3007953,5454.80368223638
3007954,0.0040581730217239854
3007955,918.6249960773863
3007956,22.33069380035706
3007957,1346.0654394022467
3007958,1810.3231600570027
3007959,319.15111166212023
3007960,324.3810771634789
3007961,127.24747256825937
3007962,6927.360471252919
3007963,36.62210267049584
3007964,4.055369521450519
3007965,42.44571750894936
3007966,57.61796859138143
3007967,0.16923828811759456
3007968,374.0430230947458
3007969,33.916120464792435
3007970,36.67698218676101
3007971,23.577487432019538
3007972,149.78966388971838
3007973,19.24153549514751
3007974,457.31149682425445
3007975,383.6794053579095
3007976,20.53854592568204
3007977,19.939181314525573
3007978,640.1502504396414
3007979,151.08789829983908
3007980,5016.6950967707635
3007981,1.450901872925108
3007982,41.7046993478517
3007983,12.800170482096918
3007984,0.35704314177690616
3007985,6.995524666207623
3007986,4504.37038522295
3007987,0.0020290865108619927
3007988,566.0897658239019
3007989,16.75712748477039
3007990,2124.3937956271775
3007991,1013.094974162162
3007992,611.3910273916208
3007993,214.73111619306613
3007994,95.78178695471303
3007995,9958.6785924841
3007996,11.020398037475278
3007997,1.2585629549329196
3007998,52.347291404690544
3007999,42.15547385645052
3008000,0.16923828811759456
3008001,454.46764898374437
3008002,13.30411355248764
3008003,6.095315091209566
3008004,7.810498932588515
3008005,56.33151178558083
3008006,3.375707981604826
3008007,372.0599791508698
3008008,512.543843806237
3008009,8.20818648790462
3008010,7.947785558936766
3008011,433.40785829552766
3008012,105.94021279174831
3008013,1652.4525841008397
3008014,121.49852283874856
3008015,18.31819761531228
3008016,4.997741214352151
3008017,0.18516988603583723
3008018,3.0612143693219522
3008019,2286.82711230965
3008020,0.00405826161686885
3008021,349.1765742305882
3008022,13.353042725865116
3008023,644.0724209455765
3008024,796.8101061658169
3008025,135.36319892343008
3008026,131.23558685222588
3008027,95.66997278416704
3008028,2988.5557865774854
3008029,18.179587685616447
3008030,1.7133058001240644
3008031,23.54020552679747
3008032,22.882431633656516
3008033,0.3502121838087586
3008034,175.89196129296403
3008035,15.075072775787675
3008036,19.11207822309104
3008037,6.6070127210997995
3008038,89.95485119937683
3008039,5.964847467832754
3008040,302.48060105257764
3008041,162.94535530080213
3008042,4.055777596001278
3008043,8.296705294359631
3008044,310.4381888520952
3008045,62.84824954770853
3008046,2511.5390342715896
3008047,50.12879889271931
3008048,26.550670865719777
3008049,1.3535549122203743
3008050,0.18516988603583723
3008051,2.178463195990251
3008052,1700.7123511537773
3008053,0.002029130808434425
3008054,133.1471150929489
3008055,4.792461909831042
3008056,1061.4943380678544
3008057,346.1613652037687
3008058,278.8019970379292
3008059,49.748965378128574
3008060,26.83259707477292
3008061,3995.8145706619284
3008062,5.271157607118839
3008063,0.41958509390793414
3008064,10.31010533026658
3008065,8.101190917406146
3008066,0.050030311972679806
3008067,178.9855893827268
3008068,4.0500195517041515
3008069,15.858418664482707
3008070,1.8051947325409285
3008071,14.337857851523546
3008072,0.39987804253627396
3008073,186.18295865118773
3008074,193.00492270922226
3008075,0.941519799071725
3008076,3.9740521157857054
3008077,153.23210492761604
3008078,27.65367066257466
3008079,272.1889034281447
3008080,1.886247362998003
3008081,1.8104158193168514
3008082,8.26015561816536
3008083,0.21426801098432594
3008084,4.420070252733842
3008085,6130.076909856696
3008086,0.002029130808434425
3008087,1101.5229503284459
3008088,14.413969408194124
3008089,2299.993108658563
3008090,794.1366411351146
3008091,578.0987131650919
3008092,310.7049019524939
3008093,66.67510506716533
3008094,11048.097586549491
3008095,30.682591426218245
3008096,0.8042047633235404
3008097,27.962736023011125
3008098,21.876991455814032
3008099,0.10006062394535961
3008100,523.1829341591757
3008101,13.162563543038491
3008102,2.3187447844191333
3008103,10.325713870134113
3008104,41.10252760596897
3008105,2.3659450850062878
3008106,652.1434112112653
3008107,450.6672585635344
3008108,2.9331962971080667
3008109,15.756768038027534
3008110,442.57285827175997
3008111,104.18909254355295
3008112,1600.5758646650272
3008113,21.03609549787093
3008114,10.791498217104369
3008115,5.969524228253958
3008116,0.18516988603583723
3008117,0.8840140505467684
3008118,1988.2978369892435
3008119,0.002029130808434425
3008120,263.6648032659733
3008121,12.365283400938107
3008122,1309.1600332491805
3008123,490.68810857264333
3008124,230.4246072450603
3008125,64.84760242295921
3008126,31.701618241994233
3008127,4352.759615371633
3008128,8.776342068668745
3008129,0.454550518400262
3008130,15.753552550092644
3008131,19.935451802049236
3008132,0.2251364038770591
3008133,180.54286627626433
3008134,8.100039103408303
3008135,15.858418664482707
3008136,5.669755615964549
3008137,39.519013142087424
3008138,1.5995121701450958
3008139,159.67680436367613
3008140,196.41959600268208
3008141,1.7744026982505587
3008142,7.04174146832204
3008143,167.44425994305618
3008144,32.25680373629453
3008145,373.66644805760615
3008146,3.7940947704814203
3008147,3.549834939836963
3008148,4.963034678141372
3008149,0.18516988603583723
3008150,3.6989673629306927
3008151,1925.121107014014
3008152,0.002029130808434425
3008153,162.30093066440395
3008154,7.938658278117068
3008155,1038.1343199059606
3008156,312.18397520387435
3008157,176.1650410466221
3008158,51.73196609599803
3008159,25.098183291655854
3008160,4171.176070448916
3008161,14.715314986540095
3008162,0.0699308489846557
3008163,17.1955253235565
3008164,9.256983706342863
3008165,0.025015155986339903
3008166,151.92056248789007
3008167,1.6500079655090987
3008168,15.858418664482707
3008169,2.9244154667163045
3008170,41.08080357892122
3008171,0.9996951063406848
3008172,161.06850076352924
3008173,212.23534630185972
3008174,0.5431844994644568
3008175,5.682197323447983
3008176,100.63556312883924
3008177,23.434132011664786
3008178,200.8393788015549
3008179,3.530668140996262
3008180,2.0589042651054386
3008181,3.713599374553334
3008182,0.18516988603583723
3008183,2.2731789871202617
3008184,1954.9737213592907
3008185,0.002029130808434425
3008186,219.6645368914226
3008187,10.499515787187091
3008188,1806.171618531274
3008189,450.2562519846567
3008190,282.5964953714842
3008191,41.22554123991773
3008192,34.520373936043995
3008193,4561.054923281055
3008194,10.128275873715857
3008195,0.34965424492327846
3008196,13.230100196530891
3008197,21.420098018904387
3008198,0.10006062394535961
3008199,209.86314332338063
3008200,1.1625056120632287
3008201,15.858418664482707
3008202,3.1410388346212157
3008203,20.75981446264301
3008204,2.066036553104082
3008205,259.04715049221403
3008206,282.469362997869
3008207,1.1950058988218049
3008208,4.810694666477433
3008209,92.16332597065592
3008210,92.20215035541918
3008211,417.43472407097266
3008212,2.5149964839973373
3008213,4.792277168779901
3008214,4.101271384027734
3008215,0.9284947142654124
3008216,3.4729123414337333
3008217,2042.9517111641237
3008218,0.002029130808434425
3008219,214.05747129121477
3008220,3.0364453321830265
3008221,1114.1367684655065
3008222,400.23697341721663
3008223,281.0294168389251
3008224,95.91461366958076
3008225,52.68214238358277
3008226,4031.598141120864
3008227,7.749856719990198
3008228,1.0839281592621632
3008229,14.131333179945802
3008230,18.10204245078372
3008231,0.1250757799316995
3008232,230.11348063056744
3008233,9.187544353402936
3008234,15.858418664482707
3008235,3.8631167276375873
3008236,23.227998151069617
3008237,1.9660670424700137
3008238,128.72184526942763
3008239,205.30505626385926
3008240,1.0139443990003194
3008241,5.403316473217407
3008242,114.38287296764865
3008243,44.322591944681456
3008244,676.3004143673219
3008245,3.402007006452709
3008246,4.969768915771748
3008247,4.789501997087477
3008248,0.21426801098432594
3008249,1.371168936258791
3008250,1715.8876418036798
3008251,0.002029130808434425
3008252,221.65533773445904
3008253,5.889972270861051
3008254,1106.0050249376611
3008255,308.33816902988144
3008256,177.93803623271828
3008257,161.66674273577868
3008258,28.651516018771233
3008259,3189.4187997500053
3008260,5.1327343506293746
3008261,0.3846196694156063
3008262,12.184669935769595
3008263,13.313414768672882
3008264,0.20012124789071922
3008265,172.24481475816413
3008266,11.702139826091676
3008267,15.858418664482707
3008268,3.068831045319579
3008269,32.048955779863576
3008270,1.5328658297223834
3008271,56.36629842443874
3008272,154.41911449312653
3008273,1.0501566989646163
3008274,3.1374095650939786
3008275,69.873688946842
3008276,36.546086827715314
3008277,588.6656649765563
3008278,50.12879889271931
3008279,0.9939537831543497
3008280,8.81546019753782
3008281,0.7499380384451407
3008282,3.0293267196415155
3008283,3768.8059997495193
3008284,0.002029130808434425
3008285,511.9355071098437
3008286,7.3167357402000635
3008287,1401.0860689484196
3008288,914.5688815999243
3008289,564.8705639829001
3008290,199.93517764203142
3008291,82.94603851077201
3008292,6925.561657138762
3008293,17.021446439654586
3008294,1.5734441021547532
3008295,25.086360833144095
3008296,25.882618439509468
3008297,0.20012124789071922
3008298,313.15981050472936
3008299,0.6750032586173585
3008300,15.858418664482707
3008301,7.883646435952744
3008302,45.30228335800265
3008303,3.7988414040946026
3008304,257.9738453413008
3008305,310.06173322952634
3008306,2.498648697536501
3008307,8.99390741993607
3008308,390.7143864542807
3008309,59.94534661912464
3008310,1500.3725950099856
3008311,9.345306203232825
3008312,15.157795193103833
3008313,3.921838591818007
3008314,0.21426801098432594
3008315,3.9932177540412597
3008316,2781.1367414063925
3008317,0.002029130808434425
3008318,881.9996960774969
3008319,9.475172783559081
3008320,747.3875169132866
3008321,802.0958928883927
3008322,236.4760400999515
3008323,183.58411909117794
3008324,46.36888043565422
3008325,4252.128094518674
3008326,12.693412620083972
3008327,1.0139973102775075
3008328,26.856742905764346
3008329,18.617978465565983
3008330,0.15009093591803943
3008331,208.7763571081247
3008332,11.887557387872372
3008333,5.094212026375368
3008334,5.506204973196341
3008335,55.93769856898593
3008336,2.0327133828927257
3008337,110.8432628391559
3008338,179.12102121521295
3008339,4.490325195572843
3008340,7.181181893437328
3008341,197.86694632607325
3008342,56.914811190044716
3008343,1899.8569618662966
3008344,42.53283542270255
3008345,14.917790870570633
3008346,6.6636549524695345
3008347,0.8213607087732494
3008348,3.12562110729036
3008349,3117.3702232418973
3008350,0.002029130808434425
3008351,246.30273655889033
3008352,7.3167357402000635
3008353,1095.0372199403348
3008354,403.1681924032208
3008355,325.26101800724757
3008356,60.77723252838505
3008357,33.56516500202238
3008358,5210.517471233556
3008359,37.83015317686095
3008360,1.363651555200786
3008361,14.852319566677732
3008362,18.811239926858338
3008363,0.10006062394535961
3008364,198.0394493193911
3008365,9.93754797408889
3008366,15.858418664482707
3008367,4.404675147399866
3008368,52.4902625844063
3008369,2.799146297753918
3008370,149.77824170246626
3008371,207.88781628806638
3008372,1.448491998571885
3008373,5.612477110890338
3008374,147.56414582827986
3008375,26.502887394144697
3008376,496.8051827008191
3008377,3.3048068062683456
3008378,4.579287072389683
3008379,7.392492212895889
3008380,0.18516988603583723
3008381,7.084741176524816
3008382,3500.6815914346525
3008383,0.002029130808434425
3008384,718.1183121502764
3008385,12.62136915184511
3008386,958.7659658902326
3008387,1042.5854589739363
3008388,246.197308994352
3008389,172.98297038631978
3008390,85.96906322510011
3008391,5452.027756364676
3008392,43.557184708685085
3008393,1.5891785431763008
3008394,20.94465453456253
3008395,30.925953056396377
3008396,0.10006062394535961
3008397,269.2630977233045
3008398,25.350122379185244
3008399,17.28518839294263
3008400,5.2711686190195115
3008401,88.46859353350911
3008402,9.29716448896837
3008403,514.1270285279097
3008404,293.52510745728495
3008405,9.415197990717251
3008406,8.61044625086903
3008407,479.87411130302337
3008408,110.04849696838112
3008409,2558.1772447023136
3008410,50.12879889271931
3008411,35.21674109908742
3008412,8.225449081954581
3008413,0.03571133516405432
3008414,5.389012795993853
3008415,5261.479171219127
3008416,0.002029130808434425
3008417,809.3247620763293
3008418,8.780082888240077
3008419,2536.3014583708823
3008420,996.08723124192
3008421,789.0960908525689
3008422,112.26567222043418
3008423,68.81995754379834
3008424,9109.760201165735
3008425,12.86044334958126
3008426,0.5244813673849177
3008427,23.54020552679747
3008428,16.071252388606823
3008429,0.16954716835185932
3008430,377.8708418870345
3008431,2.700013034469434
3008432,6.85083686305653
3008433,4.558116699665845
3008434,56.51722876746009
3008435,1.466219489299671
3008436,372.43300355898407
3008437,450.6596007844869
3008438,4.490325195572843
3008439,6.623420192976177
3008440,370.23587781882526
3008441,72.34210700021163
3008442,1142.4699777032906
3008443,48.93818774499673
3008444,15.339937120921654
3008445,11.106091587449223
3008446,0.5356700274608148
3008447,4.113506808776374
3008448,4344.4850299484815
3008449,0.002029130808434425
3008450,714.922270487184
3008451,7.865490920715068
3008452,2282.5251486753937
3008453,789.8723509115335
3008454,379.2468664140217
3008455,287.50031460479335
3008456,70.81612062355175
3008457,6724.863922497634
3008458,16.407770002551292
3008459,0.664343065354229
3008460,40.70617040849797
3008461,31.267164233171876
3008462,0.20012124789071922
3008463,369.92312704329316
3008464,4.462521543081426
3008465,3.6186471635631925
3008466,11.517142393611126
3008467,90.78470903260137
3008468,2.1326828935267943
3008469,120.78001066201887
3008470,336.0122060172235
3008471,2.9694085970723636
3008472,5.647337217169161
3008473,188.55896770182395
3008474,161.1299190376082
3008475,1486.2218740805738
3008476,0.8921757504844923
3008477,8.093623662828277
3008478,4.928328141930593
3008479,0.21426801098432594
3008480,2.367894778250273
3008481,2178.5800231334747
3008482,0.002029130808434425
3008483,210.44513105183418
3008484,9.658091177064083
3008485,926.4996046961875
3008486,373.57811156011974
3008487,163.0134787797748
3008488,54.68907242966302
3008489,42.6788668818624
3008490,3943.7371635811355
3008491,10.190412535517796
3008492,0.8391701878158683
3008493,24.28534495748492
3008494,18.79133022036641
3008495,0.16954716835185932
3008496,181.27189056972793
3008497,1.4250068793033126
3008498,15.858418664482707
3008499,4.512986831352322
3008500,101.4859647563294
3008501,2.632530446697137
3008502,109.97456261702958
3008503,174.55907338808922
3008504,1.4122796986075876
3008505,6.414259555303244
3008506,164.18875212638542
3008507,30.234214961478227
3008508,543.2455304185836
3008509,3.1742674069869308
3008510,2.6623762048777224
3008511,2.2559248537006233
3008512,0.18516988603583723
3008513,1.5624948343414131
3008514,1724.825992044075
3008515,0.0081165232337377
3008516,281.6536543348331
3008517,14.560304122998126
3008518,585.5972252551547
3008519,587.3645143274989
3008520,137.70702554597972
3008521,49.77307690327203
3008522,51.6270685963758
3008523,2766.3742179483374
3008524,21.90163524899985
3008525,0.4895159428925898
3008526,13.799318948855749
3008527,16.405598149350617
3008528,0.20012124789071922
3008529,139.6344780755463
3008530,14.362569336136017
3008531,2.7403347452226123
3008532,2.9829037760506307
3008533,55.306030705597124
3008534,5.031798701914781
3008535,609.4066643993822
3008536,167.4526544319959
3008537,3.874716096179792
3008538,6.205098917630313
3008539,330.2302565495897
3008540,33.274305413780375
3008541,1273.2687620163147
3008542,50.12879889271931
3008543,8.47249756370625
3008544,2.984762114126979
3008545,0.1428453406562173
3008546,4.514786043863854
3008547,4192.2271967890665
3008548,0.002029130808434425
3008549,841.53859445392
3008550,18.58450878010816
3008551,1223.0674522948727
3008552,1609.7027410824728
3008553,310.17936902728354
3008554,231.7117566285889
3008555,132.71301766805297
3008556,5455.149955840834
3008557,32.02191333456298
3008558,0.9440664612928519
3008559,21.58416945959375
3008560,33.451053072855686
3008561,0.16954716835185932
3008562,280.42290710449635
3008563,14.287568974067423
3008564,39.13760136125628
3008565,10.90337618454721
3008566,89.32919922040125
3008567,13.295944914331109
3008568,415.9679473417379
3008569,313.7322459593463
3008570,17.816451582434183
3008571,9.935130289464265
3008572,565.0961420805869
3008573,115.68004686401568
3008574,3996.170438978653
3008575,50.12879889271931
3008576,24.53837617476318
3008577,3.6094797659209976
3008578,0.10713400549216297
3008579,3.4438661654871963
3008580,2711.120360493883
3008581,0.002029130808434425
3008582,468.80561030128433
3008583,8.08499299292107
3008584,515.6250700328678
3008585,764.9580879138307
3008586,171.70460825552826
3008587,135.12787591109768
3008588,92.51831676628875
3008589,2777.9164714318513
3008590,21.47098511769929
3008591,1.2237898572314745
3008592,21.12490113124551
3008593,17.918735842737323
3008594,0.07504546795901972
3008595,122.22227284416302
3008596,11.702139826091676
3008597,26.384505046951045
3008598,5.018441356463781
3008599,270.91532807564073
3008600,9.996951063406849
3008601,229.9305769586792
3008602,128.9625684539941
3008603,5.504269594573162
3008604,7.460062743667903
3008605,199.09300387928516
3008606,41.24204985637186
3008607,1878.4857887385124
3008608,1.4086985533965668
3008609,5.147260662763597
3008610,4.615969316033583
3008611,0.18516988603583723
3008612,0.3472912341433733
3008613,1157.1293964851673
3008614,0.002029130808434425
3008615,248.85367312299613
3008616,6.365560093974055
3008617,420.0173597871282
3008618,295.5324838869286
3008619,92.94578499925727
3008620,35.75394728414973
3008621,27.68126414154738
3008622,2107.5883820870004
3008623,16.149379923770955
3008624,0.7342739143388848
3008625,11.679979465057245
3008626,10.641394849135192
3008627,0.30018187183607886
3008628,93.61481955065558
3008629,0.1500007241371908
3008630,8.04534175199972
3008631,0.9025973662704643
3008632,23.01008944899052
3008633,0.19993902126813698
3008634,286.1079694385709
3008635,147.17241894811738
3008636,3.0418331970009582
3008637,1.5338446762681672
3008638,158.42311906601896
3008639,23.887470874985677
3008640,570.7276145786941
3008641,0.9391323689310446
3008642,2.6978745542760922
3008643,7.184252995631216
3008644,0.32140201647648886
3008645,2.898303208578334
3008646,3905.317846378232
3008647,0.020291308084344248
3008648,747.5765871310726
3008649,17.999169920892157
3008650,987.6626296412029
3008651,1335.2496978525767
3008652,334.11255268416926
3008653,247.65980825918743
3008654,111.07326385238501
3008655,5492.450093043866
3008656,26.638786693305992
3008657,3.0419919308325225
3008658,24.87403034225154
3008659,29.30640141451832
3008660,0.1751060919043793
3008661,263.4693796577506
3008662,7.537536387893837
3008663,40.05104627633049
3008664,10.036882712927563
3008665,187.47902185379573
3008666,4.0654267657854515
3008667,302.8859989508451
3008668,286.6205754033533
3008669,11.370662188789295
3008670,9.795689864348976
3008671,419.63586608533984
3008672,83.50446038920721
3008673,2950.4210587785974
3008674,2.0191345932017457
3008675,17.342576587426713
3008676,7.35778567668511
3008677,0.18516988603583723
3008678,3.3781965503037226
3008679,4559.776571127632
3008680,0.002029130808434425
3008681,1015.5224945553412
3008682,17.669916812583153
3008683,1555.8591164990091
3008684,1172.3902044128554
3008685,424.60916472677326
3008686,260.3645153076323
3008687,60.02735928742121
3008688,7857.641202967528
3008689,13.7823422378011
3008690,0.8741356123081961
3008691,35.86366534201297
3008692,20.62885882125095
3008693,0.6003637436721577
3008694,306.2172041544764
3008695,11.702139826091676
3008696,6.183319425117689
3008697,6.065454301337521
3008698,54.53599750070412
3008699,1.3662499786656028
3008700,208.20708143456818
3008701,354.45561877229596
3008702,5.468057294608865
3008703,4.845554772756255
3008704,232.03479865727934
3008705,85.26651894598389
3008706,1760.4329245107253
3008707,4.366965515529357
3008708,3.940316783219029
3008709,6.802481097312649
3008710,0.4642473571327062
3008711,2.9677614554070084
3008712,4101.763200049819
3008713,0.002029130808434425
3008714,1056.141253691487
3008715,12.51161811574211
3008716,1249.2011365055625
3008717,974.8708587961335
3008718,314.7764037583854
3008719,236.63808566575565
3008720,65.13640987318891
3008721,6117.115499864284
3008722,16.6353993576673
3008723,1.363651555200786
3008724,27.46741837532629
3008725,20.69819952317112
3008726,0.025015155986339903
3008727,272.0992047316261
3008728,11.702139826091676
3008729,6.85083686305653
3008730,5.704415354829335
3008731,106.56938708550594
3008732,1.5661889999337397
3008733,123.15297217813703
3008734,288.0605859451519
3008735,5.612906494466054
3008736,4.810694666477433
3008737,206.37882229847588
3008738,67.71930606401213
3008739,1346.2500347073947
3008740,2.9582669621327904
3008741,7.419155024259253
3008742,12.07787460135103
3008743,1.1784740604137927
3008744,14.126228808433593
3008745,9860.355369887473
3008746,0.002029130808434425
3008747,1381.0081155867074
3008748,52.826832044244455
3008749,2226.831203007553
3008750,2680.1893334622837
3008751,393.1511955512474
3008752,492.667348752595
3008753,273.769901299625
3008754,11125.690111408878
3008755,75.11768718828318
3008756,2.8321993838785557
3008757,62.26077942623571
3008758,57.914590018612735
3008759,0.30018187183607886
3008760,582.9909396566909
3008761,47.77523063769527
3008762,60.77921934916819
3008763,24.413453562883518
3008764,237.32463480698746
3008765,28.82454223282308
3008766,767.8826421916959
3008767,635.9381725156328
3008768,19.98918958029201
3008769,25.587318008655334
3008770,1190.3415680851238
3008771,252.26166554611964
3008772,8486.529679539977
3008773,1.643481645629328
3008774,86.39737387391848
3008775,3.297120940023988
3008776,0.49995869229676054
3008777,0.8840140505467684
3008778,2004.7192629739916
3008779,0.002029130808434425
3008780,231.81591429518193
3008781,5.231466054243045
3008782,802.1638017531516
3008783,323.3603917373195
3008784,129.11431769337923
3008785,149.83831740111873
3008786,39.46442563397555
3008787,3328.3184304559854
3008788,5.386202713623418
3008789,0.2797233959386228
3008790,13.90854838644564
3008791,9.028022081685663
3008792,0.2251364038770591
3008793,191.25817334519158
3008794,0.5625027155144655
3008795,15.858418664482707
3008796,3.502077781129402
3008797,39.663060152204125
3008798,0.8330792552839041
3008799,72.13551067599948
3008800,97.87685865320705
3008801,2.426224097607907
3008802,4.845554772756255
3008803,116.14334637954065
3008804,22.63207094578935
3008805,640.8764798863787
3008806,0.09391323689310446
3008807,5.182759012161966
3008808,8.850166733748601
3008809,0.21426801098432594
3008810,2.487236675074086
3008811,4743.230937834553
3008812,0.002029130808434425
3008813,899.4459615299124
3008814,11.011687289001095
3008815,1786.6290969918464
3008816,848.2528895318561
3008817,285.2523414898922
3008818,330.0478563232907
3008819,70.05602311904428
3008820,7201.589203946983
3008821,13.726972935205312
3008822,0.2797233959386228
3008823,25.887376708803266
3008824,21.80765075389386
3008825,0.07504546795901972
3008826,314.47070418797597
3008827,1.5000072413719079
3008828,6.675174379388414
3008829,11.15610344710294
3008830,17.282967487598736
3008831,1.5995121701450958
3008832,391.67782405030107
3008833,312.7381270066326
3008834,4.345475995715654
3008835,7.323411127054921
3008836,146.73135269408877
3008837,69.17971977609028
3008838,1515.2978060827447
3008839,2.6765272514534773
3008840,6.4252012411049035
3008841,1.5965006656958258
3008842,0.18516988603583723
3008843,1.04187370243012
3008844,1317.3014591671747
3008845,0.002029130808434425
3008846,173.6706154790785
3008847,3.841286263605033
3008848,891.0038495740889
3008849,187.41165606555825
3008850,100.00615074594624
3008851,214.75549879663473
3008852,15.358900563296617
3008853,2664.210639854943
3008854,1.8376456317068133
3008855,0.3146888204309506
3008856,10.340386758509322
3008857,4.4281933404465805
3008858,0.050030311972679806
3008859,88.85591096832364
3008860,11.702139826091676
3008861,15.858418664482707
3008862,0.43324673580982287
3008863,33.11443575260617
3008864,0.29990853190220546
3008865,75.15166589356191
3008866,83.57700052457143
3008867,0.6518213993573482
3008868,1.2549638260375913
3008869,61.78714209171089
3008870,11.682193785576938
3008871,235.2787194855952
3008872,50.12879889271931
3008873,2.342891060292396
3008874,7.67014450258212
3008875,0.18516988603583723
3008876,2.2416070567435913
3008877,2890.328262668234
3008878,0.002029130808434425
3008879,346.4764099467734
3008880,10.133679000177088
3008881,1179.9808288662261
3008882,501.58919701747067
3008883,197.22802674064764
3008884,195.76043928862202
3008885,51.67053516617744
3008886,4596.74803063849
3008887,3.572858053611422
3008888,0.6993084898465569
3008889,30.677970755443567
3008890,17.918735842737323
3008891,0.20012124789071922
3008892,246.48446366503626
3008893,11.702139826091676
3008894,15.858418664482707
3008895,13.827791651263514
3008896,32.999131301352655
3008897,1.399573148876959
3008898,268.9539844183702
3008899,237.23799489199405
3008900,1.88303959814345
3008901,4.322653178573925
3008902,227.413678366407
3008903,29.222920574070073
3008904,1411.6524582068926
3008905,50.12879889271931
3008906,0.9939537831543497
3008907,3.8177189831856704
3008908,0.42853602196865187
3008909,1.7680281010935368
3008910,3116.6718167585027
3008911,0.002029130808434425
3008912,1040.4610212449907
3008913,9.36542174745608
3008914,1149.0961298053624
3008915,731.5379443911659
3008916,247.21924976223974
3008917,124.61593984927032
3008918,53.11767899647677
3008919,6105.930697879137
3008920,7.192164799955975
3008921,4.440608910525636
3008922,32.76883127696616
3008923,38.65744132049547
3008924,0.10006062394535961
3008925,215.39799026250554
3008926,1.987509594817778
3008927,6.007656941449572
3008928,3.53818167578022
3008929,32.37180824337341
3008930,2.432591425429
3008931,179.93611514929776
3008932,292.3489422117599
3008933,3.657442296394009
3008934,6.623420192976177
3008935,155.24771944845844
3008936,31.404666162132266
3008937,713.3056481179344
3008938,5.25914126601385
3008939,3.3723431928451153
3008940,4.234197417715016
3008941,0.18516988603583723
3008942,0.5682947467800654
3008943,1769.9154904361453
3008944,0.002029130808434425
3008945,143.6687472904375
3008946,3.4022821191930293
3008947,557.049769024372
3008948,205.7682044419371
3008949,101.57076531854847
3008950,153.7347398643008
3008951,42.57385560792564
3008952,2890.580405588758
3008953,7.1980093374521985
3008954,0.4895159428925898
3008955,10.486026008629173
3008956,8.856386680893161
3008957,0.15009093591803943
3008958,105.36088596784111
3008959,11.702139826091676
3008960,15.858418664482707
3008961,0.39714284115900433
3008962,48.73133747354185
3008963,0.6997865744384795
3008964,202.35287291498878
3008965,93.03714229517799
3008966,1.1225812988932107
3008967,1.4292643574317012
3008968,59.68595279447619
3008969,20.504865510206685
3008970,421.93397856472455
3008971,0.09391323689310446
3008972,0.8164620361625016
3008973,5.067154286773708
3008974,0.18516988603583723
3008975,0.8840140505467684
3008976,4707.947317018753
3008977,0.002029130808434425
3008978,817.5662494372865
3008979,11.4872751121141
3008980,1096.7349958899147
3008981,766.9051554341369
3008982,233.5039728806236
3008983,142.04547247475452
3008984,77.61606574548048
3008985,5976.332560110821
3008986,7.350582526827253
3008987,0.454550518400262
3008988,30.677970755443567
3008989,10.817149499546716
3008990,0.1250757799316995
3008991,233.75556449666274
3008992,11.702139826091676
3008993,26.98175749142264
3008994,3.3215583078753093
3008995,63.02641570257134
3008996,0.9663719361293288
3008997,244.716261639978
3008998,244.72660663873145
3008999,2.8607716971794726
3009000,3.6603111592763082
3009001,130.74606012756692
3009002,46.92161852032041
3009003,1502.0050284138301
3009004,1.3147853165034624
3009005,1.4199339759347853
3009006,3.921838591818007
3009007,0.18516988603583723
3009008,6.698300748714371
3009009,3310.914771509608
3009010,0.002029130808434425
3009011,568.6141200812426
3009012,7.938658278117068
3009013,1020.4615926305984
3009014,1038.2819930781716
3009015,172.03697583951484
3009016,128.30775879909226
3009017,88.4386611217352
3009018,4640.816833648488
3009019,54.32343799119906
3009020,1.6084095266470808
3009021,33.99450813441044
3009022,29.365787263192523
3009023,0.20012124789071922
3009024,254.3329502021672
3009025,24.825119844705075
3009026,24.3468202364009
3009027,1.8051947325409285
3009028,114.42880585558584
3009029,9.56374985065922
3009030,226.18040507555563
3009031,300.90476989302823
3009032,13.8330985863615
3009033,15.233866443845207
3009034,260.8333710428479
3009035,70.10526330414584
3009036,2676.497181826992
3009037,50.12879889271931
3009038,12.586436685086833
3009039,6.212469981729409
3009040,0.18516988603583723
3009041,7.2384964774592
3009042,3291.225763621982
3009043,0.002029130808434425
3009044,513.5905516201569
3009045,14.231051014689124
3009046,1287.2278705153392
3009047,960.2652894993965
3009048,158.76601942353446
3009049,94.3105083468227
3009050,87.53671000483128
3009051,5205.550732610558
3009052,27.346283337585483
3009053,1.1888244327391466
3009054,44.856889036913685
3009055,68.8017667616828
3009056,0.16954716835185932
3009057,362.97883313680524
3009058,24.825119844705075
3009059,19.182343216558284
3009060,10.145194396880019
3009061,108.21306039351975
3009062,12.06298761651093
3009063,170.73443055718187
3009064,507.4831059639696
3009065,8.763376591359902
3009066,10.771772840155991
3009067,137.30032356801607
3009068,84.20078992943472
3009069,2237.152195573431
3009070,3.709572857277626
3009071,16.60708630399107
3009072,9.75253667522885
3009073,0.32140201647648886
3009074,2.965551420280642
3009075,4948.851967716476
3009076,0.002029130808434425
3009077,1054.1611560787896
3009078,7.353319418901063
3009079,2774.570954758767
3009080,836.9966571429338
3009081,219.96254808564314
3009082,480.86027934020495
3009083,56.03585083781037
3009084,8133.930656172126
3009085,30.58477232496569
3009086,1.7832366491087202
3009087,26.870441647112255
3009088,17.924571446364272
3009089,0.050030311972679806
3009090,390.7317079529747
3009091,6.262530232727716
3009092,15.142106092191613
3009093,8.277539926593175
3009094,54.88491879667126
3009095,3.698871893460534
3009096,167.75669833090666
3009097,365.067212046956
3009098,7.749432192359584
3009099,10.667192521319526
3009100,248.23419493149234
3009101,56.53644767001747
3009102,1815.684576746847
3009103,6.570170053041588
3009104,17.28407532536738
3009105,4.3730235625581315
3009106,0.42853602196865187
3009107,4.798301978646352
3009108,2917.560199770639
3009109,0.0081165232337377
3009110,411.1915905837079
3009111,8.194744029024072
3009112,892.6716343546102
3009113,916.539381297985
3009114,225.55655803836132
3009115,143.91136007049863
3009116,72.29168815962456
3009117,4580.077671918489
3009118,25.439118470397297
3009119,1.7133058001240644
3009120,16.041947104785415
3009121,12.460730097535725
3009122,0.10006062394535961
3009123,254.06496627206997
3009124,22.20010717230424
3009125,23.433375321326697
3009126,2.1662336790491143
3009127,93.3815658043109
3009128,7.664329148611918
3009129,389.7048239792461
3009130,273.28768591989933
3009131,6.699275493394967
3009132,9.830549970627798
3009133,398.2536985980889
3009134,53.01735233054198
3009135,2475.433989666875
3009136,0.04695661844655223
3009137,26.861317002951115
3009138,3.921838591818007
3009139,0.24997934614838027
3009140,2.806113171878456
3009141,6252.497440023734
3009142,0.002029130808434425
3009143,684.9532255382491
3009144,11.414107754712099
3009145,2514.1810751967423
3009146,762.7203149382555
3009147,300.5161721491233
3009148,186.64559388367817
3009149,56.60614173449743
3009150,8919.958694708748
3009151,10.74072188187258
3009152,2.552475987939933
3009153,30.93031599079974
3009154,23.68568530936543
3009155,0.1751060919043793
3009156,484.6178865461973
3009157,11.702139826091676
3009158,0.17566248366811615
3009159,8.773246400148913
3009160,42.34514195310101
3009161,2.1660060637381506
3009162,142.1507449761329
3009163,348.069031046669
3009164,3.5850176964654152
3009165,10.492891989925415
3009166,192.64842698588876
3009167,60.74740768500008
3009168,1287.8493633628068
3009169,50.12879889271931
3009170,6.389702891706534
3009171,7.878383719846793
3009172,0.03571133516405432
3009173,7.954232139098316
3009174,3297.628345031039
3009175,0.002029130808434425
3009176,550.9508195902104
3009177,12.072613971330103
3009178,1398.0607528603969
3009179,897.281060205827
3009180,255.1509959628216
3009181,138.64126957485806
3009182,110.67150807463359
3009183,5673.912089088889
3009184,40.78871957889578
3009185,1.6084095266470808
3009186,27.962736023011125
3009187,36.90161117038817
3009188,0.07504546795901972
3009189,284.86489262591977
3009190,22.650109344715812
3009191,21.290293020575678
3009192,9.820259345022652
3009193,150.41582641550772
3009194,11.863048595242793
3009195,234.96953392124425
3009196,529.9426757485976
3009197,14.44870768575455
3009198,9.063627632493715
3009199,210.79076460384726
3009200,66.08902983681412
3009201,2330.676565534
3009202,0.9391323689310446
3009203,7.361860688330284
3009204,3.8177189831856704
3009205,0.18516988603583723
3009206,4.444064919820112
3009207,3341.1766165596546
3009208,0.002029130808434425
3009209,532.9137929069822
3009210,10.38976475108409
3009211,814.002729557501
3009212,1012.5798231034665
3009213,188.64104533232762
3009214,135.5412163421283
3009215,90.48129959745296
3009216,4230.222978407578
3009217,28.853558797137442
3009218,1.1538590082468188
3009219,29.163899343306518
3009220,22.933922253894263
3009221,0.050030311972679806
3009222,220.14508595119338
3009223,18.525089430943066
3009224,38.82140889065367
3009225,5.214485504417727
3009226,72.30625162577421
3009227,9.930304722984138
3009228,240.1663335905685
3009229,267.2519637069949
3009230,9.741108690395926
3009231,9.098487738772537
3009232,235.09732077163653
3009233,56.765593029316065
3009234,2551.8296743638557
3009235,0.23478309223276114
3009236,15.548596521630484
3009237,6.420709198994082
3009238,0.10713400549216297
3009239,3.6989673629306927
3009240,6660.828254824912
3009241,0.002029130808434425
3009242,915.0191616730199
3009243,18.36500670790216
3009244,1542.4906390726733
3009245,866.1202911976051
3009246,325.81618303296045
3009247,238.23840203456257
3009248,56.37537557772039
3009249,7460.238771492781
3009250,9.66378894638454
3009251,0.1398616979693114
3009252,18.204906264981197
3009253,20.52484776837069
3009254,0.10006062394535961
3009255,280.6784031184556
3009256,11.702139826091676
3009257,8.537196706270445
3009258,1.4080518913819244
3009259,86.33596250902025
3009260,3.398963361558329
3009261,217.19852111870853
3009262,336.16814624510016
3009263,3.947140696108386
3009264,2.8236686085845806
3009265,266.1534195874333
3009266,144.05797880856474
3009267,1402.195484372626
3009268,3.6156596203845215
3009269,0.9584554337559801
3009270,15.860887048325921
3009271,0.18516988603583723
3009272,15.911937190538065
3009273,11810.615978436055
3009274,0.002029130808434425
3009275,1872.3081713568495
3009276,29.81569814131526
3009277,2931.9242770266364
3009278,3222.6771999839475
3009279,640.5081429412885
3009280,631.1708381837763
3009281,350.39494519400955
3009282,14048.919663236966
3009283,86.40687277309068
3009284,5.139917400372193
3009285,132.77757396693875
3009286,126.22410645082265
3009287,0.2251364038770591
3009288,805.0250760571973
3009289,35.80517285154745
3009290,29.195104785640904
3009291,35.13197780681855
3009292,360.5038787574122
3009293,26.42527397760544
3009294,921.054545779369
3009295,738.3404305050551
3009296,43.74445835687092
3009297,38.23665617298868
3009298,1240.7994947815446
3009299,309.28074537217253
3009300,10136.099409740085
3009301,335.37543853370323
3009302,98.832800616163
3009303,17.63092039507564
3009304,0.18516988603583723
3009305,13.8796520321918
3009306,11062.91320244026
3009307,0.00405826161686885
3009308,1408.6856074826674
3009309,28.791355137687248
3009310,2981.7303012287266
3009311,2871.0986081855112
3009312,821.1632413919589
3009313,392.8800796946164
3009314,260.2077509115957
3009315,15583.14662099434
3009316,138.1464099764864
3009317,2.0629600450473426
3009318,79.05615730515599
3009319,86.4829592097233
3009320,0.6503940556448374
3009321,758.98719192497
3009322,31.226400747259696
3009323,39.20786635472352
3009324,4.745495912903594
3009325,252.42015987877684
3009326,20.560396020406753
3009327,1215.6286772277795
3009328,907.152340717985
3009329,26.507403573865492
3009330,31.304375438382138
3009331,1363.8671646481766
3009332,260.18498410525
3009333,6995.19640052699
3009334,585.2898314946813
3009335,94.04552853715653
3009336,13.049657615252839
3009337,0.18516988603583723
3009338,19.193207914585408
3009339,7436.335055745082
3009340,0.020291308084344248
3009341,1063.1418798818206
3009342,16.24315334324414
3009343,2828.841181711528
3009344,2051.379154731129
3009345,949.3033726773683
3009346,155.69156235487165
3009347,202.97489355288488
3009348,13634.842105392276
3009349,47.15618937741119
3009350,3.1468882043095063
3009351,48.46146047737996
3009352,25.845888463739872
3009353,0.3502121838087586
3009354,735.5537860475724
3009355,38.062683749812166
3009356,28.105997386898586
3009357,9.37112689556647
3009358,136.42889515475574
3009359,10.496798616577191
3009360,1086.5517000487864
3009361,889.7949402641964
3009362,26.616040473758382
3009363,46.40228746773994
3009364,855.016490645298
3009365,144.14829869595965
3009366,3162.6320129202268
3009367,364.6162639727402
3009368,52.762439437012524
3009369,18.220931510658883
3009370,0.18516988603583723
3009371,20.03049550817471
3009372,10741.642044255235
3009373,0.01217478485060655
3009374,1346.9536105128805
3009375,23.925725870454208
3009376,2707.2966258474266
3009377,2734.3264511423376
3009378,771.6647462987786
3009379,361.87954736731893
3009380,202.24725789613345
3009381,14777.085808052847
3009382,50.72443332247297
3009383,1.9930291960626871
3009384,76.70285773886296
3009385,81.42692357317775
3009386,0.500303119726798
3009387,724.5131181365622
3009388,36.31555031542423
3009389,30.98686211905569
3009390,7.772446440428222
3009391,228.65641379912933
3009392,14.695518063208068
3009393,955.4400694164096
3009394,889.8113000648885
3009395,25.312397675043687
3009396,32.873080220929126
3009397,1218.0865686639725
3009398,236.58022127370873
3009399,6094.835381748292
3009400,442.9248774236864
3009401,75.1332150990765
3009402,14.0908537015762
3009403,0.18516988603583723
3009404,21.061003315669225
3009405,5926.151264323103
3009406,0.002029130808434425
3009407,967.4806884048201
3009408,20.047855928148174
3009409,2508.3703723731655
3009410,1661.3933929538234
3009411,741.1787149917648
3009412,124.4843598120589
3009413,156.74868507291572
3009414,11970.558547059518
3009415,45.249024510222995
3009416,0.5244813673849177
3009417,37.687760900444744
3009418,76.01457284458695
3009419,0.15009093591803943
3009420,688.6522106343388
3009421,30.401396764505147
3009422,13.350348758776828
3009423,2.761947940787621
3009424,130.67436749770368
3009425,6.4980181912144515
3009426,961.1218511136043
3009427,1014.126292798773
3009428,19.37358048089896
3009429,27.023554387342802
3009430,934.0921418350633
3009431,100.70629904587452
3009432,2257.956950695474
3009433,334.58656734380116
3009434,25.33272254400957
3009435,12.66788571693427
3009436,0.18516988603583723
3009437,11.320115636555137
3009438,8207.87343238193
3009439,0.002029130808434425
3009440,1318.9929868853465
3009441,28.132848921069247
3009442,2056.9887995463173
3009443,2697.937011344817
3009444,502.0834893296147
3009445,464.14685901148135
3009446,258.029592802647
3009447,10936.657855665204
3009448,65.70490574699954
3009449,1.7482712246163923
3009450,57.12699585951101
3009451,68.45163054406609
3009452,0.3752273397950985
3009453,552.3091422392819
3009454,18.832590915424305
3009455,31.759777047195403
3009456,12.434181317741917
3009457,262.3176266017377
3009458,18.827591169416234
3009459,817.7726038071914
3009460,619.3945851260758
3009461,20.74964787954225
3009462,32.629059476977375
3009463,1042.8962306540602
3009464,222.82260695090628
3009465,8092.695202720826
3009466,299.9288264007698
3009467,84.18163832715125
3009468,6.247176517940187
3009469,0.42853602196865187
3009470,6.345642286406965
3009471,2217.414485880792
3009472,0.002029130808434425
3009473,386.8815550821385
3009474,26.486583379524227
3009475,991.6804121168076
3009476,679.8868343197762
3009477,246.96510566847292
3009478,85.83702951069473
3009479,73.32873664800061
3009480,4112.853565859037
3009481,60.1372147637566
3009482,1.328686130708458
3009483,31.579203738858475
3009484,21.07682721731938
3009485,0.2751667158497389
3009486,239.08351704139267
3009487,15.15007313785627
3009488,10.083026562549867
3009489,12.600259233135683
3009490,62.789790915651096
3009491,7.131158425230218
3009492,254.73707923356318
3009493,289.89218746097094
3009494,3.7660791962869
3009495,7.669223381340836
3009496,240.0100556387317
3009497,58.75027563097025
3009498,1715.5421500743435
3009499,1.5495684087362236
3009500,10.313832434699577
3009501,11.071385051238446
3009502,0.18516988603583723
3009503,13.944058770160204
3009504,5557.2141246353685
3009505,0.00405826161686885
3009506,669.6986320203833
3009507,34.9008294807543
3009508,2000.1248535591112
3009509,1411.7037680773342
3009510,542.8279218898006
3009511,112.35970716849366
3009512,121.88902376085292
3009513,9685.391795281157
3009514,116.67542485878711
3009515,1.6783403756317365
3009516,61.67822242575632
3009517,36.34413938861412
3009518,0.15009093591803943
3009519,509.5282416403527
3009520,20.908225935672682
3009521,9.872231582148128
3009522,3.3937660971769454
3009523,138.20023889865027
3009524,9.363810829391083
3009525,595.2368615694443
3009526,646.9907842472567
3009527,14.557344585647442
3009528,26.179939815395308
3009529,435.514489440436
3009530,86.7829031643998
3009531,2366.691459390956
3009532,329.8533402043887
3009533,20.112299889630986
3009534,8.26015561816536
3009535,0.18516988603583723
3009536,5.516563394715601
3009537,5532.277846512014
3009538,0.0081165232337377
3009539,1014.3893552044761
3009540,10.572683144589092
3009541,1617.674018463447
3009542,2043.388415988993
3009543,291.31807974429864
3009544,355.6449958659403
3009545,208.58136849057803
3009546,7311.079769344451
3009547,43.557184708685085
3009548,1.9930291960626871
3009549,38.60882100949478
3009550,41.56116903110304
3009551,0.2751667158497389
3009552,373.29688946804424
3009553,3.1500152068810063
3009554,49.36115791074064
3009555,6.82363608900471
3009556,166.89600754974146
3009557,10.730060808056685
3009558,658.9095670638104
3009559,351.33333340610494
3009560,22.77753667754289
3009561,11.020325397923994
3009562,1009.4904306178189
3009563,128.8360801664691
3009564,6007.554681226318
3009565,5.446967739800058
3009566,50.7873108150087
3009567,12.320820354826482
3009568,0.18516988603583723
3009569,8.227013617552748
3009570,5497.52699118006
3009571,0.002029130808434425
3009572,1002.7729138362763
3009573,14.084716299885123
3009574,1835.3216559518773
3009575,1543.5778677142164
3009576,410.3608072925376
3009577,228.2328080007477
3009578,269.51899217328054
3009579,9026.21965752692
3009580,51.2473656247665
3009581,3.601438722709768
3009582,55.6601490557049
3009583,49.85321851419045
3009584,0.20012124789071922
3009585,410.4406772200154
3009586,9.750047068917402
3009587,59.233389492888776
3009588,11.119999552452121
3009589,264.1294104575211
3009590,10.796707148479397
3009591,511.637347290667
3009592,415.6196923482561
3009593,16.693870283540974
3009594,28.097245660730515
3009595,521.373221458074
3009596,135.78757857560947
3009597,5305.095207219517
3009598,6.667839819410417
3009599,9.73361188183471
3009600,9.891362820071965
3009601,0.03571133516405432
3009602,3.475753815167634
3009603,2803.237287375694
3009604,0.002029130808434425
3009605,544.1629241344128
3009606,8.780082888240077
3009607,1143.9941838045945
3009608,666.36427098864
3009609,258.4011939296163
3009610,94.65495870601491
3009611,101.07640134556173
3009612,4277.748240307393
3009613,15.657208345141745
3009614,1.6783403756317365
3009615,32.62319202684631
3009616,25.101334095101997
3009617,0.07504546795901972
3009618,243.00911035494602
3009619,6.5250314999678
3009620,14.263793673851033
3009621,8.267791875037453
3009622,97.53018653883215
3009623,3.632225553037822
3009624,298.54523774294057
3009625,270.7512206508431
3009626,5.431844994644568
3009627,6.797720724370286
3009628,206.37402427661462
3009629,69.82900564502657
3009630,2186.666099673337
3009631,0.4695661844655223
3009632,4.2598019278043555
3009633,7.010720314577322
3009634,0.18516988603583723
3009635,1.403056585939228
3009636,4756.600184812896
3009637,0.002029130808434425
3009638,361.0766864520743
3009639,5.194882375542045
3009640,1449.9041082019826
3009641,304.78672958893213
3009642,246.7490811472043
3009643,70.62265714517552
3009644,27.36856864700943
3009645,5193.018624186287
3009646,10.448187399824842
3009647,0.9790318857851796
3009648,25.48686877097368
3009649,10.847357330086197
3009650,0.050030311972679806
3009651,249.17004065720752
3009652,11.702139826091676
3009653,15.858418664482707
3009654,4.151947884844136
3009655,26.86292919986146
3009656,1.1329877871861096
3009657,54.54617925330402
3009658,206.82373308132767
3009659,0.1448491998571885
3009660,2.440207439517539
3009661,68.0907097012199
3009662,89.62160605651562
3009663,693.6056749652307
3009664,50.12879889271931
3009665,2.981861349463049
3009666,7.67014450258212
3009667,0.07142267032810865
3009668,6.28186698704609
3009669,4237.333398475208
3009670,0.002029130808434425
3009671,607.0308679694666
3009672,14.084716299885123
3009673,1457.3950059450021
3009674,1252.032515323364
3009675,386.57295714575827
3009676,182.38646519226668
3009677,119.44085554291404
3009678,6658.288249112359
3009679,32.48332418952786
3009680,1.3986169796931138
3009681,31.203209338177775
3009682,61.90408327463368
3009683,0.16954716835185932
3009684,371.97114528993075
3009685,26.887629801591448
3009686,19.006680732890167
3009687,10.513454122318368
3009688,101.06685814220795
3009689,7.231127935864288
3009690,473.7419417461289
3009691,388.9149283243789
3009692,10.17565628996749
3009693,15.373306868960494
3009694,564.6835735779484
3009695,99.75317110338581
3009696,2802.4122317107863
3009697,50.12879889271931
3009698,38.86930826208326
3009699,5.795991547200063
3009700,0.07142267032810865
3009701,5.3457592513778165
3009702,4406.576045809016
3009703,0.0162330464674754
3009704,694.9542297784952
3009705,19.46251706893217
3009706,1075.5129688832076
3009707,1587.5428573542818
3009708,209.2910924572412
3009709,270.1179716785185
3009710,170.26887293474567
3009711,5008.496949495873
3009712,35.067224977331215
3009713,3.181853628801834
3009714,31.530897650947434
3009715,31.750489521803566
3009716,0.6003637436721577
3009717,253.7963073194787
3009718,16.050077482679416
3009719,43.985885910496286
3009720,9.63143597599887
3009721,175.35801740854623
3009722,12.696127850526699
3009723,474.6752680859567
3009724,276.36924582479224
3009725,7.677007592430988
3009726,14.95498559361463
3009727,651.5448784018167
3009728,130.51472451188363
3009729,5106.95815977608
3009730,0.5165228029120745
3009731,43.133760509157156
3009732,5.0324477505629295
3009733,0.6070926977889235
3009734,9.918637647134744
3009735,5506.696055669828
3009736,0.00405826161686885
3009737,926.9917095042767
3009738,22.425795043713194
3009739,1361.210224239446
3009740,1796.2027389822615
3009741,319.47124400719684
3009742,324.57557346680437
3009743,127.24747232846245
3009744,6788.784591173425
3009745,36.69754333154047
3009746,4.05598924111003
3009747,42.03350634647144
3009748,57.66709177066995
3009749,0.16954716835185932
3009750,367.85080798687346
3009751,33.93766383603942
3009752,36.783724080103525
3009753,23.789578263317377
3009754,147.1786121695903
3009755,18.994207020473013
3009756,457.31360282828143
3009757,381.0399468166077
3009758,20.568586379720763
3009759,19.939980791486175
3009760,640.2171078806147
3009761,151.1093159658298
3009762,5016.7036743948065
3009763,1.455655171843119
3009764,41.73022662865102
3009765,12.806711861777387
3009766,0.3571133516405432
3009767,6.983395280015705
3009768,4615.1897492122125
3009769,0.002029130808434425
3009770,786.3128168476828
3009771,16.828492202460147
3009772,2112.081542928662
3009773,1021.9461039053597
3009774,612.0042981470893
3009775,214.85986725546996
3009776,84.01911120544996
3009777,9973.17469031508
3009778,11.484823787312616
3009779,1.2587552817238024
3009780,52.35731041808593
3009781,42.191414222813115
3009782,0.16954716835185932
3009783,451.34704035325166
3009784,13.312564267175683
3009785,6.1130544316504425
3009786,8.035282793486182
3009787,56.930987928769795
3009788,3.3323170211356166
3009789,368.37791342167304
3009790,518.1893772341263
3009791,8.220192091895447
3009792,7.948104231571411
3009793,437.78765474813355
3009794,105.95523048752736
3009795,1652.4554094902128
3009796,124.19649926165492
3009797,17.970009913042897
3009798,4.998411193069717
3009799,0.18517667366141033
3009800,3.0591957835554564
3009801,2370.7491036929
3009802,0.004058267782955334
3009803,365.8145848260702
3009804,13.377833999484876
3009805,675.6288877258668
3009806,817.3204174734698
3009807,136.6878484190964
3009808,131.2604288610482
3009809,95.66997279508077
3009810,3038.4996854984497
3009811,18.193275881435
3009812,1.713347714749124
3009813,23.54153122888449
3009814,23.341795860671223
3009815,0.3503682944016687
3009816,182.79550615579217
3009817,15.077504130341763
3009818,19.13360543630796
3009819,6.605242719800655
3009820,91.29630517484993
3009821,5.921783157818769
3009822,302.48071984466634
3009823,169.16781705219606
3009824,4.05761717624337
3009825,8.379729717857241
3009826,310.44360906995706
3009827,62.85073378065454
3009828,2463.699695948418
3009829,50.2231613521433
3009830,26.555404079466324
3009831,1.353736364789715
3009832,0.18517667366141033
3009833,2.17702670240642
3009834,1673.1410443010102
3009835,0.002029133891477667
3009836,108.37868579689366
3009837,4.80135959981512
3009838,1080.9013318131297
3009839,339.84274645836325
3009840,273.53575232418007
3009841,54.6849550475438
3009842,26.8325970778339
3009843,3998.105914194134
3009844,5.1716926363470055
3009845,0.4195953587140712
3009846,10.31068595935829
3009847,8.10335955151281
3009848,0.05005261348595267
3009849,175.86452508023825
3009850,4.0506727514351
3009851,15.876281063112966
3009852,1.804711125628594
3009853,14.413084168694565
3009854,0.39699104968617444
3009855,186.18303177013308
3009856,194.92661083736908
3009857,0.9419468444850678
3009858,3.974079323719633
3009859,153.23478034392102
3009860,27.654763742497057
3009861,274.8837873266617
3009862,1.8531029278672277
3009863,1.8107385638940523
3009864,8.261262944101338
3009865,0.21427586523677483
3009866,4.417155628070997
3009867,6086.293089975037
3009868,0.002029133891477667
3009869,793.1194077454807
3009870,14.440730399443947
3009871,2264.879124200887
3009872,794.2136826452959
3009873,578.3002612557905
3009874,363.0704804163952
3009875,66.67510507477141
3009876,11054.432962353458
3009877,28.967635540491262
3009878,0.8042244375353031
3009879,27.964310786556084
3009880,22.099509637901168
3009881,0.10010522697190534
3009882,514.0599227195017
3009883,13.164686442164076
3009884,2.32135654190501
3009885,10.322947638595558
3009886,40.515885133789105
3009887,2.3488637106431987
3009888,652.1436673251374
3009889,442.96277202280055
3009890,2.9345267078188653
3009891,15.756875915098897
3009892,442.5805855469398
3009893,104.19321087585615
3009894,1632.2701052600185
3009895,20.302273889847733
3009896,10.793422027917487
3009897,5.97032448061105
3009898,0.18517667366141033
3009899,0.8922654368703413
3009900,1956.0643027639328
3009901,0.002029133891477667
3009902,209.38691452601375
3009903,12.388240799522979
3009904,1333.294921506481
3009905,486.46844459835637
3009906,228.35069058464296
3009907,71.28164769833681
3009908,31.70161824561065
3009909,4297.185568754052
3009910,8.527136073024526
3009911,0.4545616386069105
3009912,15.754439735103404
3009913,19.940788387885867
3009914,0.22523676068678702
3009915,180.6797329853599
3009916,8.1013455028702
3009917,15.876281063112966
3009918,5.668236703374288
3009919,39.3406644246494
3009920,1.5879641987446977
3009921,159.67686707295746
3009922,194.7684596117491
3009923,1.775207514606474
3009924,7.0417896788716305
3009925,167.44718350208083
3009926,32.25807876646882
3009927,373.6663722876448
3009928,3.914144798135399
3009929,3.5504677723412783
3009930,4.963700004228954
3009931,0.18517667366141033
3009932,3.659928948973112
3009933,1893.3768045497345
3009934,0.002029133891477667
3009935,135.67734886333557
3009936,7.953397199693748
3009937,1083.830275517583
3009938,326.94134886806336
3009939,172.80458615873482
3009940,54.81552644528221
3009941,25.098183294518975
3009942,4229.967539757681
3009943,14.43764194313539
3009944,0.06993255978567854
3009945,17.368458652587567
3009946,9.259461738374828
3009947,0.025026306742976335
3009948,147.88930204896755
3009949,1.650274083918004
3009950,15.876281063112966
3009951,2.9236320235183224
3009952,41.70521655470237
3009953,0.9924776242154361
3009954,161.06856401936633
3009955,212.399882813355
3009956,0.5434308718183084
3009957,5.682236226020177
3009958,100.63732021510117
3009959,23.43505830385627
3009960,202.8477314572505
3009961,3.50297141429281
3009962,2.0592713079579417
3009963,3.7140972059615254
3009964,0.18517667366141033
3009965,2.2716800372936556
3009966,1955.6044658796611
3009967,0.002029133891477667
3009968,183.34734444980197
3009969,10.519009199594956
3009970,1792.6895114662445
3009971,450.2999326559979
3009972,277.3611513979179
3009973,44.499352477263244
3009974,34.52037393998197
3009975,4594.299056299996
3009976,10.035546425292402
3009977,0.3496627989283927
3009978,13.230845269526197
3009979,21.640090354853534
3009980,0.10010522697190534
3009981,208.04089541256837
3009982,1.1626931045785938
3009983,15.876281063112966
3009984,3.1401973585937535
3009985,20.662113668408296
3009986,2.051120423378568
3009987,259.0472522268442
3009988,285.2818198710857
3009989,1.1955479180002784
3009990,4.810727602397451
3009991,92.16493513255537
3009992,92.20579487410116
3009993,417.4346394259287
3009994,2.519730713799663
3009995,4.793131492660726
3009996,4.061209094369144
3009997,0.9285287493593576
3009998,3.505328501990627
3009999,2094.2788779026714
3010000,0.002029133891477667
3010001,169.94365914037624
3010002,3.0420827998828623
3010003,1115.1129400071186
3010004,396.7335378418252
3010005,286.43168528410035
3010006,107.33072248766359
3010007,52.68214238959258
3010008,4033.910004237069
3010009,7.603619530819703
3010010,1.0839546766780173
3010011,14.41477158737699
3010012,17.75185122089883
3010013,0.12513153371488167
3010014,226.06245951033532
3010015,9.189026149088885
3010016,15.876281063112966
3010017,3.862081808845191
3010018,23.349868291941082
3010019,1.9518726609570245
3010020,130.00911478010107
3010021,205.46422003341323
3010022,1.0144042940608424
3010023,5.4033534664609055
3010024,115.52871878128758
3010025,44.32434390506148
3010026,689.5610669805892
3010027,3.375949888391781
3010028,4.97065488127779
3010029,4.790144060025145
3010030,0.21427586523677483
3010031,1.3566978000503775
3010032,1716.4412485943053
3010033,0.002029133891477667
3010034,173.4743999256743
3010035,5.900907599772781
3010036,1106.974071701741
3010037,302.76138941773
3010038,178.00007247436454
3010039,179.30794710429558
3010040,28.651516022039708
3010041,3234.372696279748
3010042,4.986989327906041
3010043,0.384629078821232
3010044,12.307209695124941
3010045,13.316978679909866
3010046,0.20021045394381068
3010047,172.37539084483518
3010048,11.704027183544731
3010049,15.876281063112966
3010050,3.06800891356861
3010051,31.591531875676427
3010052,1.521799023797002
3010053,56.366320560966834
3010054,154.53882868234902
3010055,1.0506330188487294
3010056,3.137431045041816
3010057,69.87490893404237
3010058,36.547531402442516
3010059,588.6655456102741
3010060,50.2231613521433
3010061,0.994130976255558
3010062,8.816641965553528
3010063,0.7499655283287119
3010064,3.0273291608100874
3010065,3770.021951507187
3010066,0.002029133891477667
3010067,378.84320584982606
3010068,7.33031999971774
3010069,1414.299243235392
3010070,914.6576065927699
3010071,565.0675002172659
3010072,229.67198798182548
3010073,82.94603852023423
3010074,6929.533022833877
3010075,16.22310725806471
3010076,1.5734825951777671
3010077,25.08777360929315
3010078,26.148442512114684
3010079,0.20021045394381068
3010080,310.5481464707784
3010081,0.6751121252391834
3010082,15.876281063112966
3010083,7.805014676118543
3010084,44.655699192685475
3010085,3.7714149720186576
3010086,257.9739466544158
3010087,310.3021101357425
3010088,2.4997820103642185
3010089,8.993968995786538
3010090,390.72120828604113
3010091,59.947716107632324
3010092,1500.372290772947
3010093,9.275394091350663
3010094,15.16049738789726
3010095,3.9223643390060974
3010096,0.21427586523677483
3010097,3.9905845988458553
3010098,2672.505136654587
3010099,0.002029133891477667
3010100,635.0581042148018
3010101,9.492764399634472
3010102,717.3848807757367
3010103,789.0233179168376
3010104,236.55848500649196
3010105,221.79705128128523
3010106,46.36888044094384
3010107,4254.566417427604
3010108,12.098066702883173
3010109,1.0140221168923387
3010110,26.8582553836431
3010111,18.438576606620252
3010112,0.15015784045785802
3010113,203.33816395472545
3010114,11.88947465004562
3010115,5.099949978427674
3010116,5.559232151386321
3010117,55.16011620010749
3010118,2.01803783590472
3010119,110.84330637022092
3010120,179.25988568090992
3010121,4.492361873698016
3010122,7.181231058651267
3010123,197.87040106197648
3010124,56.91706088912292
3010125,1899.8565766240856
3010126,42.22195520950189
3010127,14.920450279561607
3010128,6.664548257426289
3010129,0.8213908167409701
3010130,3.1235600512787767
3010131,3224.9871437410343
3010132,0.002029133891477667
3010133,201.52623536456608
3010134,7.33031999971774
3010135,1154.1911698233614
3010136,406.9407058961817
3010137,325.3744168709106
3010138,67.40929278915523
3010139,33.56516500585139
3010140,5213.505369019105
3010141,36.75595837975193
3010142,1.3636849158207314
3010143,14.85315599739726
3010144,18.816275568767033
3010145,0.10010522697190534
3010146,200.02466861597384
3010147,9.93915073268798
3010148,15.876281063112966
3010149,4.4034951465337695
3010150,52.24323049491853
3010151,2.7789373478032213
3010152,149.77830052432165
3010153,215.7545002202279
3010154,1.4491489915154891
3010155,5.612515536130359
3010156,147.56672228261993
3010157,26.503934986504113
3010158,496.8050819614841
3010159,3.3434888317726292
3010160,4.58010342632025
3010161,7.3934832230822884
3010162,0.18517667366141033
3010163,7.080069449565227
3010164,3532.2615674115477
3010165,0.002029133891477667
3010166,731.1961055993085
3010167,12.644801999513101
3010168,959.6060064287541
3010169,1025.3084931742744
3010170,246.28314311996564
3010171,173.0157148924368
3010172,85.9690632349072
3010173,5339.08703535418
3010174,43.589980792067614
3010175,1.5734825951777671
3010176,20.945834064290796
3010177,31.24051124723905
3010178,0.10010522697190534
3010179,269.4672218453281
3010180,25.354210925649333
3010181,17.304657857837345
3010182,5.375151616572205
3010183,88.93276095278077
3010184,9.230041905203556
3010185,514.1272304391179
3010186,299.04550505934674
3010187,9.41946844485068
3010188,8.61050520139254
3010189,479.8824898541261
3010190,110.0528469081773
3010191,2509.909240573999
3010192,50.2231613521433
3010193,35.22301922154699
3010194,8.226551755260575
3010195,0.035712644206129136
3010196,5.385459243967418
3010197,5059.177615392245
3010198,0.002029133891477667
3010199,588.1262960459569
3010200,8.796383999661288
3010201,2459.1948206343473
3010202,971.6875400289172
3010203,789.3712009797272
3010204,132.29845424729058
3010205,68.8199575516491
3010206,9114.984064722903
3010207,12.375121665544619
3010208,0.524494198392589
3010209,23.54153122888449
3010210,15.917951078329763
3010211,0.16962274570239516
3010212,371.28171256309173
3010213,2.7004485009567336
3010214,6.858553419264802
3010215,4.511777814071485
3010216,55.17489885053692
3010217,1.4556338488493061
3010218,372.4331498232213
3010219,447.0527577937345
3010220,4.492361873698016
3010221,6.623465539532722
3010222,366.5765763346497
3010223,72.34496650142108
3010224,1142.4697460397133
3010225,48.12234031265263
3010226,15.342671786332524
3010227,11.107580429043814
3010228,0.535689663091937
3010229,4.1107943341526445
3010230,4078.4475338274256
3010231,0.002029133891477667
3010232,519.5251728412311
3010233,7.88009399969657
3010234,2194.583095181531
3010235,755.8994537852116
3010236,379.37908688102567
3010237,341.6491918449457
3010238,70.81612063163024
3010239,6728.720200906274
3010240,15.63821344800166
3010241,0.6643593179639461
3010242,40.305408750218774
3010243,31.27553424191084
3010244,0.20021045394381068
3010245,356.98200423879103
3010246,4.463241272414601
3010247,3.6227230881244847
3010248,11.51405698151043
3010249,89.52272309264623
3010250,2.117285598326264
3010251,120.78005809550613
3010252,330.26783149347045
3010253,2.9707554326067527
3010254,5.7038496398860214
3010255,186.6953068528785
3010256,161.136288097309
3010257,1501.0837884400673
3010258,0.8938551822664972
3010259,8.095066520938115
3010260,4.928988815388193
3010261,0.21427586523677483
3010262,2.3663333721808915
3010263,2161.419936372261
3010264,0.002029133891477667
3010265,172.475046152471
3010266,9.676022399627415
3010267,911.8561848909862
3010268,366.759044223742
3010269,164.6087108972914
3010270,60.65678778737952
3010271,42.67886688673107
3010272,3945.9986440584416
3010273,10.097114194772724
3010274,0.8391907174281424
3010275,24.28671262321993
3010276,18.610257953050606
3010277,0.16962274570239516
3010278,178.0498782751132
3010279,1.425236708838276
3010280,15.876281063112966
3010281,4.511777814071485
3010282,102.01843030677809
3010283,2.613524410433982
3010284,109.97460580693317
3010285,173.1062702611374
3010286,1.4129202667276017
3010287,6.414303469863268
3010288,164.1916188445888
3010289,30.23541004381456
3010290,548.6778744649617
3010291,3.2108219047204436
3010292,2.6628508292559587
3010293,2.256227274649525
3010294,0.18517667366141033
3010295,1.576924559221346
3010296,1619.4379442571776
3010297,0.008116535565910668
3010298,289.7092604494084
3010299,14.587336799438303
3010300,580.6833598098734
3010301,592.619916591974
3010302,136.4676054252259
3010303,49.7824986100301
3010304,51.627068602265254
3010305,2789.5852480886847
3010306,21.91812593499445
3010307,0.4895279184997497
3010308,13.800096078261399
3010309,16.250669527711793
3010310,0.20021045394381068
3010311,138.42202775234475
3010312,14.364885775922625
3010313,2.743421367705921
3010314,2.9528683437535057
3010315,54.0077414052678
3010316,4.995470708551029
3010317,609.4069037294096
3010318,166.0727209296555
3010319,3.8764735523039335
3010320,6.205141400193813
3010321,330.236022334855
3010322,33.27562066323218
3010323,1249.0157704238145
3010324,50.2231613521433
3010325,8.474007964032438
3010326,2.985162240305525
3010327,0.14285057682451655
3010328,4.602045142217397
3010329,4157.73719733947
3010330,0.002029133891477667
3010331,849.1445232086377
3010332,18.61901279928306
3010333,1190.7534545939131
3010334,1596.4434121784514
3010335,304.6459187433884
3010336,231.7556180966592
3010337,132.71301768319248
3010338,5666.609361190178
3010339,32.04602401450733
3010340,0.9440895571066603
3010341,21.585385004567073
3010342,32.81654600746972
3010343,0.16962274570239516
3010344,280.6354913025985
3010345,14.289873317562716
3010346,39.18168466185123
3010347,10.900455198796708
3010348,88.93444079942049
3010349,13.1999524020653
3010350,420.12779181032573
3010351,311.1468606250122
3010352,17.824532595640516
3010353,9.935198309299084
3010354,565.106008599311
3010355,115.68461940478943
3010356,3883.0704882241803
3010357,50.2231613521433
3010358,24.542750654791035
3010359,3.6099636394392394
3010360,0.10713793261838742
3010361,3.441595256499888
3010362,2735.577630776434
3010363,0.002029133891477667
3010364,468.8191369239267
3010365,8.100003599688103
3010366,516.0768444772217
3010367,784.9896630421498
3010368,173.3848908178363
3010369,135.15345470390872
3010370,92.51831677684294
3010371,2613.5685670679463
3010372,21.4871515486322
3010373,1.2238197962493744
3010374,21.12609081183202
3010375,18.102767893002476
3010376,0.07507892022892901
3010377,122.31492762807879
3010378,11.704027183544731
3010379,26.414223681373674
3010380,5.017096929247492
3010381,267.1493708060413
3010382,9.924776242154362
3010383,229.93066725846506
3010384,122.14848229337132
3010385,5.506766167758858
3010386,7.46011381821054
3010387,199.09648002202326
3010388,41.24368005068517
3010389,1860.0688842236518
3010390,1.4113502877892061
3010391,5.148178269894854
3010392,4.616588115821335
3010393,0.18517667366141033
3010394,0.347062227919864
3010395,1107.1765223003977
3010396,0.002029133891477667
3010397,242.07373920720622
3010398,6.377378399754433
3010399,420.3853657673742
3010400,279.7275210855677
3010401,93.8808904480967
3010402,35.76071526450605
3010403,27.68126414470517
3010404,2028.30851576641
3010405,16.161539488584392
3010406,0.7342918777496247
3010407,11.680637240671631
3010408,10.64424347868208
3010409,0.30031568091571603
3010410,93.68578747389031
3010411,0.15002491671981855
3010412,8.054403759034049
3010413,0.902355562814297
3010414,22.685992899928486
3010415,0.19849552484308722
3010416,288.9691626187034
3010417,141.8815053719932
3010418,3.043212882182527
3010419,1.533855177575999
3010420,160.01014396804922
3010421,23.888415086520155
3010422,554.2642056137363
3010423,0.9409001918594708
3010424,2.6983555069793717
3010425,7.185216090037717
3010426,0.3214137978551622
3010427,2.896392047549411
3010428,3840.921071295927
3010429,0.02029133891477667
3010430,734.248190142889
3010431,18.03258719930564
3010432,979.4589244113482
3010433,1324.5224925751222
3010434,331.1627160977861
3010435,247.70668858554768
3010436,111.07326386505589
3010437,5253.146734890948
3010438,26.658844184979202
3010439,3.042066350677016
3010440,25.124185472296478
3010441,29.31424654029045
3010442,0.17518414720083436
3010443,261.22773098972084
3010444,7.538752065170882
3010445,40.09615845108654
3010446,10.034193858494984
3010447,186.6847167640285
3010448,4.03607567180944
3010449,302.8861179021442
3010450,279.2274844057221
3010451,11.375819583396588
3010452,9.795756929519447
3010453,419.64319288306814
3010454,83.50776111012037
3010455,2922.051033004068
3010456,2.022935412497862
3010457,17.34566826531008
3010458,7.358772034241527
3010459,0.18517667366141033
3010460,3.375968944311405
3010461,4561.247718312338
3010462,0.002029133891477667
3010463,751.508328894658
3010464,17.70272279931834
3010465,1532.5044967836172
3010466,1143.6718772708066
3010467,420.89577119275157
3010468,311.98088976673563
3010469,60.02735929426894
3010470,7862.147056537662
3010471,13.390989861969924
3010472,0.8741569973209817
3010473,36.220790850934534
3010474,20.634381027464507
3010475,0.6006313618314321
3010476,295.305730145412
3010477,11.704027183544731
3010478,6.190284111746693
3010479,6.063829382112076
3010480,53.76785930511751
3010481,1.3563860864277628
3010482,208.2071632029659
3010483,351.53464278003224
3010484,5.470537442970971
3010485,4.84558794734236
3010486,234.35923845986406
3010487,85.26988931663195
3010488,1760.4325675401292
3010489,4.375185892146539
3010490,3.941019227298819
3010491,6.803393012789336
3010492,0.4642643746796788
3010493,2.965804493133384
3010494,4070.5223965494442
3010495,0.002029133891477667
3010496,795.6493676190202
3010497,12.534847199517337
3010498,1230.2909168368994
3010499,943.5149359931087
3010500,309.16094459292714
3010501,283.550776615892
3010502,65.13640988061945
3010503,6120.623273508056
3010504,16.00762006488359
3010505,1.3636849158207314
3010506,27.19966166348619
3010507,20.498752763784527
3010508,0.025026306742976335
3010509,267.3990738372571
3010510,11.704027183544731
3010511,6.858553419264802
3010512,5.702887156986358
3010513,105.06835986583194
3010514,1.55488161127085
3010515,123.1530205435487
3010516,272.84012565469186
3010517,5.61545234212252
3010518,4.810727602397451
3010519,206.38242565083107
3010520,67.72198283754864
3010521,1333.051234646744
3010522,2.9638356043573326
3010523,7.420477644193273
3010524,12.079493716585148
3010525,1.1785172588022614
3010526,14.116913876198614
3010527,9863.536673579953
3010528,0.002029133891477667
3010529,1381.047962327521
3010530,52.92491039796208
3010531,2208.882440556412
3010532,2658.4784501590116
3010533,400.6394461152039
3010534,492.7606073489692
3010535,273.7699013308558
3010536,10893.525624804772
3010537,75.17424653547253
3010538,2.832268671319981
3010539,61.64780765910027
3010540,57.367665272396366
3010541,0.30031568091571603
3010542,578.0803005489598
3010543,47.78293597526221
3010544,60.84767905296465
3010545,23.24467929809629
3010546,234.06848689959978
3010547,28.616438164878407
3010548,767.8829437594085
3010549,642.0633211539548
3010550,19.99825608291375
3010551,25.587493189563254
3010552,1190.3623513226917
3010553,252.27163681413546
3010554,8166.281620625899
3010555,1.6465753357540738
3010556,86.4127760172298
3010557,3.2975629398723822
3010558,0.4999770188858079
3010559,0.8834311256141993
3010560,1955.6462375875433
3010561,0.002029133891477667
3010562,182.02367343995397
3010563,5.241178799798184
3010564,795.9453683358834
3010565,332.2115371951674
3010566,126.67549874571732
3010567,167.6726230520011
3010568,39.46442563847753
3010569,3262.722406228825
3010570,5.233260405827327
3010571,0.27973023914271417
3010572,13.909331667271386
3010573,9.1207432104591
3010574,0.22523676068678702
3010575,187.82553394220287
3010576,0.5625934376993196
3010577,15.876281063112966
3010578,3.5011395837194725
3010579,39.476396033137796
3010580,0.8270646868461968
3010581,72.13553900551203
3010582,98.88562139711257
3010583,2.427324560788444
3010584,4.84558794734236
3010585,116.14537423005387
3010586,22.632965534527855
3010587,640.8763499330837
3010588,0.09409001918594709
3010589,5.183682947618267
3010590,8.85135315439429
3010591,0.21427586523677483
3010592,2.460986707068127
3010593,4636.102618837539
3010594,0.002029133891477667
3010595,635.626818929006
3010596,11.032131599575198
3010597,1802.5000410094683
3010598,848.3351810170237
3010599,274.9753629547608
3010600,369.3313617121742
3010601,70.05602312703606
3010602,7205.718853747356
3010603,13.083151014568317
3010604,0.27973023914271417
3010605,25.888834595366372
3010606,22.02946364855758
3010607,0.07507892022892901
3010608,306.2034481484173
3010609,1.5002491671981852
3010610,6.682693075181089
3010611,11.153114756384712
3010612,17.373645886515927
3010613,1.5879641987446977
3010614,391.6779778724856
3010615,301.8027009861795
3010616,4.347446974546467
3010617,7.250951748541086
3010618,146.73391460794903
3010619,69.18245427610103
3010620,1515.2974988192566
3010621,2.681565546799492
3010622,6.426346667937715
3010623,1.5967146866750483
3010624,0.18517667366141033
3010625,1.0411866837595922
3010626,1306.6531361218488
3010627,0.002029133891477667
3010628,138.4181684583901
3010629,3.8484179998518133
3010630,869.1120313075369
3010631,189.21488348718503
3010632,100.04101684801832
3010633,233.93640159978366
3010634,15.35890056504871
3010635,2647.8475321821616
3010636,1.7854653149293231
3010637,0.3146965190355534
3010638,10.2385832603418
3010639,4.429378737903189
3010640,0.05005261348595267
3010641,88.92327123776411
3010642,11.704027183544731
3010643,15.876281063112966
3010644,0.43313067015086254
3010645,33.61776289249221
3010646,0.29774328726463084
3010647,75.15169540759796
3010648,82.0783959924601
3010649,0.6521170461819701
3010650,1.2549724180167263
3010651,61.78822088866058
3010652,11.682655553261682
3010653,235.27867177711192
3010654,50.2231613521433
3010655,2.3433087297452437
3010656,7.671172733808385
3010657,0.18517667366141033
3010658,2.240128925664577
3010659,2891.260786054012
3010660,0.002029133891477667
3010661,264.6771164273949
3010662,10.15249319960907
3010663,1160.8264055849752
3010664,492.6800387608655
3010665,197.2967882364208
3010666,224.87633136831948
3010667,51.67053517207185
3010668,4599.383970991306
3010669,3.5401467451184856
3010670,0.6993255978567854
3010671,30.986495415832323
3010672,18.102767893002476
3010673,0.20021045394381068
3010674,244.40828003268956
3010675,11.704027183544731
3010676,15.876281063112966
3010677,13.82408722231503
3010678,32.52183094474672
3010679,1.3894686739016107
3010680,268.9540900436747
3010681,230.9467716998271
3010682,1.8838936889701356
3010683,4.322682773168724
3010684,227.41764898511883
3010685,29.22407568248743
3010686,1411.6521719600198
3010687,50.2231613521433
3010688,0.994130976255558
3010689,3.818230772483811
3010690,0.42855173047354966
3010691,1.7668622512283987
3010692,2919.7295973661076
3010693,0.002029133891477667
3010694,783.8365850138835
3010695,9.382809599638707
3010696,1123.356351832634
3010697,744.9108932560381
3010698,249.63851036719785
3010699,141.91629517252386
3010700,53.11767900253626
3010701,6109.432057755896
3010702,6.987941836016489
3010703,4.440717546390587
3010704,32.77067670299541
3010705,38.66778965650912
3010706,0.10010522697190534
3010707,215.5612800932315
3010708,1.9878301465375956
3010709,6.01442376766298
3010710,3.5372338062320443
3010711,32.21945854959928
3010712,2.415028885590895
3010713,179.93618581494337
3010714,289.96330515986705
3010715,3.65910120357661
3010716,6.623465539532722
3010717,155.25043005717924
3010718,31.405907509455382
3010719,713.3055034778639
3010720,5.269041074413036
3010721,3.3729443837242146
3010722,4.234765038572955
3010723,0.18517667366141033
3010724,0.5679200093234139
3010725,1815.1206427102127
3010726,0.002029133891477667
3010727,118.97911419947957
3010728,3.4085987998687486
3010729,543.5993925229909
3010730,198.02257542216472
3010731,105.59073286432739
3010732,172.03281199600482
3010733,42.573855612782324
3010734,2971.4773645589275
3010735,6.926374066536168
3010736,0.4895279184997497
3010737,10.382788658374784
3010738,8.858757475806378
3010739,0.15015784045785802
3010740,106.4354825352418
3010741,11.704027183544731
3010742,15.876281063112966
3010743,0.3970364476382907
3010744,48.04495777296032
3010745,0.6947343369508053
3010746,202.3529523842848
3010747,93.10926980409427
3010748,1.123090468424504
3010749,1.4292741427412716
3010750,59.686994904883534
3010751,20.505676015874236
3010752,426.15323193742086
3010753,0.09409001918594709
3010754,0.8166075876384941
3010755,5.06783357075124
3010756,0.18517667366141033
3010757,0.8834311256141993
3010758,4637.566021003684
3010759,0.002029133891477667
3010760,605.0164808454728
3010761,11.508602399556851
3010762,1079.9911476345046
3010763,734.7535234100109
3010764,229.2597263919638
3010765,167.3921873850906
3010766,77.61606575433467
3010767,5979.759603762561
3010768,7.141861259717293
3010769,0.4545616386069105
3010770,30.679698431517153
3010771,10.820045177426767
3010772,0.12513153371488167
3010773,231.78659870562828
3010774,11.704027183544731
3010775,27.012148851258296
3010776,3.3206684711566137
3010777,60.94349221129416
3010778,0.9593950367415883
3010779,244.71635774649113
3010780,242.70987871906735
3010781,2.862069258243091
3010782,3.660336219215452
3010783,130.74834293991387
3010784,46.92347321367221
3010785,1502.0047238457762
3010786,1.317260268603259
3010787,1.4201871089365112
3010788,3.9223643390060974
3010789,0.18517667366141033
3010790,6.693883843225305
3010791,3283.183139065181
3010792,0.002029133891477667
3010793,578.9692633616852
3010794,7.953397199693748
3010795,1021.355688933879
3010796,1065.0079177851705
3010797,172.09695473796307
3010798,128.33204658986998
3010799,88.438661131824
3010800,4787.461859972627
3010801,54.36434045112387
3010802,1.6084488750706063
3010803,33.99642258627576
3010804,29.66447648700838
3010805,0.20021045394381068
3010806,256.92694239152263
3010807,24.829123717129967
3010808,24.374243690002604
3010809,1.804711125628594
3010810,110.68845478363897
3010811,9.49470260499434
3010812,226.18049390255032
3010813,303.85100320346015
3010814,13.839372868972921
3010815,15.233970740925262
3010816,260.8379251658504
3010817,70.10803438856016
3010818,2625.515750738236
3010819,50.2231613521433
3010820,12.588680481314777
3010821,6.213302802496384
3010822,0.18517667366141033
3010823,7.233723363198839
3010824,3292.287630895708
3010825,0.002029133891477667
3010826,508.9782950300049
3010827,14.257472399451004
3010828,1300.068023564879
3010829,943.8005433644101
3010830,161.7899953084824
3010831,94.32836068807087
3010832,87.53671001481719
3010833,5208.535782289868
3010834,27.3668735340029
3010835,1.188853516356535
3010836,44.85941522010038
3010837,68.14547683860127
3010838,0.16962274570239516
3010839,359.85910447278565
3010840,24.829123717129967
3010841,19.203949573941447
3010842,10.142476526032699
3010843,107.76417775323532
3010844,11.97589666553293
3010845,170.7344976090839
3010846,494.5113628069796
3010847,8.767351398668708
3010848,10.771846587976901
3010849,137.30272081710774
3010850,84.20411817450007
3010851,2152.7309214859765
3010852,3.7165557578449095
3010853,16.610046865311034
3010854,9.7538440642541
3010855,0.3214137978551622
3010856,2.9342533815043055
3010857,4795.747124412628
3010858,0.002029133891477667
3010859,766.0458757861045
3010860,7.366971599716328
3010861,2689.5373181972573
3010862,830.2723455986921
3010863,220.03923573531648
3010864,576.1891847081533
3010865,56.03585084420276
3010866,8138.594944034046
3010867,28.87528388627078
3010868,1.7832802745348026
3010869,26.605895937085382
3010870,17.929369733107816
3010871,0.05005261348595267
3010872,377.18621939456136
3010873,6.263540273052424
3010874,15.15916166001605
3010875,8.275322395457355
3010876,53.5965149478673
3010877,3.672167209597114
3010878,167.75676421337488
3010879,355.7357524297609
3010880,7.752947104607867
3010881,10.667265553142174
3010882,245.7807218556592
3010883,56.538682413339096
3010884,1815.6842085726346
3010885,6.458338916923408
3010886,17.28715657417424
3010887,4.373609793936002
3010888,0.42855173047354966
3010889,4.795137945387357
3010890,3047.6387440727012
3010891,0.008116535565910668
3010892,407.4309460875406
3010893,8.209958399683869
3010894,893.4537651217884
3010895,947.9660170258522
3010896,225.6351959812971
3010897,143.93860151744343
3010898,72.29168816787137
3010899,4411.707633005195
3010900,25.458272680112938
3010901,1.713347714749124
3010902,16.04285053116937
3010903,12.464065750843856
3010904,0.10010522697190534
3010905,247.1948586814868
3010906,22.203687674533146
3010907,23.4597699007673
3010908,2.165653350754313
3010909,92.97749569186968
3010910,7.6089951189850105
3010911,389.70497702658156
3010912,278.51789399473563
3010913,6.702314085759137
3010914,9.830617274464357
3010915,398.26065206543996
3010916,53.01944797289189
3010917,2382.0209032704433
3010918,0.047045009592973544
3010919,26.866105595884665
3010920,3.9223643390060974
3010921,0.24998850944290396
3010922,2.776497823358912
3010923,6353.0110143649945
3010924,0.002029133891477667
3010925,497.7470384905246
3010926,11.435299199559674
3010927,2600.968254953428
3010928,783.7886474294978
3010929,300.6209439801987
3010930,210.70916245592048
3010931,56.606141740954875
3010932,8925.073719267875
3010933,10.435736926914492
3010934,2.5525384321772666
3010935,31.24137845685562
3010936,23.69202580738915
3010937,0.17518414720083436
3010938,484.98526774861466
3010939,11.704027183544731
3010940,0.17586034408371287
3010941,8.770896070554969
3010942,42.99298698870251
3010943,2.1503681858001116
3010944,142.1508008024697
3010945,348.3388733002138
3010946,3.5866437540008356
3010947,10.492963828417627
3010948,192.65179060699762
3010949,60.74980887696074
3010950,1287.8491022200228
3010951,50.2231613521433
3010952,6.390841990214302
3010953,7.879439866852956
3010954,0.035712644206129136
3010955,7.871055818106226
3010956,3298.692278006772
3010957,0.002029133891477667
3010958,571.3728910598381
3010959,12.095027999534269
3010960,1362.1365120522064
3010961,920.5759039547503
3010962,255.23995169807057
3010963,138.6675134293226
3010964,110.67150808725866
3010965,5471.471304058076
3010966,40.819431165453146
3010967,1.6084488750706063
3010968,27.687436422332755
3010969,37.28060437735184
3010970,0.07507892022892901
3010971,277.08792335734796
3010972,22.6537624246926
3010973,21.314273702946
3010974,9.817628523419552
3010975,152.70209118139172
3010976,11.777401140689841
3010977,234.96962619996106
3010978,497.7879496531942
3010979,14.455261190367002
3010980,9.15432658253312
3010981,210.7944449882473
3010982,66.09164216963919
3010983,2264.7135620005793
3010984,0.9409001918594708
3010985,7.363173094347683
3010986,3.818230772483811
3010987,0.18517667366141033
3010988,4.441134472909097
3010989,3170.856927984105
3010990,0.002029133891477667
3010991,523.412576958525
3010992,10.40905439959919
3010993,807.3761499271826
3010994,1029.9887924306522
3010995,188.70681306653674
3010996,135.56687337748681
3010997,90.48129960777477
3010998,4232.648740136495
3010999,28.87528388627078
3011000,1.1538872364636958
3011001,29.16554175217083
3011002,22.71515894620042
3011003,0.05005261348595267
3011004,224.5083930420788
3011005,18.52807721489759
3011006,38.865136042500545
3011007,5.213088557490757
3011008,71.99990682452423
3011009,9.858611067206667
3011010,240.16642791020521
3011011,272.2782359478086
3011012,9.745526967941665
3011013,9.098550030621267
3011014,235.10142554593008
3011015,56.767836830176364
3011016,2527.2923381017963
3011017,0.2352250479648677
3011018,15.551368384954312
3011019,6.421569935540955
3011020,0.10713793261838742
3011021,3.696528238462843
3011022,6350.65021667451
3011023,0.002029133891477667
3011024,664.933109157824
3011025,18.399103199291527
3011026,1494.0407620477883
3011027,881.0112274369809
3011028,322.93959402298435
3011029,278.3906225385146
3011030,56.37537558415152
3011031,7464.516740241201
3011032,9.48143649996951
3011033,0.13986511957135708
3011034,18.205931501664114
3011035,20.53034213152771
3011036,0.10010522697190534
3011037,270.76897628320256
3011038,11.704027183544731
3011039,8.546812722468445
3011040,1.4076746779903033
3011041,86.78894067118544
3011042,3.374423922332483
3011043,217.19860641828112
3011044,333.42493404367696
3011045,3.948931001879708
3011046,2.8236879405376345
3011047,266.1580665979193
3011048,144.06367305748444
3011049,1402.1952000433846
3011050,3.6224657386589625
3011051,0.9586262985321452
3011052,15.863013300228197
3011053,0.18517667366141033
3011054,15.901444749939298
3011055,11714.304247504278
3011056,0.002029133891477667
3011057,1855.6446741737564
3011058,29.871053998849792
3011059,2883.0108009915884
3011060,3222.989841292071
3011061,634.9066180707244
3011062,631.2903145537658
3011063,350.3949452339815
3011064,13755.754907765926
3011065,86.47193223511152
3011066,5.140043144247373
3011067,131.48323730501826
3011068,126.25789579181253
3011069,0.22523676068678702
3011070,805.6353529137238
3011071,34.83428541317467
3011072,29.227989186713078
3011073,35.12256604253346
3011074,358.976507519039
3011075,26.234491866761363
3011076,921.0549075017173
3011077,719.6368456712664
3011078,43.76429954376777
3011079,38.23691795627296
3011080,1240.8211590091626
3011081,309.29297046074305
3011082,9943.028833363202
3011083,336.0067493153193
3011084,98.85041963501386
3011085,17.633283931107055
3011086,0.18517667366141033
3011087,13.870499694375512
3011088,11160.266244299213
3011089,0.004058267782955334
3011090,1408.726252812449
3011091,28.844809198889305
3011092,2984.3427993952046
3011093,2847.841263617999
3011094,813.9818083842108
3011095,392.9544492359885
3011096,260.20775094127936
3011097,15705.068662215159
3011098,138.2504263680619
3011099,2.0630105136775168
3011100,77.51040144272841
3011101,86.50611011394216
3011102,0.6506839753173846
3011103,752.5295814427182
3011104,29.24398195390243
3011105,39.25202879948471
3011106,4.744224607052448
3011107,237.44901027734812
3011108,20.411956471364135
3011109,1215.6291546371378
3011110,907.8556150977586
3011111,26.51942654473345
3011112,31.304589760528337
3011113,1363.890977624262
3011114,260.1952685620841
3011115,6797.217765606785
3011116,586.3915811714269
3011117,94.06229412438876
3011118,13.051407004126482
3011119,0.18517667366141033
3011120,19.18055178154943
3011121,7438.73428369214
3011122,0.02029133891477667
3011123,1053.6799430107121
3011124,16.273310399373383
3011125,2683.598694208443
3011126,2068.533356448264
3011127,949.63433740346
3011128,155.7210337144194
3011129,202.97489357603962
3011130,13544.512174427296
3011131,47.19169530666642
3011132,3.1469651903555342
3011133,47.984346195475126
3011134,25.60180910508043
3011135,0.3503682944016687
3011136,722.6047666586163
3011137,33.80248904843411
3011138,28.13765505339406
3011139,9.277658954631475
3011140,137.14469548172806
3011141,10.42101505426208
3011142,1086.5521267662205
3011143,890.4847582326369
3011144,26.62811271909711
3011145,46.402605156168455
3011146,863.5817333339937
3011147,144.15399651499695
3011148,3102.390774064998
3011149,365.3026176890558
3011150,52.771845448066166
3011151,18.223374141400008
3011152,0.18517667366141033
3011153,20.017287261952596
3011154,10654.047447985184
3011155,0.012174803348866003
3011156,1346.9924746663933
3011157,23.97014639907701
3011158,2758.4915328607863
3011159,2712.1770299232353
3011160,771.9337791693489
3011161,361.94804871763057
3011162,202.2472579192052
3011163,14890.421643833179
3011164,50.76262593652507
3011165,1.9930779538918382
3011166,75.9551462249427
3011167,81.4487210107967
3011168,0.5005261348595267
3011169,731.8386438829579
3011170,33.749980327582186
3011171,31.02176469636695
3011172,7.845079263107499
3011173,227.70791558300942
3011174,14.58942107596691
3011175,955.4404446428574
3011176,898.2446188095316
3011177,25.323878626733173
3011178,32.87330528304925
3011179,1218.1078363263086
3011180,236.58957269374497
3011181,6036.229971392629
3011182,443.7586392870659
3011183,75.14660916992041
3011184,14.092742669349338
3011185,0.18517667366141033
3011186,21.04711554552572
3011187,5824.0621432067755
3011188,0.002029133891477667
3011189,967.5086034849691
3011190,20.085076799226606
3011191,2510.568127480652
3011192,1634.0908576755355
3011193,734.6349438195456
3011194,124.50792385927252
3011195,156.74868509079712
3011196,11891.254385059689
3011197,45.28309445277645
3011198,0.524494198392589
3011199,36.958040948378155
3011200,76.03492143246186
3011201,0.15015784045785802
3011202,695.6151480512474
3011203,29.57703726902043
3011204,13.365386150362179
3011205,2.7612080222117488
3011206,130.08463602436333
3011207,6.451104557400335
3011208,961.1222285714373
3011209,996.9494461844048
3011210,19.382367761519667
3011211,26.493862158130888
3011212,934.1084509848189
3011213,100.71027971212634
3011214,2193.4434501872147
3011215,335.2163931541574
3011216,25.33723863293211
3011217,12.669583926878099
3011218,0.18517667366141033
3011219,11.312651074606112
3011220,8005.258546578377
3011221,0.002029133891477667
3011222,1331.0222355922274
3011223,28.18508039891471
3011224,1985.2628158974092
3011225,2720.6837356284586
3011226,497.69254881843807
3011227,464.23471887208
3011228,258.0295928320822
3011229,10787.71047221131
3011230,65.75437780498335
3011231,1.7483139946419635
3011232,57.130213052222
3011233,69.14122864789732
3011234,0.375394601144645
3011235,537.5151462988688
3011236,18.31241639711285
3011237,31.79555021033529
3011238,11.838904984123577
3011239,266.20529699452544
3011240,18.691661922724048
3011241,817.7729249680042
3011242,614.3401776743523
3011243,20.75905930345938
3011244,32.629282868434885
3011245,1042.91443951167
3011246,222.83141456711337
3011247,7787.308899023234
3011248,297.8104355766882
3011249,84.19664546914596
3011250,6.248013991337145
3011251,0.42855173047354966
3011252,6.404244638470364
3011253,2218.1299031884923
3011254,0.002029133891477667
3011255,383.3432434432186
3011256,26.535758398978217
3011257,1001.5724666313768
3011258,668.4281685278924
3011259,247.05120747839408
3011260,85.85327787971973
3011261,73.32873665636572
3011262,4084.9531118136524
3011263,60.182494667014254
3011264,1.3287186359278922
3011265,31.580982169223294
3011266,21.29329403506421
3011267,0.2752893741727397
3011268,237.0493480301022
3011269,15.152516588701673
3011270,10.094383750405118
3011271,12.596883656887588
3011272,63.11922957904396
3011273,7.079673719403444
3011274,254.737179275515
3011275,285.07141603788193
3011276,3.7677873779402713
3011277,7.669275887879994
3011278,240.0142461888551
3011279,58.752597881332996
3011280,1666.5263221434025
3011281,1.5524853165681267
3011282,10.315671091572181
3011283,11.072869240203053
3011284,0.18517667366141033
3011285,13.93486396209883
3011286,5511.494199854869
3011287,0.004058267782955334
3011288,669.717955084102
3011289,34.96562639865362
3011290,2038.6089935296795
3011291,1423.8054734522375
3011292,543.0171731867558
3011293,112.38097610098144
3011294,121.88902377475763
3011295,9410.04876849659
3011296,116.7632748194297
3011297,1.6783814348562849
3011298,61.070986066968345
3011299,36.35386846932078
3011300,0.15015784045785802
3011301,509.9145069914182
3011302,20.513281925392587
3011303,9.883351337504664
3011304,3.3928569161817568
3011305,136.3041002232182
3011306,9.296207080151252
3011307,595.2370953346174
3011308,641.7623461342729
3011309,14.563947364730666
3011310,26.180119053626708
3011311,435.5220934772444
3011312,86.78633347389518
3011313,2343.9343354531698
3011314,333.4249191888569
3011315,20.11588532876334
3011316,8.261262944101338
3011317,0.18517667366141033
3011318,5.512925734948895
3011319,5580.96159435594
3011320,0.008116535565910668
3011321,996.3040054764458
3011322,10.592312399592133
3011323,1619.0913734822605
3011324,2026.5567622961842
3011325,288.74607003379566
3011326,355.7123170578276
3011327,208.58136851437231
3011328,7155.0837625214335
3011329,43.589980792067614
3011330,1.9930779538918382
3011331,38.610995323331224
3011332,41.57229467541788
3011333,0.2752893741727397
3011334,366.66173404694035
3011335,3.1505232511161894
3011336,49.41675668752332
3011337,6.821808054876086
3011338,164.60615640901844
3011339,10.652593166579015
3011340,658.9098258349298
3011341,351.6057063263461
3011342,22.787867891581065
3011343,10.911287967756538
3011344,1009.5080562137022
3011345,128.84117273209006
3011346,5780.853332367404
3011347,5.45722111278493
3011348,50.79636471797467
3011349,12.322472038470481
3011350,0.18517667366141033
3011351,8.302990536308313
3011352,5452.2981202245055
3011353,0.002029133891477667
3011354,1002.8018472161324
3011355,14.11086599945665
3011356,1803.5309850298368
3011357,1543.7276147021419
3011358,414.2699659099025
3011359,228.27601092737677
3011360,269.51899220402646
3011361,8903.290713583383
3011362,51.28595197710781
3011363,3.6015268289624442
3011364,56.776549313546106
3011365,49.38242248722765
3011366,0.20021045394381068
3011367,403.1453105525386
3011368,9.751619586788205
3011369,59.30010802502798
3011370,11.11702053387214
3011371,268.06824691796163
3011372,10.71875834152671
3011373,511.6375482241117
3011374,408.51436959645997
3011375,16.701442127216012
3011376,28.097438025596706
3011377,521.38232457924
3011378,135.79294591644688
3011379,5204.044719454186
3011380,6.680391362202243
3011381,9.735347102228788
3011382,9.892688819617147
3011383,0.035712644206129136
3011384,3.5078525909209533
3011385,2828.31534754364
3011386,0.002029133891477667
3011387,554.0727818891081
3011388,8.796383999661288
3011389,1124.5501491252958
3011390,655.1335115571081
3011391,258.49128281250887
3011392,94.67287624938596
3011393,101.07640135709221
3011394,4313.381109415543
3011395,15.668997332741819
3011396,1.6783814348562849
3011397,32.30200915938821
3011398,25.10805355274673
3011399,0.07507892022892901
3011400,240.92049686572224
3011401,6.526083877312107
3011402,14.279859939597486
3011403,8.265576955378961
3011404,97.11697378143812
3011405,3.6060020346494177
3011406,298.5453549895086
3011407,263.70323469260785
3011408,5.434308718183084
3011409,6.797767264257268
3011410,206.37762754519687
3011411,69.83176580967171
3011412,2186.6656562735975
3011413,0.4704500959297354
3011414,4.260561326809534
3011415,7.011660145833908
3011416,0.18517667366141033
3011417,1.4021314007962506
3011418,4573.711003554175
3011419,0.002029133891477667
3011420,280.5568871299055
3011421,5.204527199799595
3011422,1415.1949362330079
3011423,299.1187969437474
3011424,246.83510764242777
3011425,77.62969143112862
3011426,27.097592722902526
3011427,5195.996487504698
3011428,10.251033618473528
3011429,0.9790558369994994
3011430,25.48830410232976
3011431,10.958763705342495
3011432,0.05005261348595267
3011433,244.7835392907276
3011434,11.704027183544731
3011435,15.876281063112966
3011436,4.150835588945767
3011437,26.474383041797942
3011438,1.1248079741108274
3011439,54.546200675023435
3011440,205.11935282336086
3011441,0.14491489915154893
3011442,2.4402241461436347
3011443,68.0918985577917
3011444,89.62514857278366
3011445,693.605534319809
3011446,50.2231613521433
3011447,2.982392928766674
3011448,7.671172733808385
3011449,0.07142528841225827
3011450,6.277724680837759
3011451,4203.3780096644405
3011452,0.002029133891477667
3011453,590.3406292002688
3011454,14.11086599945665
3011455,1420.2858261327856
3011456,1231.6268642428552
3011457,386.70773177793444
3011458,182.42098971633865
3011459,119.44085555653947
3011460,6809.064578962622
3011461,32.50778228560974
3011462,1.3986511957135708
3011463,31.204966593852294
3011464,61.920654579729415
3011465,0.16962274570239516
3011466,375.7321319905526
3011467,26.89196632202747
3011468,19.028089229857734
3011469,10.510637595660933
3011470,97.72675811165212
3011471,7.178921481824989
3011472,473.742127797051
3011473,392.6915833186842
3011474,10.18027166539631
3011475,15.373412120704899
3011476,564.6934328932703
3011477,99.75711409489166
3011478,2722.34275878344
3011479,50.2231613521433
3011480,38.87623753121982
3011481,5.7967685364072405
3011482,0.07142528841225827
3011483,5.34223422103558
3011484,4446.328180366898
3011485,0.016233071131821337
3011486,720.7140697569758
3011487,19.49865119924919
3011488,1086.5156293698344
3011489,1600.8183312455146
3011490,205.55744034941074
3011491,270.1691031832914
3011492,170.2688729541694
3011493,4973.4040847835995
3011494,35.093628603783245
3011495,3.181931470248373
3011496,31.532673360882246
3011497,32.067328611647646
3011498,0.6006313618314321
3011499,258.7809460525223
3011500,16.052666089020583
3011501,44.0354301585617
3011502,9.348403630756117
3011503,176.27806683103753
3011504,12.604465827536039
3011505,474.6754545034207
3011506,279.09789793891457
3011507,7.680489655032091
3011508,14.955087981365988
3011509,651.556254306311
3011510,130.51988343008588
3011511,5057.375016213993
3011512,0.5174951055227088
3011513,43.14145000631581
3011514,5.033122381910479
3011515,0.6071149515041954
3011516,9.912097229391318
3011517,5461.790740840774
3011518,0.004058267782955334
3011519,927.018456340858
3011520,22.46743079913487
3011521,1350.2385623874204
3011522,1781.5309029870343
3011523,319.58262432650275
3011524,324.6370134272067
3011525,127.24747234297844
3011526,6693.514348455682
3011527,36.72517449501177
3011528,4.056088467569355
3011529,42.87659099714686
3011530,57.12250430969382
3011531,0.16962274570239516
3011532,371.6025913165896
3011533,33.94313740785894
3011534,36.825156051129476
3011535,23.783205097983863
3011536,146.54175758425455
3011537,18.857074860093288
3011538,457.31378242736275
3011539,374.5257901168558
3011540,20.577915679519943
3011541,19.940117308487988
3011542,640.2282860034367
3011543,151.1152889363401
3011544,4874.720506462447
3011545,1.4583952973821794
3011546,41.73766591646879
3011547,12.80842868224115
3011548,0.35712644206129135
3011549,6.978790381235885
3011550,4545.652947369588
3011551,0.002029133891477667
3011552,581.888273421649
3011553,16.859735999350804
3011554,2165.0756003656215
3011555,996.7052811017345
3011556,595.5208216011341
3011557,253.19964469515543
3011558,84.0191112150346
3011559,9978.893666738557
3011560,11.051414621717706
3011561,1.2587860761422136
3011562,51.84184059285742
3011563,42.20270857951015
3011564,0.16962274570239516
3011565,451.68919945013147
3011566,13.314711358883896
3011567,6.119939974113208
3011568,7.801405253867286
3011569,56.68978455022558
3011570,3.3082587473847873
3011571,368.37805809336976
3011572,523.2213838684793
3011573,8.223920526850401
3011574,7.948158647439266
3011575,433.46069155858146
3011576,105.95941863081335
3011577,1652.4550744146843
3011578,126.73455134251142
3011579,17.973213444071405
3011580,4.998587032606449
3011581,0.18517793919405817
3011582,3.028147951727681
3011583,2267.015349181648
3011584,0.004058268212105517
3011585,352.51523189326923
3011586,13.388687731450911
3011587,682.0631838841664
3011588,803.7173236536047
3011589,136.7044226776667
3011590,131.26827627003368
3011591,95.66997279442012
3011592,3063.3072236212124
3011593,18.198289368473056
3011594,1.7133544259124296
3011595,23.541921381031568
3011596,23.117120488428398
3011597,0.3504064918118423
3011598,181.1550394772939
3011599,15.078121869952614
3011600,19.141961245319248
3011601,6.604714349682732
3011602,88.91848179225644
3011603,5.897905996585102
3011604,302.48072997520256
3011605,166.17003579797452
3011606,4.058188472388261
3011607,8.462707232295886
3011608,313.54896044755225
3011609,62.851426584909376
3011610,2463.6997551952622
3011611,50.277558306649254
3011612,26.556783456284418
3011613,1.35378398799758
3011614,0.18517793919405817
3011615,2.1764813403042704
3011616,1617.0768173807205
3011617,0.0020291341060527583
3011618,109.41179351714526
3011619,4.805255048822108
3011620,1044.3085751183437
3011621,339.85074385226983
3011622,270.886872011316
3011623,49.761357327246635
3011624,26.832597077648607
3011625,3999.0098912362014
3011626,5.173117790022798
3011627,0.4195970022642685
3011628,10.31085683763404
3011629,8.185081461113775
3011630,0.05005807025883462
3011631,174.28625929356096
3011632,4.050838711330553
3011633,15.883214370733135
3011634,1.8045667622083967
3011635,14.450566979148865
3011636,0.39539034613978336
3011637,186.18303800568404
3011638,191.44042566136622
3011639,0.9420794668044178
3011640,3.974083969689121
3011641,153.23522765586748
3011642,27.655068581229
3011643,404.24087343682936
3011644,1.8734774588828653
3011645,1.8108326197326
3011646,8.261553567780103
3011647,0.21427732963883875
3011648,4.46020958723223
3011649,6224.254595899986
3011650,0.0020291341060527583
3011651,800.4699082039623
3011652,14.452446482716871
3011653,2377.0886491537312
3011654,828.7642148689275
3011655,578.3703837880579
3011656,310.78229530744034
3011657,66.67510507431099
3011658,11056.93238428612
3011659,28.97561809768722
3011660,0.8042275876731813
3011661,27.964774237118785
3011662,21.884688143910136
3011663,0.10011614051766923
3011664,518.9689467810608
3011665,13.165225811824298
3011666,2.3455940011268033
3011667,10.322121879832029
3011668,41.02344175423268
3011669,2.3393928813270515
3011670,652.1436891664139
3011671,443.09686504996995
3011672,2.9349398773522246
3011673,15.756894335960373
3011674,442.58187749634413
3011675,104.19435939864145
3011676,2377.0924434651165
3011677,19.937134556784397
3011678,10.793982674484516
3011679,5.970534511168814
3011680,0.18517793919405817
3011681,0.883209819253907
3011682,1939.8376862768894
3011683,0.0020291341060527583
3011684,213.26626227568954
3011685,12.398291652686048
3011686,1356.751946804909
3011687,482.2125250027926
3011688,228.37837953749602
3011689,64.86375528530611
3011690,31.701618245391735
3011691,4181.9907581533935
3011692,8.529485879978065
3011693,0.4545634191196242
3011694,15.912247840652226
3011695,19.745015271607738
3011696,0.22526131616475575
3011697,179.0582539475228
3011698,8.101677422661107
3011699,15.883214370733135
3011700,5.6677832867441325
3011701,39.82966997395055
3011702,1.5815613845591334
3011703,159.67687242077693
3011704,198.43533480654796
3011705,1.7754574566698642
3011706,7.04179791120353
3011707,167.4476723018521
3011708,32.25843434758742
3011709,554.9500711983304
3011710,3.9183842277288683
3011711,3.550652195554117
3011712,4.963874622657793
3011713,0.18517793919405817
3011714,3.6956022294209907
3011715,1909.7671416811652
3011716,0.0020291341060527583
3011717,135.67850183302886
3011718,7.959849966369445
3011719,1039.4033391952805
3011720,324.00355578734866
3011721,177.95897167337964
3011722,51.74485198994108
3011723,25.098183294345656
3011724,4230.923941020354
3011725,14.441620497146978
3011726,0.06993283371071142
3011727,17.196778711718313
3011728,9.16855491742481
3011729,0.02502903512941731
3011730,149.3143747800397
3011731,1.650341697208744
3011732,15.883214370733135
3011733,2.923398154777603
3011734,41.403737561213084
3011735,0.9884758653494583
3011736,161.06856941379584
3011737,208.6011950935626
3011738,0.5435073846948565
3011739,5.682242868941462
3011740,100.6376139883261
3011741,23.43531662873378
3011742,289.2086537850047
3011743,3.5755256078025925
3011744,2.059378273421388
3011745,3.71422786450618
3011746,0.18517793919405817
3011747,2.2711109637957607
3011748,1971.8483895397426
3011749,0.0020291341060527583
3011750,178.15978263089625
3011751,10.527543503907976
3011752,1748.100173180707
3011753,446.3254804653679
3011754,282.7292982374951
3011755,41.23581009285823
3011756,34.52037393974359
3011757,4595.337833401058
3011758,10.038311902068047
3011759,0.3496641685535571
3011760,13.231064543397526
3011761,21.42763396431866
3011762,0.10011614051766923
3011763,210.08263861900724
3011764,1.1627407412152513
3011765,15.883214370733135
3011766,3.13994616624261
3011767,20.923006244984425
3011768,2.042850121722214
3011769,259.04726090272794
3011770,285.3681799564901
3011771,1.1957162463286841
3011772,4.8107332264657785
3011773,92.1652041738033
3011774,92.20681125948232
3011775,619.9524496995475
3011776,2.5224598466004586
3011777,4.793380463998058
3011778,4.06135196399274
3011779,0.9285350951016346
3011780,3.4697528613546345
3011781,2178.96250310215
3011782,0.0020291341060527583
3011783,169.94510330102796
3011784,3.044550908795687
3011785,1079.2223131589717
3011786,386.11583275717913
3011787,283.81395009834415
3011788,95.93850500085243
3011789,52.68214238922878
3011790,4034.822076631313
3011791,7.605714846045422
3011792,1.0839589225160269
3011793,14.132363218015886
3011794,17.930877607609414
3011795,0.12514517564708655
3011796,226.12747394341915
3011797,9.189402632185052
3011798,15.883214370733135
3011799,3.861772871125969
3011800,23.410592192327414
3011801,1.9440025351872683
3011802,128.721900132973
3011803,203.6579958739976
3011804,1.0145471180970653
3011805,5.403359783349243
3011806,114.3852039845662
3011807,44.76808081766643
3011808,994.559255139081
3011809,3.412102611766304
3011810,4.970913073775764
3011811,4.790312572914513
3011812,0.21427732963883875
3011813,1.356357936711357
3011814,1673.7121829443213
3011815,0.0020291341060527583
3011816,175.08213218356113
3011817,5.905695136338621
3011818,1088.7459674528845
3011819,305.5719263581728
3011820,176.34220651326342
3011821,161.70701223756302
3011822,28.651516021841854
3011823,3170.401912385204
3011824,4.98836358323627
3011825,0.3846305854089128
3011826,12.185558080840229
3011827,13.318098648591905
3011828,0.20023228103533847
3011829,169.26120431704052
3011830,11.704506708613023
3011831,15.883214370733135
3011832,3.0677634957542748
3011833,31.987290011047428
3011834,1.5156629935358361
3011835,56.36632244876005
3011836,150.3696392512414
3011837,1.050780943743389
3011838,3.137434712912464
3011839,69.87511290784946
3011840,36.54793426623959
3011841,882.9983396496807
3011842,50.277558306649254
3011843,0.9941826147551528
3011844,8.816952126958597
3011845,0.7499706537359355
3011846,3.026570791336156
3011847,3801.8521375051314
3011848,0.0020291341060527583
3011849,375.43339435576854
3011850,7.336267250110088
3011851,1390.8090288111264
3011852,906.8613605430897
3011853,565.1360181942962
3011854,199.98497941236812
3011855,82.94603851966144
3011856,6931.099799427428
3011857,16.227577829416752
3011858,1.573488758491007
3011859,25.088189387206825
3011860,25.89172437355171
3011861,0.20023228103533847
3011862,307.7875736240555
3011863,0.6751397852217589
3011864,15.883214370733135
3011865,7.727876702481238
3011866,44.771831249430086
3011867,3.756208288327942
3011868,257.97395529435295
3011869,302.0069620468771
3011870,2.5001339695963396
3011871,8.993979510349064
3011872,386.8538107438439
3011873,59.94837691189489
3011874,2250.5584902806618
3011875,9.022644835917026
3011876,15.16128487501608
3011877,3.922502324198116
3011878,0.21427732963883875
3011879,3.9504713486914036
3011880,2760.4283689627077
3011881,0.0020291341060527583
3011882,646.8239360628706
3011883,9.500466088892564
3011884,705.3658156985222
3011885,782.4665366637323
3011886,236.58716920587653
3011887,183.62984798313317
3011888,46.368880440623634
3011889,4255.528380529095
3011890,12.101400544517617
3011891,1.0140260888053154
3011892,27.127287508663404
3011893,18.624528578890242
3011894,0.15017421077650386
3011895,203.39664299402486
3011896,11.889961773072088
3011897,5.20422071357117
3011898,5.613285370525439
3011899,55.30356614849928
3011900,2.009900926210565
3011901,110.84331008253068
3011902,176.08326536215083
3011903,4.492994380144146
3011904,7.18123945399964
3011905,195.91186007031254
3011906,56.91768828644329
3011907,2821.5692410569472
3011908,42.65905348118427
3011909,14.92122529782793
3011910,6.664782710141932
3011911,0.8213964302822152
3011912,3.154005350971363
3011913,3118.715064405779
3011914,0.0020291341060527583
3011915,199.66194839244258
3011916,7.336267250110088
3011917,1115.7806789207787
3011918,414.41725993814305
3011919,322.3726194321372
3011920,60.792371503985926
3011921,33.565165005619605
3011922,5214.684149487517
3011923,36.76608715051917
3011924,1.3636902573588725
3011925,14.853402157710576
3011926,18.817858032767024
3011927,0.10011614051766923
3011928,196.4109617801113
3011929,9.939557949098118
3011930,15.883214370733135
3011931,4.403142899788488
3011932,52.37909476125055
3011933,2.767732422978484
3011934,149.7783055406232
3011935,211.9658878655998
3011936,1.4493530258529506
3011937,5.612522097543407
3011938,147.5671530487791
3011939,26.504227139639394
3011940,737.8293473890265
3011941,3.412102611766304
3011942,4.580341332264811
3011943,7.393743319063705
3011944,0.18517793919405817
3011945,7.078295837163455
3011946,3380.3764273133334
3011947,0.0020291341060527583
3011948,731.202319215337
3011949,12.655061006439903
3011950,942.4845474601342
3011951,1051.4003998902488
3011952,246.31300649511414
3011953,173.02605864254835
3011954,85.96906323431354
3011955,5185.503073481818
3011956,43.60199280162072
3011957,1.573488758491007
3011958,21.155643010111998
3011959,30.630528038737566
3011960,0.10011614051766923
3011961,274.6789044000158
3011962,25.355249711661614
3011963,17.312214949810787
3011964,5.269334945648518
3011965,89.16404037798603
3011966,9.192825547749964
3011967,514.1272476580153
3011968,293.8415886285727
3011969,9.420794668044179
3011970,8.610515267659762
3011971,479.88389069256584
3011972,110.05406002178806
3011973,2485.7755576538934
3011974,50.277558306649254
3011975,35.22484882338743
3011976,8.226841157831446
3011977,0.03571288827313979
3011978,5.384110144587478
3011979,5018.923452000568
3011980,0.0020291341060527583
3011981,593.5269938158361
3011982,8.803520700132106
3011983,2440.2064583095466
3011984,939.0478717244423
3011985,789.4669171867224
3011986,112.29363643008732
3011987,68.81995755117386
3011988,9117.044974691313
3011989,12.378531854697409
3011990,0.5244962528303356
3011991,23.541921381031568
3011992,15.919289790895013
3011993,0.16964123809938397
3011994,374.827273654388
3011995,2.7005591408870355
3011996,7.204626038564551
3011997,4.556531074576202
3011998,55.31838724283687
3011999,1.4497646025125388
3012000,372.43316229657006
3012001,447.18808893527313
3012002,4.492994380144146
3012003,6.623473282815202
3012004,366.5776464186184
3012005,72.34576396069632
3012006,1696.737287396629
3012007,47.265509746979475
3012008,15.343468736201046
3012009,11.107971183569886
3012010,0.5356933240970968
3012011,4.109764548235412
3012012,4212.625120637257
3012013,0.0020291341060527583
3012014,519.5295877032859
3012015,7.886487293868345
3012016,2213.3368808355344
3012017,783.1575030641783
3012018,379.4250889737857
3012019,287.57192793871764
3012020,70.81612063114122
3012021,6730.24157345484
3012022,15.642522841259412
3012023,0.6643619202517584
3012024,40.7091374962224
3012025,31.2781645396463
3012026,0.20023228103533847
3012027,363.6973495612975
3012028,4.4634241356327395
3012029,3.696791265502279
3012030,11.513135942889571
3012031,88.88412380083749
3012032,2.1087485127455112
3012033,120.78006214061271
3012034,336.37449712563495
3012035,2.9711737029985485
3012036,5.760330132907285
3012037,186.69585184038667
3012038,161.13806430419297
3012039,2229.3324126802054
3012040,0.8948233212361597
3012041,8.095487005863387
3012042,4.929162212709137
3012043,0.21427732963883875
3012044,2.365740587287251
3012045,2108.060200101329
3012046,0.0020291341060527583
3012047,170.894158505052
3012048,9.683872770145316
3012049,912.1716252691007
3012050,366.76767502894836
3012051,164.62867073548398
3012052,54.7026949079942
3012053,42.67886688643635
3012054,3946.8908395777235
3012055,10.099896637663557
3012056,0.839194004528537
3012057,24.28711512520603
3012058,18.79794132171045
3012059,0.16964123809938397
3012060,184.82188017252528
3012061,1.4252951021348241
3012062,15.883214370733135
3012063,4.511416905520992
3012064,103.28652222338917
3012065,2.6029864454202403
3012066,109.97460949014884
3012067,174.74728440854784
3012068,1.4131192002066266
3012069,6.414310968621037
3012070,164.19209814094992
3012071,30.235743329035994
3012072,814.8681499893883
3012073,3.1530748082505737
3012074,2.6629891466655877
3012075,2.2563066466626327
3012076,0.18517793919405817
3012077,1.5610733555312806
3012078,1634.7506079879624
3012079,0.008116536424211033
3012080,292.3942383114596
3012081,14.599171827719076
3012082,575.4554122143002
3012083,592.6338624977179
3012084,136.48415297795245
3012085,49.785474858319866
3012086,51.627068601908746
3012087,2703.697652139194
3012088,21.92416587200138
3012089,0.4895298359749799
3012090,13.66368790721434
3012091,16.09270253371522
3012092,0.20023228103533847
3012093,137.14315307129422
3012094,14.365474318885202
3012095,2.7446194432626863
3012096,2.952632136325379
3012097,55.74078843145814
3012098,4.975328522258941
3012099,609.4069241393673
3012100,166.1229942151012
3012101,3.877019344156643
3012102,6.205148654426873
3012103,330.23698633609297
3012104,33.275987460725084
3012105,1249.0158004600414
3012106,50.277558306649254
3012107,8.474448132448138
3012108,2.985267255584407
3012109,0.14285155309255915
3012110,4.600892294156245
3012111,4194.035733888879
3012112,0.0020291341060527583
3012113,849.151739136047
3012114,18.63411881527962
3012115,1191.1653745064846
3012116,1623.3125938128503
3012117,307.50399655404493
3012118,231.76947361378393
3012119,132.71301768227602
3012120,5417.83659249461
3012121,32.05485487746269
3012122,0.9440932550946042
3012123,21.58574273763988
3012124,33.141063806576256
3012125,0.16964123809938397
3012126,280.71620066677053
3012127,14.290458787193897
3012128,39.198795638392724
3012129,10.899583243738716
3012130,91.76278453286093
3012131,13.146729009147796
3012132,415.9681246346931
3012133,311.24105053683013
3012134,17.82704221799129
3012135,9.935209924222804
3012136,565.1076582161154
3012137,115.68589459748364
3012138,3883.0705816039344
3012139,50.277558306649254
3012140,24.544025487635007
3012141,3.610090634660213
3012142,0.10713866481941937
3012143,3.4407331101505774
3012144,2688.7048145181834
3012145,0.0020291341060527583
3012146,452.0794380032158
3012147,8.106575311371648
3012148,506.6057389313868
3012149,785.0081359141277
3012150,175.02653084924745
3012151,135.16153485757013
3012152,92.51831677620405
3012153,2614.159498382225
3012154,21.493072722832814
3012155,1.2238245899374498
3012156,21.12644093305436
3012157,18.283540749938823
3012158,0.07508710538825193
3012159,122.35010478971215
3012160,11.704506708613023
3012161,26.4257589985933
3012162,5.016695598939343
3012163,275.64540723489745
3012164,9.884758653494584
3012165,229.9306749591904
3012166,125.6435379245028
3012167,5.507541498241212
3012168,7.4601225395918584
3012169,199.09706121014395
3012170,41.244134680174845
3012171,1860.068928954433
3012172,1.4128789282676206
3012173,5.1484456835534695
3012174,4.616750523171233
3012175,0.18517793919405817
3012176,0.3469752861354634
3012177,1117.3632428611525
3012178,0.0020291341060527583
3012179,251.1253587998233
3012180,6.3825525075957765
3012181,420.53079058427915
3012182,290.29010772742686
3012183,92.08665343897336
3012184,35.76285322002493
3012185,27.681264144514017
3012186,1932.1591609600032
3012187,16.165993093821243
3012188,0.7342947539624699
3012189,11.680830823053947
3012190,10.751590054852839
3012191,0.3003484215530077
3012192,92.81164708566781
3012193,0.15003106338261307
3012194,8.057921185989168
3012195,0.9022833811041984
3012196,23.190970521688605
3012197,0.19769517306989168
3012198,286.10809138288835
3012199,145.97943997256525
3012200,3.043641354291196
3012201,1.5338569707572047
3012202,158.42634758232646
3012203,23.888678408753925
3012204,548.7764543986491
3012205,0.9419192855117472
3012206,2.698495668621129
3012207,7.1854688593717695
3012208,0.3214159944582581
3012209,2.8388887047447007
3012210,3742.842836547461
3012211,0.02029134106052758
3012212,734.2544296951627
3012213,18.047217435270817
3012214,952.5811465635239
3012215,1313.6966648439054
3012216,325.06948514120324
3012217,247.7214977379376
3012218,111.07326386428888
3012219,5133.080605747958
3012220,26.66619051285561
3012221,3.0420782664159463
3012222,24.87584341946674
3012223,29.316711892143285
3012224,0.17520324590592115
3012225,261.30285877906215
3012226,7.539060934976307
3012227,40.11366878614695
3012228,10.033391197878686
3012229,187.17021090055613
3012230,4.01980185242113
3012231,302.8861280462578
3012232,279.31201173175873
3012233,11.37742125294566
3012234,9.795768381426694
3012235,419.64441787528597
3012236,83.50868161699005
3012237,2922.051103273307
3012238,2.025126463850256
3012239,17.346569257538555
3012240,7.35903090911505
3012241,0.18517793919405817
3012242,3.408874470241776
3012243,4383.5505578228285
3012244,0.0020291341060527583
3012245,751.5147151215023
3012246,17.717085409015862
3012247,1557.7610045229794
3012248,1134.0878766698654
3012249,420.94680744376865
3012250,260.42936939658307
3012251,60.027359293854424
3012252,7863.924698399333
3012253,13.394679992023315
3012254,0.8741604213838927
3012255,35.86627945776303
3012256,20.636116395604645
3012257,0.6006968431060155
3012258,300.9640672496988
3012259,11.704506708613023
3012260,6.254917336338141
3012261,6.063344321020213
3012262,54.964702037053506
3012263,1.3509170159775932
3012264,208.20717017613828
3012265,361.2312695159105
3012266,5.471307672594889
3012267,4.845593612164805
3012268,234.35992258449224
3012269,85.27082924745814
3012270,2614.503876051779
3012271,4.379924677629624
3012272,3.94122393706507
3012273,6.803632349936555
3012274,0.4642675475508173
3012275,2.9947121514273545
3012276,4070.9649908327897
3012277,0.0020291341060527583
3012278,788.6149242700875
3012279,12.670467167665134
3012280,1240.722339346429
3012281,959.2627583715156
3012282,309.19843229570967
3012283,236.69702974820393
3012284,65.13640988016965
3012285,6122.007154536008
3012286,16.01203125483247
3012287,1.3636902573588725
3012288,27.200112441572568
3012289,20.50047672547795
3012290,0.02502903512941731
3012291,269.92988451499116
3012292,11.704506708613023
3012293,7.067395066401417
3012294,5.7024309685785335
3012295,105.3416016905171
3012296,1.5486121890474849
3012297,123.15302466812939
3012298,280.6469473168534
3012299,5.616242975180183
3012300,4.8107332264657785
3012301,206.38302810756005
3012302,67.72272933762962
3012303,1979.7791089661116
3012304,2.9670457493620037
3012305,7.420863088708105
3012306,12.07991866213225
3012307,1.178525313013613
3012308,14.253113890288228
3012309,9354.370747007692
3012310,0.0020291341060527583
3012311,1393.3905884694404
3012312,52.96784954579483
3012313,2189.739838224502
3012314,2658.5410111510573
3012315,397.01198922256464
3012316,492.7900670578194
3012317,273.7699013289653
3012318,10657.39037343279
3012319,75.1949621621171
3012320,2.8322797652838125
3012321,62.2653176373348
3012322,57.93496533102657
3012323,0.3003484215530077
3012324,578.246553553101
3012325,47.78489368736227
3012326,60.87425175441598
3012327,23.70767629518903
3012328,234.67720774137757
3012329,28.50105411757605
3012330,767.8829694769681
3012331,636.623846253896
3012332,20.001071756770717
3012333,25.587523103086095
3012334,1190.3658261428282
3012335,252.2744176068621
3012336,8246.343403449211
3012337,1.6483587496455574
3012338,86.41726458685083
3012339,3.2976789451223096
3012340,0.49998043582395707
3012341,0.883209819253907
3012342,2005.5841037833293
3012343,0.0020291341060527583
3012344,183.7424393141159
3012345,5.245431083828713
3012346,810.0680281556643
3012347,335.1593492987376
3012348,127.93292618866859
3012349,149.87564056535052
3012350,39.46442563820501
3012351,3375.9932193991463
3012352,5.2347025256183075
3012353,0.2797313348428457
3012354,13.90956218565023
3012355,9.121510272342892
3012356,0.22526131616475575
3012357,189.66888068978218
3012358,0.5626164876847991
3012359,15.883214370733135
3012360,3.50085951868429
3012361,39.97484932984829
3012362,0.8237298877912154
3012363,72.1355414214402
3012364,98.91555590437626
3012365,2.427666318303692
3012366,4.845593612164805
3012367,116.14571327327435
3012368,22.633215017928904
3012369,961.3145480172368
3012370,0.09419192855117473
3012371,5.183952205509011
3012372,8.851664536907254
3012373,0.21427732963883875
3012374,2.460370210778741
3012375,4564.159729708719
3012376,0.0020291341060527583
3012377,659.6183419336611
3012378,11.041082211415683
3012379,1745.8815652076246
3012380,848.3551445756934
3012381,275.008705441447
3012382,330.1300678067054
3012383,70.05602312655228
3012384,7207.34807632304
3012385,13.086756314045768
3012386,0.2797313348428457
3012387,25.63293430614616
3012388,22.031316344274945
3012389,0.07508710538825193
3012390,309.12754323589434
3012391,1.5003106338261307
3012392,6.819323693644981
3012393,11.152222590447892
3012394,17.591291606505134
3012395,1.5815613845591334
3012396,391.6779909903727
3012397,313.07532381272114
3012398,4.348059077558852
3012399,7.250960225397695
3012400,146.73434294303593
3012401,69.18321687497298
3012402,2250.4418840480257
3012403,2.6844699637084797
3012404,6.426680473952952
3012405,1.596770857638171
3012406,0.18517793919405817
3012407,1.0409258584063903
3012408,1340.0188176146578
3012409,0.0020291341060527583
3012410,135.8076589698171
3012411,3.851540306307796
3012412,854.2924644977668
3012413,189.21933621119345
3012414,100.05314744850735
3012415,212.6821704501097
3012416,15.35890056494265
3012417,2684.2360277187663
3012418,1.7859573322697753
3012419,0.31469775169820136
3012420,10.23875294366457
3012421,4.429751252238954
3012422,0.05005807025883462
3012423,92.40316920853387
3012424,11.704506708613023
3012425,15.883214370733135
3012426,0.4330960229300152
3012427,33.374746546877596
3012428,0.2965427596048375
3012429,75.15169792454175
3012430,82.10324264161207
3012431,0.6522088616338277
3012432,1.2549738851649856
3012433,61.78840125638971
3012434,11.682784331288417
3012435,349.4237783689214
3012436,50.277558306649254
3012437,2.343430449065717
3012438,7.671442598652953
3012439,0.18517793919405817
3012440,2.239567755965264
3012441,2821.6176938883605
3012442,0.0020291341060527583
3012443,264.67936562150356
3012444,10.160730141402473
3012445,1181.423241860524
3012446,501.6496625059616
3012447,197.32071170892513
3012448,195.80920117511664
3012449,51.67053517171504
3012450,4600.423897798314
3012451,3.541122296741796
3012452,0.6993283371071142
3012453,30.680206884008978
3012454,17.925039950920414
3012455,0.20023228103533847
3012456,237.6874992255846
3012457,11.704506708613023
3012458,15.883214370733135
3012459,13.822981398516319
3012460,32.606407542694875
3012461,1.383866211489242
3012462,268.9540990513534
3012463,237.49378683820188
3012464,1.8841589336088356
3012465,4.322687826679394
3012466,227.41831284635842
3012467,29.22439781976028
3012468,2096.5131770900693
3012469,50.277558306649254
3012470,0.9941826147551528
3012471,3.818365094352148
3012472,0.4285546592776775
3012473,1.766419638507814
3012474,3019.0317103859506
3012475,0.0020291341060527583
3012476,776.9065800688645
3012477,9.390422080140914
3012478,1088.070513843158
3012479,718.3238364345094
3012480,247.33542751192604
3012481,124.64698038195624
3012482,53.11767900216945
3012483,6110.813408435144
3012484,6.989867490090328
3012485,4.440734940630175
3012486,32.77121980912358
3012487,39.053923249390394
3012488,0.10011614051766923
3012489,215.62327443961897
3012490,1.9879115898196233
3012491,6.197561827459704
3012492,3.5369508539284573
3012493,32.949313770778176
3012494,2.405291272350349
3012495,179.93619184127803
3012496,282.2118639737734
3012497,3.6596163902787
3012498,6.623473282815202
3012499,155.25088325306533
3012500,31.406253697081855
3012501,1069.9582809470626
3012502,5.274747998865784
3012503,3.3731195857764114
3012504,4.234914013736019
3012505,0.18517793919405817
3012506,0.5677777409489402
3012507,1830.1976593914771
3012508,0.0020291341060527583
3012509,120.10257928157255
3012510,3.4113642713011907
3012511,553.0829528466553
3012512,207.73445283660766
3012513,101.61849729314176
3012514,153.7730335867852
3012515,42.57385561248833
3012516,2912.7062351357868
3012517,6.928282754494819
3012518,0.4895298359749799
3012519,10.382960731603509
3012520,8.859502504477907
3012521,0.15017421077650386
3012522,106.4660928478608
3012523,11.704506708613023
3012524,15.883214370733135
3012525,0.3970046876858473
3012526,47.69765000889132
3012527,0.691933105744621
3012528,202.35295916139083
3012529,94.87834272533493
3012530,1.1232485950360365
3012531,1.4292758136601225
3012532,59.687169138864945
3012533,20.50590205014206
3012534,632.9008547309675
3012535,0.09419192855117473
3012536,0.8166500049774469
3012537,5.06801185250376
3012538,0.18517793919405817
3012539,0.883209819253907
3012540,4566.162204615112
3012541,0.0020291341060527583
3012542,605.0216222023183
3012543,11.517939582672838
3012544,1053.798404959649
3012545,747.6615301301857
3012546,235.7767951627427
3012547,142.08085452248113
3012548,77.6160657537987
3012549,5981.111635328231
3012550,7.143829329079101
3012551,0.4545634191196242
3012552,30.680206884008978
3012553,10.928093321802516
3012554,0.12514517564708655
3012555,234.00004881115953
3012556,11.704506708613023
3012557,27.83466364613481
3012558,3.32040284246345
3012559,62.91689283527603
3012560,0.9555266698378099
3012561,244.7163659424116
3012562,247.19759424454944
3012563,2.862472226059577
3012564,3.6603404983978747
3012565,130.74872461107
3012566,46.92399045157762
3012567,2208.830529361559
3012568,1.318686999716446
3012569,1.4202608782216468
3012570,3.922502324198116
3012571,0.18517793919405817
3012572,6.626597101030741
3012573,3225.9341576161114
3012574,0.0020291341060527583
3012575,578.9741833724282
3012576,7.959849966369445
3012577,1021.7090087117618
3012578,1047.2824305529848
3012579,173.69688516507787
3012580,128.33971892542664
3012581,88.43866113121328
3012582,4716.536126304987
3012583,54.37932153083488
3012584,1.6084551753463625
3012585,33.996986006604544
3012586,29.95782395322314
3012587,0.20023228103533847
3012588,254.5989563488787
3012589,24.830140989822464
3012590,24.38488813052617
3012591,1.8045667622083967
3012592,115.32832452962678
3012593,9.456419111843152
3012594,226.1805014776767
3012595,298.5154312291666
3012596,13.841321396895678
3012597,15.233988550474965
3012598,260.8386865851558
3012599,70.10880719011077
3012600,2625.5158138764195
3012601,50.277558306649254
3012602,12.589334379631458
3012603,6.2135213808094045
3012604,0.18517793919405817
3012605,7.303514341073201
3012606,3292.6456064925997
3012607,0.0020291341060527583
3012608,513.6097349956589
3012609,14.269039801464121
3012610,1323.9505113148828
3012611,952.1019004345129
3012612,158.84062962836686
3012613,94.33400011216594
3012614,87.5367100142127
3012615,5132.532499289201
3012616,27.37441497220397
3012617,1.188858173082094
3012618,44.86015867204472
3012619,68.15120792834139
3012620,0.16964123809938397
3012621,356.56672458453
3012622,24.830140989822464
3012623,19.2123361028388
3012624,10.14166520361119
3012625,107.02514327004592
3012626,11.927608775216799
3012627,170.7345033272401
3012628,485.74824864463915
3012629,8.76858580641035
3012630,10.77185918099946
3012631,137.30312162133225
3012632,84.2050463573205
3012633,2173.8361788748134
3012634,3.7205811777714013
3012635,16.61090964689496
3012636,9.754187195572307
3012637,0.3214159944582581
3012638,2.933518328236191
3012639,5028.346085139726
3012640,0.0020291341060527583
3012641,773.0803890884307
3012642,7.372948586360638
3012643,2646.7202731157777
3012644,837.0975552724
3012645,222.08487023796093
3012646,480.9800566274146
3012647,56.03585084381581
3012648,8140.435091129193
3012649,28.883240994293956
3012650,1.783287259623141
3012651,26.606336874733994
3012652,17.930877607609414
3012653,0.05005807025883462
3012654,384.2175347289818
3012655,6.263796896224096
3012656,15.62075524932826
3012657,8.192733100426121
3012658,53.209076044155516
3012659,3.657360701792996
3012660,167.75676983180233
3012661,349.4318467065978
3012662,7.754038688313286
3012663,10.667278023902378
3012664,245.78143932106
3012665,56.539305639789816
3012666,2696.560770647609
3012667,6.465333975752633
3012668,17.288054527109086
3012669,4.373763653530642
3012670,0.4285546592776775
3012671,4.746937346411444
3012672,2918.81884240009
3012673,0.008116536424211033
3012674,407.4344083864201
3012675,8.216619320123298
3012676,885.6377227882855
3012677,932.3190966451643
3012678,219.50812232713034
3012679,143.9472068913913
3012680,72.29168816737216
3012681,4515.326175384186
3012682,25.46528816874318
3012683,1.7133544259124296
3012684,16.04311640820681
3012685,12.46511398885845
3012686,0.10011614051766923
3012687,254.33069213511163
3012688,22.204597380626737
3012689,23.470014982771943
3012690,2.1654801146500757
3012691,94.11563325895312
3012692,7.578314967679181
3012693,389.7049900783899
3012694,273.58234693778525
3012695,6.703257744569896
3012696,9.83062876712572
3012697,398.261814639283
3012698,53.02003240678686
3012699,2382.020960553082
3012700,0.04709596427558736
3012701,26.867501111582357
3012702,3.922502324198116
3012703,0.24999021791197854
3012704,2.7758022890837073
3012705,6304.448284988556
3012706,0.0020291341060527583
3012707,502.31779368173545
3012708,11.444576910171737
3012709,2496.1010210962468
3012710,790.8053696459044
3012711,303.46727836141656
3012712,186.6920853571176
3012713,56.606141740563984
3012714,8927.091690255671
3012715,10.43861268343886
3012716,2.5525484304409667
3012717,31.24189621803114
3012718,23.694018325929285
3012719,0.17520324590592115
3012720,476.22337558060116
3012721,11.704506708613023
3012722,0.1759371437988901
3012723,8.770194464332809
3012724,42.67801483119257
3012725,2.1416977082571598
3012726,142.15080556331475
3012727,354.8377957191688
3012728,3.587148738986053
3012729,10.49297609540724
3012730,192.65235298224465
3012731,60.750478522699765
3012732,1912.647227510065
3012733,50.277558306649254
3012734,6.391173951997411
3012735,7.879717058344888
3012736,0.03571288827313979
3012737,7.946995780815333
3012738,3103.3445377033872
3012739,0.0020291341060527583
3012740,566.2761594950506
3012741,12.104840962681644
3012742,1387.3824046734844
3012743,920.5975675276868
3012744,252.92896626954675
3012745,138.6758036710986
3012746,110.67150808649441
3012747,5266.967493260545
3012748,40.830679699822795
3012749,1.6084551753463625
3012750,27.687895284276024
3012751,36.914593768657944
3012752,0.07508710538825193
3012753,279.8326856554345
3012754,22.654690570774576
3012755,21.323581828425485
3012756,9.915011618277815
3012757,151.59823711813104
3012758,11.729913602146905
3012759,234.96963406944874
3012760,516.5531678471223
3012761,14.457296432883181
3012762,9.15433728456459
3012763,210.79506032422574
3012764,66.09237069845898
3012765,2264.713616462222
3012766,0.9419192855117472
3012767,7.363555562271861
3012768,3.818365094352148
3012769,0.18517793919405817
3012770,4.3964923074146265
3012771,3199.7710849170066
3012772,0.0020291341060527583
3012773,518.6586882656762
3012774,10.417499495156324
3012775,778.2861583085263
3012776,1012.7018874023073
3012777,187.01397045114595
3012778,135.574978247397
3012779,90.48129960714995
3012780,3886.0709474441874
3012781,28.883240994293956
3012782,1.1538917562267383
3012783,29.166025110650136
3012784,22.71706930944713
3012785,0.05005807025883462
3012786,222.47414781815087
3012787,18.528836327752717
3012788,38.88210877955472
3012789,5.161060939916014
3012790,71.49965382895233
3012791,9.818860262471286
3012792,240.16643595374165
3012793,265.12984563586866
3012794,9.746899098861093
3012795,9.098560667446145
3012796,235.1021118370974
3012797,56.76846258259847
3012798,2527.292398877911
3012799,0.2354798213779368
3012800,15.552176175224632
3012801,6.42179584050134
3012802,0.10713866481941937
3012803,3.6590121083376146
3012804,6403.400902772549
3012805,0.0020291341060527583
3012806,664.9387596789268
3012807,18.41403079777632
3012808,1419.829718853557
3012809,881.0319599489894
3012810,325.96929647777733
3012811,238.29774473915032
3012812,56.375375583762214
3012813,7466.204477361758
3012814,9.484049281708463
3012815,0.13986566742142284
3012816,18.206233227290877
3012817,20.328780940507443
3012818,0.10011614051766923
3012819,270.8468480869858
3012820,11.704506708613023
3012821,8.807061544284842
3012822,1.4075620745225494
3012823,86.16984247874001
3012824,3.360817942188159
3012825,217.19861369259053
3012826,330.52113039151305
3012827,3.9494869954492904
3012828,2.823691241621218
3012829,266.1588435473988
3012830,144.0652610727654
3012831,2103.2928506448866
3012832,3.6263892492202263
3012833,0.9586760927996115
3012834,15.863571346535743
3012835,0.18517793919405817
3012836,15.897461314492018
3012837,11515.311672223132
3012838,0.0020291341060527583
3012839,1872.3781048682688
3012840,29.89528904419861
3012841,2858.258054576674
3012842,3223.0656867223074
3012843,640.8091421344105
3012844,631.3280562656424
3012845,350.39494523156185
3012846,13658.435429889325
3012847,86.49576114389308
3012848,5.140063277737289
3012849,131.4854163674947
3012850,126.26851418300663
3012851,0.22526131616475575
3012852,798.4053176723281
3012853,34.83571260680893
3012854,29.24075329937554
3012855,35.11975649939493
3012856,359.91006540515104
3012857,26.12871204073735
3012858,921.0549383492373
3012859,719.8546930597907
3012860,43.77046138075911
3012861,37.858378869143735
3012862,1240.8247811250203
3012863,309.29637980018964
3012864,9943.029072472329
3012865,336.37067988767103
3012866,98.85555425758994
3012867,17.633904253917194
3012868,0.18517793919405817
3012869,13.867025026442949
3012870,10692.509981517409
3012871,0.004058268212105517
3012872,1421.3162438548072
3012873,28.868211629183193
3012874,3039.165723316471
3012875,2847.908280815235
3012876,821.5491373025799
3012877,392.97794203044737
3012878,260.20775093948254
3012879,15708.6195990386
3012880,138.28852377971657
3012881,2.0630185944659867
3012882,77.51168601717897
3012883,85.67344956772101
3012884,0.6507549133648499
3012885,752.7460051878296
3012886,29.245180107514315
3012887,39.26917049591228
3012888,4.654338593087897
3012889,240.40050805705866
3012890,20.329653630687194
3012891,1215.6291953503944
3012892,900.1643833009844
3012893,26.523160373108993
3012894,31.304626357726583
3012895,1363.89495899668
3012896,260.1981366970812
3012897,6797.2179290657095
3012898,587.0267047937731
3012899,94.06718003565501
3012900,13.051866140694615
3012901,0.18517793919405817
3012902,19.175746904315538
3012903,6998.214280439628
3012904,0.02029134106052758
3012905,1072.6742825878985
3012906,16.286513295244394
3012907,2832.299167790189
3012908,2068.5820344801855
3012909,949.7494865204987
3012910,155.7303435014573
3012911,202.97489357463797
3012912,13351.232945602784
3012913,47.204699833958024
3012914,3.146977516982014
3012915,47.985141436681495
3012916,25.60396223794115
3012917,0.3504064918118423
3012918,729.5678419726574
3012919,34.13206691954448
3012920,28.149943007822422
3012921,9.276916811160925
3012922,137.50135534476556
3012923,10.378996586169313
3012924,1086.5521631564923
3012925,898.7074880565885
3012926,26.631861850047965
3012927,46.40265940397534
3012928,863.58425423966
3012929,144.15558552591423
3012930,3102.390848671032
3012931,368.9634419645912
3012932,52.77458659484146
3012933,18.224015223044344
3012934,0.18517793919405817
3012935,20.01227277598031
3012936,10199.85520066996
3012937,0.012174804636316549
3012938,1359.0307419708583
3012939,23.989593907859987
3012940,2759.445783790449
3012941,2712.240854584137
3012942,772.0273809796275
3012943,361.9696877934315
3012944,202.24725791780855
3012945,14684.016720451868
3012946,50.77661449849758
3012947,1.9930857607552752
3012948,75.95640502425753
3012949,80.66474012856152
3012950,0.5005807025883462
3012951,725.2708844528976
3012952,34.3942462028056
3012953,31.035312166124218
3012954,7.8444517153199005
3012955,228.30009505957696
3012956,14.53059522063704
3012957,955.4404766420012
3012958,883.0248696951236
3012959,25.32744412678031
3012960,32.873343714182816
3012961,1218.111392139069
3012962,236.592180622925
3012963,6036.230116551382
3012964,436.3064322418964
3012965,75.15051253702178
3012966,14.093238439154291
3012967,0.18517793919405817
3012968,21.041843079567723
3012969,5772.689193664647
3012970,0.0020291341060527583
3012971,967.5168252560102
3012972,20.10137226530164
3012973,2533.860154925626
3012974,1620.3971330389486
3012975,721.1180224878972
3012976,124.51536756952804
3012977,156.74868508971468
3012978,11549.191042020662
3012979,45.29557303049723
3012980,0.5244962528303356
3012981,36.59272618950542
3012982,76.04131603087585
3012983,0.15017421077650386
3012984,689.3724701242303
3012985,28.19608789681139
3012986,13.37122292871565
3012987,2.788055647611973
3012988,134.2589041153649
3012989,6.425093124771479
3012990,961.1222607608726
3012991,988.2669958117106
3012992,19.385096720783213
3012993,26.75883206257342
3012994,934.1111777670055
3012995,100.71138984252728
3012996,2214.9478510029494
3012997,335.5794676878412
3012998,25.33855473414828
3012999,12.6700296312594
3013000,0.18517793919405817
3013001,11.421795555422847
3013002,7595.558254437474
3013003,0.0020291341060527583
3013004,1343.0248396694624
3013005,28.20794757667329
3013006,2022.7264262619944
3013007,2720.7477604745263
3013008,497.75289716021126
3013009,464.26247315976485
3013010,258.0295928303004
3013011,10479.641686027497
3013012,65.77249761600415
3013013,1.7483208427677854
3013014,57.69681491542925
3013015,68.47571296193564
3013016,0.3754355269412596
3013017,542.7420889388573
3013018,17.789933340593347
3013019,31.809435598839336
3013020,12.074717119288826
3013021,264.3796913230645
3013022,18.616295464081468
3013023,817.7729523564548
3013024,625.5986930530617
3013025,20.761982095343516
3013026,32.62932101428962
3013027,1042.9174839124705
3013028,222.83387083998144
3013029,7863.655253804452
3013030,300.81887837531565
3013031,84.20101892550814
3013032,6.24823379075806
3013033,0.4285546592776775
3013034,6.402640325434216
3013035,2141.2103505770865
3013036,0.0020291341060527583
3013037,379.79699640838504
3013038,26.557287445398515
3013039,992.89264597488
3013040,668.4438984012461
3013041,244.7933754307339
3013042,85.85841062071495
3013043,73.32873665585934
3013044,3752.953436408463
3013045,60.19907904461053
3013046,1.3287238405035169
3013047,31.897320614213612
3013048,21.50592724226521
3013049,0.2753193864235904
3013050,232.68541901800137
3013051,15.15313740164392
3013052,10.098792054056293
3013053,12.595876000214611
3013054,62.66897634817455
3013055,7.0511278394928025
3013056,254.73718780704792
3013057,280.1106732720973
3013058,3.768317867217671
3013059,7.669284853786023
3013060,242.41509628938678
3013061,58.753245511795626
3013062,1682.8648559671421
3013063,1.5541668210943829
3013064,10.316206922152059
3013065,11.07325877362123
3013066,0.18517793919405817
3013067,13.93137317041716
3013068,5417.057378895454
3013069,0.004058268212105517
3013070,687.9888366189622
3013071,34.993994783025116
3013072,2020.9420138132018
3013073,1447.7690462205549
3013074,533.2087807429662
3013075,112.38769480127294
3013076,121.88902377391592
3013077,9341.936270649578
3013078,116.79545105688375
3013079,1.678388009057074
3013080,61.07199819214009
3013081,36.35692585907375
3013082,0.15017421077650386
3013083,505.29422916392315
3013084,20.514122373963144
3013085,9.887667481497626
3013086,3.3925855129517855
3013087,136.65857402584174
3013088,9.258723938773262
3013089,595.2371152700068
3013090,636.2248639398963
3013091,14.565997909822153
3013092,26.18014965996956
3013093,435.52336482200656
3013094,86.78729012050017
3013095,2343.934391819906
3013096,333.7860533682268
3013097,20.116930215364007
3013098,8.261553567780103
3013099,0.18517793919405817
3013100,5.456974954675925
3013101,5393.952675816075
3013102,0.008116536424211033
3013103,1014.4272441645527
3013104,10.600906176409078
3013105,1561.285650543689
3013106,2026.6044525084103
3013107,291.454981215281
3013108,355.73358333020946
3013109,208.58136851293196
3013110,6996.476875172442
3013111,43.60199280162072
3013112,1.9930857607552752
3013113,39.38386792506356
3013114,41.57579093903714
3013115,0.2753193864235904
3013116,363.3071163536137
3013117,3.1506523310348746
3013118,49.43833740748813
3013119,6.821262361147739
3013120,165.03423282126133
3013121,10.609640954750853
3013122,658.9098479028153
3013123,348.57185688043927
3013124,22.791076331537646
3013125,10.91130072379557
3013126,1009.5110030969919
3013127,128.84259294960063
3013128,5837.528505418068
3013129,5.463131855968133
3013130,50.79900325165037
3013131,12.322905531772841
3013132,0.18517793919405817
3013133,8.300910572673505
3013134,5546.906318479268
3013135,0.0020291341060527583
3013136,1002.810368904888
3013137,14.12231445646192
3013138,1787.4497465775983
3013139,1505.8025342478475
3013140,414.32019874048933
3013141,228.28965841607433
3013142,269.51899220216524
3013143,8713.102958842052
3013144,51.300084751059416
3013145,3.6015409361016375
3013146,55.664206144429926
3013147,49.38657558891522
3013148,0.20023228103533847
3013149,403.26125312820005
3013150,9.752019119869852
3013151,59.32600488898576
3013152,11.116131255203724
3013153,268.76538787477824
3013154,10.675539345774151
3013155,511.637565359626
3013156,408.6380344548209
3013157,16.703793622955256
3013158,28.097470873416064
3013159,521.3838465610116
3013160,135.79444276342144
3013161,5204.0448446006185
3013162,6.6876269271334055
3013163,9.735852788832869
3013164,9.89303683536693
3013165,0.03571288827313979
3013166,3.438209653524138
3013167,2659.38902750192
3013168,0.0020291341060527583
3013169,544.1832494337685
3013170,8.803520700132106
3013171,1155.6193262905783
3013172,666.4445997544863
3013173,256.17242080566785
3013174,94.67853627035502
3013175,101.07640135639423
3013176,4214.794300506088
3013177,15.673315209057167
3013178,1.678388009057074
3013179,32.62556994330525
3013180,25.358780657003273
3013181,0.07508710538825193
3013182,234.169318799947
3013183,6.52635125714367
3013184,14.28609607646988
3013185,8.264915770914456
3013186,94.58755037638407
3013187,3.591462310769699
3013188,298.5453649882435
3013189,261.3630344443067
3013190,5.435073846948565
3013191,6.797775211310339
3013192,206.37822998791955
3013193,69.83253556591107
3013194,2165.227809751896
3013195,0.4709596427558736
3013196,4.26078263466494
3013197,7.01190680962849
3013198,0.18517793919405817
3013199,1.4017801559872722
3013200,4537.319533627672
3013201,0.0020291341060527583
3013202,272.7659581775957
3013203,5.208749747578162
3013204,1367.6951926659176
3013205,301.97465348165844
3013206,249.2161335462278
3013207,70.64024851350396
3013208,27.0975927227154
3013209,5197.171309191811
3013210,10.253858476652331
3013211,0.9790596719499598
3013212,25.236362889314087
3013213,10.851173610135731
3013214,0.05005807025883462
3013215,244.85393781275425
3013216,11.704506708613023
3013217,15.883214370733135
3013218,4.150503553079313
3013219,27.07409723813681
3013220,1.1202726473960527
3013221,54.54620250185809
3013222,201.4508744968141
3013223,0.14493530258529505
3013224,2.4402269989319163
3013225,68.09209732676315
3013226,89.62613651167533
3013227,1040.4083264993653
3013228,50.277558306649254
3013229,2.9825478442654583
3013230,7.671442598652953
3013231,0.07142577654627957
3013232,6.276152062033923
3013233,4168.508704592761
3013234,0.0020291341060527583
3013235,612.6228400262767
3013236,14.12231445646192
3013237,1395.17756040965
3013238,1231.6558476632224
3013239,390.3028300608419
3013240,182.4318957611098
3013241,119.44085555571466
3013242,6663.612661708487
3013243,32.516740394429014
3013244,1.3986566742142283
3013245,31.20548375157656
3013246,61.925862156880925
3013247,0.16964123809938397
3013248,368.88018714213683
3013249,26.893068111333395
3013250,19.03639895903991
3013251,10.408741084418033
3013252,98.9510152865914
3013253,7.1499754260277495
3013254,473.7421436633905
3013255,382.38186208810555
3013256,10.181705006616976
3013257,15.373430093271075
3013258,564.6950813057133
3013259,99.75821371853864
3013260,2722.3428242501104
3013261,50.277558306649254
3013262,38.87825689348088
3013263,5.796972461425534
3013264,0.07142577654627957
3013265,5.340895949859698
3013266,4408.477053528278
3013267,0.016233072848422066
3013268,714.2851925631292
3013269,19.514470885292834
3013270,1086.8914900665477
3013271,1600.8560027123954
3013272,209.38944631995395
3013273,270.18525525186465
3013274,170.2688729529936
3013275,4898.581576842314
3013276,35.103299289440415
3013277,3.181943933837369
3013278,31.533195949667796
3013279,31.76165987012324
3013280,0.6006968431060155
3013281,251.66494320989506
3013282,16.0533237819396
3013283,44.05466080724209
3013284,9.44113238652189
3013285,173.37008785699555
3013286,12.553643489938123
3013287,474.6754704010187
3013288,286.7278559296145
3013289,7.681571037020637
3013290,14.955105464882745
3013291,651.558156282453
3013292,130.52132215204097
3013293,5057.375137833325
3013294,0.5180556070314609
3013295,43.143690918028526
3013296,5.033299442555105
3013297,0.6071191006433764
3013298,9.909614172028837
3013299,5369.010514016957
3013300,0.004058268212105517
3013301,918.7493131919609
3013302,22.485659121587418
3013303,1326.368614528856
3013304,1811.2657075477625
3013305,316.71572685307893
3013306,324.65642186155577
3013307,127.24747234209973
3013308,6794.213357372375
3013309,36.73529478272141
3013310,4.056104355221262
3013311,42.45693588604232
3013312,57.127308358525326
3013313,0.16964123809938397
3013314,371.7094623639066
3013315,33.94452809031621
3013316,36.841237911487596
3013317,24.01445264476446
3013318,148.3355753055428
3013319,18.78104144163971
3013320,457.3137977434921
3013321,381.4507872033828
3013322,20.580812967111896
3013323,20.139542026042097
3013324,640.2301549117886
3013325,151.11695468165203
3013326,4874.720623689318
3013327,1.459974892543208
3013328,41.73983391092425
3013329,12.808879271054025
3013330,0.35712888273139787
3013331,6.97704214002756
3013332,4688.214303447261
3013333,0.0020291341060527583
3013334,571.4086557470155
3013335,16.8734146752532
3013336,2148.77083287215
3013337,996.7287361992019
3013338,601.1593222551872
3013339,214.9133866105421
3013340,84.0191112144544
3013341,9981.149907812098
3013342,11.054460039393954
3013343,1.2587910067928054
3013344,51.84269976404808
3013345,41.378684177890996
3013346,0.16964123809938397
3013347,443.75090473757325
3013348,13.315256875206911
3013349,6.306290982327418
3013350,7.8780166570969765
3013351,56.29590578301146
3013352,3.2949195511648615
3013353,368.3780704309073
3013354,523.3797726624682
3013355,8.225078421715494
3013356,7.948167939378242
3013357,442.1311960235643
3013358,105.96058662252406
3013359,2454.1412586427514
3013360,124.56505783178652
3013361,17.974147033102746
3013362,4.998633182643558
3013363,0.18517817514886525
3013364,3.0581384870237343
3013365,2641.481667072919
3013366,0.004058268241973712
3013367,379.12110393269194
3013368,13.393439544504059
3013369,688.3578127177375
3013370,830.9667224720074
3013371,141.82085046520035
3013372,131.27075520916563
3013373,95.66997279446011
3013374,3401.297938047756
3013375,18.200125625976522
3013376,1.713355500470841
3013377,23.542036202226587
3013378,23.117731397237186
3013379,0.35041583802030113
3013380,177.78836860172936
3013381,15.078278820417191
3013382,20.102464788857034
3013383,6.604556623820244
3013384,92.52490940228036
3013385,5.884667218850281
3013386,302.48073083913016
3013387,164.66501106506917
3013388,4.058365892909367
3013389,8.296773452631317
3013390,310.4446668093857
3013391,62.85161979454228
3013392,3587.9122546149247
3013393,50.30891641958512
3013394,26.55718544117422
3013395,1.3537964869659638
3013396,0.18517817514886525
3013397,2.176274294602286
3013398,1617.1360856532647
3013399,0.002029134120986856
3013400,107.34768872813797
3013401,4.806960494054882
3013402,1072.1800798982483
3013403,476.4289962413129
3013404,278.9447827658968
3013405,49.76229704687609
3013406,26.832597077659823
3013407,3892.7167527095726
3013408,5.173639771851194
3013409,0.41959726542143044
3013410,10.310907126855748
3013411,8.18529776566467
3013412,0.05005940543147159
3013413,172.67626241899697
3013414,4.050880877127007
3013415,15.885905540914193
3013416,1.804523667710449
3013417,14.613935870532373
3013418,0.3945028303139853
3013419,186.18303853744905
3013420,195.00867776017094
3013421,0.9421206537111031
3013422,3.9740847630250844
3013423,153.23530244347234
3013424,27.655153594822785
3013425,274.8837931530893
3013426,1.8562670649362116
3013427,1.8108600299553888
3013428,8.261629843535882
3013429,0.2142776026722584
3013430,4.45978529357628
3013431,6178.71446877214
3013432,0.002029134120986856
3013433,800.4719116532868
3013434,14.457575837081091
3013435,2303.1193178002427
3013436,1035.961182627093
3013437,578.3947807918428
3013438,310.78816428367156
3013439,66.67510507433886
3013440,11057.918452072905
3013441,28.97854181733318
3013442,0.8042280920577417
3013443,27.964910629928205
3013444,21.885266483620363
3013445,0.10011881086294318
3013446,523.7872982997648
3013447,13.16536285066277
3013448,2.3227637886284382
3013449,10.32187537930377
3013450,41.076461995439466
3013451,2.334141746024413
3013452,652.1436910290281
3013453,459.2637845121498
3013454,2.935068190407667
3013455,15.75689748146788
3013456,442.5820935017567
3013457,104.19467969930962
3013458,1600.5755740350842
3013459,20.724309904721956
3013460,10.79414606091055
3013461,5.97058963482425
3013462,0.18517817514886525
3013463,0.883125800708174
3013464,1907.02897431378
3013465,0.002029134120986856
3013466,207.4504288824187
3013467,12.402691961759922
3013468,1356.9373532508334
3013469,640.1087759045724
3013470,228.38801306705795
3013471,64.86498020655738
3013472,31.701618245404987
3013473,4211.407904527032
3013474,8.53034652858798
3013475,0.4545637042065497
3013476,15.754777672853015
3013477,19.745537066861825
3013478,0.22526732444162215
3013479,177.40417501789918
3013480,8.101761754254014
3013481,15.885905540914193
3013482,5.667647935544979
3013483,39.49395173430864
3013484,1.5780113212559412
3013485,159.6768728768366
3013486,200.2629727270028
3013487,1.775535078147848
3013488,7.041799316939185
3013489,167.4477540259474
3013490,32.258533512246
3013491,373.6663802078648
3013492,3.958528394380345
3013493,3.550705941088997
3013494,4.963920452208534
3013495,0.18517817514886525
3013496,3.6952506718203453
3013497,1893.6520770025934
3013498,0.002029134120986856
3013499,135.67884141481707
3013500,7.962675016869536
3013501,1048.5069765725275
3013502,441.82555288968433
3013503,172.83282998016412
3013504,51.7458291669264
3013505,25.098183294356147
3013506,4231.301258856945
3013507,14.443077696417918
3013508,0.06993287757023842
3013509,17.19686258569997
3013510,9.168797211916708
3013511,0.025029702715735794
3013512,149.33067340683613
3013513,1.6503588758665582
3013514,15.885905540914193
3013515,2.9233283416909273
3013516,41.45724931104406
3013517,0.9862570757849632
3013518,161.06856987383037
3013519,212.48930623641195
3013520,0.5435311463717902
3013521,5.682244003272708
3013522,100.63766310527018
3013523,23.435388670518176
3013524,204.85612918013896
3013525,3.7841646436754965
3013526,2.0594094458316183
3013527,3.714262156547644
3013528,0.18517817514886525
3013529,2.2708949161067333
3013530,1955.8887854281265
3013531,0.002029134120986856
3013532,185.07907236326201
3013533,10.531279861021
3013534,1748.3390591767748
3013535,597.7607523742458
3013536,272.07174424822745
3013537,41.23658881157215
3013538,34.52037393975802
3013539,4595.747650016501
3013540,10.039324795377913
3013541,0.349664387851192
3013542,13.231129075370838
3013543,21.642482227859123
3013544,0.10011881086294318
3013545,210.10557049363953
3013546,1.1627528443605297
3013547,15.885905540914193
3013548,3.139871181816181
3013549,20.742621709195713
3013550,2.038264623288924
3013551,259.0472616426034
3013552,293.1856165796333
3013553,1.1957685220179386
3013554,4.81073418681984
3013555,92.16524915572407
3013556,92.2070947095983
3013557,421.56766459340264
3013558,2.548538280572488
3013559,4.793453020470146
3013560,4.0613894608978915
3013561,0.928536278246453
3013562,3.469422788496398
3013563,2212.8259678846252
3013564,0.002029134120986856
3013565,169.9455286466892
3013566,3.0456314580653068
3013567,1097.510462698251
3013568,531.3550967994537
3013569,278.52076460770485
3013570,97.84012500656688
3013571,53.20896381314331
3013572,4035.1819059164072
3013573,7.606482283614553
3013574,1.0839596023386955
3013575,14.273756467359188
3013576,17.931351461223027
3013577,0.12514851357867895
3013578,232.49287190356432
3013579,9.189498286075153
3013580,15.885905540914193
3013581,3.861680648900361
3013582,24.378482880336033
3013583,1.939638915710428
3013584,128.72190050062088
3013585,211.1566522632631
3013586,1.0145914732273418
3013587,5.403360862007791
3013588,116.67296500734743
3013589,44.76821843784358
3013590,669.6698965504498
3013591,3.511780189871706
3013592,4.970988317524596
3013593,4.79035680003341
3013594,0.2142776026722584
3013595,1.3562289082304102
3013596,1716.690796910073
3013597,0.002029134120986856
3013598,170.2637840454817
3013599,5.9077911415483655
3013600,1079.5879569068072
3013601,420.5142258731257
3013602,178.02916546531537
3013603,161.71006599778548
3013604,28.65151602185383
3013605,3192.253935200685
3013606,4.988866922856509
3013607,0.38463082663631126
3013608,12.185617513556792
3013609,13.31845060175946
3013610,0.20023762172588636
3013611,166.11557409564892
3013612,11.704628542604112
3013613,15.885905540914193
3013614,3.0676902351077633
3013615,31.714625397355803
3013616,1.5122608495369436
3013617,56.36632260975021
3013618,151.79291191438267
3013619,1.050826882985461
3013620,3.1374353392303305
3013621,69.87514701092361
3013622,36.54804661711763
3013623,588.6655580876094
3013624,50.30891641958512
3013625,0.9941976635049192
3013626,8.817033530496277
3013627,0.7499716093529043
3013628,3.026282877783904
3013629,3739.1486466479787
3013630,0.002029134120986856
3013631,375.4343340060572
3013632,7.338870983289895
3013633,1379.0077178556435
3013634,1172.672246916305
3013635,565.1598569418553
3013636,199.988756033844
3013637,82.94603851969612
3013638,6931.717921525101
3013639,16.22921523669988
3013640,1.5734897453303645
3013641,24.839912623788848
3013642,26.15133269199644
3013643,0.20023762172588636
3013644,310.67136664663263
3013645,0.6751468128545011
3013646,15.885905540914193
3013647,7.957227565135996
3013648,44.82969605039768
3013649,3.7477768879828606
3013650,257.9739560311629
3013651,310.432751812671
3013652,2.5002432733102355
3013653,8.993981305793612
3013654,386.8539995507545
3013655,59.948561197352284
3013656,1515.3760458005363
3013657,9.2035785169343
3013658,15.161514368450018
3013659,3.9225385391577925
3013660,0.2142776026722584
3013661,3.95009554573899
3013662,2694.8026488961004
3013663,0.002029134120986856
3013664,640.9453226428519
3013665,9.503837923360413
3013666,736.1344770872438
3013667,986.3079877225337
3013668,234.44626582848105
3013669,183.63331574570987
3013670,46.36888044064302
3013671,4255.907892613093
3013672,12.102621609151901
3013673,1.014026724768457
3013674,26.85883150177459
3013675,18.440614617225737
3013676,0.15017821629441477
3013677,199.68638917666195
3013678,11.890085537493158
3013679,5.103041656835206
3013680,5.667647935544979
3013681,55.37504256031172
3013682,2.005389387429425
3013683,110.8433103991148
3013684,177.71972284178347
3013685,4.4931908100068
3013686,7.1812408875716445
3013687,195.91195568656866
3013688,56.91786325535421
3013689,1918.6670784467824
3013690,41.51082525564131
3013691,14.921451157526521
3013692,6.664844243524745
3013693,0.8213974769103238
3013694,3.153705314743226
3013695,3172.1426925187616
3013696,0.002029134120986856
3013697,194.0644355506953
3013698,7.338870983289895
3013699,1125.636922095147
3013700,560.0265212908032
3013701,325.42759727041306
3013702,60.79351953908569
3013703,33.56516500563363
3013704,5215.1491999987575
3013705,36.76979694994242
3013706,1.363691112619649
3013707,14.853474602323665
3013708,18.81835532633092
3013709,0.10011881086294318
3013710,198.2682181376688
3013711,9.939661411469045
3013712,15.885905540914193
3013713,4.403037749213495
3013714,52.44679147609647
3013715,2.761519812197897
3013716,149.77830596841113
3013717,215.8453359857381
3013718,1.449416390324774
3013719,5.612523217956479
3013720,147.56722507003752
3013721,26.504308615466982
3013722,496.8050924917481
3013723,3.284164807194836
3013724,4.580410664004806
3013725,7.393811582660263
3013726,0.18517817514886525
3013727,7.077622488532652
3013728,3837.3246911335223
3013729,0.002029134120986856
3013730,750.7899747265116
3013731,12.65955244617507
3013732,951.3412436626395
3013733,1042.7170929957442
3013734,248.60416873909088
3013735,173.0293261575931
3013736,85.96906323434946
3013737,5263.3679920684335
3013738,43.60639236274578
3013739,1.5734897453303645
3013740,20.946283359102065
3013741,30.937650877003747
3013742,0.10011881086294318
3013743,269.5741418151945
3013744,25.355513638313486
3013745,18.18090565462805
3013746,5.321901200811656
3013747,87.57872164024205
3013748,9.17219080480016
3013749,514.1272491264352
3013750,299.17140754270974
3013751,9.421206537111031
3013752,8.610516986554352
3013753,479.88412490350635
3013754,110.05439833558125
3013755,3620.0614814047376
3013756,50.30891641958512
3013757,35.225382015104564
3013758,8.226917113100855
3013759,0.03571293377870973
3013760,5.330295011417193
3013761,5182.330407992414
3013762,0.002029134120986856
3013763,582.7370524231171
3013764,8.806645179947875
3013765,2480.2234998367408
3013766,1224.852042446539
3013767,782.3229440159866
3013768,112.29575704214625
3013769,68.81995755120263
3013770,9117.858041466776
3013771,12.37978088264393
3013772,0.524496581776788
3013773,23.777456564248855
3013774,15.919710484915607
3013775,0.16964576285109814
3013776,371.42903077585004
3013777,2.7005872514180043
3013778,6.862711193674932
3013779,4.511309169276123
3013780,55.93829749127687
3013781,1.446510377817946
3013782,372.4331633602917
3013783,439.32520402947085
3013784,4.4931908100068
3013785,6.623474605041808
3013786,370.24360358289056
3013787,72.34598635657906
3013788,1142.469770255464
3013789,49.56878680510673
3013790,15.34370098731682
3013791,11.108073739207908
3013792,0.5356940066806459
3013793,4.068686724691231
3013794,4112.47524534222
3013795,0.002029134120986856
3013796,519.5308880035107
3013797,7.889286307036637
3013798,2303.6246827555333
3013799,1021.5156181803018
3013800,375.9916295128219
3013801,287.5773585981707
3013802,71.52428183748253
3013803,6730.841782824149
3013804,15.644101214883374
3013805,0.6643623369172649
3013806,40.30627331407247
3013807,31.278991117776975
3013808,0.20023762172588636
3013809,357.1236485726535
3013810,4.463470596093646
3013811,3.6249192458898354
3013812,11.512860999992665
3013813,89.87154021551218
3013814,2.1040150950079215
3013815,120.7800624855776
3013816,333.4105779281509
3013817,2.9713036001657867
3013818,5.647383610614594
3013819,186.6959429587007
3013820,161.13855965374896
3013821,1515.946036299138
3013822,0.8953814225384112
3013823,8.095609545682914
3013824,4.929207721773509
3013825,0.2142776026722584
3013826,2.3655155376111807
3013827,2126.003035371541
3013828,0.002029134120986856
3013829,161.40044254682311
3013830,9.687309697942661
3013831,912.2962777521963
3013832,514.1632273247556
3013833,164.63561515452
3013834,54.70372794244002
3013835,42.67886688645419
3013836,3947.2428270711443
3013837,10.100915745042808
3013838,0.8391945308428609
3013839,24.046765921723022
3013840,18.612314939546277
3013841,0.16964576285109814
3013842,178.12052541167222
3013843,1.4253099382483911
3013844,15.885905540914193
3013845,4.511309169276123
3013846,102.41593581274982
3013847,2.597143632900403
3013848,109.97460980425181
3013849,171.59035095900583
3013850,1.4131809805666546
3013851,6.414312249093119
3013852,164.19217827613778
3013853,30.235836275802466
3013854,554.1103404124893
3013855,3.124409911278772
3013856,2.6630294558167478
3013857,2.256327478276606
3013858,0.18517817514886525
3013859,1.5763795542640908
3013860,1695.359061958325
3013861,0.008116536483947424
3013862,292.3949701279004
3013863,14.604353256746892
3013864,602.6818834532307
3013865,623.8286796991396
3013866,136.48991019597418
3013867,49.78641503339746
3013868,51.627068601930326
3013869,2920.2538721153796
3013870,21.926378080702683
3013871,0.48953014299166886
3013872,13.663754549224924
3013873,16.09312781045935
3013874,0.20023762172588636
3013875,137.15812313076026
3013876,14.365623851292995
3013877,2.7450844774699728
3013878,2.9233283416909273
3013879,55.28127916461811
3013880,4.964160614784316
3013881,609.4069258799193
3013882,167.6530275833166
3013883,3.8771888441187707
3013884,6.205149893144431
3013885,330.2371475107368
3013886,33.27608975341232
3013887,1818.9550440260846
3013888,50.30891641958512
3013889,8.474576408528872
3013890,2.985294817412125
3013891,0.14285173511483892
3013892,4.510249625045318
3013893,4445.12386317249
3013894,0.002029134120986856
3013895,871.8990572254654
3013896,18.640732297556333
3013897,1213.5959687191416
3013898,1663.5695103926398
3013899,307.5169677855916
3013900,231.77385047035622
3013901,132.7130176823315
3013902,5543.357908650096
3013903,32.05808930057793
3013904,0.9440938471982186
3013905,21.162596096029105
3013906,33.14193961495481
3013907,0.16964576285109814
3013908,272.8754358468751
3013909,14.290607538753607
3013910,42.34187226325223
3013911,10.899322952971113
3013912,90.14777122656633
3013913,13.117219107940011
3013914,415.9681258227567
3013915,314.1076566627898
3013916,17.82782160099472
3013917,9.935211907562712
3013918,565.1079340211563
3013919,115.6862502239259
3013920,5654.95714154798
3013921,50.30891641958512
3013922,24.54439700579711
3013923,3.6101239652425696
3013924,0.1071388013361292
3013925,3.4063423741601
3013926,2783.147337080194
3013927,0.002029134120986856
3013928,468.82429428219797
3013929,8.109452436535333
3013930,511.5004448499773
3013931,791.6652666526389
3013932,175.03391387413131
3013933,135.16408731904377
3013934,92.51831677624273
3013935,2718.1383709722813
3013936,21.495241433048413
3013937,1.2238253574791722
3013938,21.12654397320793
3013939,17.925513650264126
3013940,0.07508910814720739
3013941,122.36346009257167
3013942,11.704628542604112
3013943,28.80895772323263
3013944,5.016575796235048
3013945,276.00166174095995
3013946,9.862570757849634
3013947,229.93067561590482
3013948,125.6583965497442
3013949,5.507782283234142
3013950,7.460124028836562
3013951,199.09715838096142
3013952,41.24426146749781
3013953,2762.478599479619
3013954,1.413760140850123
3013955,5.148523614579045
3013956,4.616793147858286
3013957,0.18517817514886525
3013958,0.3469422788496398
3013959,1137.5376048222213
3013960,0.002029134120986856
3013961,246.60119476235207
3013962,6.384817755462208
3013963,436.31118360238656
3013964,295.56979701948194
3013965,93.89623468845734
3013966,35.76352858454433
3013967,27.68126414452559
3013968,2028.9480463966693
3013969,16.167624287034982
3013970,0.7342952144875033
3013971,11.680887794060357
3013972,10.64541998387333
3013973,0.30035643258882955
3013974,92.82177807540297
3013975,0.15003262507877801
3013976,8.220472208300464
3013977,0.9022618338552245
3013978,22.997665103466975
3013979,0.19725141515699265
3013980,286.10809220005336
3013981,145.9967035248922
3013982,3.0437744196820256
3013983,1.5338572769570502
3013984,158.4264249034964
3013985,23.888751844203792
3013986,823.1646792503494
3013987,0.9425067605667488
3013988,2.6985365152276377
3013989,7.185535200050115
3013990,0.32141640400838756
3013991,2.867004831584751
3013992,3972.812123635024
3013993,0.02029134120986856
3013994,774.3066092767818
3013995,18.05362261889314
3013996,1007.1519681205526
3013997,1346.275342080402
3013998,337.3504877909093
3013999,247.72617584091884
3014000,111.0732638643353
3014001,5537.753999153418
3014002,26.668881204899606
3014003,3.042080174305371
3014004,25.124724394076125
3014005,29.317486635587155
3014006,0.17520791901015056
3014007,256.446682948174
3014008,7.539139410208596
3014009,42.527693366342504
3014010,10.033151592470096
3014011,190.98187133498888
3014012,4.01077877485885
3014013,302.88612891134323
3014014,284.42404400145995
3014015,11.377918664049476
3014016,9.795770336930252
3014017,423.8410689127579
3014018,83.50893832845384
3014019,4255.414215931695
3014020,2.0263895352185095
3014021,17.34683182919912
3014022,7.359098852225238
3014023,0.18517817514886525
3014024,3.3748021669919512
3014025,4490.631007365807
3014026,0.002029134120986856
3014027,758.2870158279147
3014028,17.723373424645096
3014029,1545.6090077270712
3014030,1441.6453613495205
3014031,413.240443516543
3014032,260.43428748169276
3014033,60.02735929387951
3014034,7864.626010712123
3014035,13.3960315521147
3014036,0.8741609696279802
3014037,35.866454388644904
3014038,20.432338356143976
3014039,0.6007128651776591
3014040,306.57093644454017
3014041,11.704628542604112
3014042,6.194036769675836
3014043,6.063199523507109
3014044,55.56493030051135
3014045,1.3478846702394498
3014046,208.2071707708073
3014047,361.273988784628
3014048,5.471546873476022
3014049,4.845594579477955
3014050,234.36003696561434
3014051,85.27109137588562
3014052,1760.4326048541996
3014053,4.382656436635381
3014054,3.9412835946087865
3014055,6.803695165264843
3014056,0.4642681391232265
3014057,2.994427268544073
3014058,4103.683111341837
3014059,0.002029134120986856
3014060,774.5344534402612
3014061,12.549469381425721
3014062,1240.8918898083678
3014063,1179.4281572849566
3014064,306.3484057894986
3014065,236.70149965933652
3014066,65.13640988019688
3014067,6122.553120979118
3014068,16.013646912872744
3014069,1.363691112619649
3014070,27.20024510489111
3014071,20.70602866992291
3014072,0.025029702715735794
3014073,269.9593491024121
3014074,11.704628542604112
3014075,6.862711193674932
3014076,5.702294789965019
3014077,106.511844723912
3014078,1.5451360853964424
3014079,123.15302501987179
3014080,285.83023092134897
3014081,5.616488512508499
3014082,4.81073418681984
3014083,206.38312883434847
3014084,67.72293752198414
3014085,1333.0512629020534
3014086,2.9688962957852585
3014087,7.420975416876004
3014088,12.0800301913886
3014089,1.178526814697421
3014090,14.11203489324494
3014091,10460.270660275675
3014092,0.002029134120986856
3014093,1442.717760008105
3014094,52.98664849935304
3014095,2249.7674147743874
3014096,2790.385420648968
3014097,408.05731211179466
3014098,492.7993731644871
3014099,273.76990132907974
3014100,11930.978518300275
3014101,75.202549540837
3014102,2.832281541594656
3014103,61.64913002420745
3014104,57.936496359974356
3014105,0.30035643258882955
3014106,578.3096728929941
3014107,47.7853910875908
3014108,65.75533125262687
3014109,23.242264840110582
3014110,239.49936943040032
3014111,28.43707901846644
3014112,767.8829716701501
3014113,659.2371559181047
3014114,20.001946186481884
3014115,25.84340349316681
3014116,1190.3664071098185
3014117,252.27519311587224
3014118,12009.23793193843
3014119,1.6493868309918103
3014120,87.2827583949371
3014121,3.297709391327347
3014122,0.4999810729019363
3014123,0.883125800708174
3014124,2038.8089769043736
3014125,0.002029134120986856
3014126,185.46012254926023
3014127,5.247292753052275
3014128,782.4803096673523
3014129,441.0016613813122
3014130,129.18044233394406
3014131,149.878470895731
3014132,39.464425638221506
3014133,3286.25977919912
3014134,5.23523072151609
3014135,0.27973151028095367
3014136,13.909630026865333
3014137,9.031436954060277
3014138,0.22526732444162215
3014139,189.6895842711072
3014140,0.5626223440454176
3014141,15.885905540914193
3014142,3.5007759153582714
3014143,40.42281645279848
3014144,0.8218808964874694
3014145,72.13554162746946
3014146,102.66035758634514
3014147,2.427772453793996
3014148,4.845594579477955
3014149,116.14576995906289
3014150,22.633284593997463
3014151,647.2851271522483
3014152,0.09425067605667488
3014153,5.184030673989936
3014154,8.851746260931302
3014155,0.2142776026722584
3014156,2.4601361591156277
3014157,4528.102195393889
3014158,0.002029134120986856
3014159,635.6338112955156
3014160,11.045000829851292
3014161,1760.4326082503003
3014162,1116.2631416430945
3014163,269.83124356992687
3014164,330.136302156443
3014165,70.05602312658156
3014166,7207.990834505798
3014167,13.088076803790225
3014168,0.27973151028095367
3014169,25.88938991911322
3014170,22.031898558882105
3014171,0.07508910814720739
3014172,311.9976285785002
3014173,1.5003262507877801
3014174,6.68674423999096
3014175,11.151956266450576
3014176,17.6140272543258
3014177,1.5780113212559412
3014178,391.67799210906026
3014179,313.1123481514631
3014180,4.348249170974322
3014181,7.2509616728878745
3014182,146.73441455783512
3014183,69.18342954896723
3014184,1515.297530937452
3014185,2.686144267615234
3014186,6.426777753371085
3014187,1.5967856000111367
3014188,0.18517817514886525
3014189,1.0408268365489195
3014190,1295.7681649751444
3014191,0.002029134120986856
3014192,139.72553730394782
3014193,3.8529072662271946
3014194,892.2149246722378
3014195,267.7647402209362
3014196,100.05736792224774
3014197,214.81304872053576
3014198,15.358900564949069
3014199,2630.7859022415178
3014200,1.78613754028196
3014201,0.31469794906607285
3014202,10.238802881213399
3014203,4.429868315869871
3014204,0.05005940543147159
3014205,88.9585544659655
3014206,11.704628542604112
3014207,15.885905540914193
3014208,0.43308568025050775
3014209,33.41788132632228
3014210,0.295877122735489
3014211,75.1516981391856
3014212,82.8949803004902
3014213,0.6522373756461483
3014214,1.254974135692132
3014215,61.78843141268346
3014216,11.682820244975577
3014217,235.2786767640708
3014218,50.30891641958512
3014219,2.343465921118738
3014220,7.671513426140462
3014221,0.18517817514886525
3014222,2.2393547089385843
3014223,2775.0810920237727
3014224,0.002029134120986856
3014225,262.27384599862836
3014226,10.164336311856506
3014227,1151.2876455225473
3014228,671.8560620271778
3014229,199.190629825313
3014230,195.81289893900126
3014231,51.67053517173664
3014232,4539.489712420585
3014233,3.5414796057314724
3014234,0.699328775702384
3014235,30.680356520819025
3014236,18.104768786766765
3014237,0.20023762172588636
3014238,244.50525704442867
3014239,11.704628542604112
3014240,15.885905540914193
3014241,13.82265129466204
3014242,32.975034784791
3014243,1.3807599060989486
3014244,268.95409981952423
3014245,239.68116264564603
3014246,1.8842413074222062
3014247,4.322688689606233
3014248,227.4184238395757
3014249,29.2244876575807
3014250,1411.6522018813523
3014251,50.30891641958512
3014252,0.9941976635049192
3014253,3.8184003478527178
3014254,0.4285552053445168
3014255,1.7839141174305115
3014256,3043.8894309364787
3014257,0.002029134120986856
3014258,756.0984747783707
3014259,9.393754858611066
3014260,1079.2993741864368
3014261,997.6776905380686
3014262,242.67895766176784
3014263,124.64933428105607
3014264,53.11767900219166
3014265,6111.358376609289
3014266,6.990572786965602
3014267,4.440737725710139
3014268,33.099093440891586
3014269,39.05495531502949
3014270,0.10011881086294318
3014271,205.7547555548556
3014272,1.9879322822938086
3014273,6.018069815991863
3014274,3.53686638871248
3014275,33.63879867948526
3014276,2.3998922177434108
3014277,179.93619235520114
3014278,284.8586202317206
3014279,3.6597763855700545
3014280,6.623474605041808
3014281,155.25095902442604
3014282,31.406350242078165
3014283,713.3055185970636
3014284,5.278037859173793
3014285,3.373170644034547
3014286,4.234953113073015
3014287,0.18517817514886525
3014288,0.5677237290266833
3014289,1845.144939989078
3014290,0.002029134120986856
3014291,117.8579662366914
3014292,3.4467007573020987
3014293,548.5101431535954
3014294,291.21818515926236
3014295,100.62648199503691
3014296,153.77593751758423
3014297,42.57385561250612
3014298,2972.4142786314096
3014299,6.928981837300707
3014300,0.48953014299166886
3014301,10.383011372498096
3014302,8.859736631739741
3014303,0.15017821629441477
3014304,103.49235783245939
3014305,11.704628542604112
3014306,15.885905540914193
3014307,0.3969952068962988
3014308,47.75929624822002
3014309,0.6903799530494743
3014310,202.3529597393394
3014311,94.88956305358553
3014312,1.1232977025017
3014313,1.429276098982706
3014314,59.68719826963656
3014315,20.5059650867034
3014316,430.37257998965697
3014317,0.09425067605667488
3014318,0.8166623664504693
3014319,5.0680586435136075
3014320,0.18517817514886525
3014321,0.883125800708174
3014322,4925.883070017523
3014323,0.002029134120986856
3014324,599.5724775883897
3014325,11.522027443765134
3014326,1098.2257059956294
3014327,966.8092220243935
3014328,227.13401634253304
3014329,142.08353765202455
3014330,78.39222641136945
3014331,5981.645036574417
3014332,7.14455016112784
3014333,0.4545637042065497
3014334,30.987160086027217
3014335,10.714100112801546
3014336,0.12514851357867895
3014337,236.17261519987974
3014338,11.704628542604112
3014339,27.02852408585819
3014340,3.3203235485872264
3014341,61.18095296847586
3014342,0.9533818399254645
3014343,244.71636664135605
3014344,242.81206308883876
3014345,2.8625973708914287
3014346,3.660341229102052
3014347,130.748788423968
3014348,46.92413469917011
3014349,1487.2792188618046
3014350,1.3195094647934482
3014351,1.4202823764355987
3014352,3.9225385391577925
3014353,0.18517817514886525
3014354,6.691570352794508
3014355,3571.700863573533
3014356,0.002029134120986856
3014357,599.6533336120931
3014358,7.962675016869536
3014359,1031.1381629861971
3014360,1065.0390602625725
3014361,175.283341303355
3014362,128.34214256014226
3014363,88.43866113125026
3014364,5149.044392858677
3014365,54.38480855410243
3014366,1.6084561841154834
3014367,33.99715182036703
3014368,29.376894947110056
3014369,0.20023762172588636
3014370,252.2246083395917
3014371,24.83039945053776
3014372,25.85236096743452
3014373,1.804523667710449
3014374,114.38796996217441
3014375,9.43519269167615
3014376,226.1805021236801
3014377,306.69302645025977
3014378,13.841926527601592
3014379,15.233991591596158
3014380,260.83881388943774
3014381,70.10902270943366
3014382,3823.5667083328844
3014383,50.30891641958512
3014384,12.589524941948675
3014385,6.213578747869422
3014386,0.18517817514886525
3014387,7.302819567713237
3014388,3378.664537816972
3014389,0.002029134120986856
3014390,527.492399411307
3014391,14.274104062498845
3014392,1324.1314352925197
3014393,985.2241126715196
3014394,161.81643886439792
3014395,94.33578156501194
3014396,87.5367100142493
3014397,5557.523249436461
3014398,27.3771771260459
3014399,1.188858918694053
3014400,44.86037746884316
3014401,68.82779120541072
3014402,0.16964576285109814
3014403,366.79437888858996
3014404,24.83039945053776
3014405,19.9842149959814
3014406,10.141423012532723
3014407,108.18407103991514
3014408,11.900835381138558
3014409,170.7345038148819
3014410,503.63342517621624
3014411,8.768969161464883
3014412,10.879579944671042
3014413,137.30318863315296
3014414,84.20530520945765
3014415,3165.780833992926
3014416,3.7229017042386574
3014417,16.611161083018423
3014418,9.754277252241943
3014419,0.32141640400838756
3014420,2.962571659304243
3014421,5067.211384443647
3014422,0.002029134120986856
3014423,766.054302858983
3014424,7.375565338206344
3014425,2756.46551177054
3014426,1020.8565049736042
3014427,220.0751997627749
3014428,480.9891397076373
3014429,56.035850843839235
3014430,8141.161062902811
3014431,28.886155392835835
3014432,1.7832883780410795
3014433,26.606466642026373
3014434,18.10888959450246
3014435,0.05005940543147159
3014436,377.3358804143155
3014437,6.263862097038983
3014438,15.168351407558438
3014439,8.274462825919494
3014440,53.805348878448356
3014441,3.649151180404364
3014442,167.7567703109393
3014443,365.5040499577663
3014444,7.7543776882375415
3014445,10.667280153383123
3014446,248.23937486930458
3014447,56.53947944552631
3014448,1815.6842470578167
3014449,6.531571850727569
3014450,17.288316213043505
3014451,4.373804034813113
3014452,0.4285552053445168
3014453,4.746485776734754
3014454,3022.250629294767
3014455,0.008116536483947424
3014456,422.5256291720338
3014457,8.219535501284684
3014458,926.3898845791045
3014459,955.8283960008101
3014460,225.67207463321907
3014461,143.94992526611392
3014462,72.29168816740237
3014463,4618.359057767293
3014464,25.467857686434154
3014465,1.713355500470841
3014466,16.203626601976627
3014467,12.590097834475742
3014468,0.10011881086294318
3014469,249.64811222991264
3014470,22.204828511659148
3014471,24.882431118728466
3014472,2.1654284012525387
3014473,93.33977402097007
3014474,7.561304247684719
3014475,389.7049911914423
3014476,278.6351540569058
3014477,6.70355080525208
3014478,9.830630729588368
3014479,398.2620090139557
3014480,53.020195394034
3014481,3502.9719908230572
3014482,0.04712533802833744
3014483,26.867907799745154
3014484,3.9225385391577925
3014485,0.24999053645096814
3014486,2.7755382307971184
3014487,6107.658122640433
3014488,0.002029134120986856
3014489,497.7525140771714
3014490,11.448638733932235
3014491,2517.5984140711626
3014492,1049.747633867186
3014493,303.48007931483033
3014494,186.69561094859458
3014495,57.17220315799352
3014496,8927.887816815868
3014497,10.439665968199732
3014498,2.552550031313702
3014499,31.242048594372914
3014500,23.93159092503653
3014501,0.17520791901015056
3014502,485.17770158104224
3014503,11.704628542604112
3014504,0.17596695368397258
3014505,8.769985025072783
3014506,43.16050524001054
3014507,2.1368903308674203
3014508,142.15080596931747
3014509,354.8797588946347
3014510,3.587305566053816
3014511,10.492978190092547
3014512,190.7449970373008
3014513,60.750665273873
3014514,1287.8491295172296
3014515,50.30891641958512
3014516,6.391270693960195
3014517,7.879789808750609
3014518,0.03571293377870973
3014519,7.946239793943478
3014520,3355.090032324697
3014521,0.002029134120986856
3014522,576.4807763764198
3014523,12.109137122428326
3014524,1387.5719969135355
3014525,943.8112975466963
3014526,252.9396353997795
3014527,138.67842249787182
3014528,110.67150808654067
3014529,5637.8038850288385
3014530,40.8347996278255
3014531,1.6084561841154834
3014532,27.68803032666159
3014533,36.915569298915585
3014534,0.07508910814720739
3014535,279.8632311974538
3014536,22.654926386895482
3014537,22.393554525822353
3014538,9.816608752344843
3014539,153.29708094780426
3014540,11.703583965981563
3014541,234.96963474055514
3014542,530.5768029549967
3014543,14.45792849348962
3014544,9.063702091109842
3014545,210.79516320433964
3014546,66.09257387097827
3014547,3298.126616509766
3014548,0.9425067605667488
3014549,7.363667022986827
3014550,3.8184003478527178
3014551,0.18517817514886525
3014552,4.396074075096617
3014553,3399.881383871115
3014554,0.002029134120986856
3014555,532.935031883045
3014556,10.421196796271651
3014557,807.7658171639484
3014558,1047.3301530946205
3014559,188.73765600681529
3014560,135.57753851655295
3014561,90.48129960718778
3014562,4139.192633625726
3014563,28.886155392835835
3014564,1.1538924799089336
3014565,29.166167362329723
3014566,22.71766964623033
3014567,0.05005940543147159
3014568,222.49843230591352
3014569,18.529029197229086
3014570,41.61090553764901
3014571,5.36737519723796
3014572,72.96883311053098
3014573,9.796820286130636
3014574,240.16643663969086
3014575,265.1611999345592
3014576,9.747325224934105
3014577,9.098562483767958
3014578,235.10222658045052
3014579,56.76863709277926
3014580,3680.522900490583
3014581,0.2356266901416872
3014582,15.552411585504506
3014583,6.421855130479571
3014584,0.1071388013361292
3014585,3.6952506718203453
3014586,6507.7597529956965
3014587,0.002029134120986856
3014588,664.9404239152651
3014589,18.420566168057636
3014590,1532.1308829461213
3014591,1110.550827185048
3014592,322.9923764660248
3014593,238.3022448790262
3014594,56.37537558378578
3014595,7466.870320605508
3014596,9.485006248393857
3014597,0.13986575514047683
3014598,18.20632202469284
3014599,20.532611344379166
3014600,0.10011881086294318
3014601,273.40796802639693
3014602,11.704628542604112
3014603,8.551993949041067
3014604,1.4075284608141503
3014605,86.28121162861154
3014606,3.3532740576688753
3014607,217.19861431294038
3014608,330.56021787418007
3014609,3.949659663635009
3014610,2.823691805307297
3014611,266.1589734482233
3014612,144.06570393934325
3014613,1416.21718206191
3014614,3.6286510281819826
3014615,0.9586906040940292
3014616,15.86371780880629
3014617,0.18517817514886525
3014618,15.895949010675452
3014619,13117.922765612464
3014620,0.002029134120986856
3014621,1955.9713085952733
3014622,29.905899256906324
3014623,2987.416605948936
3014624,3381.5964186186575
3014625,646.6619563402443
3014626,631.3399785965225
3014627,350.3949452317083
3014628,15065.794303898758
3014629,86.50448880434526
3014630,5.140066501412523
3014631,131.48605766233172
3014632,126.27185104096976
3014633,0.22526732444162215
3014634,805.9550151979414
3014635,35.161646013462416
3014636,30.415536010367298
3014637,35.11891781151368
3014638,367.2395167620648
3014639,26.07006203658253
3014640,921.0549409799
3014641,758.5080280068439
3014642,43.77237498780818
3014643,37.85838642671265
3014644,1240.825386718883
3014645,309.29733059865595
3014646,14480.139384633949
3014647,333.57529147344565
3014648,99.84562112112614
3014649,17.634067060992553
3014650,0.18517817514886525
3014651,13.865705875261698
3014652,11818.470496654109
3014653,0.004058268241973712
3014654,1547.1003145632465
3014655,28.878457319245733
3014656,3093.3789339105065
3014657,2918.534238209174
3014658,821.5837921500168
3014659,392.98536323247856
3014660,260.2077509395913
3014661,16953.259541797615
3014662,138.3024774725221
3014663,2.063019888322033
3014664,78.28718470617923
3014665,86.51567160958321
3014666,0.6507722706091306
3014667,752.8281722680529
3014668,29.813358010966677
3014669,41.63237350599845
3014670,4.609475256799572
3014671,247.722216865688
3014672,20.284020525310744
3014673,1215.6291988224027
3014674,956.0398267831229
3014675,26.524319942943364
3014676,31.30463260698707
3014677,1363.8956246558682
3014678,260.19893656415195
3014679,9898.861033515128
3014680,587.3928333474514
3014681,94.06860391234787
3014682,13.051986643569292
3014683,0.18517817514886525
3014684,19.173922741661183
3014685,8007.259355649938
3014686,0.02029134120986856
3014687,1110.6478334215149
3014688,16.292293582903564
3014689,2931.214430767458
3014690,2085.5495308026602
3014691,958.4239996027801
3014692,155.73328439512562
3014693,202.9748935747228
3014694,14432.399061262566
3014695,47.20946291814215
3014696,3.146979490660729
3014697,48.465229229732344
3014698,25.60463886572785
3014699,0.35041583802030113
3014700,729.6474790069115
3014701,35.77340404222114
3014702,31.251730974273535
3014703,9.276695270965877
3014704,136.3802081499485
3014705,10.355699295742115
3014706,1086.5521662598385
3014707,930.6301859645488
3014708,26.8993564339399
3014709,46.40266866721658
3014710,855.0343323945026
3014711,144.15602867015573
3014712,4518.04491236384
3014713,369.19356446202363
3014714,52.77538543354162
3014715,18.22418347838797
3014716,0.18517817514886525
3014717,20.010369035760498
3014718,11293.110723462316
3014719,0.012174804725921137
3014720,1455.2489500224883
3014721,23.998108115357955
3014722,2808.6692974184607
3014723,2801.917704722155
3014724,765.0412200947031
3014725,361.9765234192898
3014726,202.2472579178931
3014727,15734.278130445813
3014728,50.78173799870607
3014729,1.9930870107517946
3014730,76.70882276906822
3014731,81.45772351466482
3014732,0.5005940543147158
3014733,718.57107999376
3014734,33.7517144192846
3014735,34.14462769283804
3014736,7.9189716633805345
3014737,228.5951587009971
3014738,14.497979014038961
3014739,955.4404793708738
3014740,898.6227927872784
3014741,25.328551420925425
3014742,32.87335027660224
3014743,1230.2931065139664
3014744,236.59290792365388
3014745,8790.626358256832
3014746,448.4852444683633
3014747,75.15165007578096
3014748,14.093368556620032
3014749,0.18517817514886525
3014750,21.039841397728885
3014751,6344.990036942836
3014752,0.002029134120986856
3014753,1002.073505611484
3014754,20.10850649421431
3014755,2623.9128405671577
3014756,1675.335413480201
3014757,734.7550152749984
3014758,124.5177189831823
3014759,156.74868508978022
3014760,12153.590764153281
3014761,45.300143478530394
3014762,0.524496581776788
3014763,36.95883371012647
3014764,76.04332555060898
3014765,0.15017821629441477
3014766,689.4477195744646
3014767,27.64351117076485
3014768,13.774693134381376
3014769,2.8150569216283006
3014770,134.43242537969476
3014771,6.410670992602261
3014772,961.1222635059731
3014773,1024.32510000664
3014774,19.385944220593853
3014775,26.49389842016723
3014776,934.1116336669883
3014777,100.71169943630609
3014778,3225.6522009990726
3014779,332.7906545952739
3014780,25.33893827894576
3014781,12.670146608784018
3014782,0.18517817514886525
3014783,11.420709015586779
3014784,8690.732014911651
3014785,0.002029134120986856
3014786,1462.9414332842086
3014787,28.21795893074965
3014788,2078.1756459694684
3014789,2833.1915278579495
3014790,506.90735946785
3014791,464.2712405363535
3014792,258.02959283040826
3014793,11645.08474497626
3014794,65.77913424210804
3014795,1.7483219392559604
3014796,57.13143851348614
3014797,68.47752254787682
3014798,0.37544554073603686
3014799,542.8013327375025
3014800,17.96453144537018
3014801,33.40556648736536
3014802,12.192805517985963
3014803,264.721385593577
3014804,18.57450826061681
3014805,817.7729546921296
3014806,642.283455477272
3014807,20.762889791402387
3014808,32.629327527995436
3014809,1042.917992916189
3014810,222.83455584671435
3014811,11451.925094239374
3014812,303.6940571364375
3014813,84.20229346003035
3014814,6.248291478304448
3014815,0.4285552053445168
3014816,6.276501226461666
3014817,2276.325061591119
3014818,0.002029134120986856
3014819,390.44648754961304
3014820,26.566712959509417
3014821,1029.138450427456
3014822,679.972674993656
3014823,251.6673565618414
3014824,85.86003201607369
3014825,73.32873665589
3014826,4177.046465454165
3014827,60.20515329743503
3014828,1.3287246738345297
3014829,31.581659591348373
3014830,21.506495572581258
3014831,0.2753267298730937
3014832,237.1434051438939
3014833,15.153295132956579
3014834,10.403518235703828
3014835,12.595575200618935
3014836,62.749972093535675
3014837,7.035300473932738
3014838,254.7371885346132
3014839,285.1914352276298
3014840,3.7684826148444124
3014841,7.669286384785251
3014842,240.01506396227418
3014843,58.75342612333643
3014844,2450.774055098587
3014845,1.5551361549351355
3014846,10.316363076579028
3014847,11.073361008772883
3014848,0.18517817514886525
3014849,13.930047897884721
3014850,5797.414232435911
3014851,0.004058268241973712
3014852,718.4326186586446
3014853,35.0064145902928
3014854,2057.967606456046
3014855,1471.7075147070022
3014856,548.043252523558
3014857,112.3898171895796
3014858,121.88902377396688
3014859,10045.23325761437
3014860,116.8072360394737
3014861,1.6783890616857218
3014862,61.07229605906867
3014863,36.35788665201847
3014864,0.15017821629441477
3014865,505.34938528720767
3014866,20.315167598791938
3014867,10.284916508920832
3014868,3.392504495295644
3014869,138.15091975927007
3014870,9.237941276519157
3014871,595.2371169700879
3014872,659.2298374731686
3014873,14.566634722763979
3014874,26.180154886244196
3014875,435.52357738245894
3014876,86.78755691063328
3014877,3413.496677381248
3014878,333.9942357285176
3014879,20.117234721442053
3014880,8.261629843535882
3014881,0.18517817514886525
3014882,5.511020398490688
3014883,6144.640858779605
3014884,0.008116536483947424
3014885,1086.8890533376948
3014886,10.604668570853898
3014887,1605.2793534726218
3014888,2145.8287291211977
3014889,294.14128716363734
3014890,355.74030119019295
3014891,208.58136851301916
3014892,7584.643645249933
3014893,43.60639236274578
3014894,1.9930870107517946
3014895,38.61182354147729
3014896,41.9845062144625
3014897,0.2753267298730937
3014898,366.8072191314972
3014899,3.1506851266543383
3014900,52.907983964160046
3014901,6.821099463945497
3014902,168.42536638104434
3014903,10.585825946758606
3014904,658.9098497847547
3014905,351.7537374147327
3014906,22.792072737857072
3014907,10.911302901989925
3014908,1009.5114957964262
3014909,128.8429890206437
3014910,8501.255080732617
3014911,5.4665392112871425
3014912,51.30776990819121
3014913,12.323019304433773
3014914,0.18517817514886525
3014915,8.218747183876287
3014916,6017.203656518495
3014917,0.002029134120986856
3014918,1029.6739380333636
3014919,14.127326642833049
3014920,1887.9385337936121
3014921,1569.0805057764742
3014922,410.5709695841321
3014923,228.29396955798725
3014924,269.5189922022779
3014925,9098.31588411006
3014926,51.30526107085768
3014927,3.601543194867278
3014928,55.664477635892574
3014929,49.38788071227944
3014930,0.20023762172588636
3014931,410.9148051224279
3014932,9.752120630120572
3014933,65.86302302828149
3014934,11.115865793096365
3014935,263.9867932345099
3014936,10.651576418477603
3014937,511.63756682093504
3014938,419.8323516931458
3014939,16.704523898493022
3014940,28.09747648244051
3014941,521.3841010263176
3014942,135.79486020493172
3014943,7578.706062755745
3014944,6.691798000023916
3014945,9.833360160137195
3014946,9.893128173982042
3014947,0.03571293377870973
3014948,3.506640232954814
3014949,2877.0808479105276
3014950,0.002029134120986856
3014951,549.131744269458
3014952,8.806645179947875
3014953,1186.4615987221803
3014954,677.7441400070104
3014955,253.83292191974294
3014956,94.68032422960293
3014957,101.07640135643648
3014958,4480.692710902375
3014959,15.67489668971582
3014960,1.6783890616857218
3014961,32.30270204777185
3014962,25.35945080545412
3014963,0.07508910814720739
3014964,238.74235328697603
3014965,6.526419190926844
3014966,14.86005730470412
3014967,8.264718398113857
3014968,97.49538120924649
3014969,3.5834007086853665
3014970,298.54536584093114
3014971,266.23457185853886
3014972,5.435311463717903
3014973,6.797776568332382
3014974,206.37833071236622
3014975,69.83275023595587
3014976,3215.684856797191
3014977,0.4712533802833744
3014978,4.260847129306796
3014979,7.011971547874991
3014980,0.18517817514886525
3014981,1.3877691153985592
3014982,4574.375961867591
3014983,0.002029134120986856
3014984,272.76664086756193
3014985,5.210598398135826
3014986,1391.8800260406001
3014987,427.3250623423352
3014988,246.87545128641148
3014989,70.64158252108983
3014990,27.09759272272673
3014991,5059.031203280801
3014992,10.254893119205045
3014993,0.9790602859833377
3014994,25.23648597482176
3014995,10.851460370657977
3014996,0.05005940543147159
3014997,249.4578738942078
3014998,11.704628542604112
3014999,15.885905540914193
3015000,4.150404435734033
3015001,26.84331344051168
3015002,1.1177580192229584
3015003,54.54620265764973
3015004,205.20571103797818
3015005,0.14494163903247742
3015006,2.4402274860680344
3015007,68.09213055962316
3015008,89.62641202861862
3015009,707.4776600018778
3015010,50.30891641958512
3015011,2.9825929905147577
3015012,7.671513426140462
3015013,0.07142586755741946
3015014,6.275555020246621
3015015,4486.610244097793
3015016,0.002029134120986856
3015017,646.0402482327493
3015018,14.127326642833049
3015019,1484.979020877896
3015020,1262.454450888642
3015021,390.3192939391614
3015022,182.435340900927
3015023,119.4408555557646
3015024,6811.211493659183
3015025,32.52002142306465
3015026,1.398657551404768
3015027,31.51460264290099
3015028,61.92749865199294
3015029,0.16964576285109814
3015030,365.4400711630039
3015031,26.89334804537096
3015032,20.372398095808247
3015033,10.610599166137442
3015034,100.0502651026962
3015035,7.133926181511235
3015036,473.7421450164648
3015037,399.8101318397671
3015038,10.182150142031537
3015039,15.373433162228618
3015040,564.6953569093929
3015041,99.75852038218812
3015042,4003.44531836195
3015043,50.30891641958512
3015044,39.267633839989955
3015045,5.797025982649126
3015046,0.07142586755741946
3015047,5.340387877711002
3015048,4715.326535524316
3015049,0.01623307296789485
3015050,720.7219981463612
3015051,19.52139681555112
3015052,1087.0400188294902
3015053,1627.1088324941386
3015054,211.30189956912443
3015055,270.1903575722511
3015056,170.26887295306477
3015057,5240.810421002764
3015058,35.10684130899025
3015059,3.1819459294458476
3015060,31.533349746768
3015061,31.76249922543161
3015062,0.6007128651776591
3015063,254.08948467130563
3015064,16.053490883429248
3015065,48.02771647068875
3015066,9.534381250714928
3015067,176.96491823559924
3015068,12.525464862469034
3015069,474.6754717567587
3015070,284.24631033872305
3015071,7.681906868721302
3015072,14.95510845033124
3015073,651.5584742803094
3015074,130.5217233836137
3015075,7437.316357955804
3015076,0.5183787183117118
3015077,43.575787415482615
3015078,5.033345913078583
3015079,0.6071198742380655
3015080,9.908671483945716
3015081,5789.406128124641
3015082,0.004058268241973712
3015083,960.1368204540848
3015084,22.49363956378353
3015085,1375.2305980873468
3015086,1796.4295226847191
3015087,319.6348580939857
3015088,324.662552844086
3015089,127.24747234215292
3015090,7340.388702389451
3015091,36.73900147510997
3015092,4.056106899073828
3015093,42.457142961583706
3015094,57.12881804377855
3015095,0.16964576285109814
3015096,364.8014380289326
3015097,33.94488142407353
3015098,39.79527850953777
3015099,23.78073470255538
3015100,148.52728978989458
3015101,18.738884439914305
3015102,457.3137990496448
3015103,388.3083243790443
3015104,20.581712742611792
3015105,19.940144600441656
3015106,640.2304673809289
3015107,151.11741922562385
3015108,7099.107684155622
3015109,1.4608854788784604
3015110,41.74046571870935
3015111,12.808997530524119
3015112,0.35712933778709727
3015113,6.976378423522894
3015114,4510.795749636424
3015115,0.002029134120986856
3015116,566.1677915263413
3015117,16.879403261566758
3015118,2114.952337890012
3015119,1267.0352876751908
3015120,601.1846805492346
3015121,214.91744514790682
3015122,84.01911121448951
3015123,9982.040036290511
3015124,11.055575464848683
3015125,1.2587917962642914
3015126,52.36138214301661
3015127,41.79357545604206
3015128,0.16964576285109814
3015129,443.7993430101612
3015130,13.31539547574155
3015131,6.123649988202247
3015132,8.03229574971275
3015133,56.36866473194245
3015134,3.2875235859498777
3015135,368.37807148304705
3015136,532.7061219340602
3015137,8.225438015093093
3015138,7.948169526050169
3015139,433.4621684402141
3015140,105.96091235269688
3015141,1668.8160511176916
3015142,124.64274905791027
3015143,17.9744191042866
3015144,4.998645294970312
3015145,0.1851782191419389
3015146,3.0277505253409465
3015147,2620.7149785648594
3015148,0.004058268244052493
3015149,335.888243190976
3015150,13.395519909798017
3015151,694.5967367597092
3015152,769.6669646068617
3015153,141.822931748101
3015154,131.27153828791572
3015155,95.66997279445768
3015156,3473.78818418805
3015157,18.20079818014759
3015158,1.7133556725238408
3015159,23.77749069387237
3015160,23.117923376971785
3015161,0.3504181248667695
3015162,179.48902845212774
3015163,15.078318697167681
3015164,19.146463456920557
3015165,6.604509540446575
3015166,89.9641029472321
3015167,5.877326931024739
3015168,302.4807309128055
3015169,163.14787344088683
3015170,4.058420992250735
3015171,8.296773735451266
3015172,310.44469214165673
3015173,62.851673676951314
3015174,2463.699749002201
3015175,50.326993373632064
3015176,26.82287561551711
3015177,1.353799767387793
3015178,0.1851782191419389
3015179,2.176195690088805
3015180,1589.0316127883088
3015181,0.0020291341220262465
3015182,105.28338770885989
3015183,4.80770714570833
3015184,1072.2379716131786
3015185,339.8531546533997
3015186,278.9488764023733
3015187,49.76259389743745
3015188,27.10092304843573
3015189,3999.5072260091074
3015190,5.173830954762767
3015191,0.4195973075568589
3015192,10.414031146167684
3015193,8.104322514802943
3015194,0.05005973212382421
3015195,174.3125065609334
3015196,4.050891590283855
3015197,15.886950121270377
3015198,1.8045108034007034
3015199,14.478549303117662
3015200,0.39401074397931213
3015201,219.69598552770128
3015202,191.4719125808907
3015203,0.9421334446296349
3015204,3.974084898493463
3015205,153.23531494746624
3015206,27.65517730346073
3015207,272.18885409659083
3015208,1.8569340571280502
3015209,1.8108680179795766
3015210,8.261649862520377
3015211,0.21427765357852932
3015212,4.415469516122213
3015213,5812.640243129568
3015214,0.0020291341220262465
3015215,771.0973640471036
3015216,14.459821491672377
3015217,2303.243673334818
3015218,766.6123368374202
3015219,578.4032689877826
3015220,310.7900182503593
3015221,66.67510507433717
3015222,11058.307473897283
3015223,28.97961266923669
3015224,0.804228172817313
3015225,27.964950770128603
3015226,21.88544822842824
3015227,0.10011946424764842
3015228,514.2852027545391
3015229,13.165397668422527
3015230,2.3229165223469797
3015231,10.321801795452023
3015232,40.699910831239436
3015233,2.33123023521093
3015234,795.6153032492026
3015235,459.285006217011
3015236,2.935108039038478
3015237,15.756898018588116
3015238,442.5821296164359
3015239,104.19476902493669
3015240,1600.5755745764397
3015241,20.73175654488963
3015242,10.794193675799828
3015243,5.970604102325651
3015244,0.1851782191419389
3015245,0.8830939032244427
3015246,1874.172320385127
3015247,0.0020291341220262465
3015248,197.7566293847026
3015249,12.404618437018437
3015250,1345.510530260285
3015251,460.87895692974155
3015252,228.39136476086568
3015253,64.86536715022616
3015254,31.701618245404184
3015255,4356.782134631335
3015256,8.530661752793371
3015257,0.45456374985326387
3015258,15.754800286904654
3015259,19.94315805284665
3015260,0.22526879455720897
3015261,180.75891351427987
3015262,8.10178318056771
3015263,15.886950121270377
3015264,5.66760753132093
3015265,39.131907566384314
3015266,1.5760429759172485
3015267,190.01547876971767
3015268,202.07648079036318
3015269,1.7755591841096965
3015270,7.041799556979645
3015271,167.4477676896767
3015272,32.2585611673407
3015273,373.6663803342483
3015274,3.8468093186506445
3015275,3.5507216038815224
3015276,4.963932480421907
3015277,0.1851782191419389
3015278,3.658531884786977
3015279,1861.304953021232
3015280,0.0020291341220262465
3015281,130.60683147109881
3015282,7.963911836784026
3015283,1012.7152622068335
3015284,306.3328075819266
3015285,176.2578488799271
3015286,51.74613784999264
3015287,25.09818329435551
3015288,3977.5631106029646
3015289,14.443611415379392
3015290,0.06993288459280983
3015291,17.196887269687686
3015292,9.260562087147923
3015293,0.025029866061912105
3015294,149.33686131646138
3015295,1.6503632404860147
3015296,15.886950121270377
3015297,2.9233075015091394
3015298,41.07318065709603
3015299,0.9850268599482802
3015300,188.45022679828242
3015301,208.63550450872367
3015302,0.5435385257478663
3015303,5.682244196968723
3015304,100.63767131729902
3015305,23.43540876157076
3015306,200.83934240139857
3015307,3.57904121901908
3015308,2.059418530251283
3015309,3.7142711566793287
3015310,0.1851782191419389
3015311,2.2935210229457668
3015312,1923.8488045888305
3015313,0.0020291341220262465
3015314,178.16035986828564
3015315,10.532915655101455
3015316,1763.5061619255116
3015317,410.4629517535203
3015318,272.07573701986297
3015319,41.23683480312124
3015320,34.52037393975714
3015321,4595.909330186502
3015322,10.039695781265845
3015323,0.34966442296404915
3015324,13.231148067034342
3015325,21.428378174733208
3015326,0.10011946424764842
3015327,214.0786970875764
3015328,1.1627559194333286
3015329,15.886950121270377
3015330,3.1398487979172236
3015331,20.75596228768616
3015332,2.0357221772264458
3015333,295.31387834449765
3015334,288.00979839184333
3015335,1.195784756645306
3015336,4.810734350807876
3015337,92.16525667640433
3015338,92.20717375832304
3015339,421.5676647359876
3015340,2.4513980952185475
3015341,4.793474165240056
3015342,4.0613993021633785
3015343,0.9285364988402938
3015344,3.4692974769531677
3015345,2060.8252184776265
3015346,0.0020291341220262465
3015347,166.67746827050755
3015348,3.046104527433522
3015349,1079.4280738125103
3015350,382.5761995313472
3015351,278.5248520215298
3015352,95.94088907359094
3015353,52.68214238924947
3015354,4035.323865167919
3015355,7.606763368014305
3015356,1.0839597111885524
3015357,14.132452431273737
3015358,17.931500370994296
3015359,0.12514933030956052
3015360,228.2751875695176
3015361,9.189522589069856
3015362,15.886950121270377
3015363,3.861653119277505
3015364,23.690484110311058
3015365,1.937219491231618
3015366,148.03018561176975
3015367,201.82276297596542
3015368,1.0146052480626837
3015369,5.4573946566592255
3015370,114.38526914495706
3015371,44.76825681743451
3015372,669.6698967769491
3015373,3.252816703270765
3015374,4.971010245434131
3015375,4.790368407679883
3015376,0.21427765357852932
3015377,1.3561799228089657
3015378,1702.406074017857
3015379,0.0020291341220262465
3015380,165.4451196631646
3015381,5.908708782130084
3015382,1051.7243628657768
3015383,297.1637978304498
3015384,174.67268796782017
3015385,161.71103065831596
3015386,28.651516021853105
3015387,3192.36623992197
3015388,4.989051277806954
3015389,0.3846308652604541
3015390,12.429347704606974
3015391,13.18669426137428
3015392,0.20023892849529684
3015393,166.1224575318272
3015394,11.704659497234779
3015395,15.886950121270377
3015396,3.067668365781196
3015397,31.73502259956776
3015398,1.5103745185873632
3015399,64.82127101700128
3015400,153.20548084591408
3015401,1.050841149779208
3015402,3.13743544617905
3015403,69.87515271273251
3015404,36.54807794959249
3015405,588.6655582867111
3015406,50.326993373632064
3015407,0.9942020490868263
3015408,8.817054895294856
3015409,0.7499717875248526
3015410,3.0261735719423317
3015411,3770.6166509708287
3015412,0.0020291341220262465
3015413,351.5433173473639
3015414,7.340010909478365
3015415,1391.0741954697714
3015416,859.9608387117903
3015417,565.1681509095091
3015418,199.98994904096014
3015419,82.94603851969401
3015420,6931.961782027744
3015421,16.229814959285584
3015422,1.5734899033382213
3015423,24.83994827843777
3015424,25.892623627802624
3015425,0.20023892849529684
3015426,313.53455426233364
3015427,0.6751485983806425
3015428,15.886950121270377
3015429,7.880659580611552
3015430,44.41438434243087
3015431,3.7431020678034654
3015432,304.4092681909173
3015433,307.6502756313866
3015434,2.500277218440185
3015435,8.993981612379942
3015436,386.8540311180237
3015437,59.948612590982336
3015438,1515.3760463130748
3015439,9.119200914212998
3015440,15.161581248574102
3015441,3.9225480439697593
3015442,0.21427765357852932
3015443,3.949952872851043
3015444,2782.472885701904
3015445,0.0020291341220262465
3015446,605.6643752040461
3015447,9.505314127774483
3015448,699.365513011945
3015449,716.7181303391486
3015450,234.44970642979314
3015451,183.6344111865576
3015452,46.368880440641846
3015453,4256.057617089716
3015454,12.103068840605758
3015455,1.0140268265957424
3015456,27.127458754877356
3015457,18.625175433702
3015458,0.15017919637147265
3015459,203.42727424454893
3015460,11.890116982592426
3015461,5.103377208186546
3015462,5.504118852532826
3015463,54.872689372850694
3015464,2.0028879485615034
3015465,131.9035394070744
3015466,177.72793493172688
3015467,4.493251812849028
3015468,7.181241132365381
3015469,195.91197167297557
3015470,56.917912050780636
3015471,1918.6670790957246
3015472,41.52574088758096
3015473,14.921516978689281
3015474,6.6648603932937505
3015475,0.8213976720510291
3015476,3.1535914065504302
3015477,3092.2109138871174
3015478,0.0020291341220262465
3015479,188.4665619156824
3015480,7.340010909478365
3015481,1154.8105717363173
3015482,384.55207719184904
3015483,319.34952496786127
3015484,60.79388219498127
3015485,33.565165005632785
3015486,5111.026017534458
3015487,36.771155714206806
3015488,1.3636912495597917
3015489,15.002030881891908
3015490,18.818511602169544
3015491,0.10011946424764842
3015492,192.7687551837713
3015493,9.93968769838168
3015494,15.886950121270377
3015495,4.403006360297716
3015496,52.480522532279636
3015497,2.758075207855185
3015498,173.7428349656755
3015499,213.92803023598304
3015500,1.4494360686609769
3015501,5.612523409275855
3015502,147.56723711151653
3015503,26.504331337490736
3015504,496.80509265978026
3015505,3.252816703270765
3015506,4.580430869007165
3015507,7.393829498810253
3015508,0.1851782191419389
3015509,6.938594953906335
3015510,4111.470110401839
3015511,0.0020291341220262465
3015512,731.204688309594
3015513,12.66151881885018
3015514,960.1209833334527
3015515,947.1360045078798
3015516,248.60781711380963
3015517,173.03035834170936
3015518,85.96906323434729
3015519,5805.389514020799
3015520,43.608003761571894
3015521,1.5734899033382213
3015522,20.946313424923577
3015523,31.244223715543683
3015524,0.10011946424764842
3015525,274.7202706596084
3015526,25.355580694739686
3015527,17.31628680295021
3015528,5.321863261389354
3015529,86.78422202569422
3015530,9.160749797519008
3015531,514.1272492516614
3015532,293.88991784860093
3015533,9.421334446296349
3015534,8.610517280069171
3015535,479.8841640620297
3015536,110.0544926847186
3015537,2485.7755514053392
3015538,50.326993373632064
3015539,35.225537400500954
3015540,8.22693704797197
3015541,0.035712942263088215
3015542,5.383403512192148
3015543,4896.750650138931
3015544,0.0020291341220262465
3015545,555.7588948614034
3015546,8.808013091374038
3015547,2480.357418004508
3015548,881.8946919112096
3015549,782.3344249467584
3015550,112.29642692799344
3015551,68.81995755120089
3015552,9118.1788112197
3015553,12.380238356039477
3015554,0.5297416007905345
3015555,24.012911393811702
3015556,15.762220484298945
3015557,0.16964686997518205
3015558,371.4444219156755
3015559,2.70059439352257
3015560,6.863162452388803
3015561,4.556389778586777
3015562,55.425506709878825
3015563,1.4447060612574776
3015564,465.5414543137567
3015565,447.2616396251025
3015566,4.493251812849028
3015567,6.623474830822438
3015568,366.5778552423289
3015569,72.34604837846555
3015570,1142.4697706418763
3015571,47.76690615346526
3015572,15.343768671098335
3015573,11.108100655489583
3015574,0.5356941339463233
3015575,4.068539768426897
3015576,4145.961228055825
3015577,0.0020291341220262465
3015578,490.93321936477474
3015579,7.890511727689242
3015580,2213.7588677028825
3015581,708.2518094739769
3015582,379.44666246748665
3015583,287.5790741037923
3015584,70.81612063116901
3015585,6731.078576426969
3015586,15.644679315592176
3015587,0.6643624036316933
3015588,40.70939448047367
3015589,31.27925087217546
3015590,0.20023892849529684
3015591,367.0589593460612
3015592,4.463482400405359
3015593,3.6251576030566497
3015594,11.512778925696487
3015595,89.92934092909175
3015596,2.1013906345563313
3015597,141.31267314254535
3015598,333.4259841960105
3015599,2.9713439407550024
3015600,5.64738380312229
3015601,186.69595819308137
3015602,161.13869779710646
3015603,1515.9460368118696
3015604,0.8957031501760078
3015605,8.09564525684987
3015606,4.929219665873503
3015607,0.21427765357852932
3015608,2.365430097922615
3015609,2179.626680504501
3015610,0.0020291341220262465
3015611,161.40056152395218
3015612,9.688814400511442
3015613,896.8820529661026
3015614,359.9147575788853
3015615,164.63803125405357
3015616,54.7040542704697
3015617,42.67886688645311
3015618,3947.3816925920382
3015619,10.101289006917783
3015620,0.8391946151137178
3015621,24.046800437907102
3015622,18.79859419937893
3015623,0.16964686997518205
3015624,181.48881019715603
3015625,1.4253137076924673
3015626,15.886950121270377
3015627,4.511277008501759
3015628,101.47708085812377
3015629,2.5939040645304714
3015630,124.27130910907334
3015631,168.42053389971124
3015632,1.4132001669444523
3015633,6.414312467743835
3015634,164.19219167421224
3015635,30.235862196847986
3015636,554.1103405999036
3015637,3.1255325714036486
3015638,2.663041202911142
3015639,2.2563329456463213
3015640,0.1851782191419389
3015641,1.5454143306427748
3015642,1922.4398315180847
3015643,0.008116536488104986
3015644,292.395185668289
3015645,14.606621709861948
3015646,586.4248458457389
3015647,561.4465892853561
3015648,137.77957280391394
3015649,49.78671202783155
3015650,51.62706860192902
3015651,3028.5179636131516
3015652,21.927188332089823
3015653,0.48953019214966875
3015654,13.663774161869252
3015655,16.09326145481886
3015656,0.20023892849529684
3015657,137.16380663871573
3015658,14.365661843321448
3015659,2.7452649809555214
3015660,2.981773651539322
3015661,53.72115533503629
3015662,4.957968528406345
3015663,609.4069260283528
3015664,163.1294022263771
3015665,3.8772414836681133
3015666,6.205150104665233
3015667,330.2371744580734
3015668,33.27611828085338
3015669,1249.0157973203604
3015670,50.326993373632064
3015671,8.559359929299612
3015672,2.9853020511628254
3015673,0.14285176905235286
3015674,4.510086720039118
3015675,4696.116296759042
3015676,0.0020291341220262465
3015677,849.1544903862219
3015678,18.643627710075048
3015679,1247.065023515038
3015680,1529.4127970169782
3015681,307.52148073135805
3015682,231.77523308735144
3015683,132.71301768232811
3015684,6043.723114935747
3015685,32.059273951833575
3015686,0.9440939420029327
3015687,21.37425273706444
3015688,33.14221484009097
3015689,0.16964686997518205
3015690,275.5106541509266
3015691,14.290645332390266
3015692,39.20801524082629
3015693,10.899245252540249
3015694,89.33838662070573
3015695,13.100857237312129
3015696,415.9681259240742
3015697,305.632382574569
3015698,17.828063644530015
3015699,9.935212246233657
3015700,565.1079801339387
3015701,115.68634940122435
3015702,3807.671143263491
3015703,50.326993373632064
3015704,24.789950328232436
3015705,3.610132713034114
3015706,0.10713882678926466
3015707,3.4402815344186504
3015708,2877.526867334524
3015709,0.0020291341220262465
3015710,464.63870559370145
3015711,8.110712054973593
3015712,516.353799450591
3015713,745.0977534529146
3015714,175.03648257323857
3015715,135.16489362296412
3015716,92.51831677624038
3015717,2738.9838739586767
3015718,21.496035752526257
3015719,1.223825480374172
3015720,21.126574297771455
3015721,18.284175761786777
3015722,0.07508959818573632
3015723,118.83866908669079
3015724,11.704659497234779
3015725,26.431974367917903
3015726,5.016540033453955
3015727,265.7573161596031
3015728,9.850268599482805
3015729,229.9306756719091
3015730,118.7469074077922
3015731,5.507857060911712
3015732,7.460124283136851
3015733,199.09717462728074
3015734,41.244296826016395
3015735,1860.068924278733
3015736,1.4142681318568544
3015737,5.148546325628208
3015738,4.616804334937857
3015739,0.1851782191419389
3015740,0.35039904517226994
3015741,1197.9526326987987
3015742,0.0020291341220262465
3015743,237.55178474579435
3015744,6.385809491246177
3015745,420.61096747577653
3015746,274.45804876217613
3015747,91.18902767621559
3015748,35.76374192725893
3015749,27.681264144524885
3015750,2125.6393982155
3015751,16.168221733633647
3015752,0.7342952882245032
3015753,11.68090456054258
3015754,10.645508388088611
3015755,0.3003583927429453
3015756,91.92440473589447
3015757,0.150033021862365
3015758,8.059816418446337
3015759,0.9022554017003517
3015760,23.01245600891331
3015761,0.19700537198965606
3015762,286.1080922697408
3015763,140.59591457843268
3015764,3.0438157441880516
3015765,1.533857329243091
3015766,158.42643783108565
3015767,23.88877232392257
3015768,559.75198207956
3015769,0.942845421237903
3015770,2.698548418949957
3015771,7.185552611519824
3015772,0.32141648036779397
3015773,2.866901278682209
3015774,4268.363282990445
3015775,0.020291341220262462
3015776,747.6069324724025
3015777,18.056426837316778
3015778,998.1324176127118
3015779,1237.7064640961135
3015780,328.1548356868819
3015781,247.72765361945247
3015782,111.07326386433249
3015783,6063.447612557417
3015784,26.66986670728902
3015785,3.0420804797872276
3015786,24.876000453007347
3015787,29.317730100796034
3015788,0.17520906243338474
3015789,258.8997600582677
3015790,7.539159348583841
3015791,40.12310356781147
3015792,10.03308006690791
3015793,183.96059999874507
3015794,4.005775897123007
3015795,302.88612898511735
3015796,266.6598625264469
3015797,11.378073138988666
3015798,9.795770670847922
3015799,419.64465692888155
3015800,83.5090099202885
3015801,2865.312239696463
3015802,2.0271176556614914
3015803,17.520377432636867
3015804,7.359116684261848
3015805,0.1851782191419389
3015806,3.3746802730362635
3015807,4597.607598106158
3015808,0.0020291341220262465
3015809,697.353751827679
3015810,17.726126346390252
3015811,1508.5958428638023
3015812,1047.5970800808393
3015813,413.2465080004756
3015814,260.43584106882645
3015815,60.02735929387799
3015816,7864.902691280173
3015817,13.39652657929645
3015818,0.8741610574101228
3015819,35.866505870542554
3015820,20.63683311555436
3015821,0.6007167854858906
3015822,301.0093920181265
3015823,11.704659497234779
3015824,6.194444059591945
3015825,6.063156299426364
3015826,54.01207630238566
3015827,1.3462033752626499
3015828,256.09482011047004
3015829,345.30436917969166
3015830,5.4716211591951875
3015831,4.845594744654311
3015832,232.03965949443858
3015833,85.27116447840612
3015834,1760.4326054496228
3015835,4.3842312087562485
3015836,3.94130098030849
3015837,6.803711651487369
3015838,0.4642682494201469
3015839,2.9646723893963434
3015840,4103.733814230592
3015841,0.0020291341220262465
3015842,725.2464319308202
3015843,12.551418655208005
3015844,1240.9588910154328
3015845,849.1894493008701
3015846,306.3529015861077
3015847,236.70291167158706
3015848,65.13640988019523
3015849,6122.768514752846
3015850,16.014238669503804
3015851,1.3636912495597917
3015852,27.469593891542637
3015853,20.501188734480326
3015854,0.025029866061912105
3015855,269.970535578818
3015856,11.704659497234779
3015857,6.863162452388803
3015858,5.7022541387462224
3015859,106.58034761832056
3015860,1.5432087472523057
3015861,149.01516031034055
3015862,283.26827247854396
3015863,5.616564766061285
3015864,4.810734350807876
3015865,208.44697713195467
3015866,67.7229955805518
3015867,1333.0512633529254
3015868,2.9699630768993943
3015869,7.421008152112383
3015870,12.080059462844922
3015871,1.1785270946819113
3015872,14.11152518284687
3015873,11310.838918121915
3015874,0.0020291341220262465
3015875,1356.4023127060236
3015876,52.99487876643379
3015877,2249.8888896052276
3015878,2504.758885840104
3015879,404.38705458028113
3015880,492.80231289555337
3015881,273.7699013290728
3015882,11931.398254713593
3015883,75.20532852101593
3015884,2.8322818260087983
3015885,61.64921851397473
3015886,57.9369774899349
3015887,0.3003583927429453
3015888,583.6885777572636
3015889,47.78551746316325
3015890,60.8885694493981
3015891,23.70694113075708
3015892,235.1316406826309
3015893,28.401607795175416
3015894,767.8829718571836
3015895,647.998086079807
3015896,20.00221774752148
3015897,25.587529083282476
3015898,1190.3665042436646
3015899,252.2754093902529
3015900,8246.343382720179
3015901,1.6499794871663302
3015902,87.28314341463698
3015903,3.2977173820984698
3015904,0.49998119168323507
3015905,0.8830939032244427
3015906,2022.2582797860275
3015907,0.0020291341220262465
3015908,176.87413614811445
3015909,5.2481078002770305
3015910,782.5225592184074
3015911,314.58162078765815
3015912,127.9402002468621
3015913,149.87936497640771
3015914,39.464425638220504
3015915,3218.8471296215625
3015916,5.235424180414705
3015917,0.2797315383712393
3015918,13.909649992433762
3015919,9.031511955055821
3015920,0.22526879455720897
3015921,189.6974445584651
3015922,0.5626238319838687
3015923,15.886950121270377
3015924,3.5007509585973646
3015925,39.65570030574185
3015926,0.8208557166235669
3015927,85.84129455759707
3015928,97.99850581114652
3015929,2.427805415007136
3015930,4.845594744654311
3015931,116.14577943655256
3015932,22.633303997409854
3015933,647.2851273711767
3015934,0.09428454212379031
3015935,5.184053541667023
3015936,8.851767709843262
3015937,0.21427765357852932
3015938,2.460047301839519
3015939,4491.932877037867
3015940,0.0020291341220262465
3015941,617.6446304262122
3015942,11.04671641876494
3015943,1746.2144287219144
3015944,781.3852813028187
3015945,277.6189112533877
3015946,330.13827154195036
3015947,70.05602312657979
3015948,7208.244414395784
3015949,13.088560451036761
3015950,0.2797315383712393
3015951,25.889427080158125
3015952,21.816080722157466
3015953,0.07508959818573632
3015954,320.51993584956324
3015955,1.5003302186236498
3015956,6.687183927968578
3015957,11.151876765016347
3015958,17.625355683123935
3015959,1.5760429759172485
3015960,481.7639304114875
3015961,310.33104132966656
3015962,4.3483082059829306
3015963,7.250961920058249
3015964,146.73442653135686
3015965,69.18348885960809
3015966,1515.297531449964
3015967,2.6871094505280237
3015968,6.426806103025556
3015969,1.5967894692266273
3015970,0.1851782191419389
3015971,1.0407892430859504
3015972,1351.1595668705409
3015973,0.0020291341220262465
3015974,133.19640477512175
3015975,3.8535057274761417
3015976,854.4553408334993
3015977,182.08027551604755
3015978,100.05883630780782
3015979,214.8143301600569
3015980,15.35890056494868
3015981,2648.775586643631
3015982,1.7862035439061934
3015983,0.3146979806676442
3015984,10.238817577759544
3015985,4.429905103430422
3015986,0.05005973212382421
3015987,89.82595177262552
3015988,11.704659497234779
3015989,15.886950121270377
3015990,0.4330825928161688
3015991,33.10829106377256
3015992,0.2955080579844841
3015993,88.67900382583856
3015994,82.89881071966484
3015995,0.6522462308974395
3015996,1.25497417847162
3015997,61.78843645461672
3015998,11.68283026060447
3015999,235.27867684364807
3016000,50.326993373632064
3016001,2.3434762585618047
3016002,7.671532015197494
3016003,0.1851782191419389
3016004,2.239273826033408
3016005,2798.435676730735
3016006,0.0020291341220262465
3016007,247.83693625241716
3016008,10.165915109627536
3016009,1171.548928051806
3016010,461.3418015114455
3016011,193.6086870618363
3016012,195.81406703558076
3016013,51.670535171735324
3016014,4600.996027109497
3016015,3.541610474986418
3016016,0.6993288459280983
3016017,30.68040055870906
3016018,17.925662511555664
3016019,0.20023892849529684
3016020,242.25135738607216
3016021,11.704659497234779
3016022,15.886950121270377
3016023,13.822552754049388
3016024,32.66954714549627
3016025,1.3790376039275924
3016026,328.12400185974076
3016027,241.85162738595525
3016028,1.8842668892592698
3016029,4.322688836957802
3016030,227.418442396909
3016031,29.22451271160163
3016032,1411.652202358809
3016033,50.326993373632064
3016034,0.9942020490868263
3016035,3.818409600324544
3016036,0.42855530715705864
3016037,1.7661878064488854
3016038,2994.4322909765997
3016039,0.0020291341220262465
3016040,714.47890193053
3016041,9.395213964132308
3016042,1088.2779614628882
3016043,698.375350567554
3016044,245.01600484182538
3016045,124.65007786057406
3016046,53.117679002190314
3016047,6111.573376547605
3016048,6.990831111494929
3016049,4.4407381716434235
3016050,32.77142668374446
3016051,39.0552796444296
3016052,0.10011946424764842
3016053,207.7417746366613
3016054,1.9879375396763361
3016055,6.018465535171719
3016056,3.5368411746653785
3016057,33.336775396597986
3016058,2.3968986925408156
3016059,219.52215472681448
3016060,295.32579339162135
3016061,3.6598260733689663
3016062,6.623474830822438
3016063,156.8034814098264
3016064,31.40637716660001
3016065,713.3055188383217
3016066,5.279934358932256
3016067,3.3731855236874466
3016068,4.234963374905403
3016069,0.1851782191419389
3016070,0.5677032235014274
3016071,1800.5265826598975
3016072,0.0020291341220262465
3016073,113.3682225213646
3016074,3.4131050729074395
3016075,543.8911175962837
3016076,205.79446918717935
3016077,102.62059157878448
3016078,153.77685484809513
3016079,42.57385561250504
3016080,2972.518849309019
3016081,6.9292378858429915
3016082,0.48953019214966875
3016083,10.38302627603785
3016084,8.859810206860844
3016085,0.15017919637147265
3016086,105.48696643215251
3016087,11.704659497234779
3016088,15.886950121270377
3016089,0.3969923767481548
3016090,47.79001255058432
3016091,0.6895188019637962
3016092,242.82355174635188
3016093,92.28218769060729
3016094,1.123312953212257
3016095,1.4292761477037894
3016096,59.68720314010929
3016097,20.50598266637441
3016098,426.15324111428646
3016099,0.09428454212379031
3016100,0.8166659688927502
3016101,5.068070924067122
3016102,0.1851782191419389
3016103,0.8830939032244427
3016104,4566.385980355154
3016105,0.0020291341220262465
3016106,555.9676163250095
3016107,11.523817127881033
3016108,1027.4279069942982
3016109,676.7673926827838
3016110,229.3005624870427
3016111,142.08438523303292
3016112,77.61606575382916
3016113,5981.855473147538
3016114,7.144814175624774
3016115,0.45456374985326387
3016116,30.68040055870906
3016117,10.82133097824027
3016118,0.12514933030956052
3016119,229.74106340762722
3016120,11.704659497234779
3016121,27.03030135094667
3016122,3.320299878257295
3016123,60.61415978647861
3016124,0.9521926312833378
3016125,298.5539673751733
3016126,245.03076736251657
3016127,2.862636235605429
3016128,3.6603413538755585
3016129,130.74879909306335
3016130,46.9241749270183
3016131,1487.2792193648402
3016132,1.319983589733064
3016133,1.420288641552609
3016134,3.9225480439697593
3016135,0.1851782191419389
3016136,6.625727399621105
3016137,3888.593339781841
3016138,0.0020291341220262465
3016139,578.9760592477869
3016140,7.963911836784026
3016141,1021.9038040850556
3016142,958.5364817284259
3016143,173.70676128757708
3016144,128.3429081686315
3016145,88.43866113124801
3016146,5401.285529602351
3016147,54.38681825066099
3016148,1.608456345634626
3016149,33.99720061911004
3016150,29.377138905671494
3016151,0.20023892849529684
3016152,259.44177592832943
3016153,24.830465118221404
3016154,24.390623484643285
3016155,1.8045108034007034
3016156,113.37142848259408
3016157,9.423423626838549
3016158,226.18050217877095
3016159,301.27875216597397
3016160,13.842114455712329
3016161,15.23399211089161
3016162,260.8388351738734
3016163,70.10908281358135
3016164,2600.0253625457567
3016165,50.326993373632064
3016166,12.589580476572051
3016167,6.213593804164485
3016168,0.1851782191419389
3016169,7.159368429712447
3016170,3865.469052319791
3016171,0.0020291341220262465
3016172,499.730009925714
3016173,14.27632121893542
3016174,1300.7657109513564
3016175,918.9918316045847
3016176,161.81881359128857
3016177,94.3363443129431
3016178,87.53671001424708
3016179,5789.290380460396
3016180,27.378188802286306
3016181,1.188859038077767
3016182,44.86044186041464
3016183,68.15357491103246
3016184,0.16964686997518205
3016185,356.6204230355393
3016186,24.830465118221404
3016187,19.21685486668865
3016188,10.141350715111953
3016189,105.18986689270648
3016190,11.88599077670925
3016191,170.73450385646777
3016192,499.1995582051294
3016193,8.76908821539891
3016194,10.77186169854807
3016195,137.30319983708708
3016196,84.2053773982845
3016197,2131.625762276207
3016198,3.7242394138897166
3016199,16.777346701368717
3016200,9.75430088810179
3016201,0.32141648036779397
3016202,2.962464654638283
3016203,4873.866587885384
3016204,0.0020291341220262465
3016205,723.8867097123536
3016206,7.376710964025756
3016207,2669.102778936166
3016208,748.6291404354723
3016209,218.05936130221227
3016210,480.9920089862799
3016211,56.035850843837814
3016212,8141.447472080357
3016213,28.887222830758784
3016214,1.7832885571166506
3016215,26.60650483234699
3016216,18.1090399786279
3016217,0.05005973212382421
3016218,384.27539735340264
3016219,6.263878662753738
3016220,15.169348805023457
3016221,8.356328628387978
3016222,53.83995368829265
3016223,3.644599381808637
3016224,199.63055671864183
3016225,352.6956430914338
3016226,7.7544829673362266
3016227,10.66728051700877
3016228,248.2393951256266
3016229,56.53952791656601
3016230,1815.6842476719273
3016231,6.347235375773563
3016232,17.288392474867056
3016233,4.373814633099023
3016234,0.42855530715705864
3016235,4.699321127872927
3016236,3254.771660634031
3016237,0.008116536488104986
3016238,422.5259406388769
3016239,8.22081221861577
3016240,910.1865727837636
3016241,846.1443420687103
3016242,225.6753864694445
3016243,143.95078398081674
3016244,72.29168816740054
3016245,5029.05678083001
3016246,25.46879880707624
3016247,1.7133556725238408
3016248,16.20364986029587
3016249,12.465546918955376
3016250,0.10011946424764842
3016251,249.65845705674127
3016252,22.204887235630018
3016253,23.47553515765811
3016254,2.165412964080844
3016255,89.80750511793964
3016256,7.5518725929368165
3016257,389.7049912863629
3016258,271.11700143899265
3016259,6.703641817557017
3016260,9.830631064694357
3016261,398.262041512118
3016262,53.02024084800742
3016263,2382.020954565339
3016264,0.047142271061895155
3016265,27.136706582031604
3016266,3.9225480439697593
3016267,0.24999059584161754
3016268,2.775437981562534
3016269,5959.965837522683
3016270,0.0020291341220262465
3016271,470.3536398420355
3016272,11.450417018786249
3016273,2454.262055730075
3016274,734.8243613767393
3016275,300.67449104511184
3016276,186.69672465716914
3016277,56.60614174058621
3016278,8928.201903343219
3016279,10.440051748003441
3016280,2.5525502876375588
3016281,31.242093438503048
3016282,23.69484125090691
3016283,0.17520906243338474
3016284,489.64916221668307
3016285,11.704659497234779
3016286,0.1759785244202257
3016287,8.769922504527418
3016288,42.760657265851
3016289,2.134224863221274
3016290,156.36588660433534
3016291,345.30436917969166
3016292,3.5873542699359176
3016293,10.4929785477766
3016294,192.65246272810498
3016295,60.75071735514324
3016296,1300.6001114374944
3016297,50.326993373632064
3016298,6.391298886986741
3016299,7.879808902487923
3016300,0.035712942263088215
3016301,7.790149789158477
3016302,3690.6446346025273
3016303,0.0020291341220262465
3016304,561.1763906772227
3016305,12.111018000639302
3016306,1412.426327274701
3016307,866.450915741949
3016308,252.9433473993644
3016309,138.6792497661052
3016310,110.67150808653787
3016311,6172.995137012405
3016312,40.83630860723469
3016313,1.608456345634626
3016314,27.68807006943426
3016315,37.285034620539385
3016316,0.07508959818573632
3016317,277.2093535142684
3016318,22.654986301217114
3016319,21.32859715973136
3016320,9.816538770499827
3016321,151.8917945259656
3016322,11.688985404719592
3016323,234.96963479778677
3016324,493.3661395548681
3016325,14.458124784893243
3016326,9.063702400072811
3016327,210.7951804052156
3016328,66.09263053184256
3016329,2242.726099985188
3016330,0.942845421237903
3016331,7.363699505425734
3016332,3.818409600324544
3016333,0.1851782191419389
3016334,4.395915293979386
3016335,3714.202023744835
3016336,0.0020291341220262465
3016337,523.4187207255302
3016338,10.422815491459279
3016339,822.4968762086999
3016340,978.0865388622655
3016341,187.02460376146402
3016342,135.57834728686308
3016343,91.38611260325733
3016344,4739.700288566386
3016345,28.887222830758784
3016346,1.1538925957813622
3016347,29.166209226786876
3016348,22.717858303677485
3016349,0.05005973212382421
3016350,220.40852332074127
3016351,18.529078200002076
3016352,38.891253896869884
3016353,5.212509906703271
3016354,70.94927902445932
3016355,9.784600142152918
3016356,240.16643669818828
3016357,255.53078152759434
3016358,9.747457561745069
3016359,9.098562793919244
3016360,235.1022457647818
3016361,56.768685760274764
3016362,2502.7555731800926
3016363,0.23571135530947576
3016364,15.708004991844874
3016365,6.421870691454915
3016366,0.10713882678926466
3016367,3.695117203634847
3016368,6559.902880629859
3016369,0.0020291341220262465
3016370,628.3386619282071
3016371,18.423427382790695
3016372,1482.385524567074
3016373,807.0013853832625
3016374,320.00640247831694
3016375,238.3036664403158
3016376,56.375375583784354
3016377,7467.133007975388
3016378,9.485356750398406
3016379,0.13986576918561966
3016380,18.20634815763581
3016381,20.32948698628535
3016382,0.10011946424764842
3016383,283.54593805005254
3016384,11.704659497234779
3016385,8.55255628682297
3016386,1.4075184266525487
3016387,86.3367032290524
3016388,3.3490913238241533
3016389,260.63833723901223
3016390,339.5911876804842
3016391,3.949713287101162
3016392,2.823691901561145
3016393,266.15899516678377
3016394,144.06582744621886
3016395,1416.217182540911
3016396,3.6299548717659262
3016397,0.9586948330480111
3016398,15.863756248621058
3016399,0.1851782191419389
3016400,15.895374867360244
3016401,14419.879522703335
3016402,0.0020291341220262465
3016403,1905.8196030017184
3016404,29.910544456124338
3016405,2987.5779097017034
3016406,3011.738481335797
3016407,646.6714463867912
3016408,631.3437447736923
3016409,350.3949452316994
3016410,15066.324324337162
3016411,86.5076854281465
3016412,5.140067017571522
3016413,132.78809041815322
3016414,126.27289965755044
3016415,0.22526879455720897
3016416,805.9884120659947
3016417,34.185024031339864
3016418,29.247630758641517
3016419,35.11866745146313
3016420,364.0413537786407
3016421,26.037543331299545
3016422,921.0549412042417
3016423,771.399739544051
3016424,43.7729692735615
3016425,37.8583877172272
3016426,1240.8254879701797
3016427,309.29759575785687
3016428,10039.563310075175
3016429,336.70141406911
3016430,99.84606155783764
3016431,17.63410979058971
3016432,0.1851782191419389
3016433,13.729271679022578
3016434,13037.997588732507
3016435,0.004058268244052493
3016436,1421.3208489169938
3016437,28.882942928797362
3016438,3066.6455593913006
3016439,2659.635690771209
3016440,821.5958492508764
3016441,392.98770753594926
3016442,260.2077509395847
3016443,16953.85596398907
3016444,138.3075882014261
3016445,2.06302009548789
3016446,79.06241883107987
3016447,85.67642512132271
3016448,0.6507765176097148
3016449,759.8954365423654
3016450,30.097374350699727
3016451,39.27840665059438
3016452,4.654194264131094
3016453,245.5430338633273
3016454,20.258719086269632
3016455,1215.629199118494
3016456,940.1492701701242
3016457,26.524680056495875
3016458,31.30463367409763
3016459,1363.8957359496908
3016460,260.199159631522
3016461,6665.2330981545365
3016462,587.6038948055708
3016463,95.00970905426982
3016464,13.05201827020026
3016465,0.1851782191419389
3016466,18.985257356606624
3016467,8511.758811157933
3016468,0.020291341220262462
3016469,1072.6777580507298
3016470,16.29482421904197
3016471,2882.1059318519237
3016472,1915.9953118714443
3016473,941.1689105710255
3016474,155.73421340193673
3016475,202.97489357471767
3016476,14727.455916951745
3016477,47.21120746221025
3016478,3.1469798066764425
3016479,47.985444352105475
3016480,25.8558794536889
3016481,0.3504181248667695
3016482,729.6777138712927
3016483,34.13251247368803
3016484,28.156563907236116
3016485,9.36757648261373
3016486,133.86853185849722
3016487,10.342782029456943
3016488,1086.5521665244903
3016489,874.9918867303137
3016490,26.633387761645448
3016491,46.402670248988144
3016492,863.5847461869189
3016493,144.15615225446632
3016494,3042.1502420205848
3016495,369.3262227574945
3016496,52.77561823511016
3016497,18.224227637912595
3016498,0.1851782191419389
3016499,19.813473281559265
3016500,12203.996243338583
3016501,0.012174804732157478
3016502,1347.0082855358417
3016503,24.001835673994254
3016504,2833.245479816837
3016505,2443.2756222482026
3016506,765.052447408631
3016507,361.97868274352817
3016508,202.24725791788796
3016509,15734.831668402356
3016510,50.78361455002264
3016511,1.99308721089508
3016512,76.70893287517795
3016513,81.4583999751649
3016514,0.5005973212382421
3016515,725.3801092357281
3016516,34.71614092873264
3016517,31.353037824805096
3016518,7.918915209643647
3016519,224.42628907668933
3016520,14.479894841239721
3016521,955.4404796035908
3016522,883.1701040828666
3016523,25.32889529985057
3016524,32.87335139718716
3016525,1230.2932069058295
3016526,236.59311075368248
3016527,5977.625925636431
3016528,444.67607170927465
3016529,75.9035013988445
3016530,14.093402706652407
3016531,0.1851782191419389
3016532,20.83281595842405
3016533,7125.199796823281
3016534,0.0020291341220262465
3016535,967.5199600088605
3016536,20.11162989197072
3016537,2668.9101499258327
3016538,1538.014968625672
3016539,741.5691851453292
3016540,124.51846177756624
3016541,156.74868508977625
3016542,12929.80673633088
3016543,45.30181746700018
3016544,0.5244966344460738
3016545,36.5929571881195
3016546,76.04395704758447
3016547,0.15017919637147265
3016548,695.9199922882705
3016549,29.302199334829197
3016550,13.374367855937155
3016551,2.760901529203076
3016552,131.95662086077783
3016553,6.402674589663822
3016554,961.122263740074
3016555,1024.3724321187885
3016556,19.386207418340565
3016557,26.493899323289753
3016558,943.4528269893607
3016559,100.71178577598997
3016560,2214.9478454351815
3016561,335.90942391527017
3016562,25.33905005348853
3016563,12.79687908326948
3016564,0.1851782191419389
3016565,11.308332821468712
3016566,9101.430230355052
3016567,0.0020291341220262465
3016568,1367.0118551938417
3016569,28.222341946944315
3016570,2133.4636395890097
3016571,2540.881635160129
3016572,506.9147985546699
3016573,464.274010086526
3016574,258.02959283040167
3016575,11645.494423536667
3016576,65.78156499626947
3016577,1.7483221148202457
3016578,57.69717913765783
3016579,69.14944505056334
3016580,0.3754479909286816
3016581,552.9700648621063
3016582,18.138992343159927
3016583,31.81691721517681
3016584,12.192718596417874
3016585,259.8460855991344
3016586,18.551339195692613
3016587,817.7729548913148
3016588,614.6272232168715
3016589,20.76317168356849
3016590,32.629328640262116
3016591,1042.918078018251
3016592,222.83474688177
3016593,7863.655234037393
3016594,301.1146564899066
3016595,85.04469154016657
3016596,6.248306618712889
3016597,0.42855530715705864
3016598,6.276274526488004
3016599,2488.5556023352756
3016600,0.0020291341220262465
3016601,386.89725922943967
3016602,26.57083949231168
3016603,1020.1660004326916
3016604,633.8737104827842
3016605,251.67104989017886
3016606,85.86054420301468
3016607,73.32873665588814
3016608,4540.4276256037465
3016609,60.2073780747691
3016610,1.3287248072633866
3016611,31.897521972177937
3016612,21.295824425126682
3016613,0.27532852668103314
3016614,228.28769042936318
3016615,15.153335208098863
3016616,10.101167301720956
3016617,12.595485407736911
3016618,64.02151255487667
3016619,7.026524934297733
3016620,254.73718859665965
3016621,272.58494022229416
3016622,3.7685337785185395
3016623,7.669286646215455
3016624,240.01508354749276
3016625,58.75347649238259
3016626,1650.1878643245175
3016627,1.55569494504254
3016628,10.419572669721807
3016629,11.073387840941178
3016630,0.1851782191419389
3016631,13.792980596326625
3016632,6082.608117665808
3016633,0.004058268244052493
3016634,675.8142326803426
3016635,35.0118520382118
3016636,2076.454428075565
3016637,1352.0583697378536
3016638,538.1764971840989
3016639,112.39048763653045
3016640,121.88902377396379
3016641,10396.830941342982
3016642,116.81155244889985
3016643,1.6783892302274357
3016644,61.683107558070134
3016645,36.3581885837829
3016646,0.15017919637147265
3016647,510.13797035225247
3016648,20.31522132527353
3016649,9.889993072416686
3016650,3.392480310393322
3016651,138.2397712658161
3016652,9.226418254848893
3016653,595.23711711507
3016654,642.0622044660391
3016655,14.566832490042817
3016656,26.18015577867185
3016657,435.52361292116353
3016658,86.78763131321283
3016659,2321.17774140433
3016660,334.1142462332332
3016661,20.318496696747236
3016662,8.261649862520377
3016663,0.1851782191419389
3016664,5.456258759208164
3016665,5910.185603881103
3016666,0.008116536488104986
3016667,996.3156999980247
3016668,10.606315764196237
3016669,1576.1775562956614
3016670,1924.436366695368
3016671,288.7975019278972
3016672,355.7424233130524
3016673,208.58136851301387
3016674,7531.49561342412
3016675,43.608003761571894
3016676,1.99308721089508
3016677,38.611878964015744
3016678,41.169614971702565
3016679,0.27532852668103314
3016680,359.9012410420415
3016681,3.1506934591096645
3016682,49.449965362083425
3016683,6.821050836854659
3016684,162.1739269984314
3016685,10.572621630111543
3016686,658.9098499452456
3016687,336.0659738169765
3016688,22.79238217969386
3016689,11.129529339412484
3016690,1009.5115781725195
3016691,128.84309947715474
3016692,5780.853456853412
3016693,5.468503443179837
3016694,51.307996235847845
3016695,12.323049164683756
3016696,0.1851782191419389
3016697,8.137079536853793
3016698,6346.347892557233
3016699,0.0020291341220262465
3016700,1002.8136180087591
3016701,14.129521000745854
3016702,1854.6238263726402
3016703,1353.96650511385
3016704,414.34375631340015
3016705,228.29533141620195
3016706,269.5189922022711
3016707,9611.235175734899
3016708,51.307156968064106
3016709,3.601543556529706
3016710,56.22120311077939
3016711,49.388290850803365
3016712,0.20023892849529684
3016713,395.71213496078377
3016714,9.752146421053725
3016715,59.33995843450012
3016716,11.115786548948332
3016717,261.59194889855235
3016718,10.638290087441428
3016719,511.6375669455548
3016720,397.558738000753
3016721,16.70475069131776
3016722,28.097477440225713
3016723,521.3841435712371
3016724,135.79497662125044
3016725,5204.044831519085
3016726,6.694202490789111
3016727,9.736043105772046
3016728,9.89315214629541
3016729,0.035712942263088215
3016730,3.472135993070675
3016731,2949.648741671897
3016732,0.0020291341220262465
3016733,524.3964666743224
3016734,8.808013091374038
3016735,1104.6963050676611
3016736,593.0269437983898
3016737,258.5373256773771
3016738,94.6808890328589
3016739,101.07640135643392
3016740,4613.616279495968
3016741,15.675475928418145
3016742,1.6783892302274357
3016743,32.625775898483376
3016744,25.111037270019086
3016745,0.07508959818573632
3016746,236.4784152887313
3016747,6.526436451012877
3016748,14.28945618292233
3016749,8.26465947957522
3016750,94.77071131960977
3016751,3.578930924478752
3016752,298.5453659136479
3016753,258.98559566787634
3016754,5.435385257478663
3016755,6.797776800054608
3016756,206.37834755282887
3016757,69.83281010325643
3016758,2186.6657033616757
3016759,0.4714227106189515
3016760,4.260865924657827
3016761,7.011988538777799
3016762,0.1851782191419389
3016763,1.387718990781267
3016764,4648.213649421028
3016765,0.0020291341220262465
3016766,259.7779447036487
3016767,5.211407745729639
3016768,1379.955566142132
3016769,293.4302825179076
3016770,246.87907429144687
3016771,70.64200392433428
3016772,27.09759272272604
3016773,4955.252828890748
3016774,10.255272071047626
3016775,0.9790603842993375
3016776,25.236522198703106
3016777,10.851550485922585
3016778,0.05005973212382421
3016779,247.17951165601002
3016780,11.704659497234779
3016781,15.886950121270377
3016782,4.150374847821618
3016783,26.594631353978365
3016784,1.116363774608051
3016785,59.45536091131978
3016786,199.6184152066439
3016787,0.1449436068660977
3016788,2.4402275692503723
3016789,68.09213611593799
3016790,89.6264888649358
3016791,693.6055492560439
3016792,50.326993373632064
3016793,2.982606147260479
3016794,7.671532015197494
3016795,0.07142588452617643
3016796,6.275328354448834
3016797,4592.649906846604
3016798,0.0020291341220262465
3016799,629.3327746938583
3016800,14.129521000745854
3016801,1446.6524979369215
3016802,1129.0258692782893
3016803,390.3250220452164
3016804,182.4364291954104
3016805,119.44085555576156
3016806,7105.4705872762925
3016807,32.52122314422311
3016808,1.3986576918561966
3016809,31.514647878249043
3016810,61.928012924978965
3016811,0.16964686997518205
3016812,372.4162658323198
3016813,26.893419168828924
3016814,19.040876342268422
3016815,10.610523523996138
3016816,99.14262571757214
3016817,7.1250276202925615
3016818,478.47956658317287
3016819,375.49121287732765
3016820,10.18228838234336
3016821,15.373433686277345
3016822,564.695402988509
3016823,99.7586059047159
3016824,2695.6531819421184
3016825,50.326993373632064
3016826,39.26780705647479
3016827,5.797040029583625
3016828,0.07142588452617643
3016829,5.287840136236074
3016830,4983.740027815349
3016831,0.01623307297620997
3016832,688.5474165091348
3016833,19.52442901921245
3016834,1077.0329840747074
3016835,1469.6487227534788
3016836,209.40135186345253
3016837,270.1919693579619
3016838,170.26887295306045
3016839,5544.820579930852
3016840,35.10813862160449
3016841,3.181946248972847
3016842,31.53339500902522
3016843,31.45438665533434
3016844,0.6007167854858906
3016845,256.4971834771337
3016846,16.053533339273052
3016847,44.06502251482452
3016848,9.4408396212318
3016849,178.76519701571027
3016850,12.509841121343161
3016851,474.67547187237557
3016852,274.19716358686037
3016853,7.6820111639031765
3016854,14.955108960120137
3016855,651.5585274474521
3016856,130.5218352792961
3016857,5057.375125120479
3016858,0.5185649816808466
3016859,43.575979635995594
3016860,5.033358109518717
3016861,0.6071200184724997
3016862,9.81117326482356
3016863,5882.856330812812
3016864,0.004058268244052493
3016865,869.0900039955528
3016866,22.497133437551188
3016867,1290.1089769925811
3016868,1603.4269185443943
3016869,319.63954887508334
3016870,324.66448957664824
3016871,127.24747234214969
3016872,7390.245905898753
3016873,36.74035910138084
3016874,4.05610730638297
3016875,42.87757225908796
3016876,57.689383569037744
3016877,0.16964686997518205
3016878,364.8165545370029
3016879,33.94497119636008
3016880,36.84990301359527
3016881,23.78056517153583
3016882,150.0382702189091
3016883,18.715510339017328
3016884,457.3137991610329
3016885,367.88804276894547
3016886,20.58199217498587
3016887,19.940145280160184
3016888,640.2305196237065
3016889,151.11754877790304
3016890,4827.393226858571
3016891,1.4614104029187496
3016892,41.7406498432934
3016893,12.809028568361425
3016894,0.35712942263088215
3016895,6.976126444793374
3016896,4404.295935755917
3016897,0.0020291341220262465
3016898,545.1990159582391
3016899,16.88202509180024
3016900,2098.009545289233
3016901,912.2666705384655
3016902,606.760109707986
3016903,214.91872721019135
3016904,84.01911121448738
3016905,9982.391208298406
3016906,11.055984004522816
3016907,1.2587919226705768
3016908,52.361457301360595
3016909,42.2077237412894
3016910,0.16964686997518205
3016911,439.7830263407413
3016912,13.315430690284893
3016913,6.124052649823855
3016914,7.72330623855501
3016915,54.77785318743866
3016916,3.2834228664942677
3016917,442.0536858873276
3016918,523.4658548821751
3016919,8.225549689651043
3016920,7.948169796986926
3016921,433.4622038107078
3016922,105.96100319250722
3016923,1685.176993365286
3016924,125.84204979533355
3016925,17.974498392631475
3016926,4.998648473915955
3016927,0.18517822734431694
3016928,3.0277090059579708
3016929,2745.5223655495115
3016930,0.004058268244197172
3016931,339.2139430087745
3016932,13.39643070315371
3016933,669.8040009445117
3016934,762.856008830802
3016935,191.65358900976673
3016936,165.40244992752812
3016937,96.62667252240242
3016938,3618.57957944183
3016939,18.20104451221821
3016940,1.7133557000721196
3016941,23.542079938781853
3016942,23.344630606208614
3016943,0.35041868441632296
3016944,179.49185208218577
3016945,15.078328828741576
3016946,19.146952098683283
3016947,6.604495485401694
3016948,90.86663189710241
3016949,5.873257082097517
3016950,450.6962890694418
3016951,163.15081928915893
3016952,4.058438103785524
3016953,8.296773783745005
3016954,422.2047870727814
3016955,62.85168870370728
3016956,2415.8609188275836
3016957,50.337414162289974
3016958,27.885203566087377
3016959,1.353800628352238
3016960,0.18517822734431694
3016961,2.1761658480322916
3016962,1603.1005166696311
3016963,0.002029134122098586
3016964,105.28341056720545
3016965,4.808034033186674
3016966,1072.260848665444
3016967,336.67707006124283
3016968,367.4633768293315
3016969,49.76268767035972
3016970,26.832597077659184
3016971,3919.571479755548
3016972,5.173900978092486
3016973,0.4195973143033762
3016974,10.310926282529264
3016975,8.104343664408992
3016976,0.050059812059474705
3016977,172.68613428222264
3016978,4.05089431219923
3016979,15.887355576164387
3016980,1.8045069632245065
3016981,14.483186111883594
3016982,0.3937379049450849
3016983,186.18303858666502
3016984,193.24828994800689
3016985,0.9421374169502109
3016986,3.974084921625758
3016987,168.5588487418566
3016988,27.655183915338764
3016989,274.88379323503597
3016990,1.912486434825389
3016991,1.810870345889529
3016992,8.261655116611093
3016993,0.21427766306985246
3016994,4.459563056692261
3016995,5995.740499780743
3016996,0.002029134122098586
3016997,763.7537454481004
3016998,14.460804649431674
3016999,2284.717872820045
3017000,745.8933350915454
3017001,788.7357575421381
3017002,310.79060390488297
3017003,66.67510507433727
3017004,11058.460950140874
3017005,28.980004883244224
3017006,0.8042281857481377
3017007,27.964962583329722
3017008,21.885505342222437
3017009,0.10011962411894941
3017010,514.2932932276416
3017011,13.165406514647495
3017012,2.3229758060902514
3017013,10.321779829644177
3017014,41.519142060878046
3017015,2.3296159375917527
3017016,652.143691201417
3017017,451.2355220295004
3017018,2.9351204143448877
3017019,15.756898110305636
3017020,504.54363464621196
3017021,106.27868981483921
3017022,1616.4228574282008
3017023,20.54225444270288
3017024,10.794207551968956
3017025,5.970607899399613
3017026,0.18517822734431694
3017027,0.8830817934044082
3017028,1956.3810094530224
3017029,0.002029134122098586
3017030,199.69546322524968
3017031,12.405461856619052
3017032,1334.0389024347153
3017033,452.34431340716213
3017034,314.5783915906103
3017035,64.86548938290247
3017036,31.70161824540423
3017037,4182.568897555504
3017038,8.5307772079263
3017039,0.45456375716199093
3017040,15.754806942186326
3017041,19.745752572182926
3017042,0.22526915426763616
3017043,180.7617571215235
3017044,8.10178862439846
3017045,15.887355576164387
3017046,5.722091580384911
3017047,39.144439703978534
3017048,1.5749516197803397
3017049,159.67687291904588
3017050,198.47155580367925
3017051,1.7755666704061668
3017052,7.041799597968448
3017053,184.19254697157825
3017054,32.25856887980877
3017055,369.96671318738606
3017056,3.847605845210841
3017057,3.550726168410841
3017058,4.963935637291539
3017059,0.18517822734431694
3017060,3.6950665326878736
3017061,1877.4980336197698
3017062,0.002029134122098586
3017063,128.07080429685132
3017064,7.964453322148917
3017065,1066.510508372213
3017066,315.16943676642865
3017067,237.8637484031958
3017068,51.74623536071672
3017069,25.09818329435555
3017070,4090.4585503516655
3017071,14.443806897174857
3017072,0.06993288571722937
3017073,17.19689453414846
3017074,9.260586254157511
3017075,0.025029906029737353
3017076,150.72198107656206
3017077,1.6503643494145008
3017078,15.887355576164387
3017079,2.9233012804237006
3017080,41.0863344945509
3017081,0.9843447623627123
3017082,161.06856991640754
3017083,212.50296191226465
3017084,0.5435408174712756
3017085,5.682244230043847
3017086,108.68868650551974
3017087,23.43541436457459
3017088,200.83934239334258
3017089,3.5453613174191565
3017090,2.0594211776782876
3017091,3.7142735188125497
3017092,0.18517822734431694
3017093,2.293489572013163
3017094,1907.8246776709987
3017095,0.002029134122098586
3017096,178.16039854913697
3017097,10.533631813164698
3017098,1763.5437877359238
3017099,418.4332467393698
3017100,384.1088840236185
3017101,41.23691251005334
3017102,34.865577679154775
3017103,4595.973115978456
3017104,10.039831659869943
3017105,0.3496644285861468
3017106,13.231153656252587
3017107,21.642718436682728
3017108,0.10011962411894941
3017109,214.08206486469953
3017110,1.1627567007238528
3017111,15.887355576164387
3017112,3.1398421160106413
3017113,20.762609461091866
3017114,2.034312508882939
3017115,259.04726171108047
3017116,288.014998785505
3017117,1.1957897984368062
3017118,4.810734378810128
3017119,98.61682598917929
3017120,92.20719580347502
3017121,421.5676647190778
3017122,2.5009437993870467
3017123,4.793480327354636
3017124,4.061401885056713
3017125,0.9285365399693607
3017126,3.469249902660175
3017127,2060.8338022435614
3017128,0.002029134122098586
3017129,168.31159763924248
3017130,3.0463116393472824
3017131,1034.0960158565783
3017132,379.03395465917833
3017133,389.9367837581112
3017134,95.94106986516208
3017135,52.68214238924955
3017136,4035.379870695887
3017137,7.606866318981214
3017138,1.0839597286170553
3017139,14.132458401228922
3017140,17.75400709533665
3017141,0.12514953014868677
3017142,228.27877867860477
3017143,9.189528763785288
3017144,15.887355576164387
3017145,3.8616449013004437
3017146,23.463436708063163
3017147,1.9358780326466678
3017148,128.72190053464746
3017149,199.95764412079325
3017150,1.014609525946381
3017151,5.403361077649057
3017152,126.96765048311852
3017153,44.76826752075602
3017154,676.3002917674152
3017155,3.2860251391267585
3017156,4.971016635775177
3017157,4.790371454169457
3017158,0.21427766306985246
3017159,1.356161325585341
3017160,1645.189192964269
3017161,0.002029134122098586
3017162,163.8388919369371
3017163,5.909110529336294
3017164,1042.439308418673
3017165,291.5570316761467
3017166,231.77840398016588
3017167,161.71133538752562
3017168,28.651516021853148
3017169,2998.277472438921
3017170,4.989118800303469
3017171,0.38463087144476155
3017172,12.18564015208004
3017173,13.186728674292597
3017174,0.20023924823789882
3017175,169.2893579502847
3017176,11.704667361946024
3017177,15.887355576164387
3017178,3.067661837481661
3017179,31.745185857494786
3017180,1.5093286356228255
3017181,56.366322624650195
3017182,150.39708667272643
3017183,1.0508455804444659
3017184,3.137435464441388
3017185,75.46516595932032
3017186,36.54808668761037
3017187,588.6655582630988
3017188,50.337414162289974
3017189,0.9942033271550355
3017190,8.817060502601754
3017191,0.7499718207444837
3017192,3.0261320741840345
3017193,3739.2104200708077
3017194,0.002029134122098586
3017195,348.1303510148245
3017196,7.3405099743308
3017197,1415.0884247186566
3017198,859.9611276367335
3017199,784.9597729770359
3017200,199.99032590318694
3017201,82.94603851969414
3017202,6932.057989467945
3017203,16.230034615802026
3017204,1.573489928637661
3017205,24.839958771547774
3017206,25.89269119900161
3017207,0.20023924823789882
3017208,307.83876868969327
3017209,0.6751490520332049
3017210,15.887355576164387
3017211,7.804131714553346
3017212,44.42860821267787
3017213,3.7405100969783067
3017214,257.97395609935626
3017215,310.45270184737103
3017216,2.5002877603678675
3017217,8.993981664731978
3017218,441.01360149128357
3017219,59.94862692366624
3017220,1515.3760462522907
3017221,9.1210891507057
3017222,15.16160073911429
3017223,3.9225505385590482
3017224,0.21427766306985246
3017225,3.949898707356003
3017226,2694.847168972514
3017227,0.002029134122098586
3017228,599.7842687722479
3017229,9.505960416758386
3017230,693.2455184405353
3017231,710.1429732378391
3017232,318.3370065633203
3017233,183.63475722831345
3017234,46.36888044064192
3017235,4256.116686141388
3017236,12.103232645180638
3017237,1.0140268428998258
3017238,27.12747021429771
3017239,18.440815880456054
3017240,0.15017943617842414
3017241,201.56413983084477
3017242,11.890124971918109
3017243,5.103507452774037
3017244,5.50410713922739
3017245,54.89026255382121
3017246,2.001501016804182
3017247,110.84331042841532
3017248,177.7311440420817
3017249,4.493270757762544
3017250,7.1812411741658435
3017251,229.21700998458277
3017252,58.05628417205361
3017253,1918.6670790187636
3017254,41.142505885278425
3017255,14.921536160621665
3017256,6.664864631887941
3017257,0.8213977084344345
3017258,3.1535481615180996
3017259,3092.223793589127
3017260,0.002029134122098586
3017261,186.60059686548482
3017262,7.3405099743308
3017263,1106.3127227030095
3017264,399.4862726591877
3017265,453.17449685489044
3017266,60.79399675532758
3017267,33.565165005632835
3017268,5180.635686585609
3017269,36.771653380014456
3017270,1.3636912714859726
3017271,15.002037219182089
3017272,18.818560712271726
3017273,0.10011962411894941
3017274,196.44363129942266
3017275,9.939694377155517
3017276,15.887355576164387
3017277,4.402996990267796
3017278,52.49732961300463
3017279,2.7561653346155945
3017280,149.77830600800382
3017281,208.14994993272586
3017282,1.4494421799234014
3017283,5.612523441945149
3017284,165.27530781974502
3017285,26.504337674221258
3017286,496.8050926398526
3017287,3.3510949438619417
3017288,4.580436757249984
3017289,7.393834201000683
3017290,0.18517822734431694
3017291,7.007884803373554
3017292,4111.487235530531
3017293,0.002029134122098586
3017294,724.6762323573915
3017295,12.66237970572063
3017296,977.5985858854539
3017297,999.2722670914471
3017298,342.12259603885815
3017299,223.20958287745273
3017300,85.96906323434742
3017301,5805.470085968838
3017302,43.6085939582081
3017303,1.573489928637661
3017304,21.15578549598251
3017305,31.55062197081528
3017306,0.10011962411894941
3017307,277.2921119744267
3017308,25.355597731913697
3017309,17.316728736309145
3017310,5.321851935941714
3017311,86.81201499258674
3017312,9.154406289973226
3017313,766.0496014008875
3017314,293.8952244155113
3017315,9.42137416950211
3017316,8.610517330189143
3017317,681.4355222648883
3017318,110.05451899685808
3017319,2437.5080648725116
3017320,50.337414162289974
3017321,36.986861817874676
3017322,8.226942279986675
3017323,0.03571294384497541
3017324,5.3833296898642296
3017325,4937.577471508875
3017326,0.002029134122098586
3017327,555.7590155236385
3017328,8.80861196919696
3017329,2401.0372075791165
3017330,881.894988205369
3017331,1076.6125037444956
3017332,112.29663854003553
3017333,68.81995755120099
3017334,9118.305360769496
3017335,12.380405911864163
3017336,0.5244966428792203
3017337,23.77750073816967
3017338,15.762261618490372
3017339,0.16964714086821983
3017340,378.32897390678914
3017341,2.7005962081328194
3017342,6.863337608903016
3017343,4.511267408061267
3017344,55.44325693263858
3017345,1.4437056514653113
3017346,372.4331634587414
3017347,443.3115764436883
3017348,4.493270757762544
3017349,6.623474869376263
3017350,439.89343229224863
3017351,73.06952633191513
3017352,1131.1581887089603
3017353,48.23181395914423
3017354,15.34378839584439
3017355,11.108107719813233
3017356,0.5356941576746311
3017357,4.109168816523583
3017358,4145.9784968471995
3017359,0.002029134122098586
3017360,490.93332595254157
3017361,7.89104822240561
3017362,2213.8061000138623
3017363,728.682394950527
3017364,517.4299088798039
3017365,287.57961601947744
3017366,70.81612063116913
3017367,6731.1719958456
3017368,15.64489105280347
3017369,0.664362414313679
3017370,40.70941167729509
3017371,30.972672378137297
3017372,0.20023924823789882
3017373,360.4509547446814
3017374,4.463485399552854
3017375,3.625250121625695
3017376,11.512754425372352
3017377,90.83152114289177
3017378,2.099935493040453
3017379,120.78006251750483
3017380,327.42422077095955
3017381,2.971356468842973
3017382,5.647383835994498
3017383,220.3012336733997
3017384,164.3615110490543
3017385,1515.9460367510626
3017386,0.8958886159191909
3017387,8.095655663976716
3017388,4.929222800667122
3017389,0.21427766306985246
3017390,2.365397660904665
3017391,2108.172291591669
3017392,0.002029134122098586
3017393,159.8182377761777
3017394,9.689473166116656
3017395,881.4373750624062
3017396,356.48711775344947
3017397,220.03138949841565
3017398,54.704157355108734
3017399,42.67886688645317
3017400,3894.8039912187237
3017401,10.10142571913295
3017402,0.8391946286067524
3017403,24.0468105959686
3017404,18.612518076735906
3017405,0.16964714086821983
3017406,181.4916652867628
3017407,1.4253146654034325
3017408,15.887355576164387
3017409,4.511267408061267
3017410,101.50957926719867
3017411,2.592107874221809
3017412,109.97460983332272
3017413,174.77918155475638
3017414,1.4132061254253163
3017415,6.41431250508017
3017416,178.96949136656724
3017417,30.235869425723465
3017418,554.1103405776773
3017419,3.2181262124465677
3017420,2.6630446263081304
3017421,2.256334380587063
3017422,0.18517822734431694
3017423,1.5608470698422914
3017424,2028.409530786859
3017425,0.008116536488394345
3017426,295.07777437252395
3017427,14.607614848918292
3017428,586.4373576875158
3017429,587.4396843021646
3017430,191.86225388310248
3017431,57.75269478159451
3017432,51.627068601929096
3017433,3244.885709854965
3017434,21.92748509763006
3017435,0.48953020002060554
3017436,13.663779933841228
3017437,16.25264309106563
3017438,0.20023924823789882
3017439,137.16596442992247
3017440,14.365671496039859
3017441,2.745335043561206
3017442,2.9525342932279375
3017443,54.802485668294636
3017444,4.954535303892319
3017445,865.3578349782358
3017446,166.15331714374074
3017447,3.877257831295099
3017448,6.205150140784078
3017449,439.21544802144194
3017450,33.27612623660188
3017451,1236.8894303064715
3017452,50.337414162289974
3017453,8.81360967311223
3017454,2.9853039496998064
3017455,0.14285177537990165
3017456,4.55512512219281
3017457,4839.529318345075
3017458,0.002029134122098586
3017459,856.7364129157205
3017460,18.644895334800232
3017461,1258.226377344045
3017462,1529.413310860732
3017463,423.1968590004636
3017464,298.99061410127933
3017465,132.7130176823283
3017466,6210.5327048704685
3017467,32.05970784639451
3017468,0.9440939571825966
3017469,21.37426176616477
3017470,33.46407124615794
3017471,0.16964714086821983
3017472,270.2670838044449
3017473,14.290654934702838
3017474,39.209015878553636
3017475,10.89922205787602
3017476,89.36699756822159
3017477,13.091785339424074
3017478,611.4731451210903
3017479,297.14795946795607
3017480,17.828138813057837
3017481,9.935212304064395
3017482,796.8022628596051
3017483,115.68637705984408
3017484,3807.6711431107597
3017485,50.337414162289974
3017486,26.01720903764752
3017487,3.6101350089393005
3017488,0.10713883153492623
3017489,3.4402343580197443
3017490,3184.16184534777
3017491,0.002029134122098586
3017492,464.6388064725992
3017493,8.111263521635534
3017494,535.6681738883062
3017495,745.0980037867862
3017496,238.2453177063042
3017497,167.6047839273131
3017498,92.51831677624052
3017499,2967.2737118039663
3017500,21.496326682789018
3017501,1.223825500051514
3017502,21.33784905446773
3017503,18.28422347744883
3017504,0.07508971808921207
3017505,122.37045558416345
3017506,11.704667361946024
3017507,26.432648945057252
3017508,5.016529357764128
3017509,271.0550225060397
3017510,9.843447623627124
3017511,321.90294594735917
3017512,121.05485836453184
3017513,5.507880283708926
3017514,7.534725569826239
3017515,256.8353587731899
3017516,41.24430668681957
3017517,1841.6524002021015
3017518,1.4145609725039856
3017519,5.251524003079634
3017520,4.616807271047374
3017521,0.18517822734431694
3017522,0.3469249902660175
3017523,1258.3588470807065
3017524,0.002029134122098586
3017525,233.02703943895995
3017526,6.386243677667796
3017527,424.55096903730333
3017528,285.0142233182105
3017529,122.78981271851453
3017530,40.77074262555568
3017531,27.681264144524928
3017532,2173.9795563877606
3017533,16.168440556539018
3017534,0.7342953000309084
3017535,11.680909494893292
3017536,10.751991531044302
3017537,0.30035887235684827
3017538,91.92585084385169
3017539,0.15003312267404553
3017540,8.06002211507072
3017541,0.9022534816122533
3017542,23.01982583274813
3017543,0.19686895247254246
3017544,397.6902482632004
3017545,144.654177833748
3017546,3.043828577839143
3017547,1.5338573381713452
3017548,202.78584319039135
3017549,23.888778035317845
3017550,554.2642175271358
3017551,0.9430406483359904
3017552,2.698551887992239
3017553,7.185557181254185
3017554,0.32141649460477867
3017555,2.866861965016454
3017556,4366.882163033667
3017557,0.020291341220985862
3017558,740.9320314409408
3017559,18.057654536853768
3017560,1025.3760875701687
3017561,1226.84980203981
3017562,460.03249230689676
3017563,319.5692753661659
3017564,111.07326386433266
3017565,6063.531766046999
3017566,26.670227660881505
3017567,3.0420805286994774
3017568,24.87601096134683
3017569,29.605236086964563
3017570,0.17520934220816148
3017571,256.4613439475683
3017572,7.539164414370788
3017573,40.12412755974071
3017574,10.033058715528256
3017575,185.80611128263754
3017576,4.003002033608364
3017577,442.21374832745676
3017578,279.36299539142567
3017579,11.3781211123987
3017580,9.795770727867
3017581,587.502527715715
3017582,83.50902988585887
3017583,2865.3122395815312
3017584,2.0275373939223793
3017585,18.38774648790904
3017586,7.359121364376267
3017587,0.18517822734431694
3017588,3.3746339962239884
3017589,4455.064678390176
3017590,0.002029134122098586
3017591,704.1243294769058
3017592,17.72733158800888
3017593,1533.3596370077714
3017594,1047.5974320467817
3017595,579.320492457946
3017596,260.43633183564486
3017597,60.027359293878085
3017598,7865.01184683803
3017599,13.396707889703759
3017600,0.8741610714653671
3017601,35.511406952067574
3017602,20.84121258444838
3017603,0.6007177447136965
3017604,301.0141273447054
3017605,11.704667361946024
3017606,6.194602149574004
3017607,6.063143396434342
3017608,54.55907361266136
3017609,1.3452711752290403
3017610,208.20717082584517
3017611,351.70524491847664
3017612,5.47164422921084
3017613,4.845594772859477
3017614,266.8456120591717
3017615,86.97660856258292
3017616,1743.002579583177
3017617,4.3851390147623555
3017618,3.9413060469360333
3017619,6.803715978385605
3017620,0.46426826998468035
3017621,2.994278052350518
3017622,4103.750907136
3017623,0.002029134122098586
3017624,725.2465893909279
3017625,12.55227205610567
3017626,1230.977421348049
3017627,849.1897346069007
3017628,429.46887723629675
3017629,236.70335771593486
3017630,65.13640988019533
3017631,6122.85349154647
3017632,16.014455408381504
3017633,1.3636912714859726
3017634,27.200295637691802
3017635,20.706254658172416
3017636,0.025029906029737353
3017637,267.520466412285
3017638,11.704667361946024
3017639,6.863337608903016
3017640,5.702242003789441
3017641,106.61448036738032
3017642,1.5421401277015827
3017643,123.15302505242629
3017644,278.12296203488455
3017645,5.61658844720318
3017646,4.810734378810128
3017647,235.2767892796058
3017648,68.40024188967676
3017649,1346.249790658855
3017650,2.97057804225837
3017651,7.4210176919786575
3017652,12.08006714529689
3017653,1.1785271468841885
3017654,14.111331672247655
3017655,11566.018797716719
3017656,0.002029134122098586
3017657,1356.4026071979986
3017658,52.99848201466837
3017659,2249.936892779039
3017660,2526.7313039312307
3017661,551.4397081344108
3017662,640.6442139956391
3017663,276.50760034236396
3017664,11931.563848425763
3017665,75.20634636013006
3017666,2.83228187154779
3017667,61.64924455638127
3017668,57.937128686317735
3017669,0.30035887235684827
3017670,583.6977600489439
3017671,47.78554957168351
3017672,60.89012340206264
3017673,23.939311176921592
3017674,235.2069424569896
3017675,28.38194064812487
3017676,1151.8244578097006
3017677,642.3749188239294
3017678,20.00230208294294
3017679,25.58752923222199
3017680,1737.9351199063517
3017681,252.27546970497153
3017682,8166.281796152614
3017683,1.6503211345879834
3017684,92.46839951716179
3017685,3.2977194793195537
3017686,0.49998121382965577
3017687,0.8830817934044082
3017688,2005.6907463313855
3017689,0.002029134122098586
3017690,176.8741745497105
3017691,5.248464631646522
3017692,803.3146334115928
3017693,308.7016942084352
3017694,165.2051797409295
3017695,149.87964740995758
3017696,39.46442563822056
3017697,3376.4599336542124
3017698,5.235495037355492
3017699,0.2797315428689175
3017700,13.909655868270773
3017701,9.03153552432019
3017702,0.22526915426763616
3017703,189.7004287821305
3017704,0.5626242100276708
3017705,15.887355576164387
3017706,3.500743508655543
3017707,39.66840018989096
3017708,0.820287301968927
3017709,72.13554164653792
3017710,98.93361125762344
3017711,2.4278156513716973
3017712,4.845594772859477
3017713,126.59890131302764
3017714,22.63330940864421
3017715,647.2851273452129
3017716,0.09430406483359906
3017717,5.1840602058798275
3017718,8.85177333922617
3017719,0.21427766306985246
3017720,2.460013567340851
3017721,4564.402418919505
3017722,0.002029134122098586
3017723,605.6516623008386
3017724,11.047467511367854
3017725,1803.505839225618
3017726,781.3855438283756
3017727,381.40362917503694
3017728,330.1388936564354
3017729,70.05602312657989
3017730,7208.344456312527
3017731,13.08873759338873
3017732,0.2797315428689175
3017733,26.145769086069485
3017734,21.816137654925377
3017735,0.07508971808921207
3017736,309.1789611819799
3017737,1.5003312267404554
3017738,6.6873545932901175
3017739,11.15185303272745
3017740,17.631000268228643
3017741,1.5749516197803397
3017742,395.5947721347231
3017743,307.54081913407674
3017744,4.348326539770205
3017745,7.250961962264541
3017746,167.27724852790573
3017747,69.87534045419427
3017748,1500.2945855338446
3017749,2.687665847757573
3017750,6.426814364823622
3017751,1.5967904847231522
3017752,0.18517822734431694
3017753,1.0407749707980525
3017754,1284.714447449472
3017755,0.002029134122098586
3017756,133.19643369373384
3017757,3.85376773652367
3017758,862.0352843401772
3017759,183.8654380304853
3017760,129.77994536256662
3017761,214.81473495743396
3017762,15.358900564948703
3017763,2559.3254448533426
3017764,1.7862277186271678
3017765,0.31469798572753216
3017766,10.341210121960469
3017767,4.42991666402017
3017768,0.050059812059474705
3017769,88.96364020658868
3017770,11.704667361946024
3017771,15.887355576164387
3017772,0.4330816711738815
3017773,33.45008305714542
3017774,0.2953034287088137
3017775,75.15169815905134
3017776,82.11822919286864
3017777,0.6522489809655306
3017778,1.254974185776555
3017779,65.49574353545036
3017780,11.682833053768581
3017781,235.27867683421067
3017782,50.337414162289974
3017783,2.3434792711511547
3017784,7.671536893996015
3017785,0.18517822734431694
3017786,2.261635550179647
3017787,2821.767727237722
3017788,0.002029134122098586
3017789,250.2431744304518
3017790,10.166606314448158
3017791,1161.4741487757844
3017792,470.3000527534661
3017793,262.4900409421371
3017794,195.81443602875117
3017795,51.6705351717354
3017796,4509.0386858288175
3017797,3.541658407622833
3017798,0.6993288571722936
3017799,30.68041351899442
3017800,17.9257092916165
3017801,0.20023924823789882
3017802,244.51923535518017
3017803,11.704667361946024
3017804,15.887355576164387
3017805,13.822523338299721
3017806,32.680009688352726
3017807,1.3780826673077973
3017808,268.95409989062006
3017809,231.0588517292866
3017810,1.8842748339004218
3017811,4.322688862119246
3017812,263.80539677950424
3017813,29.224519698680812
3017814,1411.6522023021853
3017815,50.337414162289974
3017816,0.9942033271550355
3017817,3.8184120286857985
3017818,0.42855532613970493
3017819,1.7661635868088164
3017820,3043.939718177407
3017821,0.002029134122098586
3017822,714.4790570528716
3017823,9.395852767143424
3017824,1070.46017777816
3017825,711.6779773030097
3017826,350.02465120550625
3017827,124.65031275190806
3017828,53.11767900219039
3017829,6111.658197965936
3017830,6.990925726351157
3017831,4.4407382430440645
3017832,33.09915493261291
3017833,39.05538156581503
3017834,0.10011962411894941
3017835,213.68061537381786
3017836,1.9879388754311034
3017837,6.0186191339611055
3017838,3.536833647920033
3017839,33.023689955529825
3017840,2.3952389217492667
3017841,179.9361924027658
3017842,287.4904765253604
3017843,3.6598415043065886
3017844,6.623474869376263
3017845,178.53861988262952
3017846,31.40638467532552
3017847,720.4385739978071
3017848,5.281027630681547
3017849,3.3731898599902985
3017850,4.234966068178795
3017851,0.18517822734431694
3017852,0.5676954386171196
3017853,1800.534082227841
3017854,0.002029134122098586
3017855,114.49070502745538
3017856,3.4133371380638216
3017857,529.9564983073788
3017858,199.97016460259144
3017859,120.55490272023516
3017860,153.77714462609762
3017861,42.57385561250511
3017862,2833.8406328222
3017863,6.929331667088151
3017864,0.48953020002060554
3017865,10.383030662127371
3017866,8.85983332804034
3017867,0.15017943617842414
3017868,101.50792303529929
3017869,11.704667361946024
3017870,15.887355576164387
3017871,0.39699153190939146
3017872,48.27863745323547
3017873,0.6890413336538986
3017874,202.35295979282975
3017875,96.6368659457611
3017876,1.123317689440636
3017877,1.429276156023299
3017878,64.4621802707738
3017879,20.505987569002766
3017880,426.15324109719273
3017881,0.09430406483359906
3017882,0.8166670187344933
3017883,5.068074147164788
3017884,0.18517822734431694
3017885,0.8830817934044082
3017886,4494.493110534569
3017887,0.002029134122098586
3017888,561.418401121115
3017889,11.524600659699356
3017890,1027.4498279880975
3017891,670.3222141540665
3017892,324.4835847866182
3017893,142.08465297767745
3017894,77.61606575382929
3017895,5981.938494234617
3017896,7.144910874508671
3017897,0.45456375716199093
3017898,30.68041351899442
3017899,10.821359218341364
3017900,0.12514953014868677
3017901,234.0389706159519
3017902,11.704667361946024
3017903,27.030991198141106
3017904,3.3202928123330926
3017905,62.452578845340845
3017906,0.9515332702839553
3017907,244.71636670604482
3017908,238.41261896453628
3017909,2.862648305348718
3017910,3.6603413751816194
3017911,147.74614499085817
3017912,47.86266986869846
3017913,1487.279219305183
3017914,1.3202569076703867
3017915,1.4202904673643362
3017916,3.9225505385590482
3017917,0.18517822734431694
3017918,6.625636541371359
3017919,3917.414051668193
3017920,0.002029134122098586
3017921,573.8067547279852
3017922,7.964453322148917
3017923,1012.6353744248255
3017924,976.2874853236135
3017925,235.29490528783217
3017926,161.71236902363313
3017927,88.43866113124815
3017928,5401.360493064491
3017929,54.387554329234106
3017930,1.6084563714962754
3017931,33.99721498050733
3017932,29.668079090802987
3017933,0.20023924823789882
3017934,264.25041024792336
3017935,24.830481802554534
3017936,24.39124596394764
3017937,1.8045069632245065
3017938,113.40773610032488
3017939,9.416898226603282
3017940,318.9145080786914
3017941,295.85564814528755
3017942,13.842172818268484
3017943,15.233992199565407
3017944,341.6988787395626
3017945,70.10909957545923
3017946,2600.0253624414654
3017947,50.337414162289974
3017948,13.219076493787178
3017949,6.213597755770527
3017950,0.18517822734431694
3017951,7.230862956208167
3017952,3836.851929448783
3017953,0.002029134122098586
3017954,490.47585697108974
3017955,14.277291900073406
3017956,1335.9500439285819
3017957,902.433723418971
3017958,222.68757771375996
3017959,115.09055693869888
3017960,87.5367100142472
3017961,5789.370728971482
3017962,27.37855934240607
3017963,1.1888590571928992
3017964,44.86046081075809
3017965,68.15375276936147
3017966,0.16964714086821983
3017967,356.6260332065591
3017968,24.830481802554534
3017969,19.217345304928443
3017970,10.141329133321726
3017971,107.26673014752389
3017972,11.877760132510062
3017973,218.54016494081816
3017974,499.2085719061662
3017975,8.769125188536579
3017976,10.771861761248765
3017977,170.25597012078552
3017978,84.20539753034437
3017979,2131.625762190704
3017980,3.725010560927162
3017981,17.441818497485954
3017982,9.754307091460996
3017983,0.32141649460477867
3017984,2.962424030517002
3017985,4680.478678690819
3017986,0.002029134122098586
3017987,723.8868668772485
3017988,7.377212524202454
3017989,2756.6731600242038
3017990,741.8236702107472
3017991,300.8426919045729
3017992,480.99291537042797
3017993,56.0358508438379
3017994,8141.560465753067
3017995,28.887613794349715
3017996,1.783288585789349
3017997,26.8725812324184
3017998,17.931547166290017
3017999,0.050059812059474705
3018000,380.8194476002215
3018001,6.2638828716414015
3018002,15.169735945831793
3018003,8.19246161303926
3018004,54.913219585420464
3018005,3.6420756207420357
3018006,167.75677035528443
3018007,362.32115724007394
3018008,7.754515662590198
3018009,10.66728057910072
3018010,287.56445174202906
3018011,57.67033226288024
3018012,1815.6842475990975
3018013,6.410790327388063
3018014,17.288414699469016
3018015,4.373817414676461
3018016,0.42855532613970493
3018017,4.7462492531939064
3018018,3306.448474854992
3018019,0.008116536488394345
3018020,422.5260323745644
3018021,8.221371171250496
3018022,910.2059923401943
3018023,869.6486437503198
3018024,307.74073462117985
3018025,184.25735071041788
3018026,72.29168816740065
3018027,5131.761814486596
3018028,25.469143505252894
3018029,1.7133557000721196
3018030,16.20365670518454
3018031,12.590235244416395
3018032,0.10011962411894941
3018033,247.3070790418582
3018034,22.20490215575874
3018035,23.476134282760572
3018036,2.165408355869408
3018037,93.42971695447817
3018038,7.546643178114128
3018039,580.6604370287419
3018040,273.6322847445437
3018041,6.703670082145732
3018042,9.83063112191635
3018043,569.5147271322026
3018044,53.02025352423661
3018045,2358.6678078573436
3018046,0.04715203241679953
3018047,28.480144509767644
3018048,3.9225505385590482
3018049,0.24999060691482788
3018050,2.77539992212814
3018051,6058.502904368239
3018052,0.002029134122098586
3018053,470.3537419617171
3018054,11.451195559956048
3018055,2517.7880681451484
3018056,727.8262786565458
3018057,421.5084479832942
3018058,186.69707646956638
3018059,56.606141740586295
3018060,8928.325816237972
3018061,10.44019304507948
3018062,2.552550328678872
3018063,30.93277884758779
3018064,23.69490308661951
3018065,0.17520934220816148
3018066,480.7540130348937
3018067,11.704667361946024
3018068,0.1759830156128978
3018069,8.769903841271102
3018070,43.20209503914704
3018071,2.1327469851192102
3018072,142.15080600689387
3018073,354.90256532682645
3018074,3.587369395310419
3018075,10.492978608853974
3018076,217.449317333031
3018077,60.75073187959662
3018078,1287.8491299011553
3018079,50.337414162289974
3018080,6.391307103139513
3018081,7.879813913742513
3018082,0.03571294384497541
3018083,7.790042963246029
3018084,3718.61955241239
3018085,0.002029134122098586
3018086,571.3797218341307
3018087,12.111841457645818
3018088,1338.1166487001683
3018089,874.1873783371016
3018090,346.6278384607955
3018091,169.18900353479293
3018092,111.77822316740343
3018093,6131.926938819593
3018094,40.836861291372834
3018095,1.6084563714962754
3018096,27.68808176567299
3018097,37.65429164417144
3018098,0.07508971808921207
3018099,282.54474740057503
3018100,22.655001523780875
3018101,21.329141492283217
3018102,9.816517879941316
3018103,154.94915998599043
3018104,11.680891180037518
3018105,336.00657776781446
3018106,511.99297426272676
3018107,14.458185744735928
3018108,9.063702452830675
3018109,269.81783459979334
3018110,66.09264633345566
3018111,2220.7385891119425
3018112,0.9430406483359904
3018113,7.510983151052916
3018114,3.8184120286857985
3018115,0.18517822734431694
3018116,4.352331696064583
3018117,3685.6465903679646
3018118,0.002029134122098586
3018119,537.6938934853882
3018120,10.423524163549736
3018121,800.4827884559962
3018122,952.1199594883891
3018123,257.3746220245325
3018124,174.89639757522437
3018125,90.48129960718562
3018126,4739.766070006969
3018127,28.887613794349715
3018128,1.1538926143342845
3018129,29.16622154743418
3018130,22.94284746691376
3018131,0.050059812059474705
3018132,226.70947612334018
3018133,18.529090650244626
3018134,38.89224645045042
3018135,5.315716612266751
3018136,69.59390368973884
3018137,9.777824639469609
3018138,331.42968265038405
3018139,257.94610674814004
3018140,9.747498659984876
3018141,9.098562846880025
3018142,307.9839461536807
3018143,56.76869933269277
3018144,2478.218753735784
3018145,0.2357601620839976
3018146,16.330125192144372
3018147,6.421874775517025
3018148,0.10713883153492623
3018149,3.658481715532548
3018150,6403.74138960988
3018151,0.002029134122098586
3018152,634.4391750314153
3018153,18.60892683592601
3018154,1544.7035874211456
3018155,792.1942866708628
3018156,448.609396774917
3018157,238.30411550113521
3018158,56.37537558378444
3018159,7467.236642959961
3018160,9.485485126502892
3018161,0.13986577143445875
3018162,18.206355848521955
3018163,20.532835439929766
3018164,0.10011962411894941
3018165,273.42359869865817
3018166,11.704667361946024
3018167,8.552774558786833
3018168,1.407515431315115
3018169,87.21106221832675
3018170,3.3467721920332223
3018171,217.19861437035507
3018172,333.5867474180537
3018173,3.949729940291269
3018174,2.823691917997249
3018175,308.74443860566106
3018176,146.9471791276822
3018177,1416.2171824841043
3018178,3.630706496093563
3018179,0.958696065470927
3018180,15.863766337358273
3018181,0.18517822734431694
3018182,15.89515689492456
3018183,14419.939584502621
3018184,0.002029134122098586
3018185,1905.8200167790862
3018186,29.91257814539801
3018187,2936.130589092552
3018188,3090.99579565595
3018189,873.8847948108714
3018190,833.3753135156177
3018191,350.3949452316999
3018192,15066.533427119615
3018193,86.50885623489162
3018194,5.140067100216359
3018195,131.48630193802555
3018196,126.27322918812843
3018197,0.22526915426763616
3018198,820.9270376037963
3018199,34.51061887748396
3018200,29.248377194863618
3018201,35.11859271549007
3018202,364.1579393636343
3018203,26.019513218454364
3018204,1381.5824118350602
3018205,752.1283264710469
3018206,43.77315383368672
3018207,37.85838793759275
3018208,1786.7887270541682
3018209,309.2976697056011
3018210,9943.029047079464
3018211,336.77113200856223
3018212,105.77764673856824
3018213,17.634121005203507
3018214,0.18517822734431694
3018215,13.729083410245462
3018216,13131.850829200226
3018217,0.004058268244197172
3018218,1446.477284185078
3018219,28.884906748991696
3018220,3093.6119623053123
3018221,2659.6365843410745
3018222,1120.363696571802
3018223,506.9550980287189
3018224,262.8098284489809
3018225,16954.09126348078
3018226,138.3094600750795
3018227,2.0630201286582666
3018228,78.2873301486444
3018229,85.67664870850544
3018230,0.6507775567731712
3018231,766.9435703754094
3018232,29.529519204705643
3018233,39.27940908479879
3018234,4.698936132236615
3018235,245.62166992471677
3018236,20.244690612593118
3018237,1823.4437987156166
3018238,940.166245795026
3018239,26.524791892598245
3018240,31.30463385631518
3018241,1964.0098865624877
3018242,260.19922184067326
3018243,6731.225504796958
3018244,592.9731147062149
3018245,99.71328818097153
3018246,13.05202657078055
3018247,0.18517822734431694
3018248,18.984997012775626
3018249,8763.995575942778
3018250,0.020291341220985862
3018251,1053.6925397754167
3018252,16.295932143014376
3018253,2882.1674238805435
3018254,1966.8631048607183
3018255,1295.1931871402812
3018256,197.78282372286432
3018257,205.00464251046517
3018258,14727.660316641042
3018259,47.21184642509393
3018260,3.146979857275322
3018261,47.985464622540036
3018262,25.353889707075435
3018263,0.35041868441632296
3018264,729.6891927897719
3018265,33.476140496646416
3018266,28.15728249806365
3018267,9.276609396544544
3018268,136.511625181135
3018269,10.33562000480848
3018270,1629.8282498205895
3018271,867.0530705274838
3018272,26.6335000560925
3018273,46.402670519088126
3018274,1222.6992117775826
3018275,144.15618671972706
3018276,3132.511140172774
3018277,369.4026960426083
3018278,55.414470383272736
3018279,18.224239227818586
3018280,0.18517822734431694
3018281,19.813201580447046
3018282,12659.42196640056
3018283,0.012174804732591518
3018284,1310.9279910778555
3018285,24.003467616061716
3018286,2760.0307760230007
3018287,2577.768724399618
3018288,1052.8298444191746
3018289,477.8127616129163
3018290,202.24725791788828
3018291,15735.050049276982
3018292,50.78430186234827
3018293,1.993087242941037
3018294,75.9569166000336
3018295,81.45861255469461
3018296,0.5005981205947471
3018297,725.3915205464784
3018298,33.43038039423083
3018299,31.043403954115178
3018300,7.918898357414425
3018301,228.815434777032
3018302,14.469868006731872
3018303,1433.1607194351552
3018304,906.427789055294
3018305,25.32900209416144
3018306,32.873351588535876
3018307,1705.3569437296637
3018308,236.59316731903277
3018309,6036.230101135842
3018310,440.797002885857
3018311,79.66120288406057
3018312,14.093411669513038
3018313,0.18517822734431694
3018314,20.832530279119563
3018315,6917.1935776899545
3018316,0.002029134122098586
3018317,941.6044512284436
3018318,20.112997329666392
3018319,2534.3973238447297
3018320,1579.2123287173808
3018321,1020.5132634594368
3018322,155.64837052610267
3018323,156.74868508977647
3018324,12929.986186773269
3018325,45.302430587940755
3018326,0.5244966428792203
3018327,36.958902372499566
3018328,75.29862456095866
3018329,0.15017943617842414
3018330,689.4871351460871
3018331,29.578655052381393
3018332,13.374709186580235
3018333,2.8150308626302305
3018334,137.12505056960333
3018335,6.39824095535763
3018336,1403.2385050896555
3018337,997.4332724898153
3018338,19.386289156475495
3018339,26.758838472280104
3018340,1298.4152944619784
3018341,100.71180985444865
3018342,2193.443497333265
3018343,338.97879016631674
3018344,26.859427585027788
3018345,12.670185367911968
3018346,0.18517822734431694
3018347,11.308177750898233
3018348,9512.060687362076
3018349,0.002029134122098586
3018350,1367.0121519892814
3018351,28.224260851301928
3018352,2096.7245180693762
3018353,2630.8252317991482
3018354,685.0234956200321
3018355,612.842848156677
3018356,260.60988875870606
3018357,11645.656049241425
3018358,65.78245529289018
3018359,1.7483221429307343
3018360,57.131544652661894
3018361,68.47826992033039
3018362,0.37544859044606027
3018363,552.9787639057737
3018364,19.011072056834998
3018365,31.81772922281193
3018366,12.192692649115347
3018367,262.4528877244361
3018368,18.53849302449775
3018369,1226.6594323624518
3018370,636.7874498042363
3018371,20.763259227402724
3018372,32.95562211849234
3018373,1533.0895956027284
3018374,222.83480015773173
3018375,7787.309066404279
3018376,301.1770057777686
3018377,90.09696725509045
3018378,6.248310592394943
3018379,0.42855532613970493
3018380,6.276188460267044
3018381,2488.5659676872797
3018382,0.002029134122098586
3018383,401.0954108711496
3018384,26.572646107077492
3018385,993.1031355192173
3018386,622.3489430218785
3018387,343.18954755207017
3018388,103.89145425894141
3018389,73.32873665588825
3018390,4510.220703766018
3018391,60.20819292958816
3018392,1.328724828627358
3018393,31.897535446610462
3018394,21.506730297229083
3018395,0.27532896632711085
3018396,237.15696257922204
3018397,15.153345390078599
3018398,10.101425096180336
3018399,12.595458603307057
3018400,63.426227067874
3018401,7.021659304854015
3018402,331.1583451825362
3018403,272.58986209996397
3018404,3.7685496678008437
3018405,7.669286690856726
3018406,300.018858527515
3018407,58.75349053932998
3018408,1650.1878642583258
3018409,1.5560170697543843
3018410,10.832242938141501
3018411,11.073394883188817
3018412,0.18517822734431694
3018413,13.792791453912493
3018414,6177.6746006975745
3018415,0.004058268244197172
3018416,669.7259615755936
3018417,35.01423257755791
3018418,2076.498730886821
3018419,1364.0239463312757
3018420,740.6136399139623
3018421,141.6122812765346
3018422,121.88902377396398
3018423,10537.474902439622
3018424,116.81313339229047
3018425,1.6783892572135048
3018426,61.07240951959642
3018427,36.358283466651116
3018428,0.15017943617842414
3018429,505.3782759983155
3018430,20.912741886728522
3018431,9.890245477444859
3018432,3.392473090862072
3018433,136.9670521756555
3018434,9.22002927413074
3018435,892.855675691151
3018436,642.0737977390359
3018437,14.566893908230185
3018438,26.180155931060913
3018439,622.7987749740904
3018440,86.78765206264526
3018441,2321.177741311224
3018442,334.1834284695282
3018443,20.92204329631502
3018444,8.261655116611093
3018445,0.18517822734431694
3018446,5.456183937820093
3018447,6050.92951201118
3018448,0.008116536488394345
3018449,1005.3733337316805
3018450,10.607036912908006
3018451,1532.4275412647369
3018452,1941.4674293035043
3018453,398.4356249438544
3018454,466.02345271575723
3018455,208.58136851301418
3018456,7905.509368577814
3018457,43.6085939582081
3018458,1.993087242941037
3018459,38.61189527478616
3018460,41.57734342477349
3018461,0.27532896632711085
3018462,359.9069028252206
3018463,3.150695576154956
3018464,49.45122738722429
3018465,6.821036320988634
3018466,165.4067630862633
3018467,10.565300449359778
3018468,962.0083809400409
3018469,342.3537623376132
3018470,22.792478279295487
3018471,10.91130333744616
3018472,1383.0308809650041
3018473,128.8431302813275
3018474,5724.178422733086
3018475,5.469635760348744
3018476,52.83206404071354
3018477,12.323057001667806
3018478,0.18517822734431694
3018479,8.136967953512046
3018480,6722.455767982464
3018481,0.002029134122098586
3018482,993.8601407702938
3018483,14.13048170058679
3018484,1888.0807547421027
3018485,1429.8903409473762
3018486,565.0170980026182
3018487,296.7844901024334
3018488,272.2141821242942
3018489,9611.368568324546
3018490,51.307851366083824
3018491,3.6015436144373125
3018492,56.221226860235795
3018493,48.90421954442731
3018494,0.20023924823789882
3018495,399.52334433447965
3018496,9.75215297381296
3018497,59.34147286466915
3018498,11.11576289346296
3018499,266.8066212465538
3018500,10.630923433517294
3018501,767.4563504342734
3018502,404.99705506894077
3018503,16.704821123617204
3018504,28.378452379812845
3018505,729.9378109582535
3018506,135.79500908749765
3018507,5102.995417110142
3018508,6.6955886031855325
3018509,10.02813729031573
3018510,9.893158437958661
3018511,0.03571294384497541
3018512,3.472088379853261
3018513,3167.2589722297976
3018514,0.002029134122098586
3018515,544.1851307359608
3018516,8.80861196919696
3018517,1145.6354255571114
3018518,632.5622859096978
3018519,352.5526987043564
3018520,116.45771296359668
3018521,101.07640135643408
3018522,4879.2158685093555
3018523,15.675688082434972
3018524,1.6783892572135048
3018525,32.625789680551335
3018526,25.359727581748952
3018527,0.07508971808921207
3018528,238.75600213381117
3018529,6.526440836320981
3018530,14.289820867767304
3018531,8.264641891568239
3018532,95.73048416549184
3018533,3.5764526365845213
3018534,429.9053269245828
3018535,258.9902719915906
3018536,5.435408174712755
3018537,6.797776839623007
3018538,270.35563898266037
3018539,69.83282679908224
3018540,2165.2278042222597
3018541,0.4715203241679952
3018542,4.346088830134868
3018543,7.011992998132103
3018544,0.18517822734431694
3018545,1.38769996106407
3018546,4574.451533845914
3018547,0.002029134122098586
3018548,262.37578111574965
3018549,5.211762081774868
3018550,1331.9855300348754
3018551,293.4303811030104
3018552,324.4712971735088
3018553,70.64213704253864
3018554,27.097592722726084
3018555,5163.237193635979
3018556,10.255410867290463
3018557,0.9790604000412111
3018558,25.236532859337363
3018559,10.851578804886618
3018560,0.050059812059474705
3018561,240.31719459835085
3018562,11.704667361946024
3018563,15.887355576164387
3018564,4.150366015416365
3018565,26.869179866493972
3018566,1.1155907306777406
3018567,54.546202672068574
3018568,203.35327228065282
3018569,0.14494421799234014
3018570,2.440227583454413
3018571,71.49674389716301
3018572,89.62651029309032
3018573,693.6055492282222
3018574,50.337414162289974
3018575,2.982609981465106
3018576,7.671536893996015
3018577,0.07142588768995083
3018578,6.275242301202681
3018579,4663.325482899896
3018580,0.002029134122098586
3018581,634.9022291292863
3018582,14.13048170058679
3018583,1433.8808557808125
3018584,1159.8178735641102
3018585,532.2641113167506
3018586,240.81654033318023
3018587,119.44085555576174
3018588,7252.580979423668
3018589,32.52166329086705
3018590,1.3986577143445873
3018591,30.896726657788737
3018592,61.928174536646615
3018593,0.16964714086821983
3018594,375.90270509826206
3018595,26.89343723932266
3018596,19.041362289315543
3018597,10.20629138399781
3018598,101.11897212660547
3018599,7.1200937810902865
3018600,705.8757962611252
3018601,372.02115959511997
3018602,10.182331313961894
3018603,15.373433775762802
3018604,790.5735749696862
3018605,99.75862975528565
3018606,2668.9635463702884
3018607,50.337414162289974
3018608,41.2118108794597
3018609,5.797043716277531
3018610,0.07142588768995083
3018611,5.287767624363682
3018612,5252.117136152157
3018613,0.01623307297678869
3018614,701.4176139640689
3018615,19.525756531719928
3018616,1117.319737766309
3018617,1482.7710845226504
3018618,285.54875594220874
3018619,345.84637249188535
3018620,170.26887295306074
3018621,5696.8125364622465
3018622,35.1086137799133
3018623,3.1819463001339363
3018624,31.53340832964002
3018625,31.454468740898562
3018626,0.6007177447136965
3018627,256.501218560299
3018628,16.053544126122873
3018629,44.06614710946962
3018630,9.440819530197974
3018631,175.4484387905026
3018632,12.501178482006447
3018633,712.013207823353
3018634,274.20211457533196
3018635,7.682043553594027
3018636,15.104660137642322
3018637,931.7287069614056
3018638,130.52186648482578
3018639,5007.793015849801
3018640,0.5186723565847947
3018641,45.3018192441105
3018642,5.033361310540371
3018643,0.607120045364582
3018644,9.811038724722975
3018645,6629.9133210079035
3018646,0.004058268244197172
3018647,927.0295388649668
3018648,22.4986630713239
3018649,1387.5052951377504
3018650,1677.660209905703
3018651,435.87433757699137
3018652,425.3112828029617
3018653,127.24747234214989
3018654,7439.9481279676365
3018655,36.74085635038295
3018656,4.056107371599303
3018657,42.4572218387532
3018658,56.569348990752445
3018659,0.16964714086821983
3018660,371.77128971482864
3018661,33.944994005002805
3018662,36.85084346934081
3018663,23.314229964860626
3018664,150.0863205278186
3018665,18.702550484891535
3018666,685.9706987557979
3018667,378.1139822873775
3018668,20.5820789549123
3018669,19.94014539622749
3018670,896.3227397016957
3018671,151.11758490751416
3018672,4827.393226664936
3018673,1.4617130049207852
3018674,44.2451457119084
3018675,12.809036714409636
3018676,0.3571294384497541
3018677,6.976030781540038
3018678,4510.870271223948
3018679,0.002029134122098586
3018680,539.9568349592554
3018681,16.88317294096084
3018682,2098.0543079961053
3018683,903.8200605827915
3018684,834.9952399569484
3018685,214.91913220429484
3018686,84.01911121448752
3018687,9982.529752095305
3018688,11.056133637709538
3018689,1.2587919429101286
3018690,52.36147942034914
3018691,42.207833889513104
3018692,0.16964714086821983
3018693,443.82471491914544
3018694,13.315439637321541
3018695,6.124208943328845
3018696,7.800522700626896
3018697,55.33792467000669
3018698,3.281149207875708
3018699,368.3780715804248
3018700,504.9452073892093
3018701,8.225584371065304
3018702,7.948169843251516
3018703,520.154651669305
3018704,108.08024909648292
3018705,1668.816051615189
3018706,124.7133535798414
3018707,17.974521499237408
3018708,4.998649308247426
3018709,0.185178228873626
3018710,3.0579701756339053
3018711,2745.526220715387
3018712,0.004058268244207242
3018713,342.53959180495
3018714,13.39682945261333
3018715,682.2135304888643
3018716,762.8560710081003
3018717,137.9908292132125
3018718,131.27186379878057
3018719,95.66997279445782
3018720,3473.8554168122923
3018721,18.201134734674078
3018722,1.7133557044830143
3018723,23.777503694191388
3018724,23.34464975099122
3018725,0.3504188213278765
3018726,176.10626515166746
3018727,15.07833140289289
3018728,19.147141765464724
3018729,6.604491289774423
3018730,90.00727002770657
3018731,5.871000539754207
3018732,302.4807309196243
3018733,164.67675523479713
3018734,4.058443417907537
3018735,8.29677379199154
3018736,310.4446970851742
3018737,62.85169289437728
3018738,2439.780333877087
3018739,50.343421415280204
3018740,26.822920145641017
3018741,1.3538008543170115
3018742,0.185178228873626
3018743,2.1761545185513556
3018744,1617.1650726666642
3018745,0.002029134122103621
3018746,105.28341729962688
3018747,4.808177146006428
3018748,1081.5135949230928
3018749,336.6770975024249
3018750,278.9507961854841
3018751,49.762717292540366
3018752,30.589160668531466
3018753,3999.5846335400865
3018754,5.173926625085016
3018755,0.41959731538359535
3018756,10.310927564384844
3018757,8.10435031072952
3018758,0.05005983161826807
3018759,175.94541405828022
3018760,4.050895003762268
3018761,15.88751295388081
3018762,1.8045058168782573
3018763,14.485496481852804
3018764,0.3935866283634105
3018765,186.18303858699483
3018766,195.02258608832895
3018767,0.9421386505856781
3018768,3.9740849255757795
3018769,153.2353173875835
3018770,27.655185759262956
3018771,272.1888540869677
3018772,1.9311061576396256
3018773,1.8289797345436947
3018774,8.344273060531364
3018775,0.21427766483948152
3018776,4.459539839466111
3018777,5812.672615924757
3018778,0.002029134122103621
3018779,763.7537942868685
3018780,14.461235080355209
3018781,2266.162036799346
3018782,752.7998162185655
3018783,578.4072496771523
3018784,310.79078890886575
3018785,77.3431218862312
3018786,11058.521499333416
3018787,28.98014853693453
3018788,0.8042281878185578
3018789,27.964966059937193
3018790,21.885523290385724
3018791,0.10011966323653614
3018792,509.534361465067
3018793,13.165408762227372
3018794,2.322998817133588
3018795,10.321773272543632
3018796,41.525765229166005
3018797,2.3287208844835123
3018798,652.1436912025722
3018799,451.23870589967527
3018800,2.9351242575938437
3018801,15.756898125967126
3018802,442.5821366641083
3018803,104.19480088336054
3018804,1616.4228574358901
3018805,20.93234191094205
3018806,11.118037943706497
3018807,5.9706088959622035
3018808,0.185178228873626
3018809,0.8830771959338835
3018810,1923.5033572648942
3018811,0.002029134122103621
3018812,199.69547599491594
3018813,12.405831109543302
3018814,1299.5488528466133
3018815,460.87914933772157
3018816,226.23828625160735
3018817,64.86552799531137
3018818,35.822828617306776
3018819,4240.683351437477
3018820,8.530819494931842
3018821,0.45456375833222834
3018822,15.912356989834054
3018823,19.943226453204108
3018824,0.22526924228220632
3018825,180.76283672073467
3018826,8.101790007524537
3018827,15.88751295388081
3018828,5.667591869651232
3018829,39.150684057759186
3018830,1.574346513453642
3018831,159.67687291932873
3018832,196.66865659621035
3018833,1.7755689953345473
3018834,7.0417996049676095
3018835,167.4477703561129
3018836,32.25857103066612
3018837,373.66638032103754
3018838,3.8857911450428606
3018839,3.6217420486013747
3018840,4.9639364658290415
3018841,0.185178228873626
3018842,3.695047295557635
3018843,1893.686020539329
3018844,0.002029134122103621
3018845,130.60686817922914
3018846,7.964690386896143
3018847,1057.5571514675128
3018848,312.22395345970784
3018849,179.68156797916967
3018850,51.74626616364162
3018851,28.360947122621766
3018852,4146.901373992808
3018853,14.443878495029006
3018854,0.0699328858972659
3018855,17.368865638789114
3018856,9.168904800698229
3018857,0.025029915809134034
3018858,152.10565999046048
3018859,1.6503646311624056
3018860,15.88751295388081
3018861,2.923299423342777
3018862,41.09288862101367
3018863,0.9839665709085262
3018864,161.06856991669287
3018865,214.4363200499034
3018866,0.5435415291840451
3018867,5.682244235691685
3018868,100.63767291985206
3018869,23.43541592714339
3018870,202.84773581824095
3018871,3.5802095113064807
3018872,2.100610388188797
3018873,3.714274138767185
3018874,0.185178228873626
3018875,2.293477631725429
3018876,1923.8595192315265
3018877,0.002029134122103621
3018878,178.16040994172846
3018879,10.53394535041103
3018880,1748.4855054078666
3018881,426.4034385745312
3018882,277.412464588873
3018883,41.23693705710513
3018884,39.3532262913232
3018885,4595.998280643084
3018886,10.039881427248305
3018887,0.3496644294863295
3018888,13.495778407174205
3018889,21.642736185738023
3018890,0.10011966323653614
3018891,218.04784982992214
3018892,1.1627568992280586
3018893,15.88751295388081
3018894,3.139840121368168
3018895,20.765921529928846
3018896,2.0335309132109542
3018897,261.63773432865474
3018898,288.01703098891045
3018899,1.1957913642048992
3018900,4.8107343835917336
3018901,92.16525814404274
3018902,92.20720195143916
3018903,421.56766472108325
3018904,2.550286227232013
3018905,4.889351765611856
3018906,4.061402562951034
3018907,0.9285365476377533
3018908,3.469231841168828
3018909,2060.8366959938544
3018910,0.002029134122103621
3018911,166.67751511658872
3018912,3.046402313881935
3018913,1115.744581856855
3018914,375.491611855944
3018915,278.52676888641827
3018916,96.89103912417399
3018917,59.00399947595949
3018918,4035.4019659036985
3018919,7.606904026166661
3018920,1.0839597314076215
3018921,14.415109361341385
3018922,17.93156187183743
3018923,0.12514957904567017
3018924,226.16643705393088
3018925,9.18953033260885
3018926,15.88751295388081
3018927,3.8616424481194707
3018928,23.9365232074253
3018929,1.935134256120102
3018930,128.7219005348755
3018931,203.6966074307282
3018932,1.0146108544768841
3018933,5.403361083019701
3018934,115.52912367609096
3018935,44.325020302677444
3018936,676.3002917706324
3018937,3.351494862599467
3018938,5.020728683061122
3018939,4.790372253737117
3018940,0.21427766483948152
3018941,1.3561542651841783
3018942,1659.4975161513005
3018943,0.002029134122103621
3018944,163.83890241372976
3018945,5.909286416084236
3018946,1107.6011033907962
3018947,297.16392189054244
3018948,174.67389010091566
3018949,161.7114316492553
3018950,31.23015246381993
3018951,3170.857566196754
3018952,4.9891435313319805
3018953,0.38463087243496247
3018954,12.18564166700027
3018955,13.186739488644644
3018956,0.20023932647307227
3018957,172.45467499380527
3018958,11.704669360150547
3018959,15.88751295388081
3018960,3.0676598886930377
3018961,31.75024987610958
3018962,1.5087487420597403
3018963,56.36632262475004
3018964,153.20932819248915
3018965,1.0508469564224872
3018966,3.1374354675598264
3018967,69.8751538254236
3018968,36.54808912447361
3018969,588.6655582658991
3018970,50.343421415280204
3018971,0.9942036996160638
3018972,8.817061974269766
3018973,0.7499718269381853
3018974,3.0261163196377185
3018975,3739.215670538475
3018976,0.002029134122103621
3018977,348.13037327626364
3018978,7.340728467185386
3018979,1427.092731337468
3018980,852.1433686584155
3018981,559.9389660629085
3018982,199.99044495120944
3018983,101.19416699402683
3018984,6932.095945067356
3018985,16.230115067975024
3018986,1.5734899326884828
3018987,25.088361478250942
3018988,26.151639557766774
3018989,0.20023932647307227
3018990,304.9902312629747
3018991,0.6751491672937114
3018992,15.88751295388081
3018993,7.957148850106365
3018994,44.43569550144123
3018995,3.7390729694524003
3018996,257.9739560998132
3018997,310.454892368839
3018998,2.5002910342466076
3018999,8.9939816736715
3019000,390.7225776510654
3019001,59.948630920773034
3019002,1515.3760462594994
3019003,9.209890905665906
3019004,15.313222483336423
3019005,3.922551193277495
3019006,0.21427766483948152
3019007,3.9498781435271275
3019008,2760.579025006015
3019009,0.002029134122103621
3019010,605.6645454310286
3019011,9.506243365005075
3019012,730.0611701479113
3019013,723.2938279912805
3019014,236.60224950145462
3019015,183.63486654037445
3019016,57.49741174639596
3019017,4256.139989965479
3019018,12.103292640823879
3019019,1.0140268455103554
3019020,27.12747358678803
3019021,18.809647623724523
3019022,0.15017949485480422
3019023,203.43168944698562
3019024,11.890127001783696
3019025,5.103558007338943
3019026,5.449607566972338
3019027,55.43724436791509
3019028,2.0007320275140033
3019029,110.84331042861167
3019030,177.7323980942585
3019031,4.493276641254773
3019032,7.181241181303602
3019033,197.87109454060217
3019034,56.91792945390925
3019035,1918.6670790278908
3019036,42.71493642315986
3019037,15.518403420744972
3019038,6.664865744329902
3019039,0.8213977152180125
3019040,3.1535317436224646
3019041,3092.228135580945
3019042,0.002029134122103621
3019043,190.3326209737465
3019044,7.340728467185386
3019045,1135.4357882761824
3019046,395.752788348481
3019047,322.3931677754968
3019048,60.79403294410351
3019049,37.92863645636509
3019050,5215.433609894874
3019051,36.77183565685423
3019052,1.363691274996685
3019053,15.002039084237138
3019054,18.818576145253292
3019055,0.10011966323653614
3019056,194.6088718057101
3019057,9.939696074046308
3019058,15.88751295388081
3019059,4.402994193182948
3019060,52.5057040309583
3019061,2.755106398543874
3019062,149.77830600826914
3019063,215.86073041740522
3019064,1.4494440778241202
3019065,5.612523447523689
3019066,147.5672394613754
3019067,26.504339441412164
3019068,496.8050926422159
3019069,3.351494862599467
3019070,4.6262428579634625
3019071,7.393835435115985
3019072,0.185178228873626
3019073,7.007848319161033
3019074,4202.859520041448
3019075,0.002029134122103621
3019076,737.7335089441191
3019077,12.66275660589479
3019078,1003.7927252795844
3019079,981.8936989982828
3019080,250.89034944212145
3019081,173.03078740091235
3019082,85.9690632343474
3019083,5805.501873079867
3019084,43.608810125716566
3019085,1.5734899326884828
3019086,21.36525137484527
3019087,31.550647845279045
3019088,0.10011966323653614
3019089,274.7262332111537
3019090,25.35560206058605
3019091,17.316900273177655
3019092,5.321848555137357
3019093,88.52833122606285
3019094,9.150889109449295
3019095,514.1272492632513
3019096,299.19274492194535
3019097,9.421386505856782
3019098,8.610517338747522
3019099,479.8841717036992
3019100,110.05452633480205
3019101,2461.6418081007814
3019102,50.343421415280204
3019103,35.57785183914704
3019104,8.226943653157223
3019105,0.035712944139913584
3019106,5.436601679824387
3019107,5019.197370048014
3019108,0.002029134122103621
3019109,550.363332119688
3019110,8.808874160622462
3019111,2480.431250948809
3019112,890.0607550858391
3019113,782.3398091319732
3019114,112.2967053867327
3019115,83.27214863695319
3019116,9118.355286887554
3019117,12.380467281453432
3019118,0.5244966442294942
3019119,23.542082865536027
3019120,15.919897290470757
3019121,0.16964720715079734
3019122,374.8918586260039
3019123,2.7005966691748458
3019124,6.86340559607651
3019125,4.601489833039556
3019126,56.55016269901501
3019127,1.4431509706658385
3019128,372.4331634594011
3019129,447.2728714069413
3019130,4.493276641254773
3019131,6.623474875959633
3019132,370.2436396905072
3019133,72.34607049887614
3019134,1153.7813524886283
3019135,47.327427101517166
3019136,15.957545909893659
3019137,11.108109573883171
3019138,0.5356941620987038
3019139,4.109147423508061
3019140,4112.548961077153
3019141,0.002029134122103621
3019142,490.93335734561686
3019143,7.89128310222429
3019144,2267.8204907630975
3019145,735.4925707381967
3019146,379.44927389687626
3019147,287.5797872066808
3019148,82.14669993215617
3019149,6731.208851519371
3019150,15.64496860442374
3019151,0.664362416024026
3019152,41.11248027035629
3019153,31.27935815267411
3019154,0.20023932647307227
3019155,367.0669260241663
3019156,4.46348616155287
3019157,3.625286032799387
3019158,11.512747111683282
3019159,89.97249132985968
3019160,2.0991286846048562
3019161,120.78006251771878
3019162,333.4343572993175
3019163,2.9713603595394464
3019164,5.647383841607687
3019165,186.6959611660255
3019166,161.13874706661372
3019167,1515.946036758274
3019168,0.8959955310171643
3019169,8.257571870811134
3019170,4.929223623410657
3019171,0.21427766483948152
3019172,2.365385346251474
3019173,2143.907035742036
3019174,0.002029134122103621
3019175,161.40060688691503
3019176,9.689761576684708
3019177,881.4448065323668
3019178,359.9149078362803
3019179,163.10048054783994
3019180,54.70418991879263
3019181,47.80033091282755
3019182,3947.4580912715232
3019183,10.101475791832652
3019184,0.8391946307671907
3019185,24.52774985718037
3019186,18.61253334074322
3019187,0.16964720715079734
3019188,183.17323766428743
3019189,1.4253149087311685
3019190,15.88751295388081
3019191,4.511264542195644
3019192,101.5257721602344
3019193,2.5911119700591194
3019194,109.97460983351752
3019195,174.78041477819772
3019196,1.4132079758785172
3019197,6.414312511455644
3019198,164.1921942888067
3019199,30.235871441716245
3019200,554.1103405803132
3019201,3.279815220118094
3019202,2.663045623971599
3019203,2.256334757195019
3019204,0.185178228873626
3019205,1.545385092884296
3019206,1998.1375673811438
3019207,0.008116536488414485
3019208,297.7603186345832
3019209,14.608049649698918
3019210,608.1623872472468
3019211,587.4397321819899
3019212,137.7805210310597
3019213,49.78683548273962
3019214,51.62706860192908
3019215,3244.9034768128176
3019216,21.927593792026975
3019217,0.4895302012808612
3019218,13.663781632523973
3019219,16.252656419754523
3019220,0.20023932647307227
3019221,138.48569503463648
3019222,14.365673948527304
3019223,2.7453622384306042
3019224,2.923299423342777
3019225,55.34337564945459
3019226,4.952631740239583
3019227,609.4069260420906
3019228,169.17548022224847
3019229,3.877262908179522
3019230,6.205150146951656
3019231,330.2371797167661
3019232,33.27612845530542
3019233,1224.7630633485087
3019234,50.343421415280204
3019235,8.474627860555952
3019236,2.9853044479811017
3019237,0.14285177655965434
3019238,4.555101407454671
3019239,4767.839282525639
3019240,0.002029134122103621
3019241,856.7364677003304
3019242,18.64545030665088
3019243,1269.371826132739
3019244,1542.8293428461025
3019245,307.5235971569645
3019246,231.77580781480236
3019247,132.7130176823283
3019248,6168.885054079398
3019249,32.0598667661518
3019250,0.9440939596130896
3019251,21.374264423415532
3019252,32.820558330409455
3019253,0.16964720715079734
3019254,275.5166338570208
3019255,14.290657374383558
3019256,39.209404277072984
3019257,10.899215133944676
3019258,90.24903262633141
3019259,13.0867553930834
3019260,415.96812593345135
3019261,314.13005931899977
3019262,17.82816215723668
3019263,9.935212313939449
3019264,565.1079891327113
3019265,115.6863847732952
3019266,3883.070571705682
3019267,50.343421415280204
3019268,24.789991483385805
3019269,3.61013561151203
3019270,0.10713883241974076
3019271,3.406154898602122
3019272,2971.888562006713
3019273,0.002029134122103621
3019274,460.45290072313367
3019275,8.111504956239852
3019276,540.4985702415452
3019277,751.7507258070291
3019278,178.27912586208066
3019279,135.16522878808826
3019280,92.51831677624051
3019281,3029.540797027823
3019282,21.496433239936557
3019283,1.2238255032021532
3019284,21.12658584870461
3019285,18.284238472223837
3019286,0.07508974742740211
3019287,121.19454041797454
3019288,11.704669360150547
3019289,26.43291078283825
3019290,5.016526170921556
3019291,271.0982614300695
3019292,9.839665709085264
3019293,229.93067567709244
3019294,125.66735870586513
3019295,5.507887495731657
3019296,7.534725577315342
3019297,199.0971777977017
3019298,41.2443094368058
3019299,1841.6524002108624
3019300,1.4147297858165753
3019301,5.2000404217418765
3019302,4.616808041645192
3019303,0.185178228873626
3019304,0.3469231841168828
3019305,1298.628153672676
3019306,0.002029134122103621
3019307,244.33904726916518
3019308,6.386433766451285
3019309,432.4166697287335
3019310,285.01424654856356
3019311,92.99539100539657
3019312,35.76383060974652
3019313,27.681264144524924
3019314,2302.820583275437
3019315,16.168520703390676
3019316,0.7342953019212919
3019317,11.797720056536003
3019318,10.645544899687081
3019319,0.30035898970960845
3019320,93.7288782996402
3019321,0.15003314828749142
3019322,8.060101956418055
3019323,0.9022529084391286
3019324,23.02349797462973
3019325,0.19679331418170526
3019326,286.1080922761905
3019327,146.00711624132072
3019328,3.0438325634306524
3019329,1.533857339695915
3019330,160.010704757405
3019331,23.88877962811491
3019332,554.2642175297725
3019333,0.9431531905443836
3019334,2.6985528989578875
3019335,7.185558380605675
3019336,0.3214164972592223
3019337,2.8384624155017684
3019338,4465.389534589496
3019339,0.02029134122103621
3019340,747.6071425935149
3019341,18.05819202927605
3019342,1043.5331349459689
3019343,1215.992823256286
3019344,334.29087157555097
3019345,247.7282679037355
3019346,111.07326386433265
3019347,6063.564966141843
3019348,26.67035986502157
3019349,3.042080536531066
3019350,25.124774194474817
3019351,29.317830653738223
3019352,0.17520941066393825
3019353,258.90537924013853
3019354,7.539165701446445
3019355,40.12452502321652
3019356,10.033052341843112
3019357,184.04886900565035
3019358,4.0014640550280065
3019359,302.88612899194527
3019360,284.4443295753403
3019361,11.378136010919343
3019362,9.795770737603457
3019363,419.6446636112979
3019364,83.50903545386814
3019365,2865.312239595162
3019366,2.0277793596704248
3019367,17.520406519174387
3019368,7.3591225926976005
3019369,0.185178228873626
3019370,3.3746164273187693
3019371,4597.633203924324
3019372,0.002029134122103621
3019373,697.3539478247193
3019374,17.727859248252706
3019375,1521.0066571058205
3019376,1047.597517432198
3019377,420.9736390014571
3019378,260.4364868652952
3019379,69.63173678089856
3019380,7865.054910707297
3019381,13.396774297095131
3019382,0.8741610737158236
3019383,35.866525480518405
3019384,20.636903895054683
3019385,0.6007179794192169
3019386,301.0159251509428
3019387,11.704669360150547
3019388,6.194663512356234
3019389,6.063139544710945
3019390,54.567776921743274
3019391,1.344754313574986
3019392,208.207170826214
3019393,354.9050694818354
3019394,5.471651393786054
3019395,4.845594777675731
3019396,234.36005982132963
3019397,85.27119055077928
3019398,1760.4326053873833
3019399,4.385662336031384
3019400,4.020133673947527
3019401,6.803717114003441
3019402,0.46426827381887664
3019403,2.9646163006351802
3019404,4103.75666947859
3019405,0.002029134122103621
3019406,725.246635767329
3019407,12.55264567888701
3019408,1240.9958307113072
3019409,872.7784094826028
3019410,309.2181409036065
3019411,236.70349861808361
3019412,75.55823546102656
3019413,6122.887016449857
3019414,16.014534791929815
3019415,1.363691274996685
3019416,27.200299019235786
3019417,20.706271639239745
3019418,0.025029915809134034
3019419,267.5220641777035
3019420,11.704669360150547
3019421,6.86340559607651
3019422,5.7022383813352935
3019423,106.63148759851171
3019424,1.5415476277566913
3019425,123.15302505264445
3019426,288.42584756857275
3019427,5.616595801568466
3019428,4.8107343835917336
3019429,208.44698045126177
3019430,67.72301628742525
3019431,1346.2497906652593
3019432,2.9709325502148083
3019433,7.569440881576875
3019434,12.080069161597947
3019435,1.1785271566171485
3019436,14.111258206310623
3019437,11651.079413594958
3019438,0.002029134122103621
3019439,1344.071760352894
3019440,53.00005953307848
3019441,2349.5114313023487
3019442,2548.703088221586
3019443,404.38983765454043
3019444,492.80353488555346
3019445,273.76990132907315
3019446,11931.629178181869
3019447,75.20671915748576
3019448,2.832281878839269
3019449,61.64925222062268
3019450,57.9371762001873
3019451,0.30035898970960845
3019452,594.411360791433
3019453,47.78555772956602
3019454,60.8907265703198
3019455,23.706875619819794
3019456,235.24446286528956
3019457,28.37103612786251
3019458,767.8829718744939
3019459,653.6492662895221
3019460,20.00232827397286
3019461,25.84340455023113
3019462,1190.3665231990462
3019463,252.27548652557354
3019464,8166.2817961914625
3019465,1.6505180834526714
3019466,87.28328831816064
3019467,3.297720029746566
3019468,0.49998121795879025
3019469,0.8830771959338835
3019470,1989.1175827951142
3019471,0.002029134122103621
3019472,176.87418586005344
3019473,5.248620854037551
3019474,789.4710371495861
3019475,305.76170299451064
3019476,131.6675200027996
3019477,149.87973662865127
3019478,43.01622394566041
3019479,3196.39957190835
3019480,5.235520989669362
3019481,0.2797315435890636
3019482,13.909657597520843
3019483,9.031542931024847
3019484,0.22526924228220632
3019485,186.1222870172083
3019486,0.5626243060780929
3019487,15.88751295388081
3019488,3.5007412847438197
3019489,39.674728126286816
3019490,0.819972142423772
3019491,72.1355416466657
3019492,96.1342817003916
3019493,2.427818830355401
3019494,4.845594777675731
3019495,117.3072390989171
3019496,22.63331091773223
3019497,647.2851273482922
3019498,0.09431531905443837
3019499,5.235902769478027
3019500,8.851774816688152
3019501,0.21427766483948152
3019502,2.4600007601015323
3019503,4419.506960534235
3019504,0.002029134122103621
3019505,617.6448040203445
3019506,11.047796343114005
3019507,1803.5210447295449
3019508,788.8273752065691
3019509,277.6208218834068
3019510,330.1390901778534
3019511,77.06162543923789
3019512,7208.383924683249
3019513,13.088802474173406
3019514,0.2797315435890636
3019515,25.889441235176225
3019516,21.816155546200665
3019517,0.07508974742740211
3019518,309.1808077526701
3019519,1.5003314828749141
3019520,6.687420837202754
3019521,11.151845948307631
3019522,17.806693297598823
3019523,1.574346513453642
3019524,391.67799221329096
3019525,301.95129839852405
3019526,4.348332233472361
3019527,7.250961969471598
3019528,146.73442886795405
3019529,69.18351001303961
3019530,1545.303423107211
3019531,2.6879865930514937
3019532,6.491084940243309
3019533,1.5967907512457056
3019534,0.185178228873626
3019535,1.0407695523506484
3019536,1306.8665315968392
3019537,0.002029134122103621
3019538,135.80813715638823
3019539,3.8538824452723275
3019540,884.7278825513678
3019541,182.08035153101304
3019542,100.05952493314484
3019543,214.81486282996622
3019544,16.280434598845623
3019545,2684.6218092098607
3019546,1.7862365729460177
3019547,0.3146979865376965
3019548,10.238823175822713
3019549,4.42992029696656
3019550,0.05005983161826807
3019551,91.55536100412202
3019552,11.704669360150547
3019553,15.88751295388081
3019554,0.4330813960507818
3019555,33.45541904238829
3019556,0.2951899712725579
3019557,75.15169815918446
3019558,83.68297639347443
3019559,0.6522498350208541
3019560,1.2549741870239304
3019561,61.78843743853503
3019562,11.68283383272773
3019563,235.2786768353299
3019564,50.343421415280204
3019565,2.3669149505859575
3019566,7.671538174463065
3019567,0.185178228873626
3019568,2.2392314611180617
3019569,2845.0921166503094
3019570,0.002029134122103621
3019571,247.8370059090381
3019572,10.16690892705176
3019573,1161.4839412584845
3019574,456.86294562612346
3019575,197.3332891224266
3019576,195.81455259099627
3019577,57.35429404062629
3019578,4601.085076015368
3019579,3.5416759635998627
3019580,0.699328858972659
3019581,30.987221506518942
3019582,17.925723992376312
3019583,0.20023932647307227
3019584,246.78477626195973
3019585,11.704669360150547
3019586,15.88751295388081
3019587,13.822514557287452
3019588,32.68522283084735
3019589,1.377553199271937
3019590,268.95409989109646
3019591,235.37936957120328
3019592,1.8842773011713563
3019593,4.32268886641576
3019594,229.69263047850066
3019595,29.22452164724131
3019596,1411.6522023089008
3019597,50.343421415280204
3019598,1.0041457366122244
3019599,3.8184126660223394
3019600,0.42855532967896304
3019601,1.7838159357864445
3019602,3068.691504503519
3019603,0.002029134122103621
3019604,714.4791027407354
3019605,9.396132437997293
3019606,1123.9926630604275
3019607,705.0268387173214
3019608,242.6841892720635
3019609,124.65038695236335
3019610,59.491800482453236
3019611,6111.691661570921
3019612,6.990960380323207
3019613,4.4407382544763845
3019614,33.09915904750378
3019615,38.672517383169705
3019616,0.10011966323653614
3019617,207.74628348137242
3019618,1.9879392148092614
3019619,6.018678753482478
3019620,3.5368314010813844
3019621,33.352771235150925
3019622,2.3943186558774143
3019623,179.93619240308456
3019624,292.719641482843
3019625,3.6598462965059038
3019626,6.623474875959633
3019627,155.25097416511198
3019628,31.40638676936303
3019629,713.3055188131032
3019630,5.281657867048549
3019631,3.4406549461713065
3019632,4.234966775042959
3019633,0.185178228873626
3019634,0.5676924831003537
3019635,1785.656142619268
3019636,0.002029134122103621
3019637,114.49071234864368
3019638,3.413438737241204
3019639,548.5560880421219
3019640,201.91163896835164
3019641,103.61762111459225
3019642,153.77723616485025
3019643,45.554025505380466
3019644,2972.576380232683
3019645,6.929366015738862
3019646,0.4895302012808612
3019647,10.486862272476447
3019648,8.85984059393312
3019649,0.15017949485480422
3019650,108.47480090917483
3019651,11.704669360150547
3019652,15.88751295388081
3019653,0.3969912797132167
3019654,48.28633890188528
3019655,0.6887765996359685
3019656,202.3529597931882
3019657,94.02572218891959
3019658,1.1233191603136932
3019659,1.4292761574439208
3019660,59.68720409056758
3019661,20.505988936250464
3019662,421.93390207843566
3019663,0.09431531905443837
3019664,0.8166673246846238
3019665,5.068074993084196
3019666,0.185178228873626
3019667,0.8919079678932222
3019668,4602.367407660654
3019669,0.002029134122103621
3019670,561.418437021408
3019671,11.524943693481056
3019672,1062.8880936216049
3019673,689.65848808131
3019674,231.46536832164588
3019675,142.08473755625334
3019676,87.70615430182707
3019677,5981.971247575907
3019678,7.144946291784071
3019679,0.45456375833222834
3019680,30.987221506518942
3019681,10.92851035121425
3019682,0.12514957904567017
3019683,229.7460497267269
3019684,11.704669360150547
3019685,27.031258963009023
3019686,3.3202907030559943
3019687,63.06897377310943
3019688,0.9511676852115755
3019689,244.7163667064783
3019690,247.24446048170788
3019691,2.8626520537026376
3019692,3.660341378819797
3019693,130.74880117510563
3019694,46.92418927447804
3019695,1487.2792193122582
3019696,1.3204144667621371
3019697,1.44869681944055
3019698,3.922551193277495
3019699,0.185178228873626
3019700,6.625602047206795
3019701,3773.39677470272
3019702,0.002029134122103621
3019703,568.6373608671225
3019704,7.964690386896143
3019705,1003.3536009161597
3019706,958.536881898721
3019707,175.28712001635864
3019708,128.34322641744296
3019709,88.43866113124814
3019710,5401.390067524983
3019711,54.38782392797701
3019712,1.6084563756371155
3019713,33.997219207045134
3019714,29.66810342140534
3019715,0.20023932647307227
3019716,259.44740687415765
3019717,24.830486041579828
3019718,24.391487579902673
3019719,1.8045058168782573
3019720,112.33519404539884
3019721,9.413280195024903
3019722,226.18050218386975
3019723,306.71490028328424
3019724,13.842190943220348
3019725,15.233992214707156
3019726,260.8388393274678
3019727,70.10910425002098
3019728,2574.534917723894
3019729,50.343421415280204
3019730,12.589601377223667
3019731,6.213598792890898
3019732,0.185178228873626
3019733,7.159232981321127
3019734,4037.2901619402414
3019735,0.002029134122103621
3019736,504.35728140099434
3019737,14.277716868675576
3019738,1347.6802662688174
3019739,918.9922152657593
3019740,161.81992726139666
3019741,94.33657823649901
3019742,87.53671001424719
3019743,5789.402427932534
3019744,27.37869505774154
3019745,1.18885906025352
3019746,44.860466387815904
3019747,69.50338903136023
3019748,0.16964720715079734
3019749,373.61045663834767
3019750,24.830486041579828
3019751,19.21753566901423
3019752,10.141322690855807
3019753,107.28384142608607
3019754,11.873196622296218
3019755,170.73450386031664
3019756,508.1265959524901
3019757,8.769136670835927
3019758,10.879580389674956
3019759,137.30320202350154
3019760,84.20540314478433
3019761,2152.730967767189
3019762,3.725455102650315
3019763,16.777374554360254
3019764,9.754308719566158
3019765,0.3214164972592223
3019766,2.962408607645346
3019767,4757.84864343035
3019768,0.002029134122103621
3019769,723.8869131667011
3019770,7.377432109521312
3019771,2756.696401759078
3019772,741.8237306737849
3019773,220.07994408709536
3019774,480.9932016905545
3019775,65.56194548729033
3019776,8141.605043829025
3019777,28.887756990058012
3019778,1.7832885903802804
3019779,26.872584573220895
3019780,18.109102088390276
3019781,0.05005983161826807
3019782,377.3597063886235
3019783,6.263883941002767
3019784,15.169886214917824
3019785,8.356305536799834
3019786,54.39388343250891
3019787,3.6406763123615473
3019788,167.7567703555816
3019789,362.3237137398838
3019790,7.754525816359044
3019791,10.667280589703408
3019792,248.23939907858767
3019793,56.539545204000504
3019794,1815.6842476077347
3019795,6.41155538932072
3019796,17.634189599799125
3019797,4.373818144716498
3019798,0.42855532967896304
3019799,4.699232221219594
3019800,3435.6114425619107
3019801,0.008116536488414485
3019802,418.7535052915617
3019803,8.221615883247633
3019804,926.4674818314259
3019805,893.1527339462269
3019806,227.72854815546364
3019807,143.9511409321011
3019808,72.29168816740064
3019809,5131.789912793908
3019810,25.46926975562684
3019811,1.7133557044830143
3019812,16.203658719625064
3019813,12.590245569587983
3019814,0.10011966323653614
3019815,254.37451482808817
3019816,22.204905946548735
3019817,23.47636683375914
3019818,2.1654069802539087
3019819,92.54611497052827
3019820,7.543743710298703
3019821,389.704991295148
3019822,276.14462111150647
3019823,6.703678859936556
3019824,9.830631131687456
3019825,398.26204785403786
3019826,53.020257059390396
3019827,2405.3741010936837
3019828,0.04715765952721918
3019829,27.136751633163474
3019830,3.922551193277495
3019831,0.24999060897939512
3019832,2.8031393276644128
3019833,6058.5114115047845
3019834,0.002029134122103621
3019835,470.35377203881654
3019836,11.4515364088092
3019837,2475.4931732016175
3019838,720.8280078058408
3019839,303.48662166000423
3019840,186.6971876045308
3019841,63.9649401668625
3019842,8928.374702147263
3019843,10.440244797046551
3019844,2.552550335250205
3019845,30.932782693154532
3019846,23.93187174384493
3019847,0.17520941066393825
3019848,485.2083369699694
3019849,11.704669360150547
3019850,0.17598475887375667
3019851,8.769898270028332
3019852,43.208986673502515
3019853,2.1319275703018072
3019854,142.1508060071457
3019855,354.9050694818354
3019856,3.5873740926146978
3019857,10.492978619283416
3019858,190.74501563950537
3019859,60.75073593018419
3019860,1287.8491299072818
3019861,50.343421415280204
3019862,6.455222592507157
3019863,7.879815228973374
3019864,0.035712944139913584
3019865,7.790002406988187
3019866,3662.705604433747
3019867,0.002029134122103621
3019868,571.3797583714071
3019869,12.112201970855885
3019870,1424.8584444820556
3019871,874.187449588568
3019872,255.2871723571818
3019873,138.6795936456934
3019874,110.67150808653801
3019875,6173.114610808876
3019876,40.837063719421025
3019877,1.6084563756371155
3019878,27.964966059937193
3019879,37.65432252421576
3019880,0.07508974742740211
3019881,282.5464348984799
3019882,22.655005391411205
3019883,21.32935277549931
3019884,9.816511643817721
3019885,156.47847835911782
3019886,11.676403308114512
3019887,234.9696348030837
3019888,516.6511012568031
3019889,14.4582046762956
3019890,9.063702461839497
3019891,210.7951837619155
3019892,66.09265074021823
3019893,2242.7260999058976
3019894,0.9431531905443836
3019895,7.363711730306321
3019896,3.8184126660223394
3019897,0.185178228873626
3019898,4.352309037102711
3019899,3742.7936534623077
3019900,0.002029134122103621
3019901,513.9021611487514
3019902,10.423834423403248
3019903,822.5213595213097
3019904,978.0869471943283
3019905,188.74172476446057
3019906,135.57868347721828
3019907,90.4812996071856
3019908,4739.792021991578
3019909,28.887756990058012
3019910,1.1538926173048871
3019911,29.16622517338231
3019912,22.942866282196576
3019913,0.05005983161826807
3019914,233.00835320479476
3019915,18.52909381350519
3019916,38.89263171110023
3019917,5.160886636271816
3019918,73.05079771242255
3019919,9.774067937691362
3019920,240.16643670360233
3019921,270.00156822734033
3019922,9.747511423367209
3019923,9.098562855923497
3019924,237.45327200363255
3019925,56.76870311777619
3019926,2453.681934403538
3019927,0.2357882976360959
3019928,15.70803106956371
3019929,6.421875847401207
3019930,0.10713883241974076
3019931,3.6584626688689457
3019932,6247.5613478225905
3019933,0.002029134122103621
3019934,628.3388385279854
3019935,18.42522845263532
3019936,1519.8018268948517
3019937,807.001722290609
3019938,320.0086048277035
3019939,238.30425735616532
3019940,67.08669694470348
3019941,7467.27752886183
3019942,9.485532145989197
3019943,0.1398657717945318
3019944,18.206358111938275
3019945,20.532852278777096
3019946,0.10011966323653614
3019947,265.8300863949517
3019948,11.704669360150547
3019949,8.552859281264574
3019950,1.4075145371650408
3019951,87.22497419995673
3019952,3.3454863410889897
3019953,217.19861437073982
3019954,339.599715606415
3019955,3.949735112070728
3019956,2.8236919208038436
3019957,266.1589994050964
3019958,144.06587149555295
3019959,1430.2391347927307
3019960,3.6311397835958767
3019961,0.9682833888760736
3019962,15.8637689852019
3019963,0.185178228873626
3019964,15.895074142097068
3019965,14419.959832474267
3019966,0.002029134122103621
3019967,1889.1024181336247
3019968,29.913468503780447
3019969,3064.934086998766
3019970,3090.9960475904772
3019971,646.6758969116938
3019972,631.3453103015369
3019973,350.39494523169986
3019974,15066.615922001818
3019975,86.50928505871316
3019976,5.140067113449043
3019977,132.78816301990753
3019978,126.27333274399797
3019979,0.22526924228220632
3019980,828.3949582305044
3019981,34.836196700872634
3019982,29.24866692481836
3019983,35.1185704057579
3019984,360.78002985851015
3019985,26.00951635768205
3019986,921.054941225005
3019987,764.9906185955431
3019988,43.77321115028843
3019989,37.8583879752219
3019990,1240.8255077290694
3019991,309.2976903281888
3019992,9943.029047126765
3019993,333.80407823363515
3019994,99.84622731774931
3019995,17.634123948539532
3019996,0.185178228873626
3019997,13.729011934356386
3019998,13319.467400889876
3019999,0.004058268244207242
3020000,1446.4773766810808
3020001,28.88576651837449
3020002,3201.242846356752
3020003,2706.710018836152
3020004,821.6015036412279
3020005,392.98868201808176
3020006,260.207750939585
3020007,16954.184093445176
3020008,138.31014567414766
3020009,2.063020133969344
3020010,78.28733988133459
3020011,86.5166868044311
3020012,0.6507778110374849
3020013,781.0205940808494
3020014,30.381337445346297
3020015,39.279798180622485
3020016,4.698933147150982
3020017,243.32122454001959
3020018,20.23691247501869
3020019,1215.6291991458977
3020020,956.1080130597325
3020021,26.5248266241814
3020022,31.304633887430263
3020023,1363.8957576683497
3020024,260.1992391895957
3020025,6731.225504828979
3020026,593.0438799526171
3020027,95.00986678508801
3020028,13.052028749312726
3020029,0.185178228873626
3020030,18.98489817372716
3020031,9016.209547707036
3020032,0.02029134122103621
3020033,1072.6780595356863
3020034,16.296417197151555
3020035,2906.825840964035
3020036,1949.9075473685452
3020037,949.8100244737188
3020038,155.73459957230662
3020039,202.97489357471795
3020040,14727.740956066747
3020041,47.212080453900775
3020042,3.1469798653769656
3020043,48.94517999986068
3020044,25.604939316466716
3020045,0.3504188213278765
3020046,743.2063943913166
3020047,36.42992381855652
3020048,28.157561419801066
3020049,9.549444782919739
3020050,139.13403785134784
3020051,10.331648994539528
3020052,1086.5521665489844
3020053,914.7872170795473
3020054,26.63353493001821
3020055,45.947742422413654
3020056,855.0344157808236
3020057,144.156196331418
3020058,3132.5111401876757
3020059,369.44678045749794
3020060,53.30346290931058
3020061,18.224242269652073
3020062,0.185178228873626
3020063,20.009267721010467
3020064,12568.364636255501
3020065,0.012174804732621726
3020066,1347.0086641236624
3020067,24.00418208769621
3020068,2882.1803312903767
3020069,2600.184316542246
3020070,772.0765907535076
3020071,361.9795803333304
3020072,202.24725791788825
3020073,15735.136204536684
3020074,50.784553599792815
3020075,1.9930872480720778
3020076,76.70897481570951
3020077,80.6678183937385
3020078,0.5005983161826807
3020079,725.3958529457971
3020080,35.35906222265454
3020081,31.043711465330677
3020082,7.844186785969785
3020083,226.69295508208668
3020084,14.464308592355337
3020085,955.4404796251292
3020086,898.686883989967
3020087,25.3290352599765
3020088,32.873351621210176
3020089,1218.1121054425776
3020090,236.59318309400888
3020091,6036.230101164557
3020092,444.8212255628287
3020093,75.9036274104016
3020094,14.093414021864271
3020095,0.185178228873626
3020096,20.832421821505978
3020097,6917.2032905697215
3020098,0.002029134122103621
3020099,932.9659379405501
3020100,20.113596000087956
3020101,2646.5611115342776
3020102,1579.2124574325708
3020103,748.3777226178222
3020104,124.5187705429903
3020105,156.74868508977644
3020106,12930.05698326355
3020107,45.30265515178606
3020108,0.5244966442294942
3020109,36.9589069672347
3020110,75.2986863128802
3020111,0.15017949485480422
3020112,695.9350965935171
3020113,30.960840480606734
3020114,13.374841674405507
3020115,2.7879614870769074
3020116,133.30168398815331
3020117,6.39578271090542
3020118,961.1222637617406
3020119,1015.4122077560243
3020120,19.386314540897608
3020121,27.0237774939153
3020122,934.1117247652396
3020123,100.71181656946248
3020124,2193.4434973436996
3020125,339.0192438007503
3020126,25.33909212023241
3020127,12.67018748271049
3020128,0.185178228873626
3020129,11.308118878646212
3020130,9580.506231228828
3020131,0.002029134122103621
3020132,1343.029568537097
3020133,28.22510095632781
3020134,2096.7421957237534
3020135,2630.8254462270397
3020136,506.91828724579284
3020137,464.27516133558225
3020138,258.02959283040207
3020139,11645.71981354584
3020140,65.78278137608092
3020141,1.7483221474316473
3020142,57.131551755262315
3020143,69.14968221695126
3020144,0.3754487371370105
3020145,552.9820665702688
3020146,18.313421162841927
3020147,31.818044404375208
3020148,12.42943606665744
3020149,265.0187424520797
3020150,18.531370418777247
3020151,817.7729549097498
3020152,647.8665853945894
3020153,20.76328641483052
3020154,32.62932886262219
3020155,1042.9180946256656
3020156,222.83481501536136
3020157,7787.309066441324
3020158,301.2129481577787
3020159,85.04483272751376
3020160,6.248311635309283
3020161,0.42855532967896304
3020162,6.276155785387243
3020163,2430.6957536243963
3020164,0.002029134122103621
3020165,393.99640224479566
3020166,26.573437051211094
3020167,1029.2246542141563
3020168,639.6364657955443
3020169,249.38484756043084
3020170,85.86075710933365
3020171,73.32873665588824
3020172,4540.5155022526005
3020173,60.20849138119766
3020174,1.328724832048052
3020175,31.581722190213718
3020176,21.50674793476137
3020177,0.2753290739004744
3020178,237.15837899867824
3020179,15.153347977036633
3020180,10.101525159353633
3020181,12.595450601810239
3020182,64.05223171612005
3020183,7.0189615391474875
3020184,254.73718860240217
3020185,277.63978149236846
3020186,3.7685546023427126
3020187,7.669286698479575
3020188,240.01508736949
3020189,58.75349445675042
3020190,1650.187864266176
3020191,1.556202764398233
3020192,10.316425710717516
3020193,11.073396731464786
3020194,0.185178228873626
3020195,13.79271964634876
3020196,6367.76583748377
3020197,0.004058268244207242
3020198,675.8144226235228
3020199,35.01527478847429
3020200,2131.644987697786
3020201,1375.9891808188015
3020202,548.0550670984596
3020203,112.39076632850977
3020204,121.88902377396396
3020205,10537.532599039507
3020206,116.81371243421111
3020207,1.6783892615343814
3020208,62.29386545436814
3020209,36.00185923204497
3020210,0.15017949485480422
3020211,510.14904242908244
3020212,20.91274545692271
3020213,9.890343448705124
3020214,3.3924709357311236
3020215,138.30610224823585
3020216,9.216486880843197
3020217,595.2371171284884
3020218,647.8111703594943
3020219,14.56691298213241
3020220,26.441957516653375
3020221,435.5236198564362
3020222,86.78765784925842
3020223,2298.4210967994986
3020224,331.265581421285
3020225,20.3185304285957
3020226,8.261656495575608
3020227,0.185178228873626
3020228,5.456155532020065
3020229,6473.096474223673
3020230,0.008116536488414485
3020231,996.3159800207933
3020232,10.607352635082883
3020233,1634.603158704597
3020234,1975.5284224138416
3020235,296.8216975326832
3020236,355.74330543895263
3020237,210.6671821981443
3020238,8012.384446810231
3020239,43.608810125716566
3020240,1.9930872480720778
3020241,39.384138076522
3020242,41.57737752208754
3020243,0.2753290739004744
3020244,363.36971633351584
3020245,3.15069611403732
3020246,49.45171724352562
3020247,6.821031987799813
3020248,165.4331489115359
3020249,10.561241194418184
3020250,658.9098499600993
3020251,358.0605897821441
3020252,22.79250812378429
3020253,11.020416381774309
3020254,1009.5115942479696
3020255,128.8431388720122
3020256,5724.178422760316
3020257,5.470288505157424
3020258,51.30808141506064
3020259,12.323059058526642
3020260,0.185178228873626
3020261,8.218294847016121
3020262,6534.424222595364
3020263,0.002029134122103621
3020264,1020.721290926711
3020265,14.130902299331868
3020266,1888.0966733039982
3020267,1455.1982531997587
3020268,414.34660791171336
3020269,228.2958975146247
3020270,269.5189922022715
3020271,9611.421194147311
3020272,51.308105698759746
3020273,3.601543623709193
3020274,55.664587969965744
3020275,48.90425965046572
3020276,0.20023932647307227
3020277,414.74575831487556
3020278,9.752154638686944
3020279,59.34206069223075
3020280,11.115755831970066
3020281,266.8491824620593
3020282,10.626838965812086
3020283,511.6375669570886
3020284,408.71550821460096
3020285,16.704842996922988
3020286,28.378452408019463
3020287,521.3841518737518
3020288,135.79501814170257
3020289,5153.520124234758
3020290,6.696387652865124
3020291,9.83341986180119
3020292,9.893160089239698
3020293,0.035712944139913584
3020294,3.4720703035843297
3020295,3118.9082528721765
3020296,0.002029134122103621
3020297,534.2908897972735
3020298,8.808874160622462
3020299,1145.6450845022518
3020300,632.5623374672834
3020301,251.48803848446465
3020302,94.68112381077404
3020303,101.07640135643406
3020304,4846.050457611554
3020305,15.675765786715912
3020306,1.6783892615343814
3020307,32.948821397351736
3020308,25.359748379099727
3020309,0.07508974742740211
3020310,238.75742810352776
3020311,6.526441950505878
3020312,14.289962420549042
3020313,8.264636641302419
3020314,96.67532561100793
3020315,3.5750785409676458
3020316,298.545365920378
3020317,258.99209939959
3020318,5.435415291840451
3020319,6.797776846379623
3020320,206.37835083919512
3020321,69.83283145522336
3020322,2165.2278042325597
3020323,0.4715765952721918
3020324,4.260872998354559
3020325,7.011994168513751
3020326,0.185178228873626
3020327,1.387692736467531
3020328,4500.676377176052
3020329,0.002029134122103621
3020330,264.97357807071666
3020331,5.211917211701624
3020332,1415.9965557956452
3020333,293.43040501933035
3020334,246.88077336363293
3020335,70.64217909360626
3020336,30.62027977668047
3020337,5197.918252633606
3020338,10.255461703293514
3020339,0.9790604025617224
3020340,25.488901356713587
3020341,10.851587704197154
3020342,0.05005983161826807
3020343,247.18487646063718
3020344,11.704669360150547
3020345,15.88751295388081
3020346,4.150363378819992
3020347,26.60739213916086
3020348,1.11516211369633
3020349,54.5462026721652
3020350,207.08598614958197
3020351,0.14494440778241202
3020352,2.4402275858798648
3020353,68.09213720023634
3020354,89.62651626898588
3020355,693.6055492315218
3020356,50.343421415280204
3020357,3.012437209836673
3020358,7.671538174463065
3020359,0.07142588827982717
3020360,6.275209631248742
3020361,4875.30166874911
3020362,0.002029134122103621
3020363,623.7636334175268
3020364,14.130902299331868
3020365,1485.1034072660605
3020366,1170.0818439200198
3020367,393.87614205389457
3020368,182.43688157862024
3020369,119.44085555576173
3020370,7350.629077708612
3020371,32.521824500534386
3020372,1.398657717945318
3020373,31.2056978038622
3020374,61.92822532354741
3020375,0.16964720715079734
3020376,372.42434878584936
3020377,26.893441830532836
3020378,19.041550910140472
3020379,10.610494203244155
3020380,101.13510270966323
3020381,7.1173581962383405
3020382,473.7421451425339
3020383,392.8849313335957
3020384,10.182344646714444
3020385,15.373433791043148
3020386,564.6954119807117
3020387,99.7586364067457
3020388,2722.342817310645
3020389,50.343421415280204
3020390,39.26787224711054
3020391,5.797044683870279
3020392,0.07142588827982717
3020393,5.287740095366962
3020394,5060.441134676678
3020395,0.01623307297682897
3020396,701.4176588167094
3020397,19.526337722713127
3020398,1097.1971010790573
3020399,1495.8930744514416
3020400,211.30645476090507
3020401,270.1926393464665
3020402,170.2688729530607
3020403,5696.84372863272
3020404,35.108787813076894
3020405,3.1819463083255983
3020406,31.533412249877088
3020407,31.76287193392442
3020408,0.6007179794192169
3020409,254.1055285458692
3020410,16.053546866761582
3020411,44.06658362198867
3020412,9.347340131429373
3020413,175.47642647228722
3020414,12.496375450538284
3020415,474.67547188307617
3020416,279.23531627642114
3020417,7.682053612467836
3020418,14.95510906203517
3020419,651.558537822862
3020420,130.5218751874411
3020421,4958.210906805567
3020422,0.5187342547994109
3020423,43.576051978864434
3020424,5.033362150665812
3020425,0.607120050378531
3020426,9.810987646825446
3020427,6629.922630498845
3020428,0.004058268244207242
3020429,935.3066481279529
3020430,22.499332751923205
3020431,1326.6609848289747
3020432,1677.66034664498
3020433,322.5475827787967
3020434,324.6652946393463
3020435,127.24747234214986
3020436,7439.988864454722
3020437,36.74103847456205
3020438,4.0561073820414215
3020439,42.87759570235728
3020440,57.12948840650782
3020441,0.16964720715079734
3020442,371.7735101180683
3020443,33.94499980004493
3020444,36.851208508164646
3020445,23.780499457148427
3020446,147.27799332094708
3020447,18.695364847262002
3020448,457.31379917134205
3020449,388.336019144549
3020450,20.58210590510251
3020451,19.940145416046896
3020452,640.2305298187296
3020453,151.11759498336002
3020454,4827.3932266879
3020455,1.4618874453437944
3020456,42.158126330623105
3020457,12.809038852384031
3020458,0.3571294413991359
3020459,6.975994463164846
3020460,4475.357891802218
3020461,0.002029134122103621
3020462,539.9568694871733
3020463,16.883675474526388
3020464,2115.1294927714966
3020465,912.2670513920165
3020466,606.7642855549224
3020467,214.91926013897154
3020468,98.30236012095038
3020469,9982.584410163794
3020470,11.056188442890004
3020471,1.258791946150786
3020472,52.87991648369621
3020473,41.7940658714973
3020474,0.16964720715079734
3020475,443.8273656613144
3020476,13.315441910514865
3020477,6.124269608806732
3020478,7.877750594163721
3020479,56.43198265778777
3020480,3.279888569695088
3020481,368.37807158107734
3020482,523.479000329406
3020483,8.225595141651883
3020484,7.948169851151559
3020485,433.46221071315466
3020486,105.96103559097196
3020487,1668.8160516231276
3020488,124.72823683673256
3020489,18.693509362403258
3020490,4.998649527222232
3020491,0.18517822915876114
3020492,3.057964131490033
3020493,2558.33246215822
3020494,0.004058268244207943
3020495,349.1908525913434
3020496,13.397004026934225
3020497,663.6099178584549
3020498,728.800010820078
3020499,135.43552719190885
3020500,131.271888483271
3020501,95.66997279445782
3020502,3063.754103732299
3020503,18.201167779870026
3020504,1.7133557051892652
3020505,23.542083726875415
3020506,22.664714337175333
3020507,0.3504188548276325
3020508,176.1066644717607
3020509,15.078332056913187
3020510,19.147215384812736
3020511,6.604490037321061
3020512,89.14049658820136
3020513,5.869749391753826
3020514,302.48073091967
3020515,161.62763134388422
3020516,4.058445068250017
3020517,8.296773793399701
3020518,310.4446972035687
3020519,62.85169406307364
3020520,2391.9415037997164
3020521,50.346884405431275
3020522,26.557349578311356
3020523,1.353800913622688
3020524,0.18517822915876114
3020525,2.17615021733511
3020526,1645.2904614567328
3020527,0.0020291341221039716
3020528,132.12036929570272
3020529,4.808239801447625
3020530,1063.0297247069032
3020531,339.8533032553818
3020532,284.31541029257926
3020533,49.76272664997068
3020534,26.832597077659177
3020535,3999.5932731349058
3020536,5.277414739016121
3020537,0.4195973155565547
3020538,10.31092794163303
3020539,8.104352399353605
3020540,0.0500598364039475
3020541,179.2040688101934
3020542,4.050895179469214
3020543,15.887574040196434
3020544,1.8045054746778855
3020545,14.486647663552132
3020546,0.39350275251980954
3020547,186.18303858702296
3020548,198.5689987976064
3020549,0.9421390337008967
3020550,3.9740849262502773
3020551,153.23531744602295
3020552,27.655186273497556
3020553,274.8837932361885
3020554,1.8760607363480961
3020555,1.8108712220066598
3020556,8.261656857492301
3020557,0.21427766516942362
3020558,4.459531025089631
3020559,5904.213562232432
3020560,0.0020291341221039716
3020561,1101.5679932758417
3020562,14.461423524964612
3020563,2377.6205502169996
3020564,745.8934106348262
3020565,578.4076071574443
3020566,310.7908473502714
3020567,66.67510507433725
3020568,11058.545387100223
3020569,30.139409198125218
3020570,0.8042281881500631
3020571,27.688086220888696
3020572,21.88552893064426
3020573,0.100119672807895
3020574,523.8215593597273
3020575,13.165409333274946
3020576,2.3230077488927217
3020577,10.321771315157505
3020578,41.12587052794142
3020579,2.32822461907554
3020580,652.1436912026708
3020581,455.26887821431603
3020582,2.9351254511451015
3020583,15.75689812864145
3020584,442.5821368328962
3020585,104.19480282081169
3020586,1616.4228574349784
3020587,20.739950478225296
3020588,10.794212774314207
3020589,5.970609157515444
3020590,0.18517822915876114
3020591,0.8830754505127983
3020592,1956.3846826276053
3020593,0.0020291341221039716
3020594,275.30833131401357
3020595,12.405992770147307
3020596,1311.0536531690811
3020597,469.4139576812476
3020598,226.23842607649487
3020599,64.86554019268907
3020600,31.701618245404227
3020601,4298.784190079502
3020602,8.701451682782533
3020603,0.45456375851960096
3020604,15.754809477250472
3020605,19.7457738543573
3020606,0.22526926381776374
3020607,184.11071412920305
3020608,8.101790358938429
3020609,15.887574040196434
3020610,5.613094729533032
3020611,39.1537954147679
3020612,1.5740110100792382
3020613,159.67687291935286
3020614,200.27780801912462
3020615,1.7755697173593823
3020616,7.041799606162772
3020617,167.44777041997256
3020618,32.25857163049841
3020619,373.6663803208267
3020620,3.810600992884016
3020621,3.550727886287568
3020622,4.9639366832831895
3020623,0.18517822915876114
3020624,3.658455437838736
3020625,1926.0576334824493
3020626,0.0020291341221039716
3020627,166.11165100694967
3020628,7.964794174917058
3020629,1075.485432111141
3020630,318.1149777395972
3020631,174.5479167720236
3020632,51.746275894060425
3020633,25.098183294355547
3020634,4175.120606175962
3020635,14.588343765899547
3020636,0.06993288592609245
3020637,17.19689730125509
3020638,9.168907163675476
3020639,0.02502991820197375
3020640,147.9576593014092
3020641,1.6503647027467168
3020642,15.887574040196434
3020643,2.9232988689781747
3020644,41.09615432760594
3020645,0.9837568812995239
3020646,161.0685699167172
3020647,212.5050472437877
3020648,0.5435417502120559
3020649,5.682244236656098
3020650,100.63767295823233
3020651,23.43541636291344
3020652,202.8477358181265
3020653,3.5804557844029024
3020654,2.0594221740467895
3020655,3.714274301477631
3020656,0.18517822915876114
3020657,2.293473098617525
3020658,1907.8282596793504
3020659,0.0020291341221039716
3020660,221.40323205861273
3020661,10.534082618438692
3020662,1703.2717274188653
3020663,426.40344700580124
3020664,282.7474944269952
3020665,41.23694481133934
3020666,34.52037393975719
3020667,4412.167880222159
3020668,10.240697648328903
3020669,0.3496644296304623
3020670,13.363467343094808
3020671,21.428457191511225
3020672,0.100119672807895
3020673,208.13705587724615
3020674,1.1627569496624597
3020675,15.887574040196434
3020676,3.1398395259395206
3020677,20.767571825371938
3020678,2.033097554685683
3020679,259.04726171157847
3020680,282.8283147681267
3020681,1.1957918504665228
3020682,4.810734384408231
3020683,92.16525817919187
3020684,92.20720366598681
3020685,421.56766472084536
3020686,2.4768906453746102
3020687,4.793482646488217
3020688,4.061402740868064
3020689,0.9285365490675024
3020690,3.503917233998996
3020691,2145.2982318406466
3020692,0.0020291341221039716
3020693,209.16394447781488
3020694,3.046442011604221
3020695,1061.3215528600026
3020696,382.57636681413015
3020697,273.22166596061646
3020698,95.94114501676167
3020699,52.68214238924954
3020700,4035.410682868361
3020701,7.75905619367251
3020702,1.0839597318544332
3020703,14.132460675245271
3020704,17.754026230787346
3020705,0.12514959100986875
3020706,230.3943695092414
3020707,9.281426038515344
3020708,15.887574040196434
3020709,3.861641715810675
3020710,23.703735028975338
3020711,1.9347218665557304
3020712,128.72190053489493
3020713,203.6971690781324
3020714,1.0146112670625043
3020715,5.4033610839367805
3020716,115.52912372015038
3020717,44.325021126879435
3020718,682.9306867876063
3020719,3.351725403023106
3020720,4.971019040802595
3020721,4.790372463587973
3020722,0.21427766516942362
3020723,1.3697131005632441
3020724,1716.722381076734
3020725,0.0020291341221039716
3020726,229.69572045509435
3020727,5.909363420099754
3020728,1116.9123968702465
3020729,297.16392776636104
3020730,178.03311340405867
3020731,161.71146205763202
3020732,28.651516021853144
3020733,3170.864415639161
3020734,5.039044115300057
3020735,0.38463087259350853
3020736,12.185642112839036
3020737,13.18674288708383
3020738,0.20023934561579
3020739,172.45506603393576
3020740,11.704669867838772
3020741,15.887574040196434
3020742,3.0676593069524056
3020743,31.75277311075689
3020744,1.5084272179926033
3020745,56.36632262475856
3020746,156.0209387176221
3020747,1.0508473837433079
3020748,3.1374354680923244
3020749,70.57390539059266
3020750,36.54808980406739
3020751,588.665558265567
3020752,50.346884405431275
3020753,0.9942038081605191
3020754,8.817062360516992
3020755,0.7499718280929827
3020756,3.026110338453679
3020757,3833.483426467445
3020758,0.0020291341221039716
3020759,511.95644093070507
3020760,7.340824124347519
3020761,1439.089901801811
3020762,859.9612147326785
3020763,559.9393121290153
3020764,199.99048255760945
3020765,82.94603851969413
3020766,6932.1109192473505
3020767,16.879350316059497
3020768,1.5734899333370804
3020769,25.08836239616437
3020770,25.892719106409395
3020771,0.20023934561579
3020772,304.99092282682955
3020773,0.6751491965782024
3020774,15.887574040196434
3020775,8.033658373265947
3020776,44.43922686534873
3020777,3.738276148938191
3020778,257.9739560998522
3020779,316.04954564618396
3020780,2.5002920509754567
3020781,8.993981675197995
3020782,386.85403742581735
3020783,59.94863203548839
3020784,1515.3760462586447
3020785,9.47368227042749
3020786,15.161608074447916
3020787,3.922551365111891
3020788,0.21427766516942362
3020789,3.9498703365079595
3020790,2738.670964068543
3020791,0.0020291341221039716
3020792,882.0357623854223
3020793,9.506367241030038
3020794,723.9286142218315
3020795,723.2938422929606
3020796,232.3005339911358
3020797,183.63490107125543
3020798,46.3688804406419
3020799,4256.149183751429
3020800,12.587447199642092
3020801,1.0140268459283406
3020802,26.85888572208604
3020803,18.625244113717855
3020804,0.1501795092118425
3020805,205.2985007340174
3020806,11.89012751751612
3020807,5.103577630143101
3020808,5.613094729533032
3020809,54.90338159257842
3020810,2.000305658642365
3020811,110.84331042862843
3020812,180.96439520851254
3020813,4.493278468419661
3020814,7.181241182522431
3020815,197.8710946160644
3020816,56.917930512270196
3020817,1918.6670790268083
3020818,43.50168888423447
3020819,14.921543379809654
3020820,6.664866036296311
3020821,0.8213977164827906
3020822,3.12230248574168
3020823,3172.2010545043063
3020824,0.0020291341221039716
3020825,255.64283886769778
3020826,7.340824124347519
3020827,1106.3257360260573
3020828,403.2198300637658
3020829,322.3933670281926
3020830,60.794044375873284
3020831,33.56516500563283
3020832,5215.44487587305
3020833,37.50734046657886
3020834,1.3636912755588029
3020835,14.853504587247583
3020836,18.818580995109215
3020837,0.100119672807895
3020838,196.44524999622587
3020839,9.939696505179091
3020840,15.887574040196434
3020841,4.40299335821404
3020842,53.03497549648438
3020843,2.754519267638667
3020844,149.77830600829176
3020845,213.93399234030505
3020846,1.4494446672321488
3020847,5.612523448476268
3020848,147.56723951765323
3020849,26.50433993424734
3020850,496.80509264193563
3020851,3.351725403023106
3020852,4.626243363044073
3020853,7.393835759016218
3020854,0.18517822915876114
3020855,7.007834467997992
3020856,4294.228064104138
3020857,0.0020291341221039716
3020858,731.2049075920825
3020859,12.662921614499473
3020860,977.6100851712781
3020861,990.5830433549656
3020862,246.32885896661418
3020863,173.03081993779182
3020864,85.9690632343474
3020865,5805.514413678079
3020866,43.60888929999315
3020867,1.5734899333370804
3020868,20.9463256436671
3020869,31.24433892808425
3020870,0.100119672807895
3020871,277.294396863238
3020872,25.355603160381378
3020873,17.316966855382105
3020874,5.269155986059426
3020875,86.83276348487465
3020876,9.148938996085572
3020877,519.2685217559623
3020878,293.89810846461074
3020879,9.421390337008967
3020880,8.610517340208935
3020881,479.884171886713
3020882,110.05452838121192
3020883,2437.508064882732
3020884,50.346884405431275
3020885,35.577855723440116
3020886,8.226944013553258
3020887,0.03571294419490394
3020888,5.383291023143912
3020889,5141.619251984715
3020890,0.0020291341221039716
3020891,809.3578565957613
3020892,8.808988949217024
3020893,2460.5959988318373
3020894,881.895077522752
3020895,782.3402926512643
3020896,112.29672650311565
3020897,68.81995755120099
3020898,9118.374983656673
3020899,12.99951424684118
3020900,0.5244966444456934
3020901,23.77750456414417
3020902,16.07752417936174
3020903,0.16964722336893318
3020904,381.7714739885472
3020905,2.7005967863128095
3020906,6.863431985364859
3020907,4.601488960428608
3020908,55.45650813973223
3020909,1.4428434259059684
3020910,372.4331634594574
3020911,455.19046049560467
3020912,4.493278468419661
3020913,6.623474877083796
3020914,370.24363983170736
3020915,72.3460718441158
3020916,1153.7813524879775
3020917,50.06129893497999
3020918,15.34379581932222
3020919,11.10811006049385
3020920,0.535694162923559
3020921,4.06845475414825
3020922,4145.986281068557
3020923,0.0020291341221039716
3020924,714.9515047452737
3020925,7.891385933673583
3020926,2285.8266817037734
3020927,735.4925852810825
3020928,379.4495084126734
3020929,287.5798412834669
3020930,70.81612063116911
3020931,6731.223391758534
3020932,16.114346919017244
3020933,0.6643624162978783
3020934,40.30635468092912
3020935,31.279366213878067
3020936,0.20023934561579
3020937,363.7608416047609
3020938,4.463486355155894
3020939,3.625299971756823
3020940,11.51274492844491
3020941,89.97964156358427
3020942,2.0986813467723175
3020943,120.78006251773702
3020944,339.44311949214443
3020945,2.971361567825905
3020946,5.6473838425661835
3020947,186.69596123722587
3020948,161.1387500629096
3020949,1515.9460367574188
3020950,0.896057164168271
3020951,8.095659580735655
3020952,4.929223839344146
3020953,0.21427766516942362
3020954,2.3890344777265886
3020955,2108.176249759756
3020956,0.0020291341221039716
3020957,205.70665971050107
3020958,9.689887844138726
3020959,904.6437364669463
3020960,363.34267604766274
3020961,161.56189662115167
3020962,54.70420020542232
3020963,42.678866886453164
3020964,3947.4666182665983
3020965,10.303524014269568
3020966,0.8391946311131094
3020967,24.527750754582577
3020968,18.798663518873514
3020969,0.16964722336893318
3020970,183.1736530087062
3020971,1.4253149705539827
3020972,15.887574040196434
3020973,4.511263686694714
3020974,101.53384054857493
3020975,2.59055978742208
3020976,109.97460983353415
3020977,176.36981393841788
3020978,1.413208550551345
3020979,6.414312512544307
3020980,165.83411629493904
3020981,30.235872003937427
3020982,554.1103405800006
3020983,3.218731655499184
3020984,2.663045914715676
3020985,2.256334856037813
3020986,0.18517822915876114
3020987,1.560835858781371
3020988,2058.688165155712
3020989,0.008116536488415886
3020990,300.44284968616626
3020991,14.608240007451565
3020992,602.7343740437743
3020993,571.8439983868776
3020994,137.78060618528434
3020995,49.78684484470514
3020996,51.62706860192908
3020997,3244.910486203501
3020998,21.927633602821416
3020999,0.48953020148264714
3021000,13.663782132443771
3021001,16.093320798445227
3021002,0.20023934561579
3021003,135.84818030645667
3021004,14.365674571636195
3021005,2.745372794145944
3021006,2.9525318576679567
3021007,54.81558372795083
3021008,4.951576302540937
3021009,609.4069260421827
3021010,175.2179447813471
3021011,3.8772644848459987
3021012,6.20515014800482
3021013,330.2371798427089
3021014,33.27612907405868
3021015,1236.8894303116576
3021016,50.346884405431275
3021017,8.474628785792767
3021018,2.985304578757722
3021019,0.14285177677961575
3021020,4.555092404198695
3021021,4696.144674222048
3021022,0.0020291341221039716
3021023,856.7364838359288
3021024,18.6456932758427
3021025,1258.2411775953478
3021026,1542.8293733524486
3021027,310.3451063684369
3021028,231.7758513981533
3021029,132.7130176823283
3021030,6043.853142205051
3021031,32.059924972664454
3021032,0.9440939600022482
3021033,21.374265205440473
3021034,32.82056678880599
3021035,0.16964722336893318
3021036,278.1412324809679
3021037,14.290657994238616
3021038,39.20955503434079
3021039,10.89921306705443
3021040,86.78481234342419
3021041,13.083966521283669
3021042,415.9681259335142
3021043,316.96093379920666
3021044,17.828169406955432
3021045,9.935212315625693
3021046,565.1079893482269
3021047,115.68638692442671
3021048,3807.6711431267245
3021049,50.346884405431275
3021050,24.544548702861025
3021051,3.6101357696605008
3021052,0.10713883258471181
3021053,3.440209647926287
3021054,3019.062825457137
3021055,0.0020291341221039716
3021056,464.6388449351652
3021057,8.11161065740401
3021058,530.8485786702428
3021059,758.4034020932581
3021060,170.17563440770425
3021061,135.16525420469085
3021062,92.51831677624051
3021063,2842.7944229149425
3021064,21.49647226793448
3021065,1.223825503706618
3021066,21.126586621667677
3021067,18.104985898250877
3021068,0.07508975460592125
3021069,121.19481522600104
3021070,11.704669867838772
3021071,26.433012415430817
3021072,5.016525219604522
3021073,268.5128847587439
3021074,9.83756881299524
3021075,229.93067567712717
3021076,124.51479047857995
3021077,5.507889735482165
3021078,7.460124335241749
3021079,199.09717787363152
3021080,41.24431020372348
3021081,1841.6524002098233
3021082,1.4148271013183227
3021083,5.200040989468143
3021084,4.616808243892756
3021085,0.18517822915876114
3021086,0.3469224984157422
3021087,1328.8294374368388
3021088,0.0020291341221039716
3021089,246.60145049943168
3021090,6.386516988182342
3021091,416.69381547887656
3021092,285.01425218414676
3021093,93.8983169123548
3021094,35.76383733481241
3021095,27.681264144524924
3021096,2415.551284249489
3021097,16.168550058260173
3021098,0.7342953022239708
3021099,11.68091137443742
3021100,10.645547643218716
3021101,0.300359018423685
3021102,93.72909082941244
3021103,0.15003315479515608
3021104,8.060132946915655
3021105,0.9022527373389427
3021106,23.248874553385484
3021107,0.19675137625990477
3021108,286.1080922762338
3021109,146.00751882297814
3021110,3.0438338011875126
3021111,1.5338573399562474
3021112,158.4264404142855
3021113,23.888780072315036
3021114,554.2642175294599
3021115,0.9432180675455485
3021116,2.698553193578552
3021117,7.185558695381959
3021118,0.3214164977541354
3021119,2.8668413732719062
3021120,4498.2254104909625
3021121,0.020291341221039715
3021122,760.9572844715402
3021123,18.0584273458949
3021124,1061.6850744757637
3021125,1215.9928473000975
3021126,331.22418755601524
3021127,247.72831448680273
3021128,111.07326386433265
3021129,6063.578064188082
3021130,26.670408286577732
3021131,3.0420805377850217
3021132,24.87601496407969
3021133,29.60526799579125
3021134,0.17520942741381626
3021135,258.9059663068172
3021136,7.539166028456593
3021137,40.124679299056105
3021138,10.033050439209044
3021139,185.85051984367973
3021140,4.00061131728473
3021141,302.88612899199103
3021142,292.0641794163487
3021143,11.378140637772368
3021144,9.795770739266034
3021145,423.84111040905145
3021146,83.50903700667764
3021147,2865.312239593545
3021148,2.027918845222929
3021149,17.52040843200471
3021150,7.359122915077175
3021151,0.18517822915876114
3021152,3.408355854889933
3021153,4597.635380305594
3021154,0.0020291341221039716
3021155,1015.5640208134078
3021156,17.72809026029926
3021157,1533.3776735935353
3021158,1057.2085247348296
3021159,420.97389918107876
3021160,260.43653583802836
3021161,60.02735929387807
3021162,7865.071900193426
3021163,13.932670564489339
3021164,0.8741610740761557
3021165,35.8665267927749
3021166,20.63690921352351
3021167,0.60071803684737
3021168,301.016607703078
3021169,11.704669867838772
3021170,6.1946873303805905
3021171,6.063138394917695
3021172,54.042287151038614
3021173,1.3444677377760161
3021174,208.20717082624546
3021175,358.10339983668985
3021176,5.471653618801362
3021177,4.845594778498145
3021178,232.03966327792838
3021179,85.2711921363552
3021180,1760.4326053863902
3021181,4.385964014086801
3021182,3.9413079537792006
3021183,6.803717412052483
3021184,0.4642682745337512
3021185,2.9646104410072516
3021186,4136.328124867798
3021187,0.0020291341221039716
3021188,1056.184440912342
3021189,12.55280925263426
3021190,1251.0080295484083
3021191,864.91555803067
3021192,312.0814647174045
3021193,236.70354312804238
3021194,65.13640988019532
3021195,6122.900242639021
3021196,16.495000783246
3021197,1.3636912755588029
3021198,27.20030001441914
3021199,20.91128961890841
3021200,0.02502991820197375
3021201,269.9770072118719
3021202,11.704669867838772
3021203,6.863431985364859
3021204,5.7022372999821185
3021205,106.63996174485867
3021206,1.5412191140359208
3021207,123.15302505266305
3021208,288.4266428377264
3021209,5.6165980855245765
3021210,4.810734384408231
3021211,208.44698053075734
3021212,67.72301754670148
3021213,1346.2497906644996
3021214,2.9711369127684777
3021215,7.421021282341018
3021216,12.080069690787061
3021217,1.17852715843183
3021218,14.111230315105049
3021219,11651.084928865508
3021220,0.0020291341221039716
3021221,1368.7336532937798
3021222,53.00075017778909
3021223,2309.69689879797
3021224,2548.7031386170615
3021225,404.39008758466724
3021226,492.80362755281493
3021227,273.76990132907315
3021228,11931.654951968667
3021229,75.20685569956446
3021230,2.832281880006745
3021231,61.6492544761975
3021232,57.93719113154847
3021233,0.300359018423685
3021234,599.7677780632744
3021235,47.78555980225722
3021236,60.89096069067285
3021237,24.171711734405214
3021238,235.26315805608664
3021239,28.364990077469606
3021240,767.88297187461
3021241,664.9209145897887
3021242,20.002336407803654
3021243,25.5875292619974
3021244,1190.366523653017
3021245,252.2754912165123
3021246,8166.281796186855
3021247,1.6506316182047098
3021248,87.28329784751261
3021249,3.2977201742091116
3021250,0.49998121872865514
3021251,0.8830754505127983
3021252,1989.1185243835484
3021253,0.0020291341221039716
3021254,242.12874442687797
3021255,5.248689248908477
3021256,796.398875023173
3021257,314.5817583395735
3021258,129.18330701328932
3021259,149.87976481218442
3021260,39.464425638220554
3021261,3376.4857146386958
3021262,5.340241104956789
3021263,0.2797315437043698
3021264,13.771938719244119
3021265,9.031545258601685
3021266,0.22526926381776374
3021267,193.28127478121985
3021268,0.5626243304818354
3021269,15.887574040196434
3021270,3.500740620875098
3021271,39.677881129775656
3021272,0.8197974010829366
3021273,72.1355416466766
3021274,100.80127234027725
3021275,2.427819817613849
3021276,4.845594778498145
3021277,117.30723914365464
3021278,22.633311338587532
3021279,647.2851273479271
3021280,0.09432180675455486
3021281,5.184062713979849
3021282,8.851775204456038
3021283,0.21427766516942362
3021284,2.4599958978570813
3021285,4600.6364727842565
3021286,0.0020291341221039716
3021287,899.482741242145
3021288,11.047940307143017
3021289,1774.8996399367718
3021290,788.8273908040434
3021291,277.62099346488776
3021292,330.13915225753277
3021293,70.05602312657989
3021294,7208.399495679267
3021295,13.612379287144757
3021296,0.2797315437043698
3021297,25.889442182398934
3021298,21.816161168581996
3021299,0.07508975460592125
3021300,312.01803642247734
3021301,1.5003315479515607
3021302,6.687446549842684
3021303,11.151843833509332
3021304,17.635214162735352
3021305,1.5740110100792382
3021306,391.67799221335014
3021307,313.1355432188714
3021308,4.348334001696447
3021309,7.250961970702261
3021310,146.73442892391427
3021311,69.18351129947301
3021312,1530.300477250938
3021313,2.6881714925048135
3021314,6.426817474180499
3021315,1.596790821195991
3021316,0.18517822915876114
3021317,1.0407674952472266
3021318,1295.7920048872304
3021319,0.0020291341221039716
3021320,180.20695462072652
3021321,3.8539326652824477
3021322,869.607226246639
3021323,183.8654566521806
3021324,102.04096473011339
3021325,214.81490322396434
3021326,15.358900564948701
3021327,2666.730090934397
3021328,1.8041022141197733
3021329,0.314697986667416
3021330,10.341211785937128
3021331,4.429921438629724
3021332,0.0500598364039475
3021333,91.55556860545445
3021334,11.704669867838772
3021335,15.887574040196434
3021336,0.4330813139226925
3021337,33.45807778910044
3021338,0.2951270643898572
3021339,75.15169815919582
3021340,83.68320713038783
3021341,0.652250100254467
3021342,1.2549741872369298
3021343,61.788437462099324
3021344,11.682834049964288
3021345,235.27867683519716
3021346,50.346884405431275
3021347,2.3434804049497946
3021348,7.671538510528565
3021349,0.18517822915876114
3021350,2.2392270352288817
3021351,2821.7730252064944
3021352,0.0020291341221039716
3021353,348.896762462414
3021354,10.167041412221316
3021355,1191.787492975854
3021356,474.7791489600482
3021357,199.19504703640723
3021358,195.81458941215737
3021359,51.670535171735395
3021360,4601.095014925138
3021361,3.612516041588416
3021362,0.6993288592609246
3021363,30.680418455698284
3021364,18.104985898250877
3021365,0.20023934561579
3021366,246.78533584523058
3021367,11.704669867838772
3021368,15.887574040196434
3021369,13.822511936032603
3021370,32.68782036904071
3021371,1.3772596338193335
3021372,268.9540998911371
3021373,241.85836771180846
3021374,1.8842780674017934
3021375,4.322688867149425
3021376,229.6926305660987
3021377,29.224522190656938
3021378,1411.6522023081043
3021379,50.346884405431275
3021380,0.9942038081605191
3021381,3.8184128332947607
3021382,0.42855533033884724
3021383,1.7661509010255967
3021384,3043.9454332819555
3021385,0.0020291341221039716
3021386,1040.5035672773122
3021387,9.396254879164825
3021388,1088.3139821982109
3021389,718.3292461041824
3021390,245.01784252334596
3021391,124.65041039174474
3021392,53.117679002190386
3021393,6111.704863576742
3021394,7.200702264993926
3021395,4.4407382563068705
3021396,32.771445800504985
3021397,38.289631039318934
3021398,0.100119672807895
3021399,207.7467545450522
3021400,1.987939301035818
3021401,6.018701894858415
3021402,3.5368307303686555
3021403,33.355421824305104
3021404,2.393808411162175
3021405,179.93619240311173
3021406,290.10687315731417
3021407,3.6598477847611757
3021408,6.623474877083796
3021409,156.8034839665634
3021410,31.40638735334937
3021411,713.3055188127007
3021412,5.2820211782550714
3021413,3.3731914919731896
3021414,4.2349669605632805
3021415,0.18517822915876114
3021416,0.5676913610439418
3021417,1785.6569878951761
3021418,0.0020291341221039716
3021419,147.0419960798716
3021420,3.4134832178215966
3021421,557.8555074461162
3021422,199.97018485535625
3021423,101.62503736325473
3021424,153.77726508127301
3021425,42.573855612505106
3021426,2932.948364011826
3021427,7.206553740253106
3021428,0.48953020148264714
3021429,10.383032332833263
3021430,8.948441306032043
3021431,0.1501795092118425
3021432,106.48467904268087
3021433,11.704669867838772
3021434,15.887574040196434
3021435,0.3969912044291348
3021436,48.29017628155266
3021437,0.6886298169096667
3021438,202.3529597932188
3021439,95.76720332220488
3021440,1.1233196171049153
3021441,1.4292761576865034
3021442,59.68720411333053
3021443,20.505989317549258
3021444,426.1532410989796
3021445,0.09432180675455486
3021446,0.8166674138461406
3021447,5.068075215100319
3021448,0.18517822915876114
3021449,0.8830754505127983
3021450,4530.457561497283
3021451,0.0020291341221039716
3021452,817.5996809636608
3021453,11.525093875225606
3021454,1098.3213559851852
3021455,683.2130951598076
3021456,233.62874045538314
3021457,142.08476427400717
3021458,77.61606575382928
3021459,5981.984169369677
3021460,7.2878584491175005
3021461,0.45456375851960096
3021462,30.680418455698284
3021463,10.821370881713168
3021464,0.12514959100986875
3021465,231.89373488668255
3021466,11.704669867838772
3021467,27.031362896206215
3021468,3.3202900734073095
3021469,61.8610246802201
3021470,0.9509649852562065
3021471,244.7163667065153
3021472,240.62250446491802
3021473,2.8626532177834942
3021474,3.660341379441045
3021475,130.74880122496938
3021476,46.92419014701029
3021477,1487.279219311419
3021478,1.3205052945637679
3021479,1.4202911545150272
3021480,3.922551365111891
3021481,0.18517822915876114
3021482,6.625588951561738
3021483,3946.2259759190083
3021484,0.0020291341221039716
3021485,578.9762328781164
3021486,7.964794174917058
3021487,1021.9376279129337
3021488,949.661559177305
3021489,175.2872283512574
3021490,128.34325055122952
3021491,88.43866113124814
3021492,5365.392390290704
3021493,54.387922672166596
3021494,1.6084563763001263
3021495,33.997220450908905
3021496,29.668111067362506
3021497,0.20023934561579
3021498,257.0456989183084
3021499,24.83048711859833
3021500,24.39158136337358
3021501,1.8045054746778855
3021502,111.25340184694372
3021503,9.411274164432113
3021504,226.1805021839039
3021505,312.1443432543603
3021506,13.842196572067023
3021507,15.23399221729273
3021508,260.8388394269441
3021509,70.10910555366534
3021510,2574.5349177224416
3021511,50.346884405431275
3021512,12.589602751722097
3021513,6.213599065088747
3021514,0.18517822915876114
3021515,7.230811019252474
3021516,3894.12568750204
3021517,0.0020291341221039716
3021518,508.9844220091295
3021519,14.277902921855926
3021520,1347.6847563079077
3021521,952.1090706779536
3021522,158.8508524606487
3021523,94.33659597564198
3021524,87.53671001424719
3021525,5789.414933753964
3021526,27.37874476532056
3021527,1.1888590607435716
3021528,44.86046802913571
3021529,70.17819730219927
3021530,0.16964722336893318
3021531,366.8183710018959
3021532,24.83048711859833
3021533,19.217609559021607
3021534,10.141320767689717
3021535,105.24870327460611
3021536,11.870666367680922
3021537,170.73450386034241
3021538,512.5852601284045
3021539,8.7691402367545
3021540,10.771861773783646
3021541,137.30320207586496
3021542,84.20540471054245
3021543,2131.625762199642
3021544,3.725711366804916
3021545,16.777376386068365
3021546,9.754309146871162
3021547,0.3214164977541354
3021548,2.9624027523809695
3021549,4835.214324850396
3021550,0.0020291341221039716
3021551,1054.2042623304442
3021552,7.377528244969257
3021553,2778.584201952137
3021554,748.6294677761857
3021555,220.08008010586536
3021556,480.99329213698934
3021557,56.03585084383789
3021558,8141.622630697463
3021559,30.909956098044585
3021560,1.7832885911153575
3021561,26.606520352885234
3021562,17.754026230787346
3021563,0.0500598364039475
3021564,384.2846090599987
3021565,6.263884212697766
3021566,15.169944542011562
3021567,8.274379403587975
3021568,53.87006826273065
3021569,3.6399004608082386
3021570,167.75677035560696
3021571,359.1182993784114
3021572,7.7545289696919975
3021573,10.667280591513903
3021574,248.23939917325887
3021575,56.53954625532558
3021576,1815.6842476067102
3021577,6.536501208090652
3021578,17.288423063776445
3021579,4.373818336319453
3021580,0.42855533033884724
3021581,4.699222933085962
3021582,3538.9397777154372
3021583,0.008116536488415886
3021584,418.75351317827904
3021585,8.221723019269222
3021586,942.724438147635
3021587,893.1527516065253
3021588,227.72868890139642
3021589,143.95116800081527
3021590,72.29168816740064
3021591,5131.800998091409
3021592,25.469315996535553
3021593,1.7133557051892652
3021594,16.20365931247191
3021595,12.590248814300898
3021596,0.100119672807895
3021597,254.37509162105403
3021598,22.2049069096831
3021599,23.476457098658262
3021600,2.1654065696134626
3021601,91.65489235749762
3021602,7.542136089963017
3021603,389.70499129520687
3021604,281.1662076546411
3021605,6.703681585948688
3021606,9.830631133355949
3021607,398.2620480059233
3021608,53.02025804527604
3021609,2382.02095447978
3021610,0.04716090337727743
3021611,27.136754595880195
3021612,3.922551365111891
3021613,0.24999060936432757
3021614,2.7753799873259375
3021615,6009.258065768021
3021616,0.0020291341221039716
3021617,680.4146927544373
3021618,11.45168563398213
3021619,2517.8176843547644
3021620,734.8246826812646
3021621,300.6767461792458
3021622,186.69722271125363
3021623,56.60614174058629
3021624,8928.393988534948
3021625,10.649069026943243
3021626,2.5525503363023745
3021627,31.551439501397073
3021628,23.931877911481045
3021629,0.17520942741381626
3021630,480.75797445109686
3021631,11.704669867838772
3021632,0.17598543552217588
3021633,8.769896606934523
3021634,43.21242054922554
3021635,2.1314732428156353
3021636,142.15080600716718
3021637,358.10339983668985
3021638,3.5873755513995684
3021639,10.492978621064328
3021640,190.7450157122499
3021641,60.7507370598143
3021642,1287.8491299065552
3021643,50.346884405431275
3021644,6.391310195317623
3021645,7.8798155741628255
3021646,0.03571294419490394
3021647,7.867886879979564
3021648,3718.6265342522042
3021649,0.0020291341221039716
3021650,566.2781640511142
3021651,12.112359805173407
3021652,1424.8631916541217
3021653,866.4512946006462
3021654,257.6294157330905
3021655,138.67961972314063
3021656,110.67150808653801
3021657,6173.127945495823
3021658,40.837137861434265
3021659,1.6084563763001263
3021660,27.964967083097584
3021661,37.285172108466845
3021662,0.07508975460592125
3021663,287.8781524687051
3021664,22.65500637406857
3021665,21.329434785287717
3021666,9.816509782247698
3021667,153.4814732600561
3021668,11.673914991421016
3021669,234.9696348031192
3021670,525.9615803245839
3021671,14.458210555640685
3021672,9.063702463377826
3021673,210.79518384230659
3021674,66.09265196917862
3021675,2220.7385891212534
3021676,0.9432180675455485
3021677,7.363712534256336
3021678,3.8184128332947607
3021679,0.18517822915876114
3021680,4.395823439016922
3021681,3771.366382632431
3021682,0.0020291341221039716
3021683,523.4188776946544
3021684,10.423970256573478
3021685,822.5240998990904
3021686,995.3982402779949
3021687,190.457676336831
3021688,135.5787089715673
3021689,90.4812996071856
3021690,4739.802260525413
3021691,28.887809437424846
3021692,1.1538926177805255
3021693,29.166226240493437
3021694,22.717942075391424
3021695,0.0500598364039475
3021696,230.90970243702995
3021697,18.52909461720178
3021698,38.89278125040087
3021699,5.160885657578753
3021700,70.98896344463682
3021701,9.771985020908605
3021702,240.16643670363862
3021703,270.0023126957035
3021704,9.747515387136202
3021705,9.09856285746774
3021706,235.10224959820818
3021707,56.768704173362345
3021708,2478.2187537461755
3021709,0.23580451688638712
3021710,15.708032784523809
3021711,6.421876128723007
3021712,0.10713883258471181
3021713,3.6950399922171235
3021714,6299.627341107135
3021715,0.0020291341221039716
3021716,915.0565781970724
3021717,18.425468552112275
3021718,1544.7217574434042
3021719,799.5980525754494
3021720,328.9810120255156
3021721,238.3043021671323
3021722,56.37537558378443
3021723,7467.293659099883
3021724,9.770115848538016
3021725,0.1398657718521849
3021726,18.206358778058323
3021727,20.532857570430114
3021728,0.100119672807895
3021729,275.95757256006976
3021730,11.704669867838772
3021731,8.552892166377747
3021732,1.4075142702487506
3021733,87.23190608483546
3021734,3.3447733964183817
3021735,217.19861437077265
3021736,342.6059674801677
3021737,3.949736718207606
3021738,2.8236919212830918
3021739,266.1589995066016
3021740,144.0658741743871
3021741,1430.2391347919238
3021742,3.6313895600503616
3021743,0.9586965292976434
3021744,15.863769680142777
3021745,0.18517822915876114
3021746,15.895042725140902
3021747,14419.966658449523
3021748,0.0020291341221039716
3021749,1939.2556162005358
3021750,29.913858306716143
3021751,3039.188463937536
3021752,3090.996108708705
3021753,646.6762965849147
3021754,631.3454290203301
3021755,350.39494523169986
3021756,15066.648467745636
3021757,86.50944212124348
3021758,5.1400671155677955
3021759,131.4863230951372
3021760,126.2733652867082
3021761,0.22526926381776374
3021762,828.3968366120127
3021763,35.16177015779278
3021764,29.24877938378563
3021765,35.11856374599114
3021766,357.372428180137
3021767,26.00397356235075
3021768,921.0549412251441
3021769,764.9927278844536
3021770,43.773228950410896
3021771,38.61555574128033
3021772,1240.825508202284
3021773,309.2976960794275
3021774,9846.494784527746
3021775,333.82703972895695
3021776,99.84623821868878
3021777,17.634124721033984
3021778,0.18517822915876114
3021779,13.728984798668794
3021780,13507.071927135332
3021781,0.004058268244207943
3021782,1446.477403923738
3021783,28.88614292930749
3021784,3201.2535118728083
3021785,2730.2466816807305
3021786,821.602011425917
3021787,392.98875591606014
3021788,260.207750939585
3021789,16954.22071656844
3021790,138.31039678408845
3021791,2.0630201348197272
3021792,77.51222054024831
3021793,86.5167091012012
3021794,0.6507778732513174
3021795,781.0223650412194
3021796,31.51708974493145
3021797,39.27994920854965
3021798,4.609428784517191
3021799,241.00074850949957
3021800,20.232599858726875
3021801,1215.6291991460814
3021802,956.1106493117077
3021803,26.524837410348322
3021804,31.617680231670846
3021805,1363.8957581884997
3021806,260.19924402787274
3021807,6797.217911735232
3021808,587.8361369280069
3021809,95.0098771580068
3021810,13.052029321080274
3021811,0.18517822915876114
3021812,18.984860649667286
3021813,9016.213815709443
3021814,0.020291341221039715
3021815,1082.1708061076497
3021816,16.296629556051492
3021817,2931.4697249462038
3021818,1966.863304062514
3021819,949.810611496729
3021820,155.73462885679393
3021821,202.97489357471795
3021822,14727.77276979895
3021823,47.21216617011971
3021824,3.146979866674161
3021825,47.98547234375372
3021826,25.85597479680216
3021827,0.3504188548276325
3021828,749.964516695521
3021829,35.77353034647003
3021830,28.157669683548143
3021831,9.458495896071604
3021832,136.54425212111008
3021833,10.329447253645002
3021834,1086.5521665491485
3021835,930.6991261709093
3021836,26.633545760390735
3021837,46.40267057308547
3021838,855.0344161069087
3021839,144.15619901193165
3021840,3102.390840761044
3021841,372.7418591507174
3021842,53.303468728837665
3021843,18.224243067997723
3021844,0.18517822915876114
3021845,19.813059268612506
3021846,12659.445734913326
3021847,0.012174804732623829
3021848,1371.0624160910347
3021849,24.00449488661639
3021850,2857.7645953703345
3021851,2600.184367955659
3021852,772.0770679296932
3021853,361.97964840032677
3021854,202.24725791788825
3021855,15735.17019436655
3021856,50.78464580204005
3021857,1.9930872488936349
3021858,76.70897762227773
3021859,81.45870035162157
3021860,0.500598364039475
3021861,725.3974977773389
3021862,37.287739961240135
3021863,31.043830826111826
3021864,7.918891825076433
3021865,224.5518185715208
3021866,14.461226155103002
3021867,955.4404796252736
3021868,945.1732944290472
3021869,25.329045559881802
3021870,32.87335162678958
3021871,1230.293226966201
3021872,236.59318749334292
3021873,5977.625925421722
3021874,444.85182363264215
3021875,75.90363569735315
3021876,14.09341463925157
3021877,0.18517822915876114
3021878,20.83238064577585
3021879,7333.279140301985
3021880,0.0020291341221039716
3021881,950.2431028361318
3021882,20.113858100712203
3021883,2646.5699290284147
3021884,1579.2124886583197
3021885,748.3781851470989
3021886,124.5187939576224
3021887,156.74868508977644
3021888,12930.08491377723
3021889,45.302737401334696
3021890,0.5244966444456934
3021891,37.32483810479957
3021892,76.04423745837545
3021893,0.1501795092118425
3021894,702.3805327212988
3021895,30.684405735818334
3021896,13.374893099685368
3021897,2.869163704737838
3021898,135.87597529765625
3021899,6.394419728446905
3021900,961.1222637618858
3021901,1015.4150075259264
3021902,19.38632242422999
3021903,26.758838503418534
3021904,934.1117251214824
3021905,100.71181844214927
3021906,2193.4434973424623
3021907,336.04218736058766
3021908,25.339094886685555
3021909,12.670188037750796
3021910,0.18517822915876114
3021911,11.308096527905851
3021912,9512.078546592655
3021913,0.0020291341221039716
3021914,1355.0209294906485
3021915,28.225468758116214
3021916,2170.319328113022
3021917,2630.8254982463195
3021918,502.35176630373917
3021919,464.2752486383403
3021920,258.02959283040207
3021921,11645.744969733241
3021922,65.78290080846425
3021923,1.7483221481523115
3021924,57.131553845547025
3021925,69.14970003795925
3021926,0.3754487730296062
3021927,552.983320454395
3021928,18.662249042082475
3021929,31.818166742409403
3021930,12.429433709581275
3021931,262.5156152364902
3021932,18.527421264474366
3021933,817.7729549098734
3021934,636.7936987192189
3021935,20.76329485810053
3021936,32.62932886816017
3021937,1042.918095023404
3021938,222.8348191588653
3021939,7787.309066436931
3021940,303.92325411549285
3021941,84.20281387373984
3021942,6.24831190902779
3021943,0.42855533033884724
3021944,6.276143380430246
3021945,2507.861885329723
3021946,0.0020291341221039716
3021947,397.5459268694342
3021948,26.57378333013802
3021949,1029.2280832611239
3021950,633.8739876462839
3021951,251.6729374862073
3021952,85.86077325467488
3021953,73.32873665588824
3021954,4540.525310324639
3021955,60.20860069314027
3021956,1.3287248325957566
3021957,31.89754057915818
3021958,21.506753477403286
3021959,0.27532910022171125
3021960,234.94247827980274
3021961,15.153348634310763
3021962,10.101563998972896
3021963,12.595448213251641
3021964,64.05732203228871
3021965,7.017465753269937
3021966,254.73718860244065
3021967,282.68855696722346
3021968,3.7685561348035868
3021969,7.669286699781237
3021970,240.01508746102473
3021971,58.75349554924279
3021972,1650.1878642652448
3021973,1.556309811450155
3021974,10.419591105407179
3021975,11.073397216554806
3021976,0.18517822915876114
3021977,13.792692384741503
3021978,6177.686199500269
3021979,0.004058268244207943
3021980,675.8144353516726
3021981,35.015731073137665
3021982,2094.8994674208325
3021983,1387.9543315742728
3021984,543.1179697313445
3021985,112.39078746258005
3021986,121.88902377396396
3021987,10537.5553614062
3021988,116.81392451615397
3021989,1.6783892622262189
3021990,61.68314354006161
3021991,36.358322653981446
3021992,0.1501795092118425
3021993,500.61468144767576
3021994,21.709422415972096
3021995,9.890381476346285
3021996,3.3924702923944245
3021997,138.31709361839793
3021998,9.214522788172207
3021999,595.2371171285783
3022000,659.278672597711
3022001,14.566918905683096
3022002,26.180155961525948
3022003,435.52362002253216
3022004,86.7876594630323
3022005,2321.177741320956
3022006,334.2463001599809
3022007,20.117359056354037
3022008,8.261656857492301
3022009,0.18517822915876114
3022010,5.51070619528933
3022011,6660.725611969449
3022012,0.008116536488415886
3022013,996.3159987852035
3022014,10.607490859682166
3022015,1634.608604678886
3022016,1975.5284614759414
3022017,294.1478099812923
3022018,355.7433723332738
3022019,208.58136851301416
3022020,8012.401754546283
3022021,43.60888929999315
3022022,1.9930872488936349
3022023,38.99802050260093
3022024,41.577388237260095
3022025,0.27532910022171125
3022026,366.8312120846867
3022027,3.1506962506982776
3022028,49.451907381731424
3022029,6.821030694282407
3022030,165.4462961042281
3022031,10.558990525948223
3022032,658.9098499601988
3022033,364.3433591069452
3022034,22.79251739222554
3022035,11.020416383644738
3022036,1009.5115946329677
3022037,128.84314126778708
3022038,5780.853456645771
3022039,5.470664791764181
3022040,51.30808701673739
3022041,12.323059598360365
3022042,0.18517822915876114
3022043,8.218278603379463
3022044,6581.437584254205
3022045,0.0020291341221039716
3022046,1029.6750058538425
3022047,14.131086439368977
3022048,1938.2295911960216
3022049,1467.8521800774927
3022050,418.11365366823463
3022051,228.29594044360985
3022052,269.5189922022715
3022053,9611.441955999442
3022054,51.30819885154562
3022055,3.601543625193761
3022056,56.221235906644104
3022057,49.38847296928116
3022058,0.20023934561579
3022059,410.94168316399833
3022060,9.752155061685146
3022061,59.342288858077715
3022062,11.115753724015775
3022063,269.4364507578072
3022064,10.624574318034858
3022065,511.6375669571659
3022066,416.1478467036136
3022067,16.704849789850517
3022068,28.097477636471258
3022069,521.3841520725924
3022070,135.79502066674425
3022071,5153.520124231851
3022072,6.696848279573395
3022073,9.83342093538722
3022074,9.893160522627335
3022075,0.03571294419490394
3022076,3.4720634409626423
3022077,3191.442513671149
3022078,0.0020291341221039716
3022079,554.0794517066648
3022080,8.808988949217024
3022081,1166.1069175216846
3022082,638.210228099707
3022083,258.539264772197
3022084,94.68114161470571
3022085,101.07640135643406
3022086,4746.484331313462
3022087,15.675794246960816
3022088,1.6783892622262189
3022089,32.30276725770348
3022090,25.35975491472309
3022091,0.07508975460592125
3022092,238.75796948482602
3022093,6.5264422335892895
3022094,14.290017364400683
3022095,8.264635074024715
3022096,96.68300852790065
3022097,3.5743166687216035
3022098,298.54536592042314
3022099,268.6747878487194
3022100,5.435417502120559
3022101,6.797776847533369
3022102,206.3783509179018
3022103,69.83283275373056
3022104,2165.2278042313383
3022105,0.47160903377277424
3022106,4.260873463545082
3022107,7.011994475686742
3022108,0.18517822915876114
3022109,1.3876899936629687
3022110,4722.023352299935
3022111,0.0020291341221039716
3022112,371.48257233086224
3022113,5.211985128286739
3022114,1452.0013058183988
3022115,293.4304108213262
3022116,249.2321728602316
3022117,70.64219237723111
3022118,27.09759272272608
3022119,5197.929480776456
3022120,10.46058992912124
3022121,0.9790604029652943
3022122,25.236536920080844
3022123,10.851590500829403
3022124,0.0500598364039475
3022125,251.76294504282095
3022126,11.704669867838772
3022127,15.887574040196434
3022128,4.150362591759136
3022129,26.87560173069434
3022130,1.1149244654727937
3022131,55.09166469889518
3022132,205.22091248349187
3022133,0.1449444667232149
3022134,2.44022758629403
3022135,68.09213722620468
3022136,89.62651793554693
3022137,693.6055492311305
3022138,50.346884405431275
3022139,2.9826114244815574
3022140,7.671538510528565
3022141,0.07142588838980787
3022142,6.275197228161838
3022143,5051.945424996738
3022144,0.0020291341221039716
3022145,623.7636451653626
3022146,14.131086439368977
3022147,1472.3056969209556
3022148,1180.345743082841
3022149,390.3279495808298
3022150,182.43691588423093
3022151,119.44085555576173
3022152,7350.644955971661
3022153,32.5218835457576
3022154,1.3986577185218492
3022155,31.51466626188495
3022156,61.92824128346744
3022157,0.16964722336893318
3022158,372.4251932562352
3022159,26.893442997031727
3022160,19.04162412349943
3022161,10.610492191105967
3022162,101.14314005098217
3022163,7.11584144139989
3022164,473.74214514260547
3022165,403.3166167832762
3022166,10.182348787305845
3022167,15.37343379365239
3022168,564.69541219607
3022169,99.75863826170855
3022170,2722.342817309109
3022171,50.346884405431275
3022172,39.26787653427001
3022173,5.797044937820227
3022174,0.07142588838980787
3022175,5.28772964403485
3022176,5252.126997187957
3022177,0.016233072976831773
3022178,707.8526965410749
3022179,19.526592170764403
3022180,1157.5971285107516
3022181,1535.2587120304993
3022182,209.40292242613862
3022183,270.1926901537562
3022184,170.2688729530607
3022185,5696.856034515973
3022186,35.108851555079234
3022187,3.181946309637207
3022188,31.533413403597013
3022189,31.762880119737808
3022190,0.60071803684737
3022191,256.50333213201293
3022192,16.0535475630817
3022193,44.066753054752844
3022194,9.440811742419761
3022195,177.1777792389476
3022196,12.493712392503955
3022197,474.6754718831479
3022198,286.7830074535371
3022199,7.682056736330388
3022200,14.955109064573412
3022201,651.5585380713474
3022202,130.52187761443128
3022203,5007.793015870798
3022204,0.5187699371500516
3022205,43.57605673637924
3022206,5.033362371161276
3022207,0.6071200513133669
3022208,9.81096825519719
3022209,6443.167296541285
3022210,0.004058268244207943
3022211,935.3066657433258
3022212,22.499625941125146
3022213,1399.6928583159015
3022214,1692.5069318511203
3022215,322.54778212692753
3022216,324.66535568972773
3022217,127.24747234214986
3022218,7440.004935745903
3022219,36.741105180008354
3022220,4.056107383713362
3022221,42.45722867043201
3022222,57.129503129714585
3022223,0.16964722336893318
3022224,378.72340644188967
3022225,33.94500127240406
3022226,36.85135019834363
3022227,23.780494947495047
3022228,147.2896976992428
3022229,18.691380744690957
3022230,457.3137991714112
3022231,391.7435555942626
3022232,20.582114274696515
3022233,19.940145419431218
3022234,640.2305300628947
3022235,151.1175977933175
3022236,4827.393226685176
3022237,1.4619880046956
3022238,42.15813093333265
3022239,12.809039413506971
3022240,0.35712944194903934
3022241,6.975980674961638
3022242,4510.8787405425255
3022243,0.0020291341221039716
3022244,786.3449703737037
3022245,16.883895485999297
3022246,2081.021434226532
3022247,912.2670694302619
3022248,612.3313088230973
3022249,214.91930055260065
3022250,84.01911121448751
3022251,9982.605973774133
3022252,11.277332686349924
3022253,1.258791946669664
3022254,51.84305727296608
3022255,42.20787938154879
3022256,0.16964722336893318
3022257,451.8979788020128
3022258,13.315442488070103
3022259,6.124293156171721
3022260,7.8777491002537765
3022261,55.35115070217912
3022262,3.2791896043317466
3022263,368.378071581133
3022264,528.1130140028284
3022265,8.225598486542445
3022266,7.948169852500555
3022267,433.4622108784644
3022268,105.96103756126537
3022269,1668.8160516221863
3022270,125.89178708433815
3022271,17.97453019549015
3022272,4.998649584693354
3022273,0.18517822921192376
3022274,3.0579618368421175
3022275,2724.7285042703534
3022276,0.004058268244207992
3022277,335.888345784396
3022278,13.397080456363232
3022279,688.4186716083415
3022280,762.8560897513439
3022281,140.5463320244533
3022282,131.27189628092108
3022283,95.66997279445782
3022284,3570.3621556934013
3022285,18.201179883120428
3022286,1.7133557053023465
3022287,23.542083980366314
3022288,22.891363334473905
3022289,0.35041886302441083
3022290,177.80015084693605
3022291,15.078332223081565
3022292,19.14724396023517
3022293,6.604489663446234
3022294,88.2700650496358
3022295,5.869055688254975
3022296,302.4807309196739
3022297,161.62780549462477
3022298,4.0584455807768824
3022299,8.296773793640156
3022300,310.4446972233635
3022301,62.85169438900032
3022302,2439.780333875874
3022303,50.348880709033914
3022304,26.822923927519025
3022305,1.3538009291877835
3022306,0.18517822921192376
3022307,2.1761485843864077
3022308,1645.2907240153154
3022309,0.002029134122103996
3022310,105.28341986652849
3022311,4.80826723228379
3022312,1053.7873753581334
3022313,333.50090666344335
3022314,273.5865857143461
3022315,53.70433195093746
3022316,26.832597077659177
3022317,3972.9327037360717
3022318,5.1739394591611365
3022319,0.4195973155842481
3022320,10.310928052656609
3022321,8.104353055709334
3022322,0.05005983757491583
3022323,174.31683517963225
3022324,4.050895224111465
3022325,15.887597750910004
3022326,1.8045053725262932
3022327,14.487221259695838
3022328,0.3934562472573168
3022329,186.18303858702535
3022330,193.25039455326365
3022331,0.9421391526803478
3022332,3.974084926365453
3022333,153.23531745579365
3022334,27.655186416907583
3022335,274.88379323620694
3022336,1.9129220872216635
3022337,1.810871279623123
3022338,8.261656952479294
3022339,0.21427766523094036
3022340,4.4595276787280875
3022341,5721.138085695801
3022342,0.002029134122103996
3022343,763.7538129078526
3022344,14.461506026868802
3022345,2359.048495527549
3022346,759.7062552166985
3022347,578.4077315318466
3022348,363.102199660942
3022349,66.67510507433725
3022350,11058.554811262282
3022351,28.980220423039462
3022352,0.8042281882031421
3022353,27.68808651902194
3022354,22.102219125913734
3022355,0.10011967514983167
3022356,509.5359554763281
3022357,13.165409478362262
3022358,2.3230112157638256
3022359,10.321770730850398
3022360,40.72428812568205
3022361,2.327949462939124
3022362,652.1436912026792
3022363,459.2983012248761
3022364,2.9351258218118526
3022365,15.756898129098111
3022366,442.5821368611164
3022367,104.19480336112913
3022368,1632.2701403511169
3022369,21.128450834675373
3022370,10.794213117753518
3022371,5.970609226161506
3022372,0.18517822921192376
3022373,0.8830747878669482
3022374,1923.504574749999
3022375,0.002029134122103996
3022376,197.75668978731966
3022377,12.406063545892527
3022378,1380.0582939673193
3022379,460.8791606614436
3022380,226.23847472431464
3022381,68.71894270193478
3022382,31.701618245404227
3022383,4327.833717405681
3022384,8.530840655878778
3022385,0.4545637585496021
3022386,15.754809646891392
3022387,19.7457754535291
3022388,0.22526926908712125
3022389,177.41593180214318
3022390,8.10179044822293
3022391,15.887597750910004
3022392,5.6675904740305825
3022393,38.76766901195996
3022394,1.5738249890292673
3022395,159.6768729193549
3022396,196.66941077299902
3022397,1.7755699415898862
3022398,7.0417996063668555
3022399,167.44777043064948
3022400,32.258571797779965
3022401,373.66638032085166
3022402,3.848482305653051
3022403,3.5507279992610252
3022404,4.963936740355206
3022405,0.18517822921192376
3022406,3.695037219517559
3022407,1926.0579408463916
3022408,0.002029134122103996
3022409,130.60687136353857
3022410,7.964839613783072
3022411,1057.5620672667574
3022412,318.11497926554426
3022413,176.25920875885492
3022414,56.357333529318275
3022415,25.098183294355547
3022416,4118.703567425995
3022417,14.443914323491507
3022418,0.06993288593070802
3022419,17.196897486423783
3022420,9.260596985309899
3022421,0.025029918787457917
3022422,147.95778667393802
3022423,1.6503647209343004
3022424,15.887597750910004
3022425,2.9232987034925952
3022426,41.09778152226069
3022427,0.9836406181432918
3022428,161.06856991671927
3022429,212.50527621398936
3022430,0.5435418188540468
3022431,5.682244236820779
3022432,100.63767296464925
3022433,23.43541648444123
3022434,202.84773581814008
3022435,3.580597753004652
3022436,2.059422239571395
3022437,3.7142743441818666
3022438,0.18517822921192376
3022439,2.2707637402292953
3022440,1875.7642185185132
3022441,0.002029134122103996
3022442,176.43070152538198
3022443,10.53414271500342
3022444,1823.8597376838209
3022445,418.43329112500044
3022446,280.0801254596206
3022447,44.50324011318943
3022448,34.52037393975719
3022449,4565.372044476491
3022450,10.039906331467444
3022451,0.3496644296535401
3022452,13.231155927709704
3022453,21.642743516229878
3022454,0.10011967514983167
3022455,208.13723505650105
3022456,1.1627569624764391
3022457,15.887597750910004
3022458,3.1398393481957503
3022459,20.768394113549977
3022460,2.0328572774961366
3022461,259.0472617115818
3022462,288.01813546464786
3022463,1.195792001478903
3022464,4.810734384547654
3022465,92.16525818506857
3022466,92.20720414414079
3022467,421.5676647208736
3022468,2.550562782962218
3022469,4.793482799002384
3022470,4.102016815438984
3022471,0.9285365493340749
3022472,3.4692223809058675
3022473,2128.406459434008
3022474,0.002029134122103996
3022475,166.67751918033198
3022476,3.046459391446982
3022477,1097.607495473869
3022478,379.0339948654986
3022479,275.874362815187
3022480,106.39018693230432
3022481,52.68214238924954
3022482,4035.4141218707723
3022483,7.606922895314289
3022484,1.0839597319259744
3022485,14.132460827417448
3022486,17.754027668651382
3022487,0.12514959393728958
3022488,230.39456784918275
3022489,9.189530832475084
3022490,15.887597750910004
3022491,3.8616414972062674
3022492,23.704673573994157
3022493,1.9344932156818078
3022494,128.72190053489658
3022495,205.56617193927673
3022496,1.0146113951942206
3022497,5.40336108409338
3022498,114.38527101734337
3022499,44.32502135673334
3022500,682.930686787652
3022501,3.3844006158537123
3022502,4.971019198965435
3022503,4.790372518664464
3022504,0.21427766523094036
3022505,1.3561505670813845
3022506,1659.4985665334063
3022507,0.002029134122103996
3022508,163.8389064082652
3022509,5.909397132806796
3022510,1051.760558438842
3022511,299.9673624860717
3022512,176.35359365156205
3022513,177.72250846177394
3022514,28.651516021853144
3022515,3063.014494813
3022516,4.989155907048239
3022517,0.3846308726188941
3022518,12.185642244048719
3022519,13.318611394603002
3022520,0.20023935029966333
3022521,167.7087407021269
3022522,11.70466999682824
3022523,15.887597750910004
3022524,3.0676591332946987
3022525,31.439634015796795
3022526,1.5082489478197143
3022527,56.366322624759285
3022528,154.61551127025422
3022529,1.050847516451157
3022530,3.1374354681832526
3022531,69.87515385652735
3022532,36.54808999359287
3022533,588.6655582656064
3022534,50.348880709033914
3022535,0.9942038397930871
3022536,8.817062461889666
3022537,0.7499718283082912
3022538,3.026108067708346
3022539,3613.5300360289575
3022540,0.002029134122103996
3022541,351.54342472245645
3022542,7.340866003486703
3022543,1415.1069331964336
3022544,844.3255603330892
3022545,554.7063537234868
3022546,229.69205301697792
3022547,82.94603851969413
3022548,6932.116826835956
3022549,16.23015532724952
3022550,1.5734899334409305
3022551,24.839963035945466
3022552,26.15164841544443
3022553,0.20023935029966333
3022554,296.44003065440063
3022555,0.6751492040185775
3022556,15.887597750910004
3022557,7.727613807306598
3022558,44.44098642834434
3022559,3.7378343489445096
3022560,257.9739560998555
3022561,304.8622795930688
3022562,2.5002923667286154
3022563,8.993981675458658
3022564,390.72257782498906
3022565,59.94863234636082
3022566,1515.3760462587459
3022567,9.386335152831741
3022568,15.161608556844579
3022569,3.9225514102107573
3022570,0.21427766523094036
3022571,3.9107597748393417
3022572,2672.9432874842055
3022573,0.002029134122103996
3022574,605.6645601976588
3022575,9.50642147451528
3022576,723.9295673278205
3022577,710.1430485668049
3022578,236.60244660808607
3022579,221.81642833144173
3022580,46.3688804406419
3022581,4256.152810868582
3022582,12.103322663394803
3022583,1.0140268459952662
3022584,26.858886011290817
3022585,18.625245622140135
3022586,0.1501795127247475
3022587,199.69962262956005
3022588,11.890127648549393
3022589,5.10358524675386
3022590,5.5041022872797
3022591,54.90555548185145
3022592,2.00006925689136
3022593,110.84331042862985
3022594,180.9645901942534
3022595,4.4932790358601205
3022596,7.181241182730556
3022597,195.91197487988237
3022598,56.91793080742648
3022599,1918.667079026937
3022600,41.93572318281279
3022601,14.921543854568181
3022602,6.664866112924472
3022603,0.8213977167186047
3022604,3.122300142815281
3022605,3118.8872487851413
3022606,0.002029134122103996
3022607,190.33262561422188
3022608,7.340866003486703
3022609,1135.441066075479
3022610,399.48631503500343
3022611,322.393436352112
3022612,69.22094572786995
3022613,33.56516500563283
3022614,5215.449320508036
3022615,36.77192687046665
3022616,1.3636912756488064
3022617,14.853504747183646
3022618,18.81858251918947
3022619,0.10011967514983167
3022620,190.9376036212636
3022621,9.939696614717947
3022622,15.887597750910004
3022623,4.402993108964155
3022624,52.51195584808165
3022625,2.7541937308012177
3022626,149.7783060082937
3022627,206.2248814861982
3022628,1.4494448502774582
3022629,5.612523448638929
3022630,149.04291192233313
3022631,26.504340071689484
3022632,496.8050926419689
3022633,3.286773675011778
3022634,4.580439119046723
3022635,7.393835844025586
3022636,0.18517822921192376
3022637,7.007829209429852
3022638,4111.495611113512
3022639,0.002029134122103996
3022640,724.6762963655608
3022641,12.662993856014563
3022642,951.425353367804
3022643,964.5150731564607
3022644,253.1713817104166
3022645,173.0308302159542
3022646,85.9690632343474
3022647,5805.519361174043
3022648,43.608918298643864
3022649,1.5734899334409305
3022650,21.155789127900086
3022651,30.938024385379887
3022652,0.10011967514983167
3022653,267.02446388999834
3022654,25.355603439808803
3022655,17.31699269933034
3022656,5.2691556877767765
3022657,86.83620161213769
3022658,9.147857748732616
3022659,514.1272492633357
3022660,291.2506915745403
3022661,9.421391526803479
3022662,8.610517340458482
3022663,479.8841719173117
3022664,110.05452895191583
3022665,2437.5080648828953
3022666,50.348880709033914
3022667,35.22560084695072
3022668,8.226944108141144
3022669,0.03571294420515672
3022670,5.329987112482651
3022671,4896.781021422952
3022672,0.002029134122103996
3022673,555.7590646119286
3022674,8.809039204184044
3022675,2480.442780634985
3022676,890.06077695448
3022677,782.3404608771057
3022678,132.3100123530849
3022679,68.81995755120099
3022680,9118.38275439329
3022681,12.380497991564148
3022682,0.5244966444803102
3022683,23.542083980366314
3022684,15.9199026826114
3022685,0.16964722733721474
3022686,371.4536458164845
3022687,2.70059681607431
3022688,6.932076650677054
3022689,4.556376065628891
3022690,55.458703929948925
3022691,1.4426729066101613
3022692,372.43316345946215
3022693,451.23276877257075
3022694,4.4932790358601205
3022695,6.623474877275755
3022696,366.5778612428862
3022697,72.34607221927698
3022698,1153.7813524880546
3022699,49.15304238911286
3022700,15.343796307515548
3022701,11.108110188207453
3022702,0.5356941630773508
3022703,4.068451701244154
3022704,4112.551564122833
3022705,0.002029134122103996
3022706,490.9333693150006
3022707,7.8914309537482055
3022708,2249.8323731939035
3022709,735.4925888091237
3022710,376.00004827799603
3022711,344.5263649730429
3022712,70.81612063116911
3022713,6731.229128149522
3022714,15.645007412225342
3022715,0.6643624163417261
3022716,40.70941866607968
3022717,31.279368747133066
3022718,0.20023935029966333
3022719,357.1473155787107
3022720,4.463486404345041
3022721,3.6253053821768795
3022722,11.51274427671775
3022723,88.23595760564444
3022724,2.0984333187056894
3022725,120.78006251773859
3022726,336.4395605876337
3022727,2.971361943068789
3022728,5.647383842729854
3022729,186.6959612491301
3022730,161.13875089851825
3022731,1515.9460367575202
3022732,0.8960926937182347
3022733,8.095659838315138
3022734,4.929223896017057
3022735,0.21427766523094036
3022736,2.389032685032905
3022737,2126.0424894593007
3022738,0.002029134122103996
3022739,162.98296975163015
3022740,9.689943124602447
3022741,912.3769354251979
3022742,363.3426777905599
3022743,160.02324630105574
3022744,60.120461222704684
3022745,42.678866886453164
3022746,3947.4699823225237
3022747,10.101500848838409
3022748,0.8391946311684962
3022749,24.287282871444678
3022750,18.798665041340694
3022751,0.16964722733721474
3022752,179.8128233454286
3022753,1.4253149862614414
3022754,15.887597750910004
3022755,4.511263431315734
3022756,100.53253540819233
3022757,2.5902536277773356
3022758,109.97460983353555
3022759,171.60324710943266
3022760,1.4132087290205215
3022761,6.414312512730205
3022762,164.1921943618941
3022763,30.23587216072998
3022764,554.1103405800377
3022765,3.1575476760229377
3022766,2.663045999445769
3022767,2.256334881979639
3022768,0.18517822921192376
3022769,1.5453808787671592
3022770,1983.0014167113702
3022771,0.008116536488415984
3022772,300.4428513527463
3022773,14.608323346938539
3022774,586.4450279239568
3022775,582.2411647868303
3022776,133.9176273313953
3022777,49.78684780208162
3022778,51.62706860192908
3022779,3244.9132515366637
3022780,21.927648184063866
3022781,0.48953020151495613
3022782,13.800420102365116
3022783,16.09332210181196
3022784,0.20023935029966333
3022785,135.8482972542804
3022786,14.365674729950843
3022787,2.7453768913572487
3022788,2.9525316905275214
3022789,53.753331730381
3022790,4.950991111321237
3022791,609.4069260421905
3022792,167.66562781783526
3022793,3.877264974492201
3022794,6.205150148184655
3022795,330.2371798637657
3022796,33.27612924661693
3022797,1236.8894303117404
3022798,50.348880709033914
3022799,8.474629055429908
3022800,2.985304613080753
3022801,0.14285177682062689
3022802,4.555088986129404
3022803,4624.44854694493
3022804,0.002029134122103996
3022805,849.1547497512487
3022806,18.645799648856222
3022807,1291.6475111768536
3022808,1515.9975654357102
3022809,313.1664928571004
3022810,231.77586516581525
3022811,132.7130176823283
3022812,6002.176511485024
3022813,32.05994629158776
3022814,0.9440939600645584
3022815,21.374265435589244
3022816,33.14233973557472
3022817,0.16964722733721474
3022818,265.0215911736509
3022819,14.290658151726557
3022820,39.20961355092276
3022821,10.899212450058812
3022822,86.78824857207063
3022823,13.082420221305783
3022824,415.96812593351956
3022825,311.3012525451188
3022826,17.828171658412735
3022827,9.935212315913633
3022828,565.1079893842597
3022829,115.68638752433544
3022830,3845.3708574153657
3022831,50.348880709033914
3022832,24.789994978632517
3022833,3.6101358111674218
3022834,0.10713883261547018
3022835,3.4061456103439425
3022836,2971.8904430692255
3022837,0.002029134122103996
3022838,468.8247830757295
3022839,8.111656933852807
3022840,530.8492775719708
3022841,758.4034057311989
3022842,175.03783302898148
3022843,135.1652622336098
3022844,92.51831677624051
3022845,2967.298897192726
3022846,21.4964865624671
3022847,1.2238255037873904
3022848,21.126586849149554
3022849,18.284244665177447
3022850,0.07508975636237375
3022851,121.19491955916075
3022852,11.70466999682824
3022853,26.433051864221714
3022854,5.016524935623095
3022855,263.3094676132876
3022856,9.83640618143292
3022857,229.93067567713013
3022858,124.51492464093073
3022859,5.507890431054341
3022860,7.460124335457955
3022861,199.09717788632648
3022862,41.2443104176019
3022863,1841.6524002099466
3022864,1.414883200607739
3022865,5.148555598928486
3022866,4.616808296973722
3022867,0.18517822921192376
3022868,0.34692223809058675
3022869,1238.227627937562
3022870,0.002029134122103996
3022871,242.07665458537954
3022872,6.386553423033431
3022873,416.6943640873488
3022874,285.01425355131494
3022875,92.09259985122995
3022876,35.76383945921157
3022877,27.681264144524924
3022878,2190.101697469746
3022879,16.168560809878553
3022880,0.7342953022724342
3022881,11.680911500212382
3022882,10.645548505380905
3022883,0.300359025449495
3022884,91.92668745045737
3022885,0.1500331564485728
3022886,8.140746425666897
3022887,0.9022526862631466
3022888,22.579127922279326
3022889,0.1967281236286584
3022890,286.1080922762374
3022891,143.30383028883415
3022892,3.0438341855826625
3022893,1.5338573400007012
3022894,158.4264404243872
3022895,23.88878019619381
3022896,554.2642175294969
3022897,0.9432554670718262
3022898,2.6985532794383795
3022899,7.185558777996696
3022900,0.3214164978464105
3022901,2.866839222039485
3022902,4268.389756806009
3022903,0.020291341221039958
3022904,760.9572886926301
3022905,18.058530368577287
3022906,1052.6122289106343
3022907,1194.2786950413613
3022908,325.09047620883894
3022909,247.72832920205315
3022910,111.07326386433265
3022911,6063.583231607516
3022912,26.670426021628238
3022913,3.042080537985799
3022914,24.876015231933778
3022915,29.317840583819013
3022916,0.17520943151220542
3022917,254.0211667540021
3022918,7.539166111540783
3022919,40.124739181375176
3022920,10.03304987124619
3022921,180.4965936022692
3022922,4.00013851378272
3022923,302.88612899199495
3022924,286.98511160376137
3022925,11.378142074678046
3022926,9.795770739549933
3022927,419.64466379809573
3022928,83.50903743972601
3022929,2865.312239593737
3022930,2.0279992542044263
3022931,17.520408989451287
3022932,7.359122999687438
3022933,0.18517822921192376
3022934,3.3746072250629804
3022935,4419.433163849763
3022936,0.002029134122103996
3022937,697.3539648268171
3022938,17.728191398420385
3022939,1508.6477618769811
3022940,1047.5975431714903
3022941,420.97398970267017
3022942,306.85098619475895
3022943,60.02735929387807
3022944,7865.078602857258
3022945,13.396807528185086
3022946,0.8741610741338502
3022947,35.511413048485174
3022948,20.636910884866627
3022949,0.60071805089899
3022950,298.2296736282114
3022951,11.70466999682824
3022952,6.194696575370202
3022953,6.0631380516883455
3022954,52.98473229944702
3022955,1.3443088447958325
3022956,208.20717082624813
3022957,354.90643045704223
3022958,5.471654309797405
3022959,4.845594778638579
3022960,234.3600599256511
3022961,85.27119257854147
3022962,1760.432605386508
3022963,4.386137921883991
3022964,3.941308079179738
3022965,6.803717490277065
3022966,0.46426827466703746
3022967,2.964608216410469
3022968,3973.481194992213
3022969,0.002029134122103996
3022970,725.2466534494748
3022971,12.552880865962262
3022972,1261.0177540064908
3022973,849.1898246853594
3022974,309.21839850448
3022975,281.2319491347481
3022976,65.13640988019532
3022977,6122.905460613189
3022978,16.014574516451137
3022979,1.3636912756488064
3022980,27.469610211332785
3022981,20.501265992620645
3022982,0.025029918787457917
3022983,265.068562543243
3022984,11.70466999682824
3022985,6.863442228393122
3022986,5.7022369771830865
3022987,104.57342327750517
3022988,1.5410369684244907
3022989,123.15302505266463
3022990,278.12599098302206
3022991,5.61659879482515
3022992,4.810734384547654
3022993,208.44698054404847
3022994,67.72301789788914
3022995,1346.24979066459
3022996,2.971254721276252
3022997,7.421021518455543
3022998,12.080069829675605
3022999,1.178527158770172
3023000,14.11121972626102
3023001,11395.95350083567
3023002,0.002029134122103996
3023003,1356.4027270043948
3023004,53.00105254517399
3023005,2230.055114179705
3023006,2526.7315719562102
3023007,408.0664488542608
3023008,492.8036568257255
3023009,273.76990132907315
3023010,11931.6651202002
3023011,75.20690570994937
3023012,2.832281880193675
3023013,61.6492551400098
3023014,57.93719582376883
3023015,0.300359025449495
3023016,567.6378500441274
3023017,47.78556032887044
3023018,60.89105156471846
3023019,23.70686978210143
3023020,230.74800261789386
3023021,28.361637823131584
3023022,767.8829718746199
3023023,659.2867019530779
3023024,20.002338933828923
3023025,25.587529262738972
3023026,1214.1738542034964
3023027,252.2754925247239
3023028,8086.22020995027
3023029,1.6506970673756958
3023030,87.28330062460402
3023031,3.2977202121240876
3023032,0.49998121887219416
3023033,0.8830747878669482
3023034,1989.1188418108673
3023035,0.002029134122103996
3023036,176.8741901724005
3023037,5.248719192492992
3023038,803.3251402681119
3023039,302.82169405984064
3023040,129.18333479144508
3023041,169.17122973789944
3023042,39.464425638220554
3023043,3083.8595807856686
3023044,5.2355339765321025
3023045,0.2797315437228321
3023046,13.771938867534352
3023047,9.031545990048961
3023048,0.22526926908712125
3023049,189.70215522393508
3023050,0.562624336682148
3023051,15.887597750910004
3023052,3.5007404227010093
3023053,39.67945216816459
3023054,0.81970051511941
3023055,72.13554164667752
3023056,99.86803483183341
3023057,2.427820124214742
3023058,4.845594778638579
3023059,117.30723915113445
3023060,22.63331145595589
3023061,647.2851273479704
3023062,0.09432554670718261
3023063,5.184062878921098
3023064,8.851775306227815
3023065,0.21427766523094036
3023066,2.4599940519150696
3023067,4564.411717143976
3023068,0.002029134122103996
3023069,617.644819079064
3023070,11.048003335247486
3023071,1760.5882511057193
3023072,803.7109303348652
3023073,267.24269603391815
3023074,379.16974194746297
3023075,70.05602312657989
3023076,7208.405638722737
3023077,13.088834941330257
3023078,0.2797315437228321
3023079,25.63311134768828
3023080,21.816162935430434
3023081,0.07508975636237375
3023082,306.3452449384526
3023083,1.5003315644857278
3023084,6.687456530229196
3023085,11.151843202212493
3023086,17.29011022136193
3023087,1.5738249890292673
3023088,391.6779922133552
3023089,315.931736693478
3023090,4.348334550832375
3023091,7.250961970912406
3023092,146.73442893327044
3023093,69.18351165823425
3023094,1530.3004772510403
3023095,2.6882780811547047
3023096,6.426817678662457
3023097,1.5967908395548214
3023098,0.18517822921192376
3023099,1.0511743814144778
3023100,1306.8673587804935
3023101,0.002029134122103996
3023102,133.19644545851855
3023103,3.8539546518305188
3023104,899.8556188415333
3023105,182.08035600469623
3023106,99.06891909891141
3023107,229.70307847808292
3023108,15.358900564948701
3023109,2595.1422329737898
3023110,1.7862410037580114
3023111,0.31469798668818605
3023112,10.238823660679989
3023113,4.429921797400441
3023114,0.05005983757491583
3023115,89.82818237731452
3023116,11.70466999682824
3023117,15.887597750910004
3023118,0.43308128940631035
3023119,33.12812134210167
3023120,0.2950921854429876
3023121,75.15169815919678
3023122,83.68329729747356
3023123,0.6522501826248561
3023124,1.254974187273301
3023125,61.78843746603912
3023126,11.68283411054734
3023127,235.2786768352129
3023128,50.348880709033914
3023129,2.3434804795122766
3023130,7.6715385987307725
3023131,0.18517822921192376
3023132,2.2392253549483327
3023133,2845.09391745677
3023134,0.002029134122103996
3023135,247.83701195152062
3023136,10.167099414829083
3023137,1181.689154747402
3023138,470.3001026409084
3023139,195.47181716128264
3023140,221.01846058397035
3023141,51.670535171735395
3023142,4601.098936007301
3023143,3.54168474883054
3023144,0.6993288593070802
3023145,30.680418786051657
3023146,18.284244665177447
3023147,0.20023935029966333
3023148,239.99328549855835
3023149,11.70466999682824
3023150,15.887597750910004
3023151,13.822511153551407
3023152,33.01600578363503
3023153,1.3770968654006088
3023154,268.9540998911406
3023155,237.53972423270395
3023156,1.8842783053606955
3023157,4.322688867274703
3023158,227.418446119549
3023159,29.22452234220499
3023160,1411.6522023081989
3023161,50.348880709033914
3023162,0.9942038397930871
3023163,3.8184128771963115
3023164,0.4285553304618807
3023165,1.7661495757338963
3023166,3019.1983912434816
3023167,0.002029134122103996
3023168,714.4791201603593
3023169,9.39630848446298
3023170,1088.3154150447012
3023171,705.0268560397105
3023172,242.6843914453867
3023173,141.92869353018324
3023174,53.117679002190386
3023175,6111.710072010137
3023176,6.990977721604631
3023177,4.44073825659996
3023178,32.77144615337363
3023179,38.672530481724856
3023180,0.10011967514983167
3023181,207.7469333883078
3023182,1.9879393229435893
3023183,6.018710877206276
3023184,3.536830530151535
3023185,32.70903878771281
3023186,2.3935255041486774
3023187,179.93619240311406
3023188,295.33434224188375
3023189,3.659848246950582
3023190,6.623474877275755
3023191,156.80348397656155
3023192,31.4063875162118
3023193,713.3055188127485
3023194,5.282230615602226
3023195,3.373191599297974
3023196,4.234967009254092
3023197,0.18517822921192376
3023198,0.573367844407897
3023199,1755.8963183061542
3023200,0.002029134122103996
3023201,115.61317313159606
3023202,3.4135026916213165
3023203,539.2610338409968
3023204,199.9701858145815
3023205,102.62138332554035
3023206,167.48019964092632
3023207,42.573855612505106
3023208,2853.6819212324453
3023209,6.929383204233665
3023210,0.48953020151495613
3023211,10.486862769079561
3023212,8.859843594800882
3023213,0.1501795127247475
3023214,102.50403162025513
3023215,11.70466999682824
3023216,15.887597750910004
3023217,0.3969911819557846
3023218,47.34518462958873
3023219,0.6885484327003044
3023220,202.3529597932214
3023221,92.2848590001309
3023222,1.1233197589650301
3023223,1.4292761577279263
3023224,60.28407615830771
3023225,20.505989423886078
3023226,426.15324109900814
3023227,0.09432554670718261
3023228,0.8166674398300359
3023229,5.068075273369651
3023230,0.18517822921192376
3023231,0.8830747878669482
3023232,4386.634211953263
3023233,0.002029134122103996
3023234,566.8691152792724
3023235,11.525159625474123
3023236,1089.465360055459
3023237,696.1039116151305
3023238,229.30233160543963
3023239,163.18647163186372
3023240,77.61606575382928
3023241,5981.989267254278
3023242,7.144964015032046
3023243,0.4545637585496021
3023244,31.29402716177269
3023245,10.821371758114939
3023246,0.12514959393728958
3023247,231.89393451738482
3023248,11.70466999682824
3023249,27.031403237979063
3023250,3.32028988544838
3023251,61.25696940847986
3023252,0.9508525975385156
3023253,244.71636670651844
3023254,247.2454086044868
3023255,2.86265357929798
3023256,3.6603413795471282
3023257,130.74880123330627
3023258,46.92419039034257
3023259,1487.2792193115188
3023260,1.3205576539005566
3023261,1.42029119970441
3023262,3.9225514102107573
3023263,0.18517822921192376
3023264,6.6255839798245875
3023265,3888.617458137298
3023266,0.002029134122103996
3023267,584.1456667691156
3023268,7.964839613783072
3023269,1021.9389733700056
3023270,985.1629306011923
3023271,170.54977236625234
3023272,128.3432581749163
3023273,88.43866113124814
3023274,5401.406338300576
3023275,54.387958838562895
3023276,1.6084563764062842
3023277,33.99722081697616
3023278,29.958977327675335
3023279,0.20023935029966333
3023280,252.2413235623365
3023281,24.830487392238794
3023282,24.39161776552017
3023283,1.8225504262515562
3023284,111.25780690488091
3023285,9.410161913570827
3023286,226.1805021839068
3023287,304.0017748992333
3023288,13.842198320149725
3023289,15.233992217734238
3023290,260.83883944357586
3023291,70.1091059172264
3023292,2549.044472992687
3023293,50.348880709033914
3023294,12.589603152285305
3023295,6.2135991365285435
3023296,0.18517822921192376
3023297,7.230805593366257
3023298,3808.2264638840124
3023299,0.002029134122103996
3023300,522.8658182370287
3023301,14.277984376781637
3023302,1359.4055439452309
3023303,952.1090752450697
3023304,163.30464979439753
3023305,94.33660157930758
3023306,87.53671001424719
3023307,5789.419867529849
3023308,27.378762971394345
3023309,1.1888590608220364
3023310,44.86046851217368
3023311,69.50341257246994
3023312,0.16964722733721474
3023313,356.6292788191088
3023314,24.830487392238794
3023315,19.21763823950074
3023316,10.141320193597767
3023317,104.23099804773055
3023318,11.869263458929057
3023319,170.7345038603446
3023320,508.1285444952371
3023321,8.769141344178621
3023322,10.771861774095834
3023323,137.30320208461978
3023324,84.20540514720193
3023325,2131.6257621997843
3023326,3.725859094933713
3023327,16.777376919873905
3023328,9.754309259019669
3023329,0.3214164978464105
3023330,2.962400529440801
3023331,4873.896817234804
3023332,0.002029134122103996
3023333,723.8869308156959
3023334,7.377570333504136
3023335,2669.194637324223
3023336,741.8237489002676
3023337,220.08012742946224
3023338,571.4772127228002
3023339,56.03585084383789
3023340,8141.629569039569
3023341,28.887828646983014
3023342,1.7832885912330545
3023343,26.606520639372647
3023344,17.931567945337896
3023345,0.05005983757491583
3023346,377.3608869088533
3023347,6.263884281727914
3023348,15.169967181730438
3023349,8.274378935182066
3023350,52.81588356681653
3023351,3.6394702871301803
3023352,167.75677035560912
3023353,365.5315200059568
3023354,7.754529948984402
3023355,10.667280591823058
3023356,248.23939918908727
3023357,56.539546548519695
3023358,1815.684247606832
3023359,6.599015247634496
3023360,17.28842361384195
3023361,4.373818386606684
3023362,0.4285553304618807
3023363,4.746211600932036
3023364,3358.118573143091
3023365,0.008116536488415984
3023366,426.2986238885454
3023367,8.221769923905107
3023368,877.7101152239727
3023369,893.1527558908374
3023370,225.67712761858786
3023371,143.9511765516242
3023372,72.29168816740064
3023373,5131.805371444556
3023374,25.469332932894407
3023375,1.7133557053023465
3023376,16.04322721479787
3023377,12.59024983396065
3023378,0.10011967514983167
3023379,240.24334890501981
3023380,22.204907154388774
3023381,23.476492135067755
3023382,2.1654064470315517
3023383,89.86129550594552
3023384,7.541244739098572
3023385,389.70499129521187
3023386,273.63526478615256
3023387,6.703682432533244
3023388,9.830631133640859
3023389,398.26204803131753
3023390,53.020258320220364
3023391,2382.0209544799395
3023392,0.04716277335359131
3023393,27.13675545928992
3023394,3.9225514102107573
3023395,0.24999060943609708
3023396,2.803131683771941
3023397,6058.515246251094
3023398,0.002029134122103996
3023399,470.35378350645203
3023400,11.451750965439254
3023401,2475.5046799343304
3023402,734.8246862061021
3023403,297.8667471808131
3023404,208.87908336175065
3023405,56.60614174058629
3023406,8928.401597368564
3023407,10.440270694378722
3023408,2.552550336470843
3023409,31.242111999549522
3023410,23.694930544234918
3023411,0.17520943151220542
3023412,476.30692176338846
3023413,11.70466999682824
3023414,0.17598569816392617
3023415,8.769896110477786
3023416,42.78626884856556
3023417,2.131221339310466
3023418,142.150806007169
3023419,361.3011409157276
3023420,3.587376004436709
3023421,10.492978621368433
3023422,190.74501572441233
3023423,60.75073737484616
3023424,1287.8491299066413
3023425,50.348880709033914
3023426,6.391310398669846
3023427,7.879815664759662
3023428,0.03571294420515672
3023429,7.867880976041699
3023430,3634.748320286476
3023431,0.002029134122103996
3023432,566.2781671923037
3023433,12.112428905753058
3023434,1400.0848055476447
3023435,866.4512987568756
3023436,250.60321282731348
3023437,138.67962796081557
3023438,110.67150808653801
3023439,6173.133206274355
3023440,40.8371650169504
3023441,1.6084563764062842
3023442,27.96496738421216
3023443,37.65433527790375
3023444,0.07508975636237375
3023445,271.8851558339736
3023446,22.65500662373449
3023447,21.329466617467855
3023448,9.816509226543037
3023449,153.4875503306964
3023450,11.672535335300397
3023451,234.9696348031222
3023452,521.3076147636441
3023453,14.458212381517646
3023454,9.154339488276912
3023455,210.79518385574744
3023456,66.09265231191176
3023457,2220.738589121402
3023458,0.9432554670718262
3023459,7.36371276854747
3023460,3.8184128771963115
3023461,0.18517822921192376
3023462,4.352297168772815
3023463,3628.5121744562907
3023464,0.002029134122103996
3023465,537.6939409780481
3023466,10.424029724951117
3023467,815.1812079668382
3023468,986.7426081392604
3023469,190.45771729075236
3023470,135.5787170250458
3023471,90.4812996071856
3023472,4739.806299814765
3023473,28.887828646983014
3023474,1.1538926178566822
3023475,29.166226554542646
3023476,22.942874053048328
3023477,0.05005983757491583
3023478,214.11645385910805
3023479,18.52909482139874
3023480,38.89283929422769
3023481,5.264103072733703
3023482,69.61329318636271
3023483,9.770830140223367
3023484,240.1664367036417
3023485,262.7703910212158
3023486,9.747516618115906
3023487,9.098562857731432
3023488,235.10224961319892
3023489,56.7687044677448
3023490,2478.218753746341
3023491,0.23581386676795654
3023492,15.552508202283226
3023493,6.421876202557433
3023494,0.10713883261547018
3023495,3.6584526925916423
3023496,6403.754434784127
3023497,0.002029134122103996
3023498,628.3388538474346
3023499,18.425573668751625
3023500,1532.2663412558459
3023501,807.0017421185037
3023502,325.99034564991535
3023503,285.49328985181484
3023504,56.939129339622276
3023505,7467.300022774591
3023506,9.48555567512875
3023507,0.13986577186141605
3023508,18.02609799415491
3023509,20.329563597372566
3023510,0.10011967514983167
3023511,268.3626410380894
3023512,11.70466999682824
3023513,8.552904930766813
3023514,1.4075141905705089
3023515,85.5414695303271
3023516,3.3443781016871927
3023517,217.19861437077543
3023518,327.5797429197548
3023519,3.949737217006074
3023520,2.823691921364927
3023521,266.1589995235726
3023522,144.06587492146184
3023523,1430.2391347920197
3023524,3.6315335482265305
3023525,0.9586965598004769
3023526,16.022407561159106
3023527,0.18517822921192376
3023528,15.895030797752256
3023529,14219.691612953919
3023530,0.002029134122103996
3023531,1905.8201851136403
3023532,29.914028964208313
3023533,2987.6807285564682
3023534,3090.996123535723
3023535,646.6764356390642
3023536,631.3454665227291
3023537,350.39494523169986
3023538,15066.661307638395
3023539,86.50949964752162
3023540,5.14006711590704
3023541,131.48632451092465
3023542,126.27337551334234
3023543,0.22526926908712125
3023544,791.0823448112928
3023545,34.185054696807306
3023546,29.248823034844534
3023547,34.78725457156188
3023548,350.5137594625598
3023549,26.000900339587687
3023550,921.0549412251561
3023551,752.1365176598541
3023552,43.77323447837924
3023553,38.23697186257203
3023554,1240.8255082814023
3023555,309.2976976833361
3023556,9943.029047121821
3023557,339.8554164137125
3023558,99.84624139549508
3023559,17.634124923779332
3023560,0.18517822921192376
3023561,13.728974496655756
3023562,13319.475831472077
3023563,0.004058268244207992
3023564,1433.899347495745
3023565,28.886307723720172
3023566,3281.961702861582
3023567,2753.783304215026
3023568,814.1330772933097
3023569,392.9887792598913
3023570,260.207750939585
3023571,16954.235165062164
3023572,138.31048875650396
3023573,2.0630201349558868
3023574,77.51222137486612
3023575,86.51671610802111
3023576,0.6507778884739057
3023577,745.8418195001466
3023578,29.24558810362917
3023579,39.280007830188325
3023580,4.698931990058468
3023581,241.01029088970967
3023582,20.23020871314704
3023583,1215.629199146097
3023584,932.2088875154202
3023585,26.524840760077485
3023586,31.304633893650674
3023587,1363.8957582754651
3023588,260.1992453771741
3023589,6731.225504825632
3023590,587.8594452103717
3023591,95.00988018093467
3023592,13.052029471143758
3023593,0.18517822921192376
3023594,18.984846403728145
3023595,8511.8116039307
3023596,0.020291341221039958
3023597,1063.1853592664916
3023598,16.296722527740478
3023599,2857.5708890384676
3023600,1966.8633134972451
3023601,949.8108157335434
3023602,155.73463810754942
3023603,202.97489357471795
3023604,14727.785320899704
3023605,47.21219756484537
3023606,3.146979866881861
3023607,47.98547286044037
3023608,25.85597689082724
3023609,0.35041886302441083
3023610,716.1829477997277
3023611,34.46074062178156
3023612,28.15771170622819
3023613,9.45849536063382
3023614,132.64823974944161
3023615,10.328226490504566
3023616,1086.5521665491626
3023617,882.9719172391032
3023618,26.633549123848294
3023619,46.4026705744303
3023620,863.5847603230421
3023621,144.1561997594748
3023622,3012.0299424866516
3023623,372.75663873291137
3023624,52.7757132918746
3023625,18.22424327752785
3023626,0.18517822921192376
3023627,19.81304440120622
3023628,12386.222264013812
3023629,0.012174804732623975
3023630,1395.1161504279412
3023631,24.004631831401515
3023632,2882.1937284102155
3023633,2600.1843804283308
3023634,772.0772339486435
3023635,361.97966990219334
3023636,202.24725791788825
3023637,15735.183603977737
3023638,50.7846795723614
3023639,1.9930872490251785
3023640,75.95692963993042
3023641,80.66784571629054
3023642,0.5005983757491583
3023643,711.8392788447876
3023644,33.10894188217993
3023645,31.04387715611658
3023646,7.844184854371798
3023647,218.08299688074624
3023648,14.459517086706393
3023649,955.4404796252859
3023650,914.1849911032272
3023651,25.32904875859858
3023652,32.8733516277423
3023653,1218.1121059847999
3023654,236.59318872023164
3023655,6036.2301011615555
3023656,448.84151121785885
3023657,75.90363811237802
3023658,14.093414801288205
3023659,0.18517822921192376
3023660,20.832365013486925
3023661,7177.253069910396
3023662,0.002029134122103996
3023663,950.2431081072049
3023664,20.113972849553566
3023665,2669.002001684475
3023666,1579.2124962335515
3023667,748.3783460701025
3023668,124.51880135413354
3023669,156.74868508977644
3023670,12930.095932877068
3023671,45.30276752634543
3023672,0.5244966444803102
3023673,36.95890871741581
3023674,75.29871181688311
3023675,0.1501795127247475
3023676,676.6056827978892
3023677,29.025789529432014
3023678,13.374913060458391
3023679,2.8420959617289117
3023680,132.0356565474582
3023681,6.393664017931397
3023682,961.1222637618981
3023683,1024.4020848166938
3023684,19.386324872461003
3023685,27.02377749928508
3023686,943.4528424328544
3023687,100.71181896440518
3023688,2214.947845355772
3023689,333.0550161238582
3023690,25.59248664982816
3023691,12.670188183424125
3023692,0.18517822921192376
3023693,11.308088042489079
3023694,9580.512295228451
3023695,0.002029134122103996
3023696,1355.0209370070559
3023697,28.225629783406372
3023698,2151.929624606143
3023699,2630.8255108659723
3023700,502.35187432393104
3023701,464.2752762166434
3023702,258.02959283040207
3023703,11645.754894310485
3023704,65.7829445521916
3023705,1.7483221482677005
3023706,57.131554460714696
3023707,69.14970563825891
3023708,0.3754487818118687
3023709,532.6908131440931
3023710,17.964595070260984
3023711,31.818214228037856
3023712,12.19268190108566
3023713,260.00172094105636
3023714,18.525231641698667
3023715,817.7729549098839
3023716,647.8690698064388
3023717,20.763297480224587
3023718,32.62932886910583
3023719,1042.9180950899033
3023720,222.83482031440795
3023721,7863.655233755467
3023722,301.245612007795
3023723,85.04484471834773
3023724,6.248311980866692
3023725,0.4285553304618807
3023726,6.33890005762064
3023727,2527.1535338893955
3023728,0.002029134122103996
3023729,390.446894626891
3023730,26.57393493262186
3023731,1020.2011099103371
3023732,639.636481511303
3023733,249.38505531588262
3023734,85.86077835487016
3023735,73.32873665588824
3023736,4540.529179788919
3023737,60.20864073011918
3023738,1.3287248326834522
3023739,32.21335815947459
3023740,21.295904677828755
3023741,0.2753291066620371
3023742,232.7262401526748
3023743,15.153348801305851
3023744,10.101579074609363
3023745,12.59544750023353
3023746,62.82793801687393
3023747,7.016636409422149
3023748,254.73718860244395
3023749,275.11683848137125
3023750,3.768556610721391
3023751,7.669286700003506
3023752,240.01508747632872
3023753,58.75349585391767
3023754,1650.1878642653553
3023755,1.5563715206685131
3023756,10.419591436927156
3023757,11.073397343869305
3023758,0.18517822921192376
3023759,13.792682034923299
3023760,6225.207856003705
3023761,0.004058268244207992
3023762,687.9912758410171
3023763,35.01593083663157
3023764,2039.773219577624
3023765,1375.9892146266209
3023766,548.0555236676105
3023767,112.39079413867836
3023768,121.88902377396396
3023769,10537.564341577276
3023770,116.81400219403685
3023771,1.6783892623369925
3023772,61.07242000419684
3023773,35.64541725350122
3023774,0.1501795127247475
3023775,491.07958646186063
3023776,20.912746594475436
3023777,9.890396236812652
3023778,3.3924701003494313
3023779,134.3704968222726
3023780,9.213433789942169
3023781,595.237117128586
3023782,636.3479261595692
3023783,14.566920745288455
3023784,26.180155962284694
3023785,435.52362005030227
3023786,86.78765991308245
3023787,2321.1777413211116
3023788,331.3015042105717
3023789,20.117359696427755
3023790,8.261656952479294
3023791,0.18517822921192376
3023792,5.456140653606501
3023793,6426.194045502805
3023794,0.008116536488415984
3023795,987.2585860908297
3023796,10.607551375038286
3023797,1620.0160178633034
3023798,1924.4372173931283
3023799,286.1256585071
3023800,355.74339346470083
3023801,208.58136851301416
3023802,8012.408582765545
3023803,43.608918298643864
3023804,1.9930872490251785
3023805,38.99802092251462
3023806,41.57739160453186
3023807,0.2753291066620371
3023808,346.0674791313343
3023809,3.1506962854200284
3023810,49.451981184063264
3023811,6.821030308149389
3023812,163.8619541609788
3023813,10.557742634738
3023814,658.9098499602073
3023815,358.06196285800905
3023816,22.79252027061303
3023817,11.020416383964129
3023818,1009.5115946973368
3023819,128.8431419359221
3023820,5724.17842275747
3023821,5.4708817090165915
3023822,51.30808864920604
3023823,12.323059740042643
3023824,0.18517822921192376
3023825,8.21827243651319
3023826,6440.407806649699
3023827,0.002029134122103996
3023828,1011.7676200600431
3023829,14.131167056711902
3023830,1921.5232452351186
3023831,1480.506085283362
3023832,399.27979116151147
3023833,228.29595400456247
3023834,269.5189922022715
3023835,9611.45014693084
3023836,51.30823297001461
3023837,3.601543625431463
3023838,56.22123651200987
3023839,48.904276214557896
3023840,0.20023935029966333
3023841,395.72196149004753
3023842,9.75215516915723
3023843,59.34237742087592
3023844,11.115753094761967
3023845,266.88095600588775
3023846,10.623318675947553
3023847,511.6375669571725
3023848,427.29512442801587
3023849,16.704851899447707
3023850,28.09747763728557
3023851,521.3841521058373
3023852,135.79502137092928
3023853,5204.044831332511
3023854,6.697113816209966
3023855,9.833421248257029
3023856,9.893160636372263
3023857,0.03571294420515672
3023858,3.4720608355811544
3023859,3094.732628332236
3023860,0.002029134122103996
3023861,554.079454780187
3023862,8.809039204184044
3023863,1135.4213882413114
3023864,632.5623530092322
3023865,258.5393203656334
3023866,94.68114723883757
3023867,101.07640135643406
3023868,4912.449508335684
3023869,15.675804670910823
3023870,1.6783892623369925
3023871,32.302767605525595
3023872,25.111131900241073
3023873,0.07508975636237375
3023874,231.9365128811877
3023875,6.526442305512917
3023876,14.290038690910809
3023877,8.264634606170423
3023878,93.89779330820996
3023879,3.5738942459206275
3023880,298.545365920427
3023881,256.5725963794672
3023882,5.435418188540468
3023883,6.79777684773038
3023884,206.37835093106102
3023885,69.83283311585896
3023886,2165.2278042314833
3023887,0.4716277335359131
3023888,4.26087359911323
3023889,7.011994556305954
3023890,0.18517822921192376
3023891,1.387688952362347
3023892,4685.133292522458
3023893,0.002029134122103996
3023894,264.9735845310037
3023895,5.2120148624755585
3023896,1428.0031643047705
3023897,293.43041222886535
3023898,244.52973161364943
3023899,76.23761808419793
3023900,27.09759272272608
3023901,5197.933910484711
3023902,10.255487142265824
3023903,0.9790604030299123
3023904,25.236537191816875
3023905,10.8515913796786
3023906,0.05005983757491583
3023907,244.89689372985882
3023908,11.70466999682824
3023909,15.887597750910004
3023910,4.150362356810475
3023911,26.61056026256485
3023912,1.1147927005623974
3023913,54.54620267217415
3023914,205.221133605175
3023915,0.14494448502774582
3023916,2.440227586364752
3023917,68.09213723054641
3023918,89.6265184003184
3023919,700.5416047234887
3023920,50.348880709033914
3023921,2.9826115193792613
3023922,7.6715385987307725
3023923,0.07142588841031344
3023924,6.275192519353095
3023925,4875.304754580564
3023926,0.002029134122103996
3023927,629.3329669167268
3023928,14.131167056711902
3023929,1421.096934962168
3023930,1180.3457487447724
3023931,386.77959684435683
3023932,182.43692672112257
3023933,119.44085555576173
3023934,7350.651220237609
3023935,32.52190517187
3023936,1.3986577186141604
3023937,31.205699281601326
3023938,62.535385968512394
3023939,0.16964722733721474
3023940,355.0224524708327
3023941,26.89344329340667
3023942,19.041652541336813
3023943,10.509439289593132
3023944,100.17457609501571
3023945,7.1150004712364785
3023946,473.74214514261155
3023947,385.93269568775384
3023948,10.182350073199142
3023949,15.373433794097938
3023950,564.6954122320765
3023951,99.75863877902161
3023952,2695.6531818454746
3023953,50.348880709033914
3023954,39.26787778365546
3023955,5.797045004470764
3023956,0.07142588841031344
3023957,5.2353719566397645
3023958,5137.117736748457
3023959,0.016233072976831967
3023960,707.8527004675894
3023961,19.52670356927463
3023962,1097.202201135043
3023963,1495.8931112052792
3023964,209.4029674538371
3023965,270.1927062034076
3023966,170.2688729530607
3023967,5696.860889412582
3023968,35.10887490145057
3023969,3.181946309847215
3023970,31.533413743135064
3023971,31.45450519028611
3023972,0.60071805089899
3023973,246.91463508118503
3023974,16.05354773999729
3023975,44.06681882024712
3023976,9.347337829686198
3023977,172.12237185872755
3023978,12.492235850419808
3023979,474.675471883154
3023980,286.7833164568474
3023981,7.682057706470528
3023982,15.104660155656905
3023983,651.5585381128925
3023984,130.52187829127163
3023985,5007.793015871133
3023986,0.5187905068895043
3023987,43.576058122838006
3023988,5.033362429031502
3023989,0.6071200514876643
3023990,9.810960893201795
3023991,6349.78907367079
3023992,0.004058268244207992
3023993,935.3066709315453
3023994,22.499754300686742
3023995,1363.1809263041766
3023996,1707.3534920748054
3023997,322.5478514840506
3023998,324.66537497509694
3023999,127.24747234214986
3024000,7440.011276164989
3024001,36.74112961178117
3024002,4.056107383981065
3024003,42.457229127592946
3024004,57.68960096982111
3024005,0.16964722733721474
3024006,361.35108419544133
3024007,33.945001646489594
3024008,36.85140519552615
3024009,23.547351507170106
3024010,144.46292326906206
3024011,18.689171744722547
3024012,457.31379917141703
3024013,371.3051614632591
3024014,20.582116873939906
3024015,19.940145420009117
3024016,640.2305301037175
3024017,151.11759857695998
3024018,4874.720611260848
3024019,1.4620459739613303
3024020,42.158132274677286
3024021,12.80903956077672
3024022,0.3571294420515672
3024023,6.9759754402960805
3024024,4404.323252671222
3024025,0.002029134122103996
3024026,539.9568826517931
3024027,16.883991808019417
3024028,2098.0817492434903
3024029,920.7139911563203
3024030,612.3314404920787
3024031,248.96593721108482
3024032,84.01911121448751
3024033,9982.614481013843
3024034,11.05621586808838
3024035,1.2587919467527442
3024036,51.843057831189526
3024037,41.38027725478707
3024038,0.16964722733721474
3024039,439.79394726126975
3024040,13.315442634810834
3024041,6.124302296104632
3024042,7.8777486543007855
3024043,54.8106624941131
3024044,3.27880206047764
3024045,368.3780715811377
3024046,514.2158571653592
3024047,8.225599525324576
3024048,7.948169852730906
3024049,433.4622109061031
3024050,105.96103811074188
3024051,1652.4551099397263
3024052,125.89677881781017
3024053,17.974530767385513
3024054,4.99864959977696
3024055,0.18517822922183574
3024056,3.057960965683329
3024057,2724.7286508555085
3024058,0.004058268244207995
3024059,349.19085509882984
3024060,13.397113917513696
3024061,700.8229762540899
3024062,769.6673057340658
3024063,136.71326046986715
3024064,131.27189874414174
3024065,95.66997279445782
3024066,3546.2392793571357
3024067,18.20118431609975
3024068,1.7133557053204527
3024069,23.542084054968306
3024070,23.11801108457119
3024071,0.3504188650300127
3024072,176.10687363514577
3024073,15.07833226530033
3024074,19.14725505181353
3024075,6.604489551839374
3024076,90.01976300638037
3024077,5.86867106186052
3024078,302.4807309196742
3024079,160.10308228913928
3024080,4.0584457399461416
3024081,8.379741531618029
3024082,310.44469722667304
3024083,62.851694479894945
3024084,2415.860918837856
3024085,50.35003151452283
3024086,26.55735066953294
3024087,1.3538009332729268
3024088,0.18517822922183574
3024089,2.1761479644404877
3024090,1631.2284978917946
3024091,0.0020291341221039976
3024092,105.28342003853733
3024093,4.808279241628203
3024094,1081.5191847594524
3024095,336.6771061663125
3024096,273.58660618212036
3024097,49.762730539675566
3024098,26.832597077659177
3024099,3839.6141052679704
3024100,5.1739407192973905
3024101,0.4195973155886823
3024102,10.310928085330682
3024103,8.104353261970886
3024104,0.05005983786143039
3024105,171.05863248637417
3024106,4.050895235453821
3024107,15.887606954246827
3024108,1.8045053420326158
3024109,14.48750706387103
3024110,0.3934304622476326
3024111,186.18303858702555
3024112,195.0234160686447
3024113,0.9421391896303541
3024114,3.97408492638512
3024115,153.23531745742724
3024116,27.655186456901852
3024117,404.2408724061835
3024118,1.9129658101645939
3024119,1.8108712964140006
3024120,8.261656977409144
3024121,0.21427766524240996
3024122,4.459526408288188
3024123,5721.13839348203
3024124,0.0020291341221039976
3024125,763.7538141556504
3024126,14.461542146576425
3024127,2303.3241388642214
3024128,787.3319381407912
3024129,588.9242798005786
3024130,310.7908716432465
3024131,66.67510507433725
3024132,11058.558529267035
3024133,28.98022748130265
3024134,0.804228188211641
3024135,27.964967472829734
3024136,21.66884283179504
3024137,0.10011967572286078
3024138,500.01208234764255
3024139,13.165409515224914
3024140,2.3230125614332593
3024141,10.321770556426562
3024142,41.128310263280305
3024143,2.3277969016318263
3024144,652.1436912026799
3024145,459.29849461533456
3024146,2.9351259369253344
3024147,15.75689812917609
3024148,442.5821368658346
3024149,104.19480351181316
3024150,2377.09243740452
3024151,20.935090330765775
3024152,10.794213217840317
3024153,5.9706092441780365
3024154,0.18517822922183574
3024155,0.8830745362946906
3024156,1907.0644673057968
3024157,0.0020291341221039976
3024158,199.69548118992233
3024159,12.406094531834599
3024160,1345.557536670587
3024161,460.87916119776554
3024162,224.08383934841783
3024163,64.86554526290577
3024164,32.01863442785827
3024165,4327.835172469803
3024166,8.530842733603436
3024167,0.45456375855440584
3024168,15.754809696816464
3024169,19.943233715633866
3024170,0.22526927037643674
3024171,177.41598978819093
3024172,8.101790470907641
3024173,15.887606954246827
3024174,5.6675903782560395
3024175,38.768433821267934
3024176,1.5737218489905305
3024177,159.67687291935508
3024178,193.06087902076413
3024179,1.7755700112264368
3024180,7.041799606401704
3024181,167.4477704324346
3024182,32.25857184443154
3024183,554.9500697834387
3024184,3.961763512175194
3024185,3.5507280321843147
3024186,4.963936755334065
3024187,0.18517822922183574
3024188,3.6584516503637183
3024189,1845.131235873656
3024190,0.0020291341221039976
3024191,129.33884369753255
3024192,7.96485950712458
3024193,1084.4498026745339
3024194,315.1694705650312
3024195,174.54796736330394
3024196,51.746279938809494
3024197,25.349165127299102
3024198,4118.7049521783165
3024199,14.443917841371883
3024200,0.06993288593144704
3024201,17.196897540918656
3024202,9.168908139602655
3024203,0.025029918930715194
3024204,147.95783503198115
3024205,1.6503647255552598
3024206,15.887606954246827
3024207,2.9232986540928376
3024208,41.09859230007237
3024209,0.9835761556190814
3024210,161.06856991671947
3024211,208.6416317690329
3024212,0.5435418401713582
3024213,5.6822442368488995
3024214,100.63767296572213
3024215,23.43541651833297
3024216,287.200259623701
3024217,3.5806795933850086
3024218,2.0594222586669026
3024219,3.7142743553898248
3024220,0.18517822922183574
3024221,2.2934707242624963
3024222,1859.7321457606708
3024223,0.0020291341221039976
3024224,176.4307018136291
3024225,10.534169025551865
3024226,1778.6410001385768
3024227,426.4034495473937
3024228,280.0801464131947
3024229,41.23694803462626
3024230,34.52037393975719
3024231,4596.013670540482
3024232,10.039908776731842
3024233,0.3496644296572352
3024234,13.231155969637623
3024235,21.428459472329802
3024236,0.10011967572286078
3024237,208.13730308339987
3024238,1.162756965732115
3024239,15.887606954246827
3024240,3.1398392951367513
3024241,20.76880383282211
3024242,2.032724054946102
3024243,259.0472617115821
3024244,280.23397952741294
3024245,1.1957920483769882
3024246,4.810734384571462
3024247,92.16525818605112
3024248,92.20720427748864
3024249,619.9524481189269
3024250,2.4525202694417865
3024251,4.7934828434488255
3024252,4.06140279981878
3024253,0.9285365493837765
3024254,3.4692213925862845
3024255,2060.838111273479
3024256,0.0020291341221039976
3024257,168.31161278061177
3024258,3.0464670004209227
3024259,1106.6792075714582
3024260,382.5763690944898
3024261,281.1796600590031
3024262,95.94115251600388
3024263,52.68214238924954
3024264,4035.415478620288
3024265,7.606924748014616
3024266,1.0839597319374292
3024267,14.415110089645523
3024268,17.931568401709058
3024269,0.12514959465357597
3024270,224.05350618314844
3024271,9.189530858205424
3024272,15.887606954246827
3024273,3.8616414319497974
3024274,23.470436851725797
3024275,1.9343664393841937
3024276,128.72190053489672
3024277,209.30382683047372
3024278,1.0146114349865354
3024279,5.40336108412012
3024280,114.3852710185628
3024281,44.32502142083512
3024282,994.5592526033688
3024283,3.3519349144082264
3024284,4.971019245058041
3024285,4.790372533119587
3024286,0.21427766524240996
3024287,1.356150180738275
3024288,1716.7227473909365
3024289,0.0020291341221039976
3024290,163.83890667594022
3024291,5.909411892382754
3024292,1088.9915872534957
3024293,299.9673628351416
3024294,178.03316500549465
3024295,161.71147469781286
3024296,28.938031182071676
3024297,3019.8744609041282
3024298,4.989157122179627
3024299,0.3846308726229588
3024300,12.185642282663533
3024301,13.186744290664492
3024302,0.20023935144572155
3024303,167.70879551550777
3024304,11.704670029600878
3024305,15.887606954246827
3024306,3.067659081455447
3024307,31.754656800066595
3024308,1.5081501052825916
3024309,56.36632262475934
3024310,150.39878792558272
3024311,1.050847557664626
3024312,3.1374354681987793
3024313,69.87515385727227
3024314,36.54809004644785
3024315,882.9983373984026
3024316,50.35003151452283
3024317,0.9942038490116082
3024318,8.817062488495472
3024319,0.7499718283484348
3024320,3.0261072056241276
3024321,3739.21823844488
3024322,0.0020291341221039976
3024323,351.54342529679735
3024324,7.340884338363669
3024325,1427.1001073102489
3024326,875.596878401389
3024327,559.9394744228271
3024328,199.99049818987098
3024329,83.77549890489107
3024330,6932.119157487994
3024331,16.230159280176935
3024332,1.5734899334575587
3024333,25.088362745806883
3024334,26.151649081022494
3024335,0.20023935144572155
3024336,310.69205675064387
3024337,0.67514920590897
3024338,15.887606954246827
3024339,7.8806357297248395
3024340,44.441863160965674
3024341,3.73758939135251
3024342,257.9739560998558
3024343,310.45621360785424
3024344,2.500292464788248
3024345,8.993981675503166
3024346,390.7225778291545
3024347,59.9486324330571
3024348,2250.5584845426743
3024349,9.298824929291206
3024350,15.161608697427024
3024351,3.9225514220471984
3024352,0.21427766524240996
3024353,3.9498662473409665
3024354,2694.852803670985
3024355,0.0020291341221039976
3024356,605.6645611871752
3024357,9.50644521818095
3024358,754.6049415921351
3024359,736.4446438151634
3024360,236.60246430897394
3024361,183.63491542508248
3024362,46.3688804406419
3024363,4256.154241832812
3024364,12.10332561121354
3024365,1.0140268460059823
3024366,26.85888609640335
3024367,18.62524609616589
3024368,0.15017951358429116
3024369,199.69968789873698
3024370,11.890127681841305
3024371,5.205659967211804
3024372,5.504102194267885
3024373,54.36833828067256
3024374,1.9999381830921323
3024375,110.84331042862998
3024376,174.50164259087794
3024377,4.493279212083228
3024378,7.181241182766095
3024379,197.87109463079065
3024380,56.91793088973983
3024381,2821.5692338631197
3024382,42.32861329651182
3024383,14.921543992924684
3024384,6.6648661330359475
3024385,0.8213977167625715
3024386,3.153522245860933
3024387,3172.2017313885312
3024388,0.0020291341221039976
3024389,188.46661978866015
3024390,7.340884338363669
3024391,1116.0323977202736
3024392,403.2198324671715
3024393,322.3934604712627
3024394,60.79404912784141
3024395,33.900816655689155
3024396,5215.451073998043
3024397,36.771935826435026
3024398,1.3636912756632174
3024399,15.002039842195117
3024400,18.818582998135785
3024401,0.10011967572286078
3024402,192.7736051231012
3024403,9.939696642548725
3024404,15.887606954246827
3024405,4.402993034559582
3024406,52.51299180494045
3024407,2.7540132357334284
3024408,149.77830600829384
3024409,213.9343129285276
3024410,1.449444907123622
3024411,5.612523448666704
3024412,147.5672395286357
3024413,26.504340110019427
3024414,737.8293455078688
3024415,3.4170210292511047
3024416,4.580439161517766
3024417,7.393835866336754
3024418,0.18517822922183574
3024419,6.938442785172569
3024420,4081.0403076203374
3024421,0.0020291341221039976
3024422,718.147682256276
3024423,12.916285993350876
3024424,968.8832033814687
3024425,973.2043992723634
3024426,250.8905772215855
3024427,173.0308334627506
3024428,85.9690632343474
3024429,5805.521313051929
3024430,43.60892891979229
3024431,1.5734899334575587
3024432,20.94632593558436
3024433,31.24434225369318
3024434,0.10011967572286078
3024435,264.45700740222145
3024436,25.35560351080354
3024437,17.317002730684294
3024438,5.269155598735238
3024439,85.98656261328452
3024440,9.147258247257458
3024441,519.2685217559696
3024442,293.898548882102
3024443,9.421391896303543
3024444,8.610517340501094
3024445,479.8841719224276
3024446,110.05452911107406
3024447,2485.7755513162
3024448,50.35003151452283
3024449,35.57785718530753
3024450,8.226944132966247
3024451,0.035712944207068324
3024452,5.329985594064382
3024453,5019.2008169818655
3024454,0.0020291341221039976
3024455,550.3633464371933
3024456,8.809061206036402
3024457,2420.9134134269834
3024458,914.5578636229965
3024459,782.340519406174
3024460,112.29673528079235
3024461,68.81995755120099
3024462,9118.385820091384
3024463,12.380501006890185
3024464,0.5244966444858529
3024465,23.77750489551799
3024466,15.919903087784252
3024467,0.16964722830818074
3024468,368.0143804876598
3024469,2.70059682363588
3024470,7.069349590361669
3024471,4.556375988632356
3024472,55.45979802030965
3024473,1.4425783615746528
3024474,372.43316345946255
3024475,447.27477491815233
3024476,4.493279212083228
3024477,6.623474877308534
3024478,370.2436398592621
3024479,72.34607232390213
3024480,1696.737283070655
3024481,49.60929702716045
3024482,15.343796449787288
3024483,11.108110221726578
3024484,0.5356941631060249
3024485,4.0684505422148245
3024486,4045.6810246324726
3024487,0.0020291341221039976
3024488,490.9333701170726
3024489,7.891450663740944
3024490,2231.8348753638074
3024491,749.112822806956
3024492,376.0000764076067
3024493,287.5798637621531
3024494,71.5242818374808
3024495,6731.231391260959
3024496,15.645011222637349
3024497,0.6643624163487469
3024498,40.70941879508287
3024499,31.27936954321526
3024500,0.20023935144572155
3024501,360.4543529770956
3024502,4.463486416842635
3024503,3.6978136318814876
3024504,11.512744082168089
3024505,87.36405774879805
3024506,2.0982957986540405
3024507,120.78006251773871
3024508,330.43185042179056
3024509,2.971362059603425
3024510,5.647383842757803
3024511,186.69596125112042
3024512,161.13875113155325
3024513,2229.3324069963355
3024514,0.8961131753729604
3024515,8.095659913380237
3024516,4.92922391089117
3024517,0.21427766524240996
3024518,2.389032004440101
3024519,2161.774412304136
3024520,0.0020291341221039976
3024521,161.4006110856941
3024522,9.689967326640042
3024523,881.4493623070254
3024524,363.34267821337926
3024525,161.56194344854077
3024526,54.704204481377616
3024527,43.105655555317696
3024528,3947.471309504276
3024529,10.10150330910443
3024530,0.8391946311773646
3024531,24.527751096412157
3024532,18.798665519780094
3024533,0.16964722830818074
3024534,178.13238788949593
3024535,1.42531499025227
3024536,15.887606954246827
3024537,4.51126335508154
3024538,101.53986390311304
3024539,2.590083876463581
3024540,109.97460983353568
3024541,171.60331936406658
3024542,1.4132087844455312
3024543,6.414312512761948
3024544,164.19219436364452
3024545,30.235872204456374
3024546,814.8681479118136
3024547,3.2802458603783893
3024548,2.663046024138236
3024549,2.2563348887882113
3024550,0.18517822922183574
3024551,1.5608342429008657
3024552,1998.1389396021411
3024553,0.00811653648841599
3024554,292.39527545493286
3024555,14.6083598333437
3024556,581.015283653595
3024557,571.8440017953734
3024558,136.4929765299564
3024559,49.78684873629523
3024560,52.14333928794837
3024561,3093.4850065274454
3024562,21.927653524641325
3024563,0.4895302015201293
3024564,13.66378232286828
3024565,16.09332251139846
3024566,0.20023935144572155
3024567,133.2105097777109
3024568,14.365674770174195
3024569,2.745378481693852
3024570,3.010997613715623
3024571,54.28661388185072
3024572,4.950666649949377
3024573,609.4069260421912
3024574,169.1762002020278
3024575,3.877265126555689
3024576,6.205150148215363
3024577,330.2371798672863
3024578,33.27612929474008
3024579,1236.8894303117306
3024580,50.35003151452283
3024581,8.559375425349
3024582,2.9853046220890183
3024583,0.1428517768282733
3024584,4.50998781036217
3024585,4767.84255683932
3024586,0.0020291341221039976
3024587,856.7364899880233
3024588,18.64584621944372
3024589,1247.1085906584017
3024590,1569.6611978972062
3024591,310.34519631941765
3024592,231.77586951491904
3024593,134.0401478591516
3024594,5918.814938793914
3024595,32.05995409993204
3024596,0.9440939600745352
3024597,21.162639112199688
3024598,33.464110875955036
3024599,0.16964722830818074
3024600,267.6456548002942
3024601,14.290658191739865
3024602,39.20963626419168
3024603,10.899212265876999
3024604,88.52575994692661
3024605,13.081562869733784
3024606,415.96812593352
3024607,302.81134588537856
3024608,17.82817235762055
3024609,9.9352123159628
3024610,565.1079893902842
3024611,115.68638769163834
3024612,3845.3708574153347
3024613,50.35003151452283
3024614,24.544549711378128
3024615,3.610135822061138
3024616,0.10713883262120498
3024617,3.4061446399938067
3024618,3113.4092030917514
3024619,0.0020291341221039976
3024620,460.4529127016512
3024621,8.111677193891854
3024622,535.6754587909172
3024623,751.7507451522233
3024624,175.03784612404917
3024625,135.16526476988662
3024626,93.44349994400292
3024627,2759.796405681464
3024628,21.496491798033205
3024629,1.2238255038003234
3024630,21.126586916097132
3024631,18.104987825323267
3024632,0.07508975679214558
3024633,118.84165899205468
3024634,11.704670029600878
3024635,26.433067176308754
3024636,5.016524850850672
3024637,265.9217380506901
3024638,9.835761556190816
3024639,229.93067567713038
3024640,125.66789352306834
3024641,5.507890647069764
3024642,7.460124335494875
3024643,199.097177888449
3024644,41.24431047724844
3024645,1841.652400209932
3024646,1.414915540062569
3024647,5.200041203133929
3024648,4.6168083109051095
3024649,0.18517822922183574
3024650,0.34692213925862847
3024651,1298.6290455055753
3024652,0.0020291341221039976
3024653,237.55185769151484
3024654,6.386569374376392
3024655,408.83241897738895
3024656,285.014253882984
3024657,92.09260674093377
3024658,35.76384013029373
3024659,27.681264144524924
3024660,2173.9987394392138
3024661,16.168564747804346
3024662,0.734295302280194
3024663,11.797720652600043
3024664,10.645548776317689
3024665,0.3003590271685823
3024666,91.92671749547773
3024667,0.15003315686866
3024668,8.060149644972974
3024669,0.9022526710163079
3024670,22.356013231428026
3024671,0.1967152311238163
3024672,286.10809227623776
3024673,140.6000436348417
3024674,3.0438343049596064
3024675,1.533857340008292
3024676,160.0107048303369
3024677,23.888780230741194
3024678,554.2642175294924
3024679,0.9432770267083795
3024680,2.6985533044600793
3024681,7.185558799679381
3024682,0.3214164978636149
3024683,2.866838405328121
3024684,4301.223755563612
3024685,0.020291341221039975
3024686,740.9320980954416
3024687,18.058575472374624
3024688,1025.3900323316868
3024689,1226.8499336065292
3024690,334.2911750730579
3024691,247.7283338504932
3024692,112.18399650297597
3024693,6063.585270249241
3024694,26.670432517330596
3024695,3.0420805380179465
3024696,24.876015310762835
3024697,29.31784132997892
3024698,0.17520943251500634
3024699,251.5787377603654
3024700,7.539166132650165
3024701,40.1247624247563
3024702,10.033049701701344
3024703,182.28728468448858
3024704,3.9998763661842647
3024705,302.8861289919953
3024706,292.0646170856275
3024707,11.37814252092043
3024708,9.79577073959841
3024709,423.8411104405952
3024710,83.50903756049479
3024711,2836.942811478925
3024712,2.028045607423016
3024713,17.34693975436154
3024714,7.359123021893859
3024715,0.18517822922183574
3024716,3.4083523263345437
3024717,4561.995769400538
3024718,0.0020291341221039976
3024719,697.3539659661328
3024720,17.72823567714826
3024721,1570.4784052553173
3024722,1066.8195176821425
3024723,420.9740211969066
3024724,260.4365561950573
3024725,60.627632886816855
3024726,7865.081247181053
3024727,13.396810791037886
3024728,0.8741610741430881
3024729,35.51141316101651
3024730,20.636911410090693
3024731,0.6007180543371646
3024732,303.8041593455022
3024733,11.704670029600878
3024734,6.256647165460245
3024735,6.063137949229589
3024736,52.9857775832486
3024737,1.3442207460127449
3024738,208.20717082624836
3024739,361.3012930438611
3024740,5.471654524391673
3024741,4.845594778662559
3024742,234.36005992814955
3024743,85.27119270185864
3024744,2614.5038693858824
3024745,4.386238174193965
3024746,3.9413081157245893
3024747,6.803717510807529
3024748,0.46426827469188825
3024749,2.964607371846461
3024750,4136.329007477446
3024751,0.0020291341221039976
3024752,725.2466546343609
3024753,12.552912218601874
3024754,1200.969914357922
3024755,880.6413006985023
3024756,312.0815551716544
3024757,236.70356162998127
3024758,65.78777397899727
3024759,6122.907519199684
3024760,16.014578416872876
3024761,1.3636912756632174
3024762,27.200300393494548
3024763,20.70627917953638
3024764,0.025029918930715194
3024765,269.9773278658625
3024766,11.704670029600878
3024767,7.069349590361669
3024768,5.702236880823066
3024769,104.57548630397872
3024770,1.540935977136561
3024771,123.15302505266477
3024772,280.7013498313035
3024773,5.616599015104034
3024774,4.810734384571462
3024775,208.44698054627065
3024776,67.72301799582854
3024777,1979.779103918499
3024778,2.971322634131395
3024779,7.421021587265218
3024780,12.080069866127655
3024781,1.1785271588332547
3024782,14.111215706226192
3024783,11566.042981287937
3024784,0.0020291341221039976
3024785,1368.7336631224482
3024786,53.001184922985686
3024787,2249.96749114561
3024788,2592.6463116329824
3024789,393.3613810267094
3024790,492.80366607282394
3024791,276.5076003423639
3024792,11931.669131754003
3024793,75.20692402692993
3024794,2.8322818802236056
3024795,61.64925533536877
3024796,57.937197298311695
3024797,0.3003590271685823
3024798,578.3481871835514
3024799,47.785560462668215
3024800,60.89108683756876
3024801,23.706869381487692
3024802,228.49027486965213
3024803,28.359779153683515
3024804,767.8829718746207
3024805,659.2869795499188
3024806,20.002339718305983
3024807,25.5875292628656
3024808,1190.3665237416083
3024809,252.2754928895587
3024810,8166.281796187337
3024811,1.6507347967396642
3024812,87.28330143391787
3024813,3.297720222075078
3024814,0.4999812188989566
3024815,0.8830745362946906
3024816,2022.2709313019975
3024817,0.0020291341221039976
3024818,176.87419046137214
3024819,5.248732301930023
3024820,824.1012192021301
3024821,308.7017273134405
3024822,127.94119691316382
3024823,149.87977652754032
3024824,39.85906989460276
3024825,3376.4897273127817
3024826,5.235535251669979
3024827,0.2797315437257882
3024828,13.909658300287708
3024829,9.031546219908233
3024830,0.22526927037643674
3024831,189.7022172255722
3024832,0.562624338257475
3024833,15.887606954246827
3024834,3.500740363543275
3024835,39.680234965147925
3024836,0.8196467963492347
3024837,72.13554164667761
3024838,98.93473036898696
3024839,2.427820219432067
3024840,4.845594778662559
3024841,116.14578133899509
3024842,22.633311488687646
3024843,961.3145455662849
3024844,0.09432770267083795
3024845,5.1840629269891
3024846,8.851775332938368
3024847,0.21427766524240996
3024848,2.4599933511066383
3024849,4419.509995630691
3024850,0.0020291341221039976
3024851,617.6448200881532
3024852,11.04803092923732
3024853,1803.5303662836695
3024854,796.269163388007
3024855,277.621073931053
3024856,330.1391780628686
3024857,70.75658335784568
3024858,7208.4080622660385
3024859,13.088838129174947
3024860,0.2797315437257882
3024861,25.633111428916486
3024862,21.816163490667304
3024863,0.07508975679214558
3024864,309.18187603614757
3024865,1.5003315686866
3024866,6.68746040412605
3024867,11.374879874036797
3024868,17.463355834193443
3024869,1.5737218489905305
3024870,391.6779922133556
3024871,307.54429795609747
3024872,4.348334721370866
3024873,7.25096197094829
3024874,146.73442893483474
3024875,69.1835117582858
3024876,2250.4418783103356
3024877,2.688339526118882
3024878,6.42681773825361
3024879,1.5967908443731957
3024880,0.18517822922183574
3024881,1.0407664177758853
3024882,1273.6419859750522
3024883,0.0020291341221039976
3024884,133.19644567613088
3024885,3.853964277640926
3024886,824.2379284369484
3024887,182.0803562165819
3024888,99.06892651053312
3024889,214.8149200149771
3024890,15.358900564948701
3024891,2505.655412195741
3024892,1.7862414388050516
3024893,0.31469798669151167
3024894,10.238823693125573
3024895,4.4299219101451035
3024896,0.05005983786143039
3024897,89.8282117364663
3024898,11.704670029600878
3024899,15.887606954246827
3024900,0.43308128208782776
3024901,33.12877489430648
3024902,0.2950728466857245
3024903,75.15169815919687
3024904,82.11915809298937
3024905,0.6522502082056298
3024906,1.2549741872795117
3024907,61.78843746669783
3024908,11.682834127442774
3024909,349.4237774780362
3024910,50.35003151452283
3024911,2.3434805012416478
3024912,7.671538621879919
3024913,0.18517822922183574
3024914,2.2392247170329656
3024915,2821.773627316391
3024916,0.0020291341221039976
3024917,247.8370123564292
3024918,10.167124808633682
3024919,1191.789682104672
3024920,470.3001031881933
3024921,197.33346827826477
3024922,195.8146047180101
3024923,52.18724052345275
3024924,4601.100482946119
3024925,3.541685611423809
3024926,0.6993288593144704
3024927,30.987223072106907
3024928,17.925730520122045
3024929,0.20023935144572155
3024930,244.5215406152455
3024931,11.704670029600878
3024932,15.887606954246827
3024933,13.822510919969837
3024934,32.68975952873463
3024935,1.3770066178667142
3024936,268.95409989114086
3024937,233.22091835484898
3024938,1.8842783792607083
3024939,4.322688867296096
3024940,227.41844612197346
3024941,29.224522384468795
3024942,2096.513171744833
3024943,50.35003151452283
3024944,0.9942038490116082
3024945,3.818412888718511
3024946,0.4285553304848199
3024947,1.7661490725893811
3024948,2994.4510245421034
3024949,0.0020291341221039976
3024950,714.4791213276536
3024951,9.396331953105497
3024952,1088.3159812622348
3024953,711.6780536229769
3024954,247.3514174782295
3024955,124.65042013504747
3024956,53.64885579221229
3024957,6111.712126832623
3024958,6.990979424288736
3024959,4.440738256646887
3024960,33.09916071979457
3024961,38.672531465968284
3024962,0.10011967572286078
3024963,209.7255441570478
3024964,1.9879393285097449
3024965,6.139088650987714
3024966,3.5368304703839266
3024967,32.385825814107974
3024968,2.393368645339765
3024969,179.93619240311426
3024970,295.33446659427887
3024971,3.6598483904871455
3024972,6.623474877308534
3024973,156.80348397823323
3024974,31.406387561630968
3024975,1069.9582782191142
3024976,5.282351349566925
3024977,3.373191630575099
3024978,4.234967022033258
3024979,0.18517822922183574
3024980,0.5676907733323011
3024981,1770.7768908443222
3024982,0.0020291341221039976
3024983,115.61317332048137
3024984,3.4135112173391056
3024985,525.3149010986682
3024986,205.79456039817723
3024987,103.61771518742628
3024988,153.77727710127715
3024989,42.99959416863016
3024990,2913.134607351563
3024991,6.929384891916149
3024992,0.4895302015201293
3024993,10.383032477535792
3024994,8.859843820290207
3024995,0.15017951358429116
3024996,103.49925022061552
3024997,11.704670029600878
3024998,15.887606954246827
3024999,0.39699117524717553
3025000,47.346118656287146
3025001,0.6885033089333571
3025002,202.3529597932216
3025003,92.2848978572552
3025004,1.123319803020807
3025005,1.4435689193123495
3025006,59.68720411777266
3025007,20.50598945354135
3025008,632.9008531173338
3025009,0.09432770267083795
3025010,0.8166674474023924
3025011,5.068075288662752
3025012,0.18517822922183574
3025013,0.8830745362946906
3025014,4350.678427880621
3025015,0.0020291341221039976
3025016,555.9677870476096
3025017,11.52518841123096
3025018,1098.3233734312032
3025019,708.9947256182408
3025020,233.6288081707551
3025021,142.08477538006667
3025022,78.39222641136757
3025023,5981.99127846324
3025024,7.144965755220206
3025025,0.45456375855440584
3025026,30.680418883274164
3025027,10.714229736164901
3025028,0.12514959465357597
3025029,225.4525100224894
3025030,11.704670029600878
3025031,27.84236146357826
3025032,3.3202898293400134
3025033,60.65166127438781
3025034,0.9507902837651122
3025035,244.7163667065187
3025036,245.03796348811818
3025037,2.8626536915691534
3025038,3.6603413795652426
3025039,130.74880123470015
3025040,46.92419045820321
3025041,2208.8305237299605
3025042,1.3205878373917312
3025043,1.4202912128737257
3025044,3.9225514220471984
3025045,0.18517822922183574
3025046,6.559982269617702
3025047,3859.81309202383
3025048,0.0020291341221039976
3025049,563.4679449722016
3025050,7.96485950712458
3025051,1003.3587867801808
3025052,1011.7889569299876
3025053,173.70811447973267
3025054,128.3432605831832
3025055,89.32304774256062
3025056,5401.408154311328
3025057,54.387972084995184
3025058,1.608456376423282
3025059,33.997220924709204
3025060,29.668114225199687
3025061,0.20023935144572155
3025062,252.2414060040726
3025063,24.830487461763227
3025064,24.391631895049223
3025065,1.8045053420326158
3025066,111.26000180100117
3025067,9.409545222089214
3025068,226.18050218390707
3025069,306.7162056055799
3025070,13.842198863030589
3025071,15.233992217809629
3025072,260.8388394463566
3025073,70.10910601861652
3025074,2574.534917722594
3025075,50.35003151452283
3025076,12.589603269019435
3025077,6.213599155278304
3025078,0.18517822922183574
3025079,7.159211419246242
3025080,3750.9601023117666
3025081,0.0020291341221039976
3025082,508.9844256640693
3025083,14.278020038117335
3025084,1371.1252706096645
3025085,935.5506576338493
3025086,160.33548633873363
3025087,94.33660334946458
3025088,87.53671001424719
3025089,5789.421813994913
3025090,27.378769639615356
3025091,1.1888590608345997
3025092,44.86046865433103
3025093,69.50341434138126
3025094,0.16964722830818074
3025095,353.2329249464878
3025096,24.830487461763227
3025097,19.21764937185696
3025098,10.1413200222233
3025099,104.23305431883269
3025100,11.868485611136917
3025101,170.7345038603448
3025102,499.21421882411937
3025103,8.769141688097912
3025104,10.771861774149142
3025105,137.30320208608353
3025106,84.20540526897778
3025107,2131.6257621997675
3025108,3.725944255498099
3025109,16.611264431126916
3025110,9.754309288453651
3025111,0.3214164978636149
3025112,2.962399685505725
3025113,4680.4884651775465
3025114,0.0020291341221039976
3025115,723.8869319983603
3025116,7.377588760055486
3025117,2669.1960260253145
3025118,762.2409171882068
3025119,220.08014389426938
3025120,480.99332973384315
3025121,56.59620935227627
3025122,8141.632306342766
3025123,28.887835682743766
3025124,1.7832885912518996
3025125,26.872585930922323
3025126,17.754028120504017
3025127,0.05005983786143039
3025128,377.36101024426165
3025129,6.263884299266555
3025130,15.625075248440407
3025131,8.192454252828076
3025132,53.34509477476279
3025133,3.6392317757906016
3025134,167.7567703556093
3025135,352.7060011463596
3025136,7.754530253111378
3025137,10.66728059187585
3025138,248.2393991917337
3025139,56.539546630285834
3025140,2696.560763772501
3025141,6.3501409438008105
3025142,17.288423774144785
3025143,4.373818399804841
3025144,0.4285553304848199
3025145,4.746210248821
3025146,3513.108850132802
3025147,0.00811653648841599
3025148,414.980961985417
3025149,8.221790458967309
3025150,910.2183708280967
3025151,900.987430236598
3025152,221.57392369299268
3025153,143.95117925276224
3025154,72.29168816740064
3025155,5063.383002188402
3025156,25.469339136065134
3025157,1.7133557053204527
3025158,16.36409181094964
3025159,12.590250154391466
3025160,0.10011967572286078
3025161,244.95408286509004
3025162,22.204907216561683
3025163,23.476505734484604
3025164,2.1654064104391386
3025165,90.76169897419679
3025166,7.540750526412959
3025167,389.70499129521227
3025168,283.67704532318845
3025169,6.703682695446751
3025170,9.830631133689508
3025171,398.26204803556334
3025172,53.020258396897
3025173,2405.3741010924687
3025174,0.04716385133541898
3025175,27.136755710909096
3025176,3.9225514220471984
3025177,0.2499906094494783
3025178,2.803130885209718
3025179,6107.7717963516925
3025180,0.0020291341221039976
3025181,470.3537842749017
3025182,11.451779567847323
3025183,2581.296821191944
3025184,727.8263567082485
3025185,300.6768333279317
3025186,186.69723730444716
3025187,57.17220315799215
3025188,8928.404599192956
3025189,10.440273237153663
3025190,2.5525503364978173
3025191,31.242112098551967
3025192,24.405779081706395
3025193,0.17520943251500634
3025194,480.75854545143716
3025195,11.704670029600878
3025196,0.17598580010858023
3025197,8.769895962278513
3025198,42.78711293688717
3025199,2.13108167050801
3025200,142.15080600716917
3025201,364.49864961947054
3025202,3.5873761451309645
3025203,10.492978621420361
3025204,190.7450157264458
3025205,60.750737462702425
3025206,1912.6472226336107
3025207,50.35003151452283
3025208,6.391310457931767
3025209,7.879815688537293
3025210,0.035712944207068324
3025211,7.789978945171021
3025212,3774.5465356685227
3025213,0.0020291341221039976
3025214,566.2781681174718
3025215,12.112459158300052
3025216,1412.475671438101
3025217,874.1874720844905
3025218,255.28740412845332
3025219,138.67963056303688
3025220,111.7782231674034
3025221,6090.826811324652
3025222,40.83717496302583
3025223,1.608456376423282
3025224,27.688086606762113
3025225,38.02349639541214
3025226,0.07508975679214558
3025227,282.54741115470426
3025228,22.65500668716766
3025229,21.329478973159926
3025230,9.816509060657431
3025231,151.98576874446482
3025232,11.6717703800131
3025233,234.96963480312246
3025234,502.68969732553387
3025235,14.458212948558128
3025236,9.063702463685361
3025237,210.7951838579947
3025238,66.09265240749339
3025239,2220.7385891213844
3025240,0.9432770267083795
3025241,7.437349965194021
3025242,3.818412888718511
3025243,0.18517822922183574
3025244,4.395818888169785
3025245,3571.370442581958
3025246,0.0020291341221039976
3025247,528.1772349210027
3025248,10.42405576047641
3025249,829.8695894157113
3025250,1012.70952005825
3025251,187.02606070087637
3025252,135.5787195690808
3025253,91.38611260325746
3025254,4739.807893388486
3025255,28.887835682743766
3025256,1.1538926178688762
3025257,29.166226646966862
3025258,22.717944493461186
3025259,0.05005983786143039
3025260,222.51325026534263
3025261,18.52909487327951
3025262,38.892861823996235
3025263,5.160885278213281
3025264,69.61466651872817
3025265,9.770189812482878
3025266,240.16643670364198
3025267,262.770501662353
3025268,9.747517000406358
3025269,9.09856285777646
3025270,235.1022496157053
3025271,56.76870454984234
3025272,2478.2187537463215
3025273,0.23581925667709489
3025274,15.552508346490196
3025275,6.421876221935678
3025276,0.10713883262120498
3025277,3.6950361668673555
3025278,6403.754779293803
3025279,0.0020291341221039976
3025280,628.3388548739956
3025281,18.42561968929281
3025282,1519.8096820374515
3025283,829.2128002059804
3025284,322.9996326983612
3025285,238.3043207941946
3025286,56.939129339622276
3025287,7467.302533360961
3025288,9.48555798537855
3025289,0.1398657718628941
3025290,18.20635903179019
3025291,20.532859755922168
3025292,0.10011967572286078
3025293,265.83100489274324
3025294,11.704670029600878
3025295,8.980555379540851
3025296,1.4075141667854403
3025297,85.54315709405695
3025298,3.3441589291048777
3025299,217.19861437077566
3025300,333.5905208648632
3025301,3.94973737191187
3025302,2.8236919213789013
3025303,266.15899952641007
3025304,144.06587512980647
3025305,2103.2928452823653
3025306,3.631616552827261
3025307,0.9586965686897649
3025308,15.863769910403269
3025309,0.18517822922183574
3025310,15.895026269541468
3025311,14219.692377945988
3025312,0.0020291341221039976
3025313,1872.3847463285865
3025314,29.91410367883195
3025315,2961.9264012065996
3025316,3170.252438084814
3025317,646.6764840187291
3025318,631.3454783694629
3025319,353.89889468401685
3025320,15066.666373211548
3025321,86.50952071729982
3025322,5.140067115961358
3025323,131.48632492758875
3025324,126.27337872708961
3025325,0.22526927037643674
3025326,791.0826033660805
3025327,35.16177064373915
3025328,29.248839978046036
3025329,35.118561164501955
3025330,357.39362880473124
3025331,25.999196380197723
3025332,921.054941225157
3025333,752.136834351698
3025334,43.773236195133386
3025335,37.85838798293194
3025336,1240.8255082946305
3025337,309.29769813063507
3025338,9749.960521934912
3025339,333.84790676222315
3025340,99.84624232129586
3025341,17.634124976990943
3025342,0.18517822922183574
3025343,13.728970585515778
3025344,13225.67741741431
3025345,0.004058268244207995
3025346,1433.8993498384061
3025347,28.886379871461035
3025348,3147.4567132206294
3025349,2777.3199168847086
3025350,814.1331382008723
3025351,392.98878663403696
3025352,262.80982844898085
3025353,16954.240865257896
3025354,138.31052244264632
3025355,2.063020134977688
3025356,77.5122216204929
3025357,85.67675017100171
3025358,0.6507778921985949
3025359,766.9508009083471
3025360,30.09740143363754
3025361,39.28003058423511
3025362,4.654180178170523
3025363,236.33514174829372
3025364,20.22888293389911
3025365,1215.6291991460985
3025366,932.2092800278757
3025367,26.52484180036228
3025368,31.304633893805594
3025369,1363.8957582900055
3025370,260.19924575346806
3025371,6797.217911735633
3025372,587.872881693303
3025373,95.00988106189142
3025374,13.052029510528731
3025375,0.18517822922183574
3025376,18.984840995284
3025377,8259.610222980176
3025378,0.020291341221039975
3025379,1063.1853610034916
3025380,16.296763231167343
3025381,2832.9381311275147
3025382,2017.7304705046756
3025383,949.8108867915355
3025384,155.73464102979545
3025385,205.00464251046515
3025386,14727.790272539114
3025387,47.21220906358869
3025388,3.1469798669151174
3025389,48.46532774262549
3025390,25.604948640638696
3025391,0.3504188650300127
3025392,709.4267367626146
3025393,35.44533331022093
3025394,28.15772801737284
3025395,9.458495200798158
3025396,133.9513552309006
3025397,10.327549634000356
3025398,1086.5521665491638
3025399,890.9269943265073
3025400,26.633550168396553
3025401,46.40267057465994
3025402,855.0344161705432
3025403,144.15619996795004
3025404,3072.2705413363606
3025405,369.4952888785595
3025406,52.77571378122498
3025407,18.224243332520167
3025408,0.18517822922183574
3025409,19.813038756823232
3025410,12477.29809897441
3025411,0.012174804732623987
3025412,1383.0892893218324
3025413,24.004691786449197
3025414,2906.620611215808
3025415,2667.4305313020996
3025416,765.0584072398015
3025417,361.97967669447587
3025418,204.26973049706714
3025419,15735.188894315257
3025420,50.7846919411988
3025421,1.9930872490462408
3025422,76.70897869132797
3025423,81.45870902198526
3025424,0.5005983786143039
3025425,725.3983593381245
3025426,34.07328009065703
3025427,31.043895139153555
3025428,7.76947820065563
3025429,224.56513979731244
3025430,14.4585694876005
3025431,955.4404796252869
3025432,914.185376026607
3025433,25.329049751985295
3025434,32.87335162790499
3025435,1218.1121059977859
3025436,236.59318906238704
3025437,6036.230101161506
3025438,448.85177021999533
3025439,75.90363881617662
3025440,14.093414843815596
3025441,0.18517822922183574
3025442,20.83235907871768
3025443,7073.23529000335
3025444,0.0020291341221039976
3025445,941.6045359355043
3025446,20.11402308711645
3025447,2646.5747903669794
3025448,1606.6770632551181
3025449,748.3784020583705
3025450,124.51880369063734
3025451,158.31617194067422
3025452,12930.10028011402
3025453,45.30277856003846
3025454,0.5244966444858529
3025455,36.958908834534085
3025456,76.04424555243038
3025457,0.15017951358429116
3025458,663.7181724339248
3025459,29.025789610703136
3025460,13.3749208082521
3025461,2.7879607534403914
3025462,130.75633648191962
3025463,6.393245011524029
3025464,961.1222637618993
3025465,1024.402516147679
3025466,19.386325632778444
3025467,27.02377749941882
3025468,934.1117251910022
3025469,100.7118191100522
3025470,2171.939149329429
3025471,336.0631928594478
3025472,25.59248688712847
3025473,12.670188221656877
3025474,0.18517822922183574
3025475,11.308084821016475
3025476,9169.91940447124
3025477,0.0020291341221039976
3025478,1343.029603475531
3025479,28.225700281008308
3025480,2115.145603263599
3025481,2698.2825783871235
3025482,502.3519119062736
3025483,464.2752849284278
3025484,260.60988875870606
3025485,11645.758809738203
3025486,65.78296057392397
3025487,1.7483221482861762
3025488,57.131554641757624
3025489,69.14970739816812
3025490,0.37544878396072784
3025491,537.7642347446215
3025492,18.313422210280812
3025493,31.81823265963131
3025494,12.19268169504598
3025495,257.4825119078897
3025496,18.5240175974927
3025497,817.7729549098848
3025498,636.794652978791
3025499,20.763298294545883
3025500,32.629328869267304
3025501,1053.3472760520317
3025502,222.83482063666636
3025503,7863.655233755404
3025504,303.9422519074606
3025505,85.04484550690603
3025506,6.2483119997212
3025507,0.4285553304848199
3025508,6.338898251781067
3025509,2469.279921680998
3025510,0.0020291341221039976
3025511,397.54592972415105
3025512,26.57400130487648
3025513,1047.2866400004173
3025514,668.4489364113031
3025515,251.67301043154163
3025516,85.86077996598458
3025517,73.32873665588824
3025518,4419.449887527174
3025519,60.208655394204754
3025520,1.3287248326974939
3025521,31.897541023696412
3025522,21.50675576655562
3025523,0.2753291082378671
3025524,230.5098751093437
3025525,15.153348843734658
3025526,10.101584926232507
3025527,12.59544728738766
3025528,62.82917748762419
3025529,7.016176576749448
3025530,254.7371886024442
3025531,287.73699809725366
3025532,3.7685567585214166
3025533,7.669286700041461
3025534,240.01508747888747
3025535,58.75349593888557
3025536,1650.1878642653423
3025537,1.5564070940688262
3025538,10.419591533540364
3025539,11.073397377283683
3025540,0.18517822922183574
3025541,13.79267810563418
3025542,6035.125498055768
3025543,0.004058268244207995
3025544,669.7260218243719
3025545,35.0160182939947
3025546,2058.1506256819844
3025547,1411.884587085968
3025548,548.0555646691703
3025549,112.39079624760902
3025550,123.1079140117036
3025551,10537.567884419444
3025552,116.81403064461311
3025553,1.6783892623547292
3025554,62.293868601682455
3025555,36.3583265239165
3025556,0.15017951358429116
3025557,495.84751149835796
3025558,21.31108468451664
3025559,9.89040196610221
3025560,3.3924700430213175
3025561,135.69053148681985
3025562,9.212829990965398
3025563,595.2371171285866
3025564,619.1495942574097
3025565,14.566921316592401
3025566,26.180155962414258
3025567,435.5236200549453
3025568,86.78766003859269
3025569,2298.4210967983377
3025570,328.3509598890801
3025571,20.318533481790848
3025572,8.261656977409144
3025573,0.18517822922183574
3025574,5.510700490241831
3025575,6379.2878628166245
3025576,0.00811653648841599
3025577,987.2585877037827
3025578,10.6075778689355
3025579,1634.6116072014195
3025580,2009.589308996856
3025581,294.14789523761965
3025582,355.7434001399642
3025583,210.6671821981443
3025584,8012.41127662326
3025585,43.60892891979229
3025586,1.9930872490462408
3025587,38.998021046094586
3025588,41.57739266270606
3025589,0.2753291082378671
3025590,356.4496200060739
3025591,3.1506962942418597
3025592,49.452009830511045
3025593,6.8210301928832875
3025594,160.68333854469788
3025595,10.557050736978141
3025596,658.909849960208
3025597,342.3576349546227
3025598,22.792521164518956
3025599,11.020416384018667
3025600,1009.511594708099
3025601,128.84314212225198
3025602,5724.178422757424
3025603,5.4710067549086006
3025604,51.30808912494821
3025605,12.323059777227924
3025606,0.18517822922183574
3025607,8.218270095273946
3025608,6487.418431621265
3025609,0.0020291341221039976
3025610,1011.7676217130381
3025611,14.131202351350064
3025612,1871.3975255120804
3025613,1467.8521888266762
3025614,406.8134025616642
3025615,228.29595828836827
3025616,272.2141821242942
3025617,9611.453378403481
3025618,51.3082454663658
3025619,3.601543625469523
3025620,56.22123669016811
3025621,49.38847822612936
3025622,0.20023935144572155
3025623,399.5271109306312
3025624,9.752155196462901
3025625,59.93583591457939
3025626,11.115752906920914
3025627,261.75379371077645
3025628,10.622622480686081
3025629,511.6375669571731
3025630,419.8640816591021
3025631,16.704852554599743
3025632,28.09747763742462
3025633,521.3841521113956
3025634,135.79502156731277
3025635,5153.5201242321555
3025636,6.6972668896294945
3025637,9.833421339435112
3025638,9.893160666225235
3025639,0.035712944207068324
3025640,3.437683016290046
3025641,3167.265594701563
3025642,0.0020291341221039976
3025643,539.2380416938513
3025644,8.809061206036402
3025645,1114.9639252915806
3025646,655.1538663791027
3025647,253.83862444026752
3025648,94.68114901545972
3025649,102.0871653699984
3025650,4912.451159953905
3025651,15.675808488823641
3025652,1.6783892623547292
3025653,32.30276770788913
3025654,25.359757613984154
3025655,0.07508975679214558
3025656,231.9365886865653
3025657,6.526442323786711
3025658,14.290046968816716
3025659,8.26463446650938
3025660,93.89964572565343
3025661,3.5736600320826626
3025662,298.5453659204273
3025663,263.8341960452569
3025664,5.435418401713583
3025665,6.7977768477640215
3025666,206.37835093326117
3025667,69.83283321684954
3025668,2165.227804231466
3025669,0.47163851335418977
3025670,4.303482375007389
3025671,7.011994577464902
3025672,0.18517822922183574
3025673,1.401565442604859
3025674,4500.6794680156045
3025675,0.0020291341221039976
3025676,262.37580471916533
3025677,5.212027880238205
3025678,1368.0037430813145
3025679,293.43041257032826
3025680,246.88099750286494
3025681,70.64219789898
3025682,27.368568649953342
3025683,5197.935658085851
3025684,10.255489640035899
3025685,0.9790604030402587
3025686,25.48890264450627
3025687,10.851591655859323
3025688,0.05005983786143039
3025689,240.31946024273222
3025690,11.704670029600878
3025691,15.887606954246827
3025692,4.1503622866750165
3025693,26.87719608856335
3025694,1.114719643034959
3025695,54.5462026721742
3025696,203.3555725601526
3025697,0.1449444907123622
3025698,2.440227586376828
3025699,68.09213723127233
3025700,89.62651852993413
3025701,1040.408323846757
3025702,50.35003151452283
3025703,2.9826115470348245
3025704,7.671538621879919
3025705,0.07142588841413665
3025706,6.275190731662664
3025707,4733.99182796802
3025708,0.0020291341221039976
3025709,623.7636496445147
3025710,14.131202351350064
3025711,1433.900356066436
3025712,1200.8735022943033
3025713,390.3280627141808
3025714,182.43693014441743
3025715,119.44085555576173
3025716,7350.6536916054
3025717,32.52191309272646
3025718,1.3986577186289408
3025719,30.89673205988949
3025720,61.32110818998378
3025721,0.16964722830818074
3025722,355.02256850521957
3025723,26.893443368707306
3025724,19.041663571748384
3025725,10.509439111997956
3025726,98.23137656733813
3025727,7.114534192311357
3025728,473.74214514261206
3025729,399.8403485722822
3025730,10.182350472543444
3025731,15.37343379417402
3025732,564.6954122380965
3025733,99.75863892329018
3025734,2695.653181845453
3025735,50.35003151452283
3025736,39.267878147757614
3025737,5.797045021963558
3025738,0.07142588841413665
3025739,5.2353704651756665
3025740,5213.791416296342
3025741,0.01623307297683198
3025742,707.8527016240577
3025743,19.52675234004736
3025744,1147.5331743603272
3025745,1535.2587211814616
3025746,211.30664660276398
3025747,270.1927112733752
3025748,171.97156168259133
3025749,5696.862804758323
3025750,35.10888345237515
3025751,3.1819463098808405
3025752,31.533413843060607
3025753,31.762883500539623
3025754,0.6007180543371646
3025755,249.31194603227385
3025756,16.05354778494662
3025757,44.06684434718849
3025758,9.534284425163529
3025759,170.4382599677044
3025760,12.491417176362337
3025761,474.6754718831545
3025762,279.23650465065316
3025763,7.682058007755195
3025764,14.955109065080848
3025765,651.5585381198385
3025766,130.52187848002924
3025767,5007.793015871093
3025768,0.5188023646896087
3025769,43.57605852688674
3025770,5.033362444219856
3025771,0.6071200515201616
3025772,9.713819899241598
3025773,4668.962805350907
3025774,0.004058268244207995
3025775,827.7050198757709
3025776,22.499810497084642
3025777,1217.1264602909885
3025778,1484.6552122275139
3025779,290.58367172500317
3025780,324.6653810672041
3025781,127.24747234214986
3025782,4960.009185051059
3025783,36.741138560248736
3025784,4.056107384023929
3025785,42.036860655578934
3025786,56.00932275540048
3025787,0.16964722830818074
3025788,347.45307913294005
3025789,33.94500174153433
3025790,36.851426542736704
3025791,23.314209019061394
3025792,141.63311101602588
3025793,18.68794695676255
3025794,457.31379917141754
3025795,340.6470805538062
3025796,20.58211768115543
3025797,19.940145420107797
3025798,640.2305301105428
3025799,151.11759879550263
3025800,4732.738457534766
3025801,1.4620793913979881
3025802,41.740725411464
3025803,12.809039599428463
3025804,0.35712944207068326
3025805,6.975973452965094
3025806,4333.286013976387
3025807,0.0020291341221039976
3025808,539.9568835339583
3025809,16.884033978236438
3025810,2132.198008955133
3025811,929.1609095876364
3025812,606.7648364268235
3025813,214.91931735177363
3025814,84.01911121448751
3025815,9982.617837275915
3025816,11.056218560879543
3025817,1.2587919467660467
3025818,52.87991915538333
3025819,42.20788387410346
3025820,0.16964722830818074
3025821,435.75928282776584
3025822,13.315442672093575
3025823,6.185548902216379
3025824,7.877748521177587
3025825,54.81174379990013
3025826,3.2785871853969386
3025827,368.37807158113816
3025828,518.8486509195554
3025829,8.225599847926555
3025830,7.94816985277024
3025831,433.46221091072414
3025832,105.96103826398021
3025833,2454.1412523857125
3025834,123.58957095487195
3025835,17.97453093405012
3025836,4.998649603735735
3025837,0.18517822922368382
3025838,3.027683796979727
3025839,2807.926523181218
3025840,0.004058268244207995
3025841,355.8421096528927
3025842,13.397128566957042
3025843,688.4191713070342
3025844,790.1009512420919
3025845,134.15787591567423
3025846,131.27189952225515
3025847,96.6266725224024
3025848,3618.6119895252614
3025849,18.201185939738444
3025850,1.7133557053233517
3025851,23.7775049176928
3025852,23.118011269467985
3025853,0.3504188655207468
3025854,174.41355995405465
3025855,15.078332276026943
3025856,20.296094918441835
3025857,6.604489518523168
3025858,90.0206478675135
3025859,5.868457804375791
3025860,302.4807309196743
3025861,161.62790014325444
3025862,4.0584457893774095
3025863,8.379741531625111
3025864,310.44469722722636
3025865,62.85169450524368
3025866,3587.9122556997895
3025867,50.35069491725955
3025868,26.822924248708365
3025869,1.3808769530319969
3025870,0.18517822922368382
3025871,2.1979092063699706
3025872,2109.3472338055963
3025873,0.0020291341221039976
3025874,126.95941834285732
3025875,4.9044501893610954
3025876,1386.5633424539565
3025877,476.4298673509795
3025878,367.46437277006544
3025879,53.21163297169839
3025880,28.979204843871912
3025881,3999.598556832495
3025882,5.2774200044561415
3025883,0.41959731558939223
3025884,10.92958378064341
3025885,8.50957099312859
3025886,0.05005983793153526
3025887,237.85298516200407
3025888,4.172422095485665
3025889,15.88761052653108
3025890,1.822550386259125
3025891,15.067155449561765
3025892,0.39735032731304243
3025893,219.69598553269017
3025894,253.5304826050871
3025895,0.9515605931165246
3025896,4.0535666249162485
3025897,168.55884920347043
3025898,29.037945791458245
3025899,404.2408724061838
3025900,1.8394144375476795
3025901,1.828980014320355
3025902,8.261656983952117
3025903,0.21427766524454844
3025904,4.459525925968055
3025905,5812.676713198488
3025906,0.0020291341221039976
3025907,763.7538145231616
3025908,14.461557959948149
3025909,2340.4750093899456
3025910,1035.9630767935005
3025911,583.6660424945045
3025912,310.79087348545755
3025913,67.34185612508062
3025914,11058.55999608809
3025915,28.9802300664871
3025916,0.8042281882130018
3025917,27.964967498909754
3025918,21.88553143515247
3025919,0.10011967586307052
3025920,514.2982056606227
3025921,13.297063619836596
3025922,2.3230130837561753
3025923,10.32177050435861
3025924,40.725491847867396
3025925,2.3277123134674924
3025926,652.14369120268
3025927,447.2117657095814
3025928,2.9351259726747334
3025929,15.756898129189405
3025930,442.58213686662344
3025931,104.19480355383601
3025932,1632.2701403511053
3025933,21.129212150691924
3025934,10.794213247008113
3025935,5.970609248906571
3025936,0.18517822922368382
3025937,0.8830744407857536
3025938,1972.8253467858497
3025939,0.0020291341221039976
3025940,199.69548128601394
3025941,12.406108097620493
3025942,1357.0583074409674
3025943,640.1099462887152
3025944,228.39314989607894
3025945,64.8655456473959
3025946,31.701618245404227
3025947,4356.881624012699
3025948,8.530843494598221
3025949,0.45456375855517495
3025950,15.754809711509338
3025951,19.745776113998946
3025952,0.22526927069190866
3025953,180.76348372389043
3025954,8.101790476671194
3025955,15.88761052653108
3025956,5.55859822755704
3025957,38.76881490070134
3025958,1.5736646626259105
3025959,159.6768729193551
3025960,196.66952594185983
3025961,1.7755700328526165
3025962,7.041799606407655
3025963,167.44777043273305
3025964,32.25857185744176
3025965,373.6663803208491
3025966,3.8863525552289433
3025967,3.5507280417789846
3025968,4.963936759265348
3025969,0.18517822922368382
3025970,3.658451254683836
3025971,1877.5019933610706
3025972,0.0020291341221039976
3025973,129.3388437597692
3025974,7.964868216519665
3025975,1048.600438007499
3025976,441.82636072991454
3025977,176.25922653311892
3025978,51.74628024553526
3025979,25.349165127299102
3025980,4231.546745022431
3025981,14.443919129843199
3025982,0.06993288593156538
3025983,17.196897556956415
3025984,9.168908212935163
3025985,0.02502991896576763
3025986,147.9578533915156
3025987,1.650364726729317
3025988,15.88761052653108
3025989,2.92329863934632
3025990,41.09899628410586
3025991,0.983540414141194
3025992,161.0685699167195
3025993,212.50540065627288
3025994,0.5435418467916173
3025995,5.682244236853702
3025996,100.63767296590149
3025997,23.435416527784714
3025998,202.8477358181387
3025999,3.4430065113071953
3026000,2.0594222642318107
3026001,3.7142743583314135
3026002,0.18517822922368382
3026003,2.293470476212143
3026004,1875.764353450542
3026005,0.0020291341221039976
3026006,176.4307018985259
3026007,10.534180544429237
3026008,1778.6413658177746
3026009,597.76184532865
3026010,272.07786359754385
3026011,41.236948279058026
3026012,34.52037393975719
3026013,4596.014280161492
3026014,10.039909672343033
3026015,0.34966442965782685
3026016,13.363467541796716
3026017,21.642744240150776
3026018,0.10011967586307052
3026019,204.17280835970558
3026020,1.1627569665592916
3026021,15.88761052653108
3026022,3.139839279297899
3026023,20.76900798251857
3026024,2.0326501892251345
3026025,259.04726171158217
3026026,277.63926614041753
3026027,1.1957920629415582
3026028,4.810734384575527
3026029,92.16525818621538
3026030,92.20720431467676
3026031,421.56766472087065
3026032,2.550654686732782
3026033,4.79348285640163
3026034,4.061402803035285
3026035,0.9285365493930433
3026036,3.4692210173726035
3026037,2111.5144965671752
3026038,0.0020291341221039976
3026039,168.3116128616018
3026040,3.0464703316642043
3026041,1106.6794350988598
3026042,531.3560683367969
3026043,283.8323057492699
3026044,95.94115308469449
3026045,53.208963813142034
3026046,4035.416013882852
3026047,7.606925426591193
3026048,1.0839597319392633
3026049,14.273785494235186
3026050,17.93156854512492
3026051,0.12514959482883814
3026052,224.05353398511016
3026053,9.189530864742789
3026054,15.88761052653108
3026055,3.8616414124698295
3026056,23.70537423305514
3026057,1.934296147811015
3026058,128.72190053489675
3026059,205.56629231804712
3026060,1.0146114473443524
3026061,5.403361084124686
3026062,114.38527101876669
3026063,44.76827165309898
3026064,676.3002917702914
3026065,3.3519790788849635
3026066,4.971019258490578
3026067,4.934083713020814
3026068,0.21427766524454844
3026069,1.356150034063836
3026070,2145.9034731575293
3026071,0.0020291341221039976
3026072,218.4518756730373
3026073,6.027606721275851
3026074,1396.143347621046
3026075,420.51499474741746
3026076,245.21549780533542
3026077,177.72251285005538
3026078,31.803182784256993
3026079,3235.5802087114926
3026080,5.138832294255089
3026081,0.38463087262360957
3026082,13.038637254609764
3026083,14.109816503860674
3026084,0.20023935172614105
3026085,227.83084482004307
3026086,11.704670037927492
3026087,15.88761052653108
3026088,3.067659065980706
3026089,35.842242166124
3026090,1.5231762546999958
3026091,63.693944565978065
3026092,210.83945701706045
3026093,1.0508475704637934
3026094,3.231558532247474
3026095,76.16391770456254
3026096,38.37549456424747
3026097,882.9983373984035
3026098,50.35069491725955
3026099,1.0041458902150968
3026100,8.817062495478309
3026101,0.7499718283559195
3026102,2.9961454240945216
3026103,3864.906316555131
3026104,0.0020291341221039976
3026105,351.5434254659569
3026106,7.340892365455913
3026107,1415.107960372357
3026108,1172.6743910471998
3026109,559.939488997398
3026110,199.99049937531348
3026111,82.94603851969413
3026112,6932.120076972962
3026113,16.230160727990118
3026114,1.573489933460221
3026115,25.088362769204192
3026116,26.15164929018219
3026117,0.20023935172614105
3026118,307.84170910781665
3026119,0.6751492063892661
3026120,15.88761052653108
3026121,7.727613637738691
3026122,44.44230000812104
3026123,3.7374535737365373
3026124,257.97395609985585
3026125,313.2531679757566
3026126,2.50029249524144
3026127,8.993981675510767
3026128,386.8540374552978
3026129,59.948632457235
3026130,1515.3760462587354
3026131,9.211221529565687
3026132,15.161608738396264
3026133,3.9225514251537366
3026134,0.21427766524454844
3026135,3.949865820143135
3026136,2760.5809709005566
3026137,0.0020291341221039976
3026138,605.6645614786154
3026139,9.506455613265407
3026140,723.9300928026125
3026141,986.3097911023217
3026142,232.30060736805152
3026143,183.63491651357737
3026144,46.3688804406419
3026145,4256.154806374441
3026146,12.103326690892061
3026147,1.014026846007698
3026148,27.12747498266636
3026149,18.809654623794405
3026150,0.15017951379460578
3026151,201.56606513366586
3026152,11.890127690299854
3026153,5.103589350676446
3026154,5.504102166502559
3026155,53.830567031113176
3026156,1.9998655087537611
3026157,110.84331042862999
3026158,177.7331837348874
3026159,4.493279266810703
3026160,7.181241182772164
3026161,197.8710946311433
3026162,56.91793091269542
3026163,1918.6670790269234
3026164,41.15336070467251
3026165,14.921544033245228
3026166,6.664866138314314
3026167,0.821397716770769
3026168,3.1535219047916967
3026169,3252.1732625909663
3026170,0.0020291341221039976
3026171,190.33262601676785
3026172,7.340892365455913
3026173,1125.737258711256
3026174,560.0275452513933
3026175,322.3934688627881
3026176,60.79404948819778
3026177,33.900816655689155
3026178,5215.451765782007
3026179,36.7719391066797
3026180,1.3636912756655248
3026181,14.853504808104912
3026182,18.818583148645953
3026183,0.10011967586307052
3026184,192.77362904365697
3026185,9.939696649619751
3026186,15.88761052653108
3026187,4.4029930123487775
3026188,52.51350798831931
3026189,2.7539131595953434
3026190,149.77830600829387
3026191,208.15233872033915
3026192,1.4494449247776462
3026193,5.612523448671448
3026194,147.5672395288987
3026195,26.5043401207089
3026196,496.8050926419654
3026197,3.417066051290497
3026198,4.58043917389489
3026199,7.39383587219244
3026200,0.18517822922368382
3026201,6.938442034745207
3026202,4233.318007815948
3026203,0.0020291341221039976
3026204,731.2049131946029
3026205,12.66303933041145
3026206,977.6120818812504
3026207,981.8937245430619
3026208,250.89058375197436
3026209,173.03083448838984
3026210,86.82875386669087
3026211,5805.522083103548
3026212,43.6089328099317
3026213,1.573489933460221
3026214,21.155789214670012
3026215,31.55065958695247
3026216,0.10011967586307052
3026217,261.889496137919
3026218,25.35560352884133
3026219,18.182856955582427
3026220,5.2691555721550944
3026221,86.83876830310228
3026222,9.146925851513105
3026223,514.1272492633362
3026224,291.2508621298403
3026225,9.4213920110547
3026226,8.610517340508371
3026227,479.8841719232829
3026228,110.05452915546019
3026229,3620.0614824993236
3026230,50.35069491725955
3026231,35.57785728144494
3026232,8.226944139481729
3026233,0.03571294420742474
3026234,5.383284867775724
3026235,5223.233465248109
3026236,0.0020291341221039976
3026237,550.363346702023
3026238,8.809070838547097
3026239,2361.3832412075885
3026240,1224.8542819837262
3026241,775.1631036249094
3026242,112.29673594643059
3026243,68.81995755120099
3026244,9118.3870295655
3026245,12.380502111294168
3026246,0.5244966444867403
3026247,23.7775049176928
3026248,15.919903215110908
3026249,0.16964722854575837
3026250,374.89320047380846
3026251,2.7005968255570645
3026252,6.863447747461427
3026253,4.556375965647813
3026254,55.460343169708864
3026255,1.4425259407404178
3026256,372.4331634594626
3026257,439.35847951243215
3026258,4.493279266810703
3026259,6.623474877314131
3026260,366.5778612474475
3026261,72.34607235308006
3026262,1142.4697706009088
3026263,50.520224994338385
3026264,15.34379649124883
3026265,11.108110230523854
3026266,0.5356941631113711
3026267,4.068450102191508
3026268,4145.987240932142
3026269,0.0020291341221039976
3026270,490.93337035330524
3026271,7.891459292865107
3026272,2267.832678317552
3026273,1021.5174859342305
3026274,376.00008619444975
3026275,287.57986546678103
3026276,71.5242818374808
3026277,6731.232284099924
3026278,15.645012618252334
3026279,0.664362416349871
3026280,40.70941883304831
3026281,30.972709305215773
3026282,0.20023935172614105
3026283,350.5336344649541
3026284,4.463486420017926
3026285,3.625308297377061
3026286,11.512744024092296
3026287,89.11221483543261
3026288,2.098219550167881
3026289,120.78006251773874
3026290,336.439757605364
3026291,2.9713620957941744
3026292,5.647383842762575
3026293,186.69596125145318
3026294,161.13875119654216
3026295,1515.9460367575095
3026296,0.8961249823950233
3026297,8.095659935256084
3026298,4.929223914794961
3026299,0.21427766524454844
3026300,2.3653779663904118
3026301,2108.1767378370137
3026302,0.0020291341221039976
3026303,162.9829700963327
3026304,9.689977922401805
3026305,873.7175299886372
3026306,514.1641674282359
3026307,163.10063286956012
3026308,54.70420480563647
3026309,43.105655555317696
3026310,3947.471833101815
3026311,10.101504210210168
3026312,0.8391946311787845
3026313,24.28728297105834
3026314,18.798665670130962
3026315,0.16964722854575837
3026316,179.81290442717668
3026317,1.4253149912662284
3026318,15.88761052653108
3026319,4.511263332324567
3026320,101.54086200259734
3026321,2.589989757238478
3026322,109.9746098335357
3026323,176.37010725518874
3026324,1.413208801658205
3026325,6.414312512767369
3026326,164.19219436393718
3026327,30.235872216650815
3026328,554.1103405800338
3026329,3.280289080293362
3026330,2.6630460313342383
3026331,2.256334890575158
3026332,0.18517822922368382
3026333,1.5453802713750688
3026334,1967.8641428738015
3026335,0.00811653648841599
3026336,300.44285198817107
3026337,14.608375807257268
3026338,586.4454536035989
3026339,577.04258379278
3026340,139.06831932955285
3026341,49.78684903140648
3026342,51.62706860192908
3026343,3244.9147729208094
3026344,21.92765548070012
3026345,0.4895302015209576
3026346,13.663782335611073
3026347,16.093322640112117
3026348,0.20023935172614105
3026349,133.21052630730492
3026350,14.365674780393828
3026351,2.7728328899744166
3026352,2.952531625739783
3026353,53.754920563014245
3026354,4.950486751177344
3026355,609.4069260421913
3026356,166.15522396613503
3026357,3.877265173780204
3026358,6.205150148220608
3026359,330.23717986787483
3026360,33.276129308160684
3026361,1818.955044576076
3026362,50.35069491725955
3026363,8.559375448477883
3026364,2.9853046244532857
3026365,0.14285177682969896
3026366,4.509987322584385
3026367,4875.387966092029
3026368,0.0020291341221039976
3026369,849.1547515471774
3026370,18.645866608258018
3026371,1213.7041457968783
3026372,1583.077106018455
3026373,307.5238843573649
3026374,231.77587088876913
3026375,134.0401478591516
3026376,6252.270130851699
3026377,32.05995695984386
3026378,0.9440939600761326
3026379,21.374265523255243
3026380,33.46411114359947
3026381,0.16964722854575837
3026382,265.02171067799713
3026383,14.290658201906133
3026384,42.73851313760263
3026385,10.899212210896156
3026386,86.79081384564671
3026387,13.08108750807788
3026388,415.96812593352007
3026389,308.4714217979335
3026390,17.82817257476505
3026391,9.935212315971198
3026392,565.1079893912913
3026393,115.68638773829585
3026394,5654.9571432578505
3026395,50.35069491725955
3026396,24.54454977770167
3026397,3.6101358249202526
3026398,0.10713883262227422
3026399,3.4402057143182145
3026400,3231.3414284802725
3026401,0.0020291341221039976
3026402,464.6388484952461
3026403,8.111686063828785
3026404,526.023756870297
3026405,791.6667141448611
3026406,178.27929235934073
3026407,135.16526557107795
3026408,92.51831677624051
3026409,3112.552750087574
3026410,21.496493715630173
3026411,1.223825503802394
3026412,21.126586935799704
3026413,18.284245276761045
3026414,0.07508975689730289
3026415,118.84167373867173
3026416,11.704670037927492
3026417,28.81204970048436
3026418,5.016524825544919
3026419,265.9243519634866
3026420,9.83540414141194
3026421,229.93067567713044
3026422,126.82083084447963
3026423,5.507890714155056
3026424,7.460124335501179
3026425,199.09717788880386
3026426,41.24431049388269
3026427,2762.4786003149
3026428,1.414934182728984
3026429,5.200041217185323
3026430,4.616808314561477
3026431,0.18517822922368382
3026432,0.34692210173726035
3026433,1308.6959610661693
3026434,0.0020291341221039976
3026435,237.55185780582264
3026436,6.386576357946645
3026437,428.4879118307513
3026438,290.29229570350935
3026439,93.8983465720752
3026440,35.763840342283686
3026441,27.958076785970174
3026442,2318.932296321205
3026443,16.16856619012298
3026444,0.7342953022814365
3026445,11.680911548121339
3026446,10.645548861460302
3026447,0.30035902758921157
3026448,91.92672890232035
3026449,0.15003315697539246
3026450,8.301956000993469
3026451,0.9022526664649134
3026452,22.579795312636698
3026453,0.19670808282823882
3026454,286.1080922762378
3026455,147.35968536381574
3026456,3.043834342033057
3026457,1.5338573400095883
3026458,158.4264404263585
3026459,23.888780240375784
3026460,823.1646794992471
3026461,0.9432894551526562
3026462,2.698553311752028
3026463,7.1855588053701185
3026464,0.32141649786682264
3026465,2.8668380952651784
3026466,4695.22907023521
3026467,0.020291341221039975
3026468,754.2822263520065
3026469,18.058595219021548
3026470,998.1674933284155
3026471,1248.5640920759372
3026472,337.35807536852633
3026473,247.72833531890143
3026474,112.18399650297597
3026475,6063.586074530787
3026476,26.670434896469526
3026477,3.0420805380230935
3026478,25.124775487301733
3026479,29.31784156446167
3026480,0.1752094327603734
3026481,251.5787689778302
3026482,7.539166138013472
3026483,43.736000876900356
3026484,10.033049651089838
3026485,182.2890765013952
3026486,3.9997310175075222
3026487,302.88612899199535
3026488,281.9058941804256
3026489,11.37814265950452
3026490,9.795770739606688
3026491,419.6446638033174
3026492,83.50903759417484
3026493,4255.414217218391
3026494,2.0280723285782107
3026495,17.520409199248274
3026496,7.359123027722053
3026497,0.18517822922368382
3026498,3.4083519577041574
3026499,4561.995852138496
3026500,0.0020291341221039976
3026501,697.3539663016933
3026502,17.728255062576032
3026503,1521.014831188176
3026504,1441.6479972747472
3026505,417.1118850703839
3026506,260.43655773879345
3026507,60.627632886816855
3026508,7865.082290415282
3026509,13.3968119861019
3026510,0.8741610741445672
3026511,35.86652732607566
3026512,20.636911575143767
3026513,0.6007180551784231
3026514,301.01700257513596
3026515,11.704670037927492
3026516,6.194701556683134
3026517,6.063137918644219
3026518,53.516161398077
3026519,1.3441718993262985
3026520,208.2071708262484
3026521,351.70928118719957
3026522,5.471654591035614
3026523,4.845594778666654
3026524,232.03966329561115
3026525,85.27119273624939
3026526,1777.8626311824014
3026527,4.386295966459851
3026528,3.9413081263746728
3026529,6.803717516195861
3026530,0.46426827469652165
3026531,2.964607051209316
3026532,4266.607163833799
3026533,0.0020291341221039976
3026534,725.246654983343
3026535,12.552925944929614
3026536,1210.9782459482533
3026537,1179.4303137684553
3026538,312.08156329477293
3026539,236.70356303304024
3026540,65.78777397899727
3026541,6122.908331349807
3026542,16.014579845455145
3026543,1.3636912756655248
3026544,27.200300418861442
3026545,20.91129201192786
3026546,0.02502991896576763
3026547,267.52302171755457
3026548,11.704670037927492
3026549,6.863447747461427
3026550,5.702236852058253
3026551,105.61192527461786
3026552,1.5408799821545374
3026553,123.1530250526648
3026554,278.12615385254725
3026555,5.616599083513378
3026556,4.810734384575527
3026557,206.38314905608138
3026558,67.72301802314193
3026559,1346.2497906645804
3026560,2.971361783730867
3026561,7.421021607318078
3026562,12.080069875694692
3026563,1.1785271588450164
3026564,14.11121418002749
3026565,12076.309802423773
3026566,0.0020291341221039976
3026567,1381.064597689008
3026568,53.00124287859169
3026569,2309.7016162153745
3026570,2614.6178912832506
3026571,397.03766595017083
3026572,492.8036689939148
3026573,276.5076003423639
3026574,11931.670714385542
3026575,75.20693073577205
3026576,2.8322818802283978
3026577,61.64925539286263
3026578,57.937197761690754
3026579,0.30035902758921157
3026580,556.9279530616295
3026581,47.785560496662505
3026582,66.37129957634879
3026583,24.40413012254298
3026584,230.75482303152805
3026585,28.358748607737763
3026586,767.8829718746208
3026587,648.017223276239
3026588,20.00233996193152
3026589,25.587529262887223
3026590,1190.3665237437299
3026591,252.275492991304
3026592,12009.237935569623
3026593,1.6507565465171483
3026594,87.28330166977217
3026595,3.297720224686769
3026596,0.49998121890394637
3026597,0.8830744407857536
3026598,2105.150925682655
3026599,0.0020291341221039976
3026600,175.15696539554565
3026601,5.248738041300978
3026602,796.4005016201156
3026603,441.0024677151273
3026604,129.18334781850172
3026605,149.87977741595182
3026606,39.464425638220554
3026607,3376.490175174608
3026608,5.23553571870649
3026609,0.2797315437262615
3026610,13.771938924019604
3026611,9.031546292142126
3026612,0.22526927069190866
3026613,186.12295320340695
3026614,0.5626243386577218
3026615,15.88761052653108
3026616,3.5007403458838646
3026617,39.68062500725093
3026618,0.8196170117843284
3026619,72.13554164667762
3026620,98.00139998120048
3026621,2.4278202490025573
3026622,4.845594778666654
3026623,116.1457813392021
3026624,22.633311497815892
3026625,647.2851273479657
3026626,0.09432894551526562
3026627,5.184062940997317
3026628,8.851775339948697
3026629,0.21427766524454844
3026630,2.459993085046028
3026631,4781.765000029107
3026632,0.0020291341221039976
3026633,617.6448203853582
3026634,11.048043010011149
3026635,1746.2757930457042
3026636,1116.2651826347656
3026637,277.6210811572055
3026638,330.1391800197666
3026639,70.75658335784568
3026640,7208.409018398313
3026641,13.088839296766224
3026642,0.2797315437262615
3026643,25.889442567350045
3026644,22.03216528559903
3026645,0.07508975689730289
3026646,309.18191440137036
3026647,1.5003315697539248
3026648,6.687461907782929
3026649,11.15184295750633
3026650,17.46352749255285
3026651,1.5736646626259105
3026652,391.67799221335565
3026653,310.3402062735521
3026654,4.348334774332939
3026655,7.2509619709544175
3026656,146.73442893509628
3026657,69.18351178618822
3026658,1530.3004772510296
3026659,2.6883749471850704
3026660,6.491085933176161
3026661,1.5967908456378042
3026662,0.18517822922368382
3026663,1.040766305211781
3026664,1284.7171569792642
3026665,0.0020291341221039976
3026666,133.1964457402238
3026667,3.8539684918643546
3026668,862.04718495536
3026669,267.76522980585946
3026670,100.05961838007345
3026671,214.8149212882913
3026672,15.512489570598188
3026673,2684.631154873943
3026674,1.78624159814692
3026675,0.31469798669204413
3026676,10.341211939701003
3026677,4.429921945575416
3026678,0.05005983793153526
3026679,90.69195579524889
3026680,11.704670037927492
3026681,15.88761052653108
3026682,0.4330812799031585
3026683,33.12910053796865
3026684,0.2950621242423582
3026685,75.15169815919688
3026686,82.90125895347725
3026687,0.6522502161499407
3026688,1.2549741872805722
3026689,61.788437466807956
3026690,11.682834132154582
3026691,235.27867683521126
3026692,50.35069491725955
3026693,2.3434805075741294
3026694,7.671538627955537
3026695,0.18517822922368382
3026696,2.2392244748495895
3026697,2891.735009364798
3026698,0.0020291341221039976
3026699,243.0246433014009
3026700,10.16713592615644
3026701,1171.590097856942
3026702,671.8572904585176
3026703,195.47183687297718
3026704,195.8146058787
3026705,52.18724052345275
3026706,4601.10109324185
3026707,3.5416859273602723
3026708,0.6993288593156537
3026709,30.98722310100547
3026710,17.92573066349122
3026711,0.20023935172614105
3026712,244.5215709570091
3026713,11.704670037927492
3026714,15.88761052653108
3026715,13.822510850242475
3026716,33.01698166560773
3026717,1.3769565797976717
3026718,268.9540998911409
3026719,237.53986333506526
3026720,1.8842784022109398
3026721,4.322688867299749
3026722,229.6926305836026
3026723,29.22452239625534
3026724,1411.6522023081889
3026725,50.35069491725955
3026726,0.9942038516981156
3026727,3.818412891742575
3026728,0.4285553304890969
3026729,1.7661488815715072
3026730,3266.6739042005665
3026731,0.0020291341221039976
3026732,707.5424311697898
3026733,9.396342227783569
3026734,1088.316205014254
3026735,997.6795147063858
3026736,247.35142391649816
3026737,124.6504208739121
3026738,53.64885579221229
3026739,6111.712937497775
3026740,6.990980047919842
3026741,4.440738256654401
3026742,33.42687521354057
3026743,38.67253177526941
3026744,0.10011967586307052
3026745,209.72557018110632
3026746,1.9879393299239503
3026747,6.0187157170046355
3026748,3.5368304525424605
3026749,32.386144154854165
3026750,2.3932816744102388
3026751,179.9361924031143
3026752,292.72093540812443
3026753,3.6598484350635565
3026754,6.623474877314131
3026755,155.25097423615117
3026756,31.406387574297487
3026757,713.3055188127435
3026758,5.282420948854875
3026759,3.3731916396900354
3026760,4.23496702538722
3026761,0.18517822922368382
3026762,0.5676907119336988
3026763,1815.4183579923529
3026764,0.0020291341221039976
3026765,114.4907153821705
3026766,3.4135149499369994
3026767,539.2614252714515
3026768,291.2187176268035
3026769,100.62874525319154
3026770,153.77727801279107
3026771,42.573855612505106
3026772,2972.5867283197817
3026773,6.9293855100527075
3026774,0.4895302015209576
3026775,10.38303248721897
3026776,8.859843891150833
3026777,0.15017951379460578
3026778,102.5040778416865
3026779,11.704670037927492
3026780,15.88761052653108
3026781,0.39699117324456196
3026782,47.82004989171699
3026783,0.6884782898988359
3026784,202.35295979322166
3026785,92.2849130417942
3026786,1.1233198167026757
3026787,1.4292761577362074
3026788,59.68720411787904
3026789,20.505989461811623
3026790,430.37258011978736
3026791,0.09432894551526562
3026792,0.8166674496091664
3026793,5.169436798530039
3026794,0.18517822922368382
3026795,0.8919051851936112
3026796,5393.403107586017
3026797,0.0020291341221039976
3026798,817.5996872281415
3026799,12.216713074591732
3026800,1328.6172571459952
3026801,966.8109897523565
3026802,324.484464238667
3026803,153.33901592304747
3026804,86.1538329867505
3026805,5981.992071922055
3026806,7.359315384365311
3026807,0.45456375855517495
3026808,34.362069181313
3026809,11.678510505823935
3026810,0.12514959482883814
3026811,322.0750542829261
3026812,11.704670037927492
3026813,29.193938972586697
3026814,3.4531014050945172
3026815,64.89791547994406
3026816,0.9697708483432174
3026817,288.76531271369214
3026818,331.132437576509
3026819,2.9199068009645686
3026820,3.8433584485467533
3026821,147.74614539547449
3026822,50.2088838105272
3026823,2208.830523729963
3026824,1.3206052372137187
3026825,1.4202912167115938
3026826,3.9225514251537366
3026827,0.18517822922368382
3026828,6.625581375723968
3026829,4090.2497687149203
3026830,0.0020291341221039976
3026831,578.9762373142548
3026832,7.964868216519665
3026833,1003.3589930654493
3026834,994.0382737556994
3026835,172.12895428295982
3026836,128.34326134393712
3026837,89.32304774256062
3026838,5401.408870760872
3026839,54.38797693668035
3026840,1.6084563764260036
3026841,33.997220956414886
3026842,29.377250595204654
3026843,0.20023935172614105
3026844,254.64373670665842
3026845,24.830487479427454
3026846,26.099051996000632
3026847,1.8045053329298268
3026848,112.35189049925373
3026849,9.40920329528409
3026850,226.18050218390712
3026851,306.71625607260427
3026852,13.84219903162652
3026853,15.233992217822502
3026854,260.8388394468215
3026855,70.10910604689224
3026856,3823.566709489004
3026857,50.35069491725955
3026858,12.589603303038679
3026859,6.213599160199281
3026860,0.18517822922368382
3026861,7.230802751391062
3026862,3922.7598727988398
3026863,0.0020291341221039976
3026864,518.2386881982422
3026865,14.278035650811752
3026866,1359.4065306894915
3026867,976.946704707606
3026868,161.82007838719102
3026869,94.33660390864425
3026870,87.53671001424719
3026871,5789.422581911073
3026872,27.37877208194158
3026873,1.1888590608366114
3026874,44.86046869616773
3026875,68.8286244613706
3026876,0.16964722854575837
3026877,356.6294396314736
3026878,24.830487479427454
3026879,20.562889451394437
3026880,10.141319971065627
3026881,104.23407889138736
3026882,11.868054330637076
3026883,172.44184889894828
3026884,490.2997598760732
3026885,8.769141794904758
3026886,10.771861774158245
3026887,137.30320208632824
3026888,84.20540530293869
3026889,3165.780834950153
3026890,3.7259933478529916
3026891,16.777377120773505
3026892,9.754309296178759
3026893,0.32141649786682264
3026894,2.9623993651073515
3026895,4796.533720727287
3026896,0.0020291341221039976
3026897,723.886932346688
3026898,7.377596827283193
3026899,2669.196574797923
3026900,1020.8583715224008
3026901,218.06106568120597
3026902,480.9933325849283
3026903,56.59620935227627
3026904,8141.633386259074
3026905,28.887838259686397
3026906,1.783288591254917
3026907,26.606520748498607
3026908,17.754028262499922
3026909,0.05005983793153526
3026910,370.43700097655847
3026911,6.263884303722636
3026912,15.169979380286538
3026913,8.192454211501415
3026914,53.345619137407546
3026915,3.639099532322418
3026916,167.75677035560932
3026917,355.9124779003589
3026918,7.754530347560408
3026919,10.667280591884865
3026920,245.78158335859024
3026921,56.53954665308882
3026922,1815.684247606819
3026923,6.474738820167833
3026924,17.28842382086104
3026925,4.373818403268768
3026926,0.4285553304890969
3026927,4.699217559895617
3026928,3487.2772306577217
3026929,0.00811653648841599
3026930,426.29862479015014
3026931,8.221799449310623
3026932,926.4724607849766
3026933,908.82210379957
3026934,227.72876083420056
3026935,143.951180106032
3026936,72.29168816740064
3026937,5131.807777501892
3026938,25.469341408060394
3026939,1.7133557053233517
3026940,16.043227280598753
3026941,12.590250255087712
3026942,0.10011967586307052
3026943,244.95411326052616
3026944,22.20490723235809
3026945,24.650336563767233
3026946,2.1654063995157924
3026947,91.66123064440903
3026948,7.540476508415821
3026949,393.6020412081645
3026950,281.16667525599684
3026951,6.703682777096613
3026952,9.830631133697816
3026953,398.26204803627314
3026954,53.02025841828061
3026955,3502.9719918822393
3026956,0.04716447275763281
3026957,27.136755784237216
3026958,3.9225514251537366
3026959,0.24999060945197318
3026960,2.803130582037064
3026961,6157.028132181842
3026962,0.0020291341221039976
3026963,470.3537845012317
3026964,11.566310011012337
3026965,2538.9810018619087
3026966,1049.7495532409407
3026967,297.8667772181782
3026968,186.69723841109393
3026969,56.60614174058629
3026970,8928.405783467724
3026971,10.440274168479412
3026972,2.552550336502136
3026973,31.242112127688237
3026974,23.931880650166725
3026975,0.1752094327603734
3026976,476.307136541162
3026977,11.704670037927492
3026978,0.17598583967849812
3026979,8.76989591803896
3026980,42.78753351845696
3026981,2.131004230639254
3026982,142.1508060071692
3026983,361.30135249230494
3026984,3.5873761888246745
3026985,10.492978621429229
3026986,192.65246588405364
3026987,60.75073748720382
3026988,1287.8491299066322
3026989,50.35069491725955
3026990,6.3913104752021725
3026991,7.87981569477786
3026992,0.03571294420742474
3026993,7.7899781026457555
3026994,3774.5466041250243
3026995,0.0020291341221039976
3026996,561.1765632693293
3026997,12.112472403002256
3026998,1387.6956818034364
3026999,858.7151276882485
3027000,257.6294971106561
3027001,138.67963138505957
3027002,111.7782231674034
3027003,6173.136100560354
3027004,40.837178605910616
3027005,1.6084563764260036
3027006,27.688086632583914
3027007,37.65433653739103
3027008,0.07508975689730289
3027009,274.55082037868357
3027010,22.655006703284265
3027011,22.395957957485674
3027012,9.81650901113826
3027013,151.98726270862403
3027014,11.671346247808835
3027015,234.96963480312252
3027016,502.6897800379981
3027017,14.45821312465702
3027018,9.063702463693021
3027019,210.7951838583704
3027020,66.09265243414923
3027021,3298.1266175070095
3027022,0.9432894551526562
3027023,7.363712856723764
3027024,3.818412891742575
3027025,0.18517822922368382
3027026,4.395818412739941
3027027,3771.367255765388
3027028,0.0020291341221039976
3027029,523.4188817051102
3027030,10.424067158947397
3027031,807.8378195006803
3027032,1004.0538834181266
3027033,190.45773649681698
3027034,135.57872037272284
3027035,91.38611260325746
3027036,4739.808522082542
3027037,28.887838259686397
3027038,1.1538926178708286
3027039,29.166226674167174
3027040,22.717944675158265
3027041,0.05005983793153526
3027042,222.51327787617979
3027043,18.52909488646097
3027044,42.39322892015342
3027045,5.212494104701099
3027046,70.30461170433628
3027047,9.769834780469195
3027048,240.166436703642
3027049,272.41350067465373
3027050,9.74751711912967
3027051,9.098562857784149
3027052,235.1022496161243
3027053,56.76870457273774
3027054,3680.522901603451
3027055,0.23582236378816404
3027056,15.70803347240087
3027057,6.421876227021603
3027058,0.10713883262227422
3027059,3.6950357672306744
3027060,6351.6918475041875
3027061,0.0020291341221039976
3027062,628.3388551763464
3027063,18.425639837294344
3027064,1532.2674534736275
3027065,1110.5528577322405
3027066,322.9996411056646
3027067,238.30432220674206
3027068,56.939129339622276
3027069,7467.303523833323
3027070,9.485558831538818
3027071,0.13986577186313076
3027072,18.026098068088487
3027073,20.532859920143043
3027074,0.10011967586307052
3027075,265.8310378787186
3027076,11.704670037927492
3027077,8.552911808375008
3027078,1.407514159685265
3027079,85.54399795180184
3027080,3.34403740808006
3027081,217.19861437077572
3027082,330.58525525149577
3027083,3.949737420019086
3027084,2.8236919213812874
3027085,266.15899952688443
3027086,144.0658751879097
3027087,1402.1952301882448
3027088,3.631664402337726
3027089,0.9586965712803258
3027090,15.86376992296688
3027091,0.18517822922368382
3027092,15.895024550414712
3027093,15020.802080111964
3027094,0.0020291341221039976
3027095,1889.1024681869674
3027096,29.914136389232848
3027097,3013.43878425282
3027098,3143.8336686549665
3027099,646.6765008509631
3027100,631.3454821117595
3027101,353.89889468401685
3027102,15066.668371673046
3027103,86.50952843439134
3027104,5.140067115970055
3027105,131.4863250502124
3027106,126.27337973701832
3027107,0.22526927069190866
3027108,783.6196571745195
3027109,34.83619871811638
3027110,30.12631195120338
3027111,35.11856098734713
3027112,350.5241198938393
3027113,25.9982516137989
3027114,921.0549412251572
3027115,758.5654791176167
3027116,43.773236728284914
3027117,38.236971862793574
3027118,1253.2337633798104
3027119,309.297698255378
3027120,14480.13938901226
3027121,339.86766233622956
3027122,99.84624259109735
3027123,17.634124990956618
3027124,0.18517822922368382
3027125,13.728969100658801
3027126,13788.472451206642
3027127,0.004058268244207995
3027128,1433.8993505283852
3027129,28.886411458069016
3027130,3120.556015361101
3027131,2800.856527140535
3027132,821.6022709458608
3027133,392.98878896347566
3027134,262.80982844898085
3027135,16954.24311408964
3027136,138.31053478065203
3027137,2.0630201349811785
3027138,78.2873439097083
3027139,86.51671900188987
3027140,0.6507778931099584
3027141,759.9146493234095
3027142,29.529525955896748
3027143,42.42244256954004
3027144,4.74368361920593
3027145,241.0174146344672
3027146,20.228147850837225
3027147,1215.6291991460987
3027148,940.1770354083943
3027149,26.524842123430926
3027150,31.930726571708693
3027151,1363.8957582924363
3027152,260.1992458584091
3027153,9898.861036508213
3027154,587.880627398059
3027155,95.00988131862424
3027156,13.05202952086553
3027157,0.18517822922368382
3027158,18.984838941978293
3027159,8953.16544224939
3027160,0.020291341221039975
3027161,1091.6635408413833
3027162,16.296781051312127
3027163,2906.841462614148
3027164,2034.6861893186167
3027165,949.810911514004
3027166,155.7346419529116
3027167,205.00464251046515
3027168,14727.792226051664
3027169,47.21221327515911
3027170,3.146979866920442
3027171,48.465327787824066
3027172,25.604948845425902
3027173,0.3504188655207468
3027174,722.9397166935393
3027175,35.1171358045528
3027176,30.691930439930076
3027177,9.367548084305318
3027178,132.65216054551644
3027179,10.327174348482538
3027180,1086.552166549164
3027181,906.8365541501648
3027182,26.633550492789247
3027183,46.40267057469916
3027184,863.5847603337878
3027185,144.15620002608972
3027186,4518.044913729946
3027187,366.23024438410846
3027188,53.30347106307225
3027189,18.224243346953198
3027190,0.18517822922368382
3027191,19.81303661394379
3027192,12750.523836039341
3027193,0.012174804732623987
3027194,1359.0355632049734
3027195,24.004718035040835
3027196,3028.7481503479457
3027197,2667.430532055134
3027198,772.077311806162
3027199,361.97967884010825
3027200,204.26973049706714
3027201,15735.190981450422
3027202,50.78469647145295
3027203,1.993087249049613
3027204,75.95692995146581
3027205,81.45870967348827
3027206,0.5005983793153526
3027207,725.3984493500942
3027208,33.108941998437174
3027209,32.28565820405855
3027210,7.844184682245958
3027211,220.2487443593955
3027212,14.458044087875553
3027213,955.4404796252871
3027214,921.9328614163751
3027215,25.329050060489365
3027216,32.87335162793277
3027217,1218.1121059999568
3027218,236.5931891578075
3027219,8790.626360914823
3027220,448.8576842082052
3027221,75.90363902128115
3027222,14.093414854977139
3027223,0.18517822922368382
3027224,20.83235682559363
3027225,7385.289922033944
3027226,0.0020291341221039976
3027227,958.8816838452673
3027228,20.114045081349204
3027229,2624.1467299592155
3027230,1606.6770637086943
3027231,748.3784215377866
3027232,124.51880442872182
3027233,158.31617194067422
3027234,12930.101995178718
3027235,45.30278260127792
3027236,0.5244966444867403
3027237,36.95890886900182
3027238,76.04424616062877
3027239,0.15017951379460578
3027240,676.6059878949926
3027241,29.578661814806193
3027242,13.909920768188492
3027243,2.81502831937053
3027244,133.32149670521318
3027245,6.393012691917761
3027246,961.1222637618994
3027247,1033.388673164972
3027248,19.386325868901018
3027249,26.493899509256526
3027250,934.1117251926671
3027251,100.71181915067031
3027252,3225.652201974402
3027253,336.0676207661471
3027254,25.592486956283707
3027255,12.67018823169127
3027256,0.18517822922368382
3027257,11.308083597990427
3027258,9375.21627758863
3027259,0.0020291341221039976
3027260,1355.0209398728716
3027261,28.22573114517799
3027262,2096.7534638817892
3027263,2675.7968909892934
3027264,502.3519249819075
3027265,464.27528768041685
3027266,260.60988875870606
3027267,11645.76035444624
3027268,65.78296644210036
3027269,1.7483221482891345
3027270,56.56589573766167
3027271,69.14970795122431
3027272,0.3754487844865144
3027273,537.7643014737745
3027274,18.313422223308844
3027275,34.363698998982265
3027276,12.192681633540255
3027277,257.48504286619976
3027278,18.52334446632582
3027279,817.7729549098849
3027280,625.7200663176086
3027281,20.763298547439778
3027282,32.62932886929488
3027283,1042.9180951028804
3027284,222.83482072653794
3027285,11451.925097702055
3027286,301.2564667131935
3027287,85.04484573671164
3027288,6.248312004669668
3027289,0.4285553304890969
3027290,6.338897566197451
3027291,2585.0274648927607
3027292,0.0020291341221039976
3027293,393.9964126840586
3027294,26.574030362950403
3027295,1029.2301853977617
3027296,674.2114274327696
3027297,251.67301698229628
3027298,85.86078047492384
3027299,73.32873665588824
3027300,4540.531308625215
3027301,60.208660765124634
3027302,1.328724832699742
3027303,32.21335829159685
3027304,21.506755938565668
3027305,0.2753291086234439
3027306,232.7263450943026
3027307,15.15334885451464
3027308,10.404634813472166
3027309,12.595447223850194
3027310,62.82979507531082
3027311,7.015921620873851
3027312,254.73718860244426
3027313,290.2610546119818
3027314,3.7685568044218796
3027315,7.669286700047942
3027316,240.01508747931524
3027317,58.75349596258146
3027318,2450.774055839619
3027319,1.5564276010018827
3027320,10.419591561695869
3027321,11.073397386053468
3027322,0.18517822922368382
3027323,13.792676613886915
3027324,6605.373696409594
3027325,0.004058268244207995
3027326,681.9028589129402
3027327,35.0160565832247
3027328,2058.1510488268855
3027329,1399.9194638618021
3027330,548.0555789344168
3027331,112.39079691380479
3027332,123.1079140117036
3027333,10537.569282135646
3027334,116.81404106502185
3027335,1.678389262357569
3027336,61.68314445723064
3027337,36.71478099916666
3027338,0.15017951379460578
3027339,495.8475730262215
3027340,20.116070604368183
3027341,10.286020357528859
3027342,3.3924700259080747
3027343,134.37446852455454
3027344,9.21249521245585
3027345,595.2371171285868
3027346,642.0811663592798
3027347,14.566921494015343
3027348,26.18015596243638
3027349,435.52362005572155
3027350,86.78766007359505
3027351,3413.496678413376
3027352,334.27159764353644
3027353,20.318533536694975
3027354,8.261656983952117
3027355,0.18517822922368382
3027356,5.510699894231954
3027357,6426.194507767408
3027358,0.00811653648841599
3027359,1005.3734246591882
3027360,10.607589468083795
3027361,1663.80144225588
3027362,2009.589309564177
3027363,294.14790289394597
3027364,355.7434022486311
3027365,210.6671821981443
3027366,8012.412339399529
3027367,43.6089328099317
3027368,1.993087249049613
3027369,38.99802108246399
3027370,41.98501449519349
3027371,0.2753291086234439
3027372,356.44966423657434
3027373,3.150696296483242
3027374,54.39722304462377
3027375,6.821030158474746
3027376,160.68491800276658
3027377,10.556667111782149
3027378,658.9098499602081
3027379,345.4985875364119
3027380,22.792521442128486
3027381,10.911303350522752
3027382,1009.5115947098982
3027383,128.84314217421573
3027384,8501.255083303113
3027385,5.471078839885405
3027386,51.30808926359138
3027387,12.3230597869874
3027388,0.18517822922368382
3027389,8.136900204383016
3027390,6628.449387307177
3027391,0.0020291341221039976
3027392,1020.7213179715721
3027393,14.131217803502635
3027394,1921.524640000678
3027395,1493.159985607286
3027396,414.34699487555224
3027397,228.29595964159122
3027398,272.2141821242942
3027399,9611.454653278697
3027400,51.3082500433236
3027401,3.6015436254756166
3027402,55.66459083425725
3027403,49.38847862113615
3027404,0.20023935172614105
3027405,388.11209877770045
3027406,9.75215520340051
3027407,65.87009190494443
3027408,11.115752850847734
3027409,264.32260554298114
3027410,10.622236472724897
3027411,511.63756695717314
3027412,419.8641507434558
3027413,16.704852758062373
3027414,28.097477637448367
3027415,521.3841521123248
3027416,135.7950216220803
3027417,7578.706065047294
3027418,6.697355131583859
3027419,9.833421366006686
3027420,9.893160674060308
3027421,0.03571294420742474
3027422,3.472059470932272
3027423,3118.9104513481093
3027424,0.0020291341221039976
3027425,529.343765954184
3027426,8.809070838547097
3027427,1166.109299225133
3027428,655.1538665640571
3027429,258.53934643715706
3027430,94.68114957668168
3027431,101.07640135643406
3027432,4978.836295487412
3027433,15.6758098871859
3027434,1.678389262357569
3027435,32.302767738014566
3027436,25.359757816810333
3027437,0.07508975689730289
3027438,231.93661746670927
3027439,6.526442328429573
3027440,14.71875168735087
3027441,8.264634424818608
3027442,95.7599859270729
3027443,3.5735301713796717
3027444,298.54536592042734
3027445,258.99324423709874
3027446,5.435418467916173
3027447,6.797776847769766
3027448,206.378350933629
3027449,69.83283324501384
3027450,3215.684857769507
3027451,0.4716447275763281
3027452,4.303482386636129
3027453,7.011994583018183
3027454,0.18517822922368382
3027455,1.3876884069490414
3027456,4685.133629544849
3027457,0.0020291341221039976
3027458,262.3758048454181
3027459,5.212033579473698
3027460,1416.0041655404202
3027461,427.32584366965875
3027462,249.23225158535473
3027463,70.64219831771122
3027464,27.09759272272608
3027465,5197.936347546547
3027466,10.255490554878007
3027467,0.9790604030419152
3027468,25.23653729532388
3027469,10.851591742649857
3027470,0.05005983793153526
3027471,244.89700415951492
3027472,11.704670037927492
3027473,15.88761052653108
3027474,4.150362265738602
3027475,27.143573749640854
3027476,1.1146791360266866
3027477,54.54620267217421
3027478,195.8930149736244
3027479,0.1449444924777646
3027480,2.4402275863788905
3027481,68.09213723139369
3027482,89.62651856608143
3027483,700.5416047234838
3027484,50.35069491725955
3027485,2.982611555094347
3027486,7.671538627955537
3027487,0.07142588841484948
3027488,6.21305945838548
3027489,5016.618296740305
3027490,0.0020291341221039976
3027491,634.9022865508186
3027492,14.131217803502635
3027493,1459.5060196342915
3027494,1190.6096265424353
3027495,390.32807287396463
3027496,182.43693122581126
3027497,120.63526411131934
3027498,7350.654666605313
3027499,32.52191599384737
3027500,1.3986577186313074
3027501,31.205699409590697
3027502,62.535388060237636
3027503,0.16964722854575837
3027504,355.02261255864255
3027505,26.8934433878391
3027506,19.993751245874172
3027507,10.408386760339242
3027508,100.17753703958228
3027509,7.11427566228797
3027510,483.2169880454644
3027511,389.40979485684085
3027512,10.182350596562964
3027513,15.373433794187012
3027514,564.695412239103
3027515,99.75863896352385
3027516,4003.445319572458
3027517,50.35069491725955
3027518,39.26787825386608
3027519,5.7970450265546365
3027520,0.07142588841484948
3027521,5.2353698989441115
3027522,5213.791510855494
3027523,0.01623307297683198
3027524,714.2877265279851
3027525,19.52677369211273
3027526,1117.3351626479546
3027527,1561.502460445899
3027528,211.30665210282933
3027529,270.1927128749409
3027530,171.97156168259133
3027531,5696.863560397342
3027532,35.10888658426705
3027533,3.1819463098862246
3027534,31.845625891007842
3027535,31.454506242397347
3027536,0.6007180551784231
3027537,251.70920751623459
3027538,16.053547796366995
3027539,49.7955453087104
3027540,9.440811000822269
3027541,172.12745942507027
3027542,12.490963259593165
3027543,474.6754718831546
3027544,276.72090599620736
3027545,7.682058101321524
3027546,14.955109065093486
3027547,651.5585381209999
3027548,130.52187853267006
3027549,7437.316360204601
3027550,0.5188092003339608
3027551,43.576058644636646
3027552,5.033362448206121
3027553,0.6071200515262206
3027554,9.810957037129723
3027555,6443.168788239821
3027556,0.004058268244207995
3027557,910.4755223014604
3027558,22.499835100122375
3027559,1399.695717104626
3027560,1722.200046670105
3027561,319.64204721741265
3027562,324.66538299165626
3027563,127.24747234214986
3027564,7440.014764429335
3027565,36.74114183774613
3027566,4.056107384030792
3027567,42.45722930173017
3027568,56.569416435394096
3027569,0.16964722854575837
3027570,368.30030958191895
3027571,33.94500176568255
3027572,39.43103526668493
3027573,23.5473509904679
3027574,147.2998833460654
3027575,18.68726786868269
3027576,457.3137991714176
3027577,381.52479299626725
3027578,20.582117931842575
3027579,19.94014542012465
3027580,640.230530111684
3027581,151.11759885644992
3027582,7099.107686302155
3027583,1.4620986554866169
3027584,42.158132779497066
3027585,12.809039609572821
3027586,0.3571294420742474
3027587,6.975972698478602
3027588,4652.954738739314
3027589,0.0020291341221039976
3027590,539.9568837937804
3027591,16.8840524405486
3027592,2115.1408597451946
3027593,1267.037604340834
3027594,601.1982021998351
3027595,214.91931862570664
3027596,84.01911121448751
3027597,9982.619161382849
3027598,11.056219547150762
3027599,1.2587919467681765
3027600,52.361488624260716
3027601,42.20788421168018
3027602,0.16964722854575837
3027603,439.79414557450116
3027604,13.315442681566083
3027605,6.124307220811735
3027606,7.954981309687849
3027607,55.35497844628535
3027608,3.2784680471373138
3027609,368.3780715811382
3027610,518.8487362908107
3027611,8.225599948113143
3027612,7.9481698527769575
3027613,433.4622109114967
3027614,105.96103830671538
3027615,1652.4551099397147
3027616,123.59119934828374
3027617,17.97453098262035
3027618,4.9986496047747355
3027619,0.1851782292240284
3027620,3.057960509387054
3027621,2766.3276286403066
3027622,0.004058268244207995
3027623,345.86522812285705
3027624,13.397134980549744
3027625,694.6212022576624
3027626,756.044875809298
3027627,134.15787713060004
3027628,131.27189976805548
3027629,96.6266725224024
3027630,3618.612178885054
3027631,18.201186534418095
3027632,1.713355705323816
3027633,23.77750492421881
3027634,23.571305667328623
3027635,0.35041886564082053
3027636,174.41356817074342
3027637,15.07833227875228
3027638,19.14726102809096
3027639,6.604489508577814
3027640,89.14709761178342
3027641,5.868339562998059
3027642,302.4807309196743
3027643,164.6774937533652
3027644,4.058445804728679
3027645,8.296773793689425
3027646,310.4446972273189
3027647,62.851694512312946
3027648,2463.6997489138553
3027649,50.35107734782261
3027650,26.557350762208785
3027651,1.3538009346264912
3027652,0.1851782292240284
3027653,2.176147639724698
3027654,1687.4777973618982
3027655,0.0020291341221039976
3027656,105.28342010411995
3027657,4.808286801238402
3027658,1100.0070077166358
3027659,343.0295045161981
3027660,284.3155026742111
3027661,49.76273092782219
3027662,27.100923048435767
3027663,3999.5987661290856
3027664,5.173941349885347
3027665,0.41959731558950597
3027666,10.414037378754333
3027667,8.185396880630027
3027668,0.050059837948688644
3027669,171.05866177103806
3027670,4.050895239067777
3027671,15.88761191311673
3027672,1.8045053302125174
3027673,14.487720427408204
3027674,0.39340823886020504
3027675,221.55781591856044
3027676,196.79640124929938
3027677,0.9421392046691576
3027678,3.974084926389052
3027679,153.23531745774602
3027680,27.655186471166
3027681,274.88379323620495
3027682,1.8762169766931154
3027683,1.8108713027333068
3027684,8.261656985669356
3027685,0.21427766524494718
3027686,4.45952574285612
3027687,5949.984073511154
3027688,0.0020291341221039976
3027689,756.410027952256
3027690,14.461564883113969
3027691,2303.324799548625
3027692,773.5190973921226
3027693,578.4077950974456
3027694,310.7908740673986
3027695,67.34185612508062
3027696,11058.560574775895
3027697,28.980231013345904
3027698,0.8042281882132197
3027699,27.964967506585065
3027700,21.66884305956346
3027701,0.10011967589737729
3027702,514.2982298894055
3027703,13.165409526970274
3027704,2.3230132864963293
3027705,10.321770488815599
3027706,40.322466644115146
3027707,2.327665413256213
3027708,782.5724294432159
3027709,459.298599720497
3027710,2.9351259837769907
3027711,15.756898129191681
3027712,447.00795823542296
3027713,104.19480356555536
3027714,1616.422857435075
3027715,21.323220089566554
3027716,10.794213255508337
3027717,5.970609250147602
3027718,0.1851782292240284
3027719,0.8830744045259644
3027720,1956.385147524184
3027721,0.0020291341221039976
3027722,199.69548131431563
3027723,12.40611403678305
3027724,1334.0574275644617
3027725,473.68136028608996
3027726,226.23849958737125
3027727,64.86554576885354
3027728,31.701618245404227
3027729,4356.881852005698
3027730,8.530843773322864
3027731,0.4545637585552981
3027732,15.754809715833428
3027733,19.74577616362756
3027734,0.2252692707690989
3027735,177.41602016121303
3027736,8.101790478135554
3027737,15.88761191311673
3027738,5.50410215821422
3027739,38.76900478010401
3027740,1.5736329554408202
3027741,186.82194131564546
3027742,202.08246166783331
3027743,1.775570039568797
3027744,7.041799606408672
3027745,167.44777043278296
3027746,32.25857186107005
3027747,373.66638032084904
3027748,3.7731864790208456
3027749,3.5507280445751106
3027750,4.963936760297134
3027751,0.1851782292240284
3027752,3.6584511044647097
3027753,1893.6873669510128
3027754,0.0020291341221039976
3027755,130.6068716582771
3027756,7.964872029532313
3027757,1057.5629208350156
3027758,315.16947067559056
3027759,176.25922812931208
3027760,51.74628034242769
3027761,25.349165127299102
3027762,4231.546966456733
3027763,14.44391960176326
3027764,0.06993288593158432
3027765,17.196897561676305
3027766,9.168908235980101
3027767,0.025029918974344322
3027768,143.80950913676693
3027769,1.6503647270276125
3027770,15.88761191311673
3027771,2.923298634944278
3027772,41.099197576120716
3027773,0.9835205971505125
3027774,186.8395411033946
3027775,206.7098121113538
3027776,0.5435418488475909
3027777,5.682244236854522
3027778,100.63767296593149
3027779,23.43541653042062
3027780,202.84773581813866
3027781,3.615184295211848
3027782,2.059422265853564
3027783,3.7142743591034497
3027784,0.1851782292240284
3027785,2.29347038204029
3027786,1843.7000168008915
3027787,0.0020291341221039976
3027788,178.1604146874866
3027789,10.534185587445963
3027790,1778.6415103231177
3027791,426.4034496969732
3027792,277.4127261803172
3027793,41.23694835627224
3027794,34.52037393975719
3027795,4596.01452066816
3027796,10.039910000372757
3027797,0.3496644296579216
3027798,13.49577910532056
3027799,21.64274429454719
3027800,0.10011967589737729
3027801,210.11959908452974
3027802,1.1627569667694544
3027803,15.88761191311673
3027804,3.13983927456978
3027805,20.769109703627148
3027806,2.0326092341110593
3027807,290.132933116972
3027808,285.4235629826846
3027809,1.1957920674647
3027810,4.810734384576222
3027811,92.16525818624285
3027812,92.20720432504781
3027813,421.5676647208706
3027814,2.5506740598180913
3027815,4.7934828601763995
3027816,4.061402803879473
3027817,0.928536549394771
3027818,3.503913083672666
3027819,2111.5145094772024
3027820,0.0020291341221039976
3027821,166.67751955647057
3027822,3.046471790097613
3027823,1097.6083813631676
3027824,386.11874301784957
3027825,278.5270315286173
3027826,96.89106567289754
3027827,53.208963813142034
3027828,4035.4162250537493
3027829,7.606925675129051
3027830,1.083959731939557
3027831,14.415110107045395
3027832,17.93156859019374
3027833,0.12514959487172161
3027834,221.9398318560139
3027835,9.189530866403752
3027836,15.88761191311673
3027837,3.9002578207213348
3027838,23.70549033570907
3027839,1.9342571743960082
3027840,149.3174046204802
3027841,203.69752093990337
3027842,1.0146114511821698
3027843,5.403361084125466
3027844,114.38527101880076
3027845,44.7682716581343
3027846,676.3002917702913
3027847,3.417092005063253
3027848,4.9710192624051555
3027849,4.790372537909122
3027850,0.21427766524494718
3027851,1.3697114781629511
3027852,1659.498696054843
3027853,0.0020291341221039976
3027854,163.83890677799795
3027855,5.9094211832013945
3027856,1116.9147688403343
3027857,299.96736294036816
3027858,179.71272947110413
3027859,161.71147595915366
3027860,28.938031182071676
3027861,3235.5803780274628
3027862,4.989157730246585
3027863,0.3846308726237138
3027864,12.185642297372308
3027865,13.3186118735675
3027866,0.20023935179475458
3027867,167.7088242266908
3027868,11.704670040043055
3027869,15.88761191311673
3027870,3.0676590613612795
3027871,31.440717291181908
3027872,1.508064915630786
3027873,64.82127101847325
3027874,151.80441881310216
3027875,1.0508475744386756
3027876,3.137435468201884
3027877,69.87515385741763
3027878,36.54809006529882
3027879,588.6655582656022
3027880,50.35107734782261
3027881,0.994203852481031
3027882,8.817062497310992
3027883,0.749971828357315
3027884,3.026106754080939
3027885,3927.7503457170583
3027886,0.0020291341221039976
3027887,351.543425515779
3027888,7.340895879753284
3027889,1451.0853992918908
3027890,859.9612201601757
3027891,559.9394940681769
3027892,199.99049974978612
3027893,83.77549890489107
3027894,6932.120439726644
3027895,16.2301612582713
3027896,1.5734899334606476
3027897,24.839963144643548
3027898,26.151649355911186
3027899,0.20023935179475458
3027900,299.2905646211794
3027901,0.6751492065112961
3027902,15.88761191311673
3027903,8.033657730106128
3027904,44.442517674753375
3027905,3.737378269171948
3027906,309.568747319827
3027907,310.4562846521776
3027908,2.500292504698918
3027909,8.993981675512066
3027910,390.7225778299673
3027911,59.948632463977745
3027912,1515.3760462587352
3027913,9.21129149190964
3027914,15.161608750335724
3027915,3.922551425969064
3027916,0.21427766524494718
3027917,3.949865657958278
3027918,2672.9434961035213
3027919,0.0020291341221039976
3027920,605.6645615644527
3027921,9.506460164280503
3027922,730.06515290306
3027923,729.8692454657044
3027924,234.451541040935
3027925,183.63491685742494
3027926,46.83256924504832
3027927,4256.155029096468
3027928,12.103327086338936
3027929,1.0140268460079727
3027930,26.858886128823578
3027931,18.62524629194205
3027932,0.15017951384606595
3027933,199.69972208665345
3027934,11.890127692448937
3027935,5.103589796090421
3027936,5.50410215821422
3027937,54.36913898578454
3027938,1.9998252142060422
3027939,131.90353941006967
3027940,179.34895148255393
3027941,4.493279283806752
3027942,7.1812411827732
3027943,197.87109463120225
3027944,56.91793091909729
3027945,1918.6670790269231
3027946,41.93755276938706
3027947,14.921544044995642
3027948,6.664866139699649
3027949,0.8213977167722974
3027950,3.1222987874310886
3027951,3252.1732824751043
3027952,0.0020291341221039976
3027953,192.19863218142635
3027954,7.340895879753284
3027955,1125.7373501715422
3027956,399.48631564002005
3027957,319.3520239353609
3027958,60.79404960203173
3027959,33.56516500563283
3027960,5215.452038703467
3027961,36.77194030811372
3027962,1.3636912756658943
3027963,15.002039860303446
3027964,18.81858319594418
3027965,0.10011967589737729
3027966,194.60957753601264
3027967,9.939696651416304
3027968,15.88761191311673
3027969,4.402993005718542
3027970,53.038902837449776
3027971,2.7538576720214354
3027972,172.24505190953792
3027973,208.15235210425365
3027974,1.4494449302602426
3027975,5.612523448672258
3027976,147.56723952894268
3027977,26.50434012368999
3027978,496.80509264196536
3027979,3.3520045383001436
3027980,4.580439177501893
3027981,7.393835873729297
3027982,0.1851782292240284
3027983,7.007826167345332
3027984,4081.0404065874386
3027985,0.0020291341221039976
3027986,718.147682703621
3027987,12.663045392574416
3027988,977.6121613071381
3027989,1025.3403495930654
3027990,250.89058602402469
3027991,173.03083481238178
3027992,85.9690632343474
3027993,5805.522386903032
3027994,43.60893423474792
3027995,1.5734899334606476
3027996,20.946325960867785
3027997,31.244342582112864
3027998,0.10011967589737729
3027999,261.8895084756322
3028000,25.355603533424233
3028001,17.31700813569991
3028002,5.427230231147166
3028003,85.98782897312599
3028004,9.146741553499767
3028005,514.1272492633362
3028006,296.54635141791186
3028007,9.421392046691576
3028008,8.610517340509615
3028009,479.8841719234259
3028010,110.05452916783861
3028011,2485.775551316202
3028012,50.35107734782261
3028013,35.22560129649681
3028014,8.226944141191753
3028015,0.035712944207491194
3028016,5.3832846467334585
3028017,5223.233497183522
3028018,0.0020291341221039976
3028019,555.7590658661015
3028020,8.809075055703941
3028021,2480.4447826236055
3028022,898.2264735162491
3028023,789.5179830640877
3028024,112.29673615670083
3028025,68.81995755120099
3028026,9118.38750672522
3028027,12.38050251579708
3028028,0.5244966444868825
3028029,23.54208408338496
3028030,15.762280450617478
3028031,0.16964722860388928
3028032,364.57505616814586
3028033,2.7005968260451843
3028034,6.863448346466428
3028035,4.556375958786606
3028036,55.4606147998028
3028037,1.4424968758207517
3028038,461.81712268973365
3028039,443.31669251720746
3028040,4.493279283806752
3028041,6.623474877315087
3028042,366.57786124755677
3028043,72.34607236121721
3028044,1153.7813524880462
3028045,50.065468093507846
3028046,15.343796503331758
3028047,11.108110232832747
3028048,0.5356941631123678
3028049,4.109134434488854
3028050,4012.245741562409
3028051,0.0020291341221039976
3028052,490.9333704228824
3028053,7.891463070734781
3028054,2177.839495004952
3028055,728.682473349656
3028056,376.00008959948434
3028057,287.57986600526056
3028058,71.5242818374808
3028059,6731.2326363412685
3028060,15.645013129415217
3028061,0.6643624163500511
3028062,40.70941884422148
3028063,30.97270938306192
3028064,0.20023935179475458
3028065,350.53365097872614
3028066,4.46348642082468
3028067,3.6253086137745747
3028068,11.51274400675586
3028069,88.23899783953865
3028070,2.0981772739210935
3028071,144.93607502128648
3028072,336.43977923798633
3028073,2.971362107033497
3028074,5.64738384276339
3028075,186.69596125150883
3028076,161.1387512146663
3028077,1515.9460367575093
3028078,0.8961317887674507
3028079,8.095659941631252
3028080,4.929223915819532
3028081,0.21427766524494718
3028082,2.365377869265976
3028083,2108.1767507266336
3028084,0.0020291341221039976
3028085,162.98297011943131
3028086,9.689982561274334
3028087,889.1816293094505
3028088,356.4871561079915
3028089,160.0232638872202
3028090,54.70420490806747
3028091,43.105655555317696
3028092,3947.472039670646
3028093,10.101504540252344
3028094,0.8391946311790119
3028095,24.28728297772427
3028096,18.984791120521496
3028097,0.16964722860388928
3028098,174.77142935902788
3028099,1.4253149915238472
3028100,15.88761191311673
3028101,4.511263325531293
3028102,101.54135932288617
3028103,2.58993757249635
3028104,128.67029350523674
3028105,171.60335863350676
3028106,1.4132088070037363
3028107,6.414312512768295
3028108,164.1921943639861
3028109,30.235872220051608
3028110,554.1103405800337
3028111,3.249656855056703
3028112,2.6630460334313333
3028113,2.2563348910441516
3028114,0.1851782292240284
3028115,1.5453802079204377
3028116,2013.2764046341244
3028117,0.00811653648841599
3028118,297.76032656619077
3028119,14.608382800709036
3028120,597.3056031242221
3028121,571.8440019959725
3028122,139.06832058894733
3028123,49.78684912462997
3028124,52.14333928794837
3028125,3244.9149427252514
3028126,21.92765619713314
3028127,0.4895302015210903
3028128,13.663782339361255
3028129,16.09332268056073
3028130,0.20023935179475458
3028131,133.21053258290317
3028132,14.365674782990355
3028133,2.7453793385865715
3028134,3.0109975939926064
3028135,54.28741338337351
3028136,4.95038700565758
3028137,609.4069260421913
3028138,166.15523464969172
3028139,3.877265188446149
3028140,6.205150148221503
3028141,330.2371798679733
3028142,33.27612931190343
3028143,1212.6366963840505
3028144,50.35107734782261
3028145,8.474629163582396
3028146,2.985304625073801
3028147,0.14285177682996478
3028148,4.555087008774466
3028149,4731.994231315363
3028150,0.0020291341221039976
3028151,856.7364905216973
3028152,18.645875534573342
3028153,1291.648553677668
3028154,1556.2452907687916
3028155,313.1665272733342
3028156,231.77587132275835
3028157,134.0401478591516
3028158,6252.270458029241
3028159,32.05995800732527
3028160,0.9440939600763885
3028161,21.374265529121658
3028162,33.142340927441026
3028163,0.16964722860388928
3028164,265.0217231632701
3028165,14.290658204489102
3028166,39.20964850237744
3028167,10.899212194483605
3028168,87.65915131334143
3028169,13.080823942101818
3028170,415.96812593352007
3028171,302.8114151802621
3028172,17.828172642200983
3028173,9.935212315972631
3028174,565.1079893914598
3028175,115.68638775130772
3028176,3883.070571703724
3028177,50.35107734782261
3028178,24.789995295000306
3028179,3.6101358256706426
3028180,0.10713883262247359
3028181,3.4061441317430057
3028182,3066.2364107358794
3028183,0.0020291341221039976
3028184,468.82478413371916
3028185,8.11168994712738
3028186,545.3274252806372
3028187,778.3613912713638
3028188,170.17568970228984
3028189,136.5169184824101
3028190,92.51831677624051
3028191,3112.5529129655906
3028192,21.496494417976024
3028193,1.2238255038027257
3028194,21.337852811014123
3028195,18.284245322716274
3028196,0.07508975692303298
3028197,117.66502904687913
3028198,11.704670040043055
3028199,26.433075426647626
3028200,5.016524817990798
3028201,265.9256543906368
3028202,9.835205971505125
3028203,232.22998243390174
3028204,122.20917212620108
3028205,5.507890734988921
3028206,7.460124335502256
3028207,201.08814966775182
3028208,41.24431049852166
3028209,1841.6524002099336
3028210,1.414944929632817
3028211,5.148555664633911
3028212,4.61680831552111
3028213,0.1851782292240284
3028214,0.3503913083672666
3028215,1328.8297532071801
3028216,0.0020291341221039976
3028217,239.81425648557985
3028218,6.3865794153853574
3028219,412.76361832598116
3028220,285.0142539829651
3028221,91.18974124676656
3028222,35.76384040924976
3028223,27.958076785970174
3028224,2415.554601739104
3028225,16.16856671839171
3028226,0.7342953022816354
3028227,11.797720666840574
3028228,10.752004377098762
3028229,0.3003590276921319
3028230,91.9267332330233
3028231,0.15003315700251024
3028232,8.060152160722112
3028233,0.9022526651062587
3028234,22.579905902502738
3028235,0.19670411943010252
3028236,286.1080922762378
3028237,141.95199961540084
3028238,3.0438343535465093
3028239,1.5338573400098097
3028240,158.42644042640572
3028241,23.888780243062683
3028242,554.2642175294928
3028243,0.9432966197552114
3028244,2.6985533138770843
3028245,7.185558806863683
3028246,0.3214164978674207
3028247,2.838453443119171
3028248,4399.725169638285
3028249,0.020291341221039975
3028250,760.9572904098706
3028251,18.05860386419308
3028252,1007.2418251009079
3028253,1259.4211712237204
3028254,325.0905119354895
3028255,247.72833578276087
3028256,112.18399650297597
3028257,6063.586391834606
3028258,26.67043576786137
3028259,3.042080538023918
3028260,24.87601534078962
3028261,29.317841638148508
3028262,0.17520943282041027
3028263,249.13626839456035
3028264,7.53916613937614
3028265,40.12477494857296
3028266,10.033049635981596
3028267,182.28996930508418
3028268,3.9996504284120844
3028269,302.88612899199535
3028270,279.3662194029311
3028271,11.378142702542902
3028272,9.795770739608102
3028273,419.6446638034425
3028274,83.50903760356755
3028275,2893.6816677085058
3028276,2.028087732473704
3028277,17.520409213045244
3028278,7.359123029251695
3028279,0.1851782292240284
3028280,3.3746057601527926
3028281,4490.714694405546
3028282,0.0020291341221039976
3028283,697.3539664005251
3028284,17.905546185100224
3028285,1508.6489795207322
3028286,1076.4305047055323
3028287,417.1118888477245
3028288,260.4365582264484
3028289,60.02735929387807
3028290,7865.082701990315
3028291,13.396812423810273
3028292,0.874161074144804
3028293,35.86652733591965
3028294,20.63691162701214
3028295,0.6007180553842638
3028296,295.4426275569726
3028297,11.704670040043055
3028298,6.194702097323545
3028299,6.063137909514058
3028300,53.51642350608277
3028301,1.3441448161057006
3028302,258.176891824548
3028303,358.1040184162069
3028304,5.471654611732415
3028305,4.845594778667354
3028306,232.0396632956803
3028307,85.2711927458403
3028308,1777.8626311824012
3028309,4.386329281861733
3028310,3.941308129478373
3028311,6.803717517610057
3028312,0.4642682746973855
3028313,2.9646069294800235
3028314,4201.4681488528095
3028315,0.0020291341221039976
3028316,725.2466550861279
3028317,12.552931954378117
3028318,1210.9783443339259
3028319,864.9155634894357
3028320,312.0815661209652
3028321,236.70356347625633
3028322,65.78777397899727
3028323,6122.908651757925
3028324,16.01458036869274
3028325,1.3636912756658943
3028326,27.20030042632688
3028327,20.911292064485856
3028328,0.025029918974344322
3028329,262.61435479184576
3028330,11.704670040043055
3028331,6.863448346466428
3028332,5.702236843471555
3028333,104.57702643062447
3028334,1.540848935535803
3028335,149.0151603137244
3028336,272.9756870739117
3028337,5.616599104758439
3028338,4.810734384576222
3028339,206.38314905614288
3028340,67.7230180307591
3028341,1346.2497906645801
3028342,2.971384352228916
3028343,7.421021613161982
3028344,12.080069878205613
3028345,1.1785271588472095
3028346,14.111213600609007
3028347,11821.176569014715
3028348,0.0020291341221039976
3028349,1368.733663975053
3028350,53.00126825181871
3028351,2329.6130263137215
3028352,2614.6178914623165
3028353,404.39021898175235
3028354,492.803669916666
3028355,276.5076003423639
3028356,11931.671338762708
3028357,75.2069331929763
3028358,2.8322818802291656
3028359,61.64925540978298
3028360,57.937197907308864
3028361,0.3003590276921319
3028362,546.2178258506638
3028363,47.785560505299514
3028364,60.891105843009846
3028365,23.93928951273134
3028366,230.75595320762642
3028367,28.358177217839778
3028368,767.8829718746208
3028369,636.7473994656046
3028370,20.002340037591345
3028371,25.587529262890918
3028372,1190.3665237440846
3028373,252.27549301967878
3028374,8246.343382424475
3028375,1.6507690845716199
3028376,87.283301738506
3028377,3.2977202253722218
3028378,0.49998121890487673
3028379,0.8830744045259644
3028380,2088.574946911619
3028381,0.0020291341221039976
3028382,176.87419057154972
3028383,5.248740554023598
3028384,817.1762332710764
3028385,311.6417438733666
3028386,127.94120140195179
3028387,149.87977769659452
3028388,39.85906989460276
3028389,3376.4903518643114
3028390,5.235535889764935
3028391,0.2797315437263373
3028392,13.909658317077469
3028393,9.12186177799024
3028394,0.2252692707690989
3028395,186.12296197172967
3028396,0.5626243387594134
3028397,15.88761191311673
3028398,3.5007403406122837
3028399,39.68081935245837
3028400,0.8196004976254272
3028401,86.56264997601315
3028402,99.86809973555934
3028403,2.427820258185906
3028404,4.845594778667354
3028405,116.1457813392367
3028406,22.633311500361582
3028407,647.2851273479657
3028408,0.09432966197552115
3028409,5.184062945079662
3028410,8.851775341788596
3028411,0.21427766524494718
3028412,2.459992984036615
3028413,4636.863058681535
3028414,0.0020291341221039976
3028415,617.6448204728933
3028416,11.048048299028693
3028417,1789.2171464359765
3028418,781.3856278978502
3028419,272.43190453728215
3028420,330.1391806379364
3028421,70.75658335784568
3028422,7208.409395610029
3028423,13.088839724412336
3028424,0.2797315437263373
3028425,25.8894425744557
3028426,21.816163719984264
3028427,0.07508975692303298
3028428,303.50886605022066
3028429,1.5003315700251023
3028430,6.687462491428827
3028431,11.151842940713356
3028432,17.463613024292147
3028433,1.5736329554408202
3028434,473.9303705781603
3028435,307.54436833406254
3028436,4.3483347907807275
3028437,7.250961970955465
3028438,146.73442893514
3028439,69.18351179396966
3028440,1515.2975313956272
3028441,2.6883953663023523
3028442,6.426817760680951
3028443,1.5967908459697073
3028444,0.1851782292240284
3028445,1.0407662624770295
3028446,1317.9426087522882
3028447,0.0020291341221039976
3028448,133.19644575910095
3028449,3.853970336870474
3028450,869.6090730184491
3028451,180.29525474829313
3028452,100.05961928620745
3028453,214.81492169052194
3028454,15.358900564948701
3028455,2684.63129535908
3028456,1.7862416565080363
3028457,0.31469798669212945
3028458,10.238823705484423
3028459,4.429921956709487
3028460,0.050059837948688644
3028461,90.69196006778121
3028462,11.704670040043055
3028463,15.88761191311673
3028464,0.43308127925100415
3028465,33.12926279554184
3028466,0.29505617914515375
3028467,87.92748684626035
3028468,82.11917688501146
3028469,0.6522502186171091
3028470,1.2549741872807534
3028471,61.788437466826366
3028472,11.682834133468614
3028473,232.94918498535765
3028474,50.35107734782261
3028475,2.343480509419573
3028476,8.208546333618624
3028477,0.1851782292240284
3028478,2.2616166267341753
3028479,3498.066564974005
3028480,0.0020291341221039976
3028481,351.3029497726053
3028482,10.87884064900038
3028483,1514.9873185894824
3028484,671.8572905045306
3028485,279.24548377594084
3028486,222.95722493282818
3028487,57.35429404062629
3028488,4601.101334014708
3028489,3.577102903507042
3028490,0.6993288593158432
3028491,35.58928594755635
3028492,19.53904647231445
3028493,0.20023935179475458
3028494,339.61330899515656
3028495,11.704670040043055
3028496,15.88761191311673
3028497,15.48121212895923
3028498,36.61306988013725
3028499,1.404467412730932
3028500,328.1240018671919
3028501,323.91801628439714
3028502,1.9219639775250814
3028503,4.3659157559733766
3028504,261.53121304081355
3028505,30.685748519519503
3028506,2096.513171744835
3028507,50.35107734782261
3028508,1.0041458910058414
3028509,3.8184128925362564
3028510,0.42855533048989436
3028511,1.7661488090519288
3028512,3118.1887458018464
3028513,0.0020291341221039976
3028514,707.5424312700657
3028515,9.396346726084204
3028516,1097.2369187902934
3028517,698.3756603422994
3028518,242.68441811580942
3028519,124.65042110731405
3028520,53.117679002190386
3028521,6111.713257320044
3028522,6.990980276333177
3028523,4.440738256655605
3028524,32.771446296779374
3028525,39.05542822764109
3028526,0.10011967589737729
3028527,213.68266647760925
3028528,1.9879393302832606
3028529,6.018716242285945
3028530,3.5368304472165337
3028531,32.710165801359715
3028532,2.393233453066247
3028533,219.52215473179942
3028534,287.4937943327269
3028535,3.659848448907112
3028536,6.623474877315087
3028537,155.25097423619744
3028538,31.406387577829932
3028539,713.3055188127433
3028540,5.282461070629183
3028541,3.3731916423463555
3028542,4.234967026267485
3028543,0.1851782292240284
3028544,0.5733675955100725
3028545,1904.7012397030992
3028546,0.0020291341221039976
3028547,113.36825740429467
3028548,3.413516584085277
3028549,539.2614690836324
3028550,201.91164423507863
3028551,101.62507038392981
3028552,153.77727830073164
3028553,42.573855612505106
3028554,2972.586883873461
3028555,6.9293857364535905
3028556,0.4895302015210903
3028557,10.4868628149694
3028558,8.859843913418974
3028559,0.15017951384606595
3028560,106.48482374528236
3028561,11.704670040043055
3028562,15.88761191311673
3028563,0.3969911726467538
3028564,47.820284101674986
3028565,0.6884644180053588
3028566,242.82355175186598
3028567,92.28491897558956
3028568,1.123319820951688
3028569,1.4292761577364137
3028570,59.687204117896826
3028571,20.505989464118045
3028572,426.1532410990051
3028573,0.09432966197552115
3028574,0.8166674502522755
3028575,5.068075293729941
3028576,0.1851782292240284
3028577,0.8830744045259644
3028578,4530.458638071967
3028579,0.0020291341221039976
3028580,550.5171228116369
3028581,11.525206531212657
3028582,1062.8938920713795
3028583,689.65850607058
3028584,233.62881636756902
3028585,142.08477648832027
3028586,78.39222641136757
3028587,5981.992384956109
3028588,7.144966626032145
3028589,0.4545637585552981
3028590,30.98722310951027
3028591,10.821372147273594
3028592,0.12514959487172161
3028593,225.4525486192026
3028594,11.704670040043055
3028595,27.03142733377547
3028596,3.320289807591032
3028597,61.259080061774796
3028598,0.9507365772454955
3028599,298.5539673819529
3028600,236.20782065908622
3028601,2.862653737263979
3028602,3.660341379568864
3028603,130.74880123497215
3028604,46.92419048240604
3028605,1487.2792193115079
3028606,1.3206152676572958
3028607,1.4202912178300442
3028608,3.922551425969064
3028609,0.1851782292240284
3028610,6.62558110367195
3028611,4061.4452177110147
3028612,0.0020291341221039976
3028613,578.9762373963098
3028614,7.964872029532313
3028615,1012.649436384835
3028616,985.1629320932083
3028617,172.12895584174947
3028618,128.34326158425372
3028619,88.43866113124814
3028620,5401.409153413355
3028621,54.38797871367572
3028622,1.6084563764264395
3028623,33.99722096574582
3028624,29.377250669040812
3028625,0.20023935179475458
3028626,247.4368501548224
3028627,24.830487483915444
3028628,24.391639508211462
3028629,1.8045053302125174
3028630,111.26164037328456
3028631,9.409013712739904
3028632,226.18050218390712
3028633,309.43057911965667
3028634,13.842199083985316
3028635,15.233992217824701
3028636,260.8388394468992
3028637,70.10910605477778
3028638,2574.5349177225958
3028639,50.35107734782261
3028640,12.589603312952738
3028641,6.2135991614908175
3028642,0.1851782292240284
3028643,7.230802454488138
3028644,3865.493328946768
3028645,0.0020291341221039976
3028646,513.6115571264063
3028647,14.278042486120137
3028648,1335.9685955973926
3028649,960.3882860495219
3028650,161.8200798526241
3028651,94.33660408528502
3028652,88.41207711438966
3028653,5789.422884868081
3028654,27.378772976476625
3028655,1.1888590608369336
3028656,44.860468708480205
3028657,69.50341507195479
3028658,0.16964722860388928
3028659,349.83651440513717
3028660,24.830487483915444
3028661,19.217655370105998
3028662,10.141319955794346
3028663,104.23458940234028
3028664,11.867815205616186
3028665,170.73450386034483
3028666,503.6716038944593
3028667,8.769141828074467
3028668,10.7718617741598
3028669,137.30320208636917
3028670,84.20540531240972
3028671,2131.6257621997693
3028672,3.7260216480330848
3028673,16.611264489094403
3028674,9.754309298206255
3028675,0.3214164978674207
3028676,2.9623992434687083
3028677,4912.578921426081
3028678,0.0020291341221039976
3028679,723.8869324492803
3028680,7.3776003591520505
3028681,2734.832778336308
3028682,755.4351949783138
3028683,218.0610676559541
3028684,480.99333348556524
3028685,56.59620935227627
3028686,8141.6338123058595
3028687,28.88783920352652
3028688,1.7832885912554004
3028689,26.606520755801075
3028690,18.10910887326497
3028691,0.050059837948688644
3028692,363.51296200877096
3028693,6.263884304854803
3028694,15.169980704241182
3028695,8.438227825139773
3028696,53.34588041014243
3028697,3.6390262094568966
3028698,202.98569213028728
3028699,355.91250078505095
3028700,7.754530376892298
3028701,10.667280591886405
3028702,245.78158335866348
3028703,56.53954665944813
3028704,1815.6842476068189
3028705,6.412530421095926
3028706,17.288423834475324
3028707,4.373818404177894
3028708,0.42855533048989436
3028709,4.746209540611156
3028710,3616.435668719285
3028711,0.00811653648841599
3028712,411.20840804169745
3028713,8.221803385323678
3028714,934.5994881267032
3028715,900.9874305526585
3028716,227.7287628964988
3028717,143.9511803755737
3028718,73.01460504907465
3028719,5131.808046046312
3028720,25.469342240209418
3028721,1.713355705323816
3028722,16.043227285002004
3028723,12.590250286731777
3028724,0.10011967589737729
3028725,242.59879667732622
3028726,22.20490723637152
3028727,23.476513062015936
3028728,2.1654063962550207
3028729,92.5603234942966
3028730,7.54032457815393
3028731,389.7049912952124
3028732,271.1250257155405
3028733,6.7036828024536215
3028734,9.830631133699235
3028735,398.26204803639183
3028736,53.02025842424409
3028737,2358.667807867374
3028738,0.04716483098776057
3028739,27.13675580560686
3028740,3.922551425969064
3028741,0.24999060945243837
3028742,2.803130466938133
3028743,6304.796845902414
3028744,0.0020291341221039976
3028745,470.35378456789215
3028746,11.451797572415122
3028747,2581.2975616099
3028748,734.824687318984
3028749,297.8667799156421
3028750,186.69723876067556
3028751,57.17220315799215
3028752,8928.406250685839
3028753,10.440274509590076
3028754,2.552550336502828
3028755,31.242112136263
3028756,23.9318807103166
3028757,0.17520943282041027
3028758,471.8556902046556
3028759,11.704670040043055
3028760,0.17598585503760072
3028761,8.769895904832834
3028762,43.21562051128545
3028763,2.1309612938261107
3028764,166.31644302838794
3028765,358.1040184162069
3028766,3.5873762023941
3028767,10.492978621430742
3028768,190.74501572684264
3028769,60.750737494036784
3028770,1287.849129906632
3028771,50.35107734782261
3028772,6.3913104802352
3028773,7.87981569641573
3028774,0.035712944207491194
3028775,7.789977782782615
3028776,3690.6678132651646
3028777,0.0020291341221039976
3028778,576.4813787129214
3028779,12.112478201592918
3028780,1400.085935569216
3028781,874.1874723911498
3028782,252.94532672657476
3028783,138.67963164473053
3028784,111.7782231674034
3028785,6173.1364235968595
3028786,40.837179940166486
3028787,1.6084563764264395
3028788,27.688086640183233
3028789,37.285176468971514
3028790,0.07508975692303298
3028791,271.8852912418777
3028792,22.655006707379048
3028793,21.32948563055721
3028794,9.816508996356095
3028795,151.98800710204262
3028796,11.671111086186082
3028797,234.96963480312252
3028798,516.6534182591691
3028799,14.458213179345918
3028800,9.06370246369433
3028801,210.7951838584332
3028802,66.09265244158303
3028803,2198.751078338006
3028804,0.9432966197552114
3028805,7.363712862522539
3028806,3.8184128925362564
3028807,0.1851782292240284
3028808,4.352295279449396
3028809,3771.367278823934
3028810,0.0020291341221039976
3028811,528.1772352500121
3028812,10.424072149249664
3028813,793.1499235854156
3028814,1012.7095204135018
3028815,190.457738221591
3028816,135.57872062658748
3028817,91.38611260325746
3028818,4739.8087701138775
3028819,28.88783920352652
3028820,1.1538926178711413
3028821,29.166226682172184
3028822,22.49301458639313
3028823,0.050059837948688644
3028824,214.11656049626575
3028825,18.529094889810015
3028826,38.89287396330976
3028827,5.264102949295955
3028828,70.99422031261155
3028829,9.769637931695092
3028830,240.166436703642
3028831,267.59203999241277
3028832,9.74751715600013
3028833,9.098562857785463
3028834,235.10224961619437
3028835,56.768704579122826
3028836,2478.2187537463237
3028837,0.23582415493880285
3028838,15.708033484770628
3028839,6.421876228356432
3028840,0.10713883262247359
3028841,3.6584511044647097
3028842,6612.007127582523
3028843,0.0020291341221039976
3028844,628.3388552653973
3028845,18.425648658180744
3028846,1544.7250379458076
3028847,807.0017433406967
3028848,320.00890658600133
3028849,238.30432265295548
3028850,56.37537558378443
3028851,7467.303914592832
3028852,9.48555914145647
3028853,0.13986577186316865
3028854,18.206359053766317
3028855,20.329564328465242
3028856,0.10011967589737729
3028857,270.8944989812072
3028858,11.704670040043055
3028859,8.552912554827394
3028860,1.4075141575657635
3028861,85.54441692368106
3028862,3.343970030311743
3028863,260.6383372449308
3028864,330.58527650768156
3028865,3.949737434959161
3028866,2.823691921381695
3028867,266.1589995269637
3028868,144.06587520411358
3028869,1402.1952301882445
3028870,3.6316919860575636
3028871,0.9586965720352799
3028872,15.863769926264265
3028873,0.1851782292240284
3028874,15.895023897751456
3028875,14620.247447365411
3028876,0.0020291341221039976
3028877,1922.5379103742512
3028878,29.914150709994633
3028879,2961.927250804164
3028880,3170.2524391969173
3028881,646.6765067072273
3028882,631.3454832939236
3028883,353.89889468401685
3028884,15066.669160102756
3028885,86.50953126088059
3028886,5.140067115971448
3028887,131.48632508630035
3028888,126.27338005439113
3028889,0.2252692707690989
3028890,776.156649385508
3028891,33.85948287232652
3028892,29.24884910724924
3028893,35.118560934463936
3028894,353.9623644787531
3028895,25.99772778467855
3028896,921.0549412251572
3028897,739.2799636239035
3028898,43.77323689385932
3028899,37.8583879829694
3028900,1240.8255082972116
3028901,309.29769829016635
3028902,9943.029047121752
3028903,333.8548412019336
3028904,99.84624266972425
3028905,17.634124994621985
3028906,0.1851782292240284
3028907,13.728968536935627
3028908,13976.070801300111
3028909,0.004058268244207995
3028910,1421.3212862515013
3028911,28.88642528682917
3028912,3120.556268890017
3028913,2753.7833083855935
3028914,821.6022783862425
3028915,392.9887896993283
3028916,260.207750939585
3028917,16954.244001295003
3028918,138.31053929961365
3028919,2.0630201349817376
3028920,78.28734393119517
3028921,86.51671921933912
3028922,0.6507778933329523
3028923,738.8059438698515
3028924,29.529525961234068
3028925,39.280042844392476
3028926,4.743683612062665
3028927,243.3585814339672
3028928,20.22774028139554
3028929,1215.6291991460987
3028930,900.3390833240467
3028931,26.524842223762437
3028932,31.30463389383657
3028933,1363.8957582928426
3028934,260.1992458876751
3028935,6863.210318645693
3028936,587.8850925503219
3028937,95.0098813934426
3028938,13.052029523578478
3028939,0.1851782292240284
3028940,18.984838162444625
3028941,8890.115035743602
3028942,0.020291341221039975
3028943,1082.1708145526543
3028944,16.29678885305229
3028945,2882.207447095295
3028946,2017.730471212482
3028947,949.8109201154356
3028948,155.73464224451726
3028949,205.00464251046515
3028950,14727.792996748187
3028951,47.21221481770379
3028952,3.146979866921295
3028953,47.98547307042172
3028954,25.855977820661042
3028955,0.35041886564082053
3028956,695.9139656766802
3028957,34.46074074901407
3028958,28.157736806016114
3028959,9.458495138841931
3028960,135.25384573563394
3028961,10.326966270080382
3028962,1086.552166549164
3028963,906.8366124585316
3028964,26.633550593531954
3028965,45.492814288927306
3028966,855.0344161723219
3028967,144.15620004230374
3028968,3102.3908407612294
3028969,362.96308829433985
3028970,53.303471105047656
3028971,18.224243350741226
3028972,0.1851782292240284
3028973,19.813035800403622
3028974,13388.050109697291
3028975,0.012174804732623987
3028976,1359.0355633975817
3028977,24.004729526793238
3028978,2882.1960546557925
3028979,2645.0151496139692
3028980,772.0773187980486
3028981,361.97967951789786
3028982,204.26973049706714
3028983,15735.19180486352
3028984,50.78469813071987
3028985,1.9930872490501532
3028986,75.95692997231306
3028987,81.45870987822485
3028988,0.5005983794868865
3028989,698.2807832052393
3028990,34.07328012105509
3028991,31.043904828632765
3028992,7.694771629092216
3028993,222.40913507047438
3028994,14.457752778112535
3028995,955.4404796252871
3028996,929.6802561634427
3028997,25.329050156297736
3028998,32.87335162793752
3028999,1230.2932270603233
3029000,236.59318918441843
3029001,6094.834276900945
3029002,448.86109343417894
3029003,75.90363908105371
3029004,14.093414857906547
3029005,0.1851782292240284
3029006,20.832355970199306
3029007,7281.271798636454
3029008,0.0020291341221039976
3029009,958.881683981164
3029010,20.114054710523998
3029011,2669.00415586101
3029012,1565.4802160285062
3029013,748.3784283150576
3029014,124.51880466187731
3029015,158.31617194067422
3029016,12930.102671803192
3029017,45.30278408143658
3029018,0.5244966444868825
3029019,36.958908879145625
3029020,76.04424635175677
3029021,0.15017951384606595
3029022,657.2744192052949
3029023,29.57866182015239
3029024,13.374924982857655
3029025,2.7608931552251517
3029026,130.75826218482607
3029027,6.3928838814783315
3029028,961.1222637618994
3029029,1006.4307724901963
3029030,19.386325942230744
3029031,26.49389950926035
3029032,934.1117251929455
3029033,100.71181916199792
3029034,2193.443497342593
3029035,339.07079986086995
3029036,25.592486976437275
3029037,12.67018823432485
3029038,0.1851782292240284
3029039,11.308083133670875
3029040,9580.513042973429
3029041,0.0020291341221039976
3029042,1343.029604312124
3029043,28.22574465765138
3029044,2170.323937187594
3029045,2675.7968911725493
3029046,502.35192953117684
3029047,464.27528854975003
3029048,260.60988875870606
3029049,11645.760963861887
3029050,65.78296859139941
3029051,1.748322148289608
3029052,57.1315547107187
3029053,68.47835173546036
3029054,0.3754487846151648
3029055,517.4713333435991
3029056,18.13900868160349
3029057,31.818242590798214
3029058,12.074306065517996
3029059,257.4863039598458
3029060,18.522971246334652
3029061,817.7729549098849
3029062,636.794798701902
3029063,20.76329862597797
3029064,32.62932886929959
3029065,1042.9180951031913
3029066,222.83482075160137
3029067,7710.962899119382
3029068,303.94856516921425
3029069,85.04484580368273
3029070,6.24831200596842
3029071,0.42855533048989436
3029072,6.27613594645239
3029073,2546.4449809859884
3029074,0.0020291341221039976
3029075,386.8973782761155
3029076,26.574043084706886
3029077,1038.2586047104858
3029078,674.211427478944
3029079,244.8092096452114
3029080,85.86078063569403
3029081,73.32873665588824
3029082,4540.5315462284925
3029083,60.208662732296744
3029084,1.3287248327001022
3029085,31.581723823958995
3029086,21.506755992620292
3029087,0.27532910871778754
3029088,221.64414862678925
3029089,15.153348857253533
3029090,10.101588079158281
3029091,12.595447204883373
3029092,62.83010279903128
3029093,7.015780259673656
3029094,254.73718860244426
3029095,280.1650359440586
3029096,3.7685568186766303
3029097,7.6692867000490486
3029098,240.01508747938678
3029099,58.75349596918978
3029100,1650.1878642653437
3029101,1.5564394225960987
3029102,10.419591569901085
3029103,11.073397388355145
3029104,0.1851782292240284
3029105,13.656114898562235
3029106,6320.249690602948
3029107,0.004058268244207995
3029108,675.8144406255683
3029109,35.01607334642316
3029110,2094.9039163273787
3029111,1399.9194639576776
3029112,548.0555838975758
3029113,112.39079712425118
3029114,121.88902377396396
3029115,10537.569833560321
3029116,116.81404488163763
3029117,1.6783892623580239
3029118,61.07242027144583
3029119,36.71478109144481
3029120,0.15017951384606595
3029121,486.3120656860614
3029122,20.713577655766564
3029123,9.989309103644294
3029124,3.392470020799532
3029125,135.69252985766667
3029126,9.2123095933098
3029127,595.2371171285868
3029128,624.8826038680475
3029129,14.566921549115436
3029130,26.18015596244016
3029131,435.5236200558513
3029132,86.78766008335653
3029133,2343.9343858438515
3029134,334.27413654941466
3029135,20.31853355269541
3029136,8.261656985669356
3029137,0.1851782292240284
3029138,5.456138285106851
3029139,6426.194547057854
3029140,0.00811653648841599
3029141,987.2585883187609
3029142,10.607594546243496
3029143,1576.2330733557578
3029144,1958.4980560653203
3029145,291.47383368902535
3029146,355.74340291474357
3029147,210.6671821981443
3029148,8012.412758684255
3029149,43.60893423474792
3029150,1.9930872490501532
3029151,38.99802109316745
3029152,41.57739309973988
3029153,0.27532910871778754
3029154,346.0676514845173
3029155,3.150696297052715
3029156,49.4520252655658
3029157,6.821030148203315
3029158,162.27665256920852
3029159,10.556454409415501
3029160,658.9098499602081
3029161,361.2030920129368
3029162,22.792521528342313
3029163,10.911303350524328
3029164,1009.511594710199
3029165,128.84314218870742
3029166,5724.178422757429
3029167,5.471120394580225
3029168,51.30808930399546
3029169,12.323059789548829
3029170,0.1851782292240284
3029171,8.136899870274958
3029172,6628.449427834232
3029173,0.0020291341221039976
3029174,1011.7676223432834
3029175,14.131224568525074
3029176,1904.8158848439816
3029177,1505.8138838935265
3029178,410.5802077312373
3029179,228.29596006906448
3029180,272.2141821242942
3029181,9611.455156240349
3029182,51.30825171969636
3029183,3.6015436254765927
3029184,55.664590849535045
3029185,48.90427797325567
3029186,0.20023935179475458
3029187,391.9171378173161
3029188,9.752155205163167
3029189,59.342430318678964
3029190,11.115752834109106
3029191,261.75764866767474
3029192,10.622022449225536
3029193,511.63756695717314
3029194,423.5797899325449
3029195,16.704852821249297
3029196,28.09747763745242
3029197,521.3841521124803
3029198,135.7950216373539
3029199,5204.044831332474
3029200,6.697406000262001
3029201,9.833421373750307
3029202,9.893160676116665
3029203,0.035712944207491194
3029204,3.437682503333219
3029205,3191.44327205508
3029206,0.0020291341221039976
3029207,539.2380420297508
3029208,8.809075055703941
3029209,1176.3384237370637
3029210,638.2102321276609
3029211,251.48827562997033
3029212,94.68114975396759
3029213,101.07640135643406
3029214,4978.836556026927
3029215,15.67581039935501
3029216,1.6783892623580239
3029217,32.302767746880434
3029218,25.359757880549008
3029219,0.07508975692303298
3029220,227.38885136601078
3029221,6.526442329609196
3029222,14.290051429053179
3029223,8.26463441237333
3029224,94.83074177945895
3029225,3.5734581696468624
3029226,298.54536592042734
3029227,258.9932608900148
3029228,5.435418488475909
3029229,6.797776847770748
3029230,206.3783509336905
3029231,69.83283325286831
3029232,2165.227804231468
3029233,0.4716483098776057
3029234,4.260873653490133
3029235,7.011994584475671
3029236,0.1851782292240284
3029237,1.3876883499693726
3029238,4795.806106808929
3029239,0.0020291341221039976
3029240,267.57136537532796
3029241,5.212036074624832
3029242,1392.0042080311196
3029243,290.58157371526886
3029244,246.88100616462893
3029245,70.64219844998534
3029246,27.368568649953342
3029247,5197.936619551436
3029248,10.255490889951313
3029249,0.9790604030421806
3029250,25.23653730225034
3029251,10.960107687623255
3029252,0.050059837948688644
3029253,240.3195013846174
3029254,11.704670040043055
3029255,15.88761191311673
3029256,4.15036225948879
3029257,26.87759192019963
3029258,1.1146566767705808
3029259,59.455360912669896
3029260,203.3556190957297
3029261,0.14494449302602425
3029262,2.4402275863792426
3029263,68.09213723141399
3029264,89.6265185761622
3029265,700.5416047234837
3029266,50.35107734782261
3029267,2.9826115574430934
3029268,7.671538629550116
3029269,0.07142588841498239
3029270,6.275189795304683
3029271,5016.61832741245
3029272,0.0020291341221039976
3029273,623.7636500330664
3029274,14.131224568525074
3029275,1472.3088236344588
3029276,1211.1373788071478
3029277,390.3280764087526
3029278,182.43693156741568
3029279,120.63526411131934
3029280,7350.655051260658
3029281,32.52191705642218
3029282,1.3986577186316864
3029283,30.89673209718363
3029284,62.53538821741275
3029285,0.16964722860388928
3029286,355.022629283892
3029287,26.89344339269996
3029288,19.0416695150684
3029289,10.206282147681998
3029290,100.17802768266598
3029291,7.114132319388708
3029292,473.7421451426122
3029293,392.886693287288
3029294,10.182350635078203
3029295,15.37343379418923
3029296,564.6954122392713
3029297,99.75863897474424
3029298,2722.3428173092716
3029299,50.35107734782261
3029300,39.267878284788736
3029301,5.79704502775959
3029302,0.07142588841498239
3029303,5.287723380815115
3029304,5367.138352813566
3029305,0.01623307297683198
3029306,707.8527020649897
3029307,19.526783040143737
3029308,1107.2691700614198
3029309,1561.502460552841
3029310,209.4029904667125
3029311,270.1927133808638
3029312,171.97156168259133
3029313,5696.863858510791
3029314,35.10888773136485
3029315,3.181946309887087
3029316,31.53341388112326
3029317,31.76288383440987
3029318,0.6007180553842638
3029319,239.72306607081
3029320,16.053547799268596
3029321,44.06685810141522
3029322,9.347337610500839
3029323,172.12830245984614
3029324,12.49071158381151
3029325,474.6754718831546
3029326,276.7209237889882
3029327,7.682058130379284
3029328,14.955109065095645
3029329,651.558538121194
3029330,130.52187854735058
3029331,5057.375124939128
3029332,0.5188131408653662
3029333,43.57605867895192
3029334,5.033362449252339
3029335,0.6071200515273503
3029336,9.810956634283466
3029337,6256.410310891036
3029338,0.004058268244207995
3029339,918.7525726344104
3029340,22.499845871443814
3029341,1314.4969541638422
3029342,1766.7397031705018
3029343,319.6420501120722
3029344,324.6653835995766
3029345,128.51994706557136
3029346,7440.015153760841
3029347,36.741143038173924
3029348,4.056107384031891
3029349,42.45722931338305
3029350,57.689603044457115
3029351,0.16964722860388928
3029352,350.9276700018987
3029353,33.94500177181794
3029354,36.85143804487359
3029355,23.54735095500918
3029356,144.46790084382522
3029357,18.68689134585974
3029358,457.3137991714176
3029359,371.30540277258774
3029360,20.582118009695442
3029361,19.94014542012753
3029362,640.2305301118747
3029363,151.11759887344692
3029364,4874.720611260813
3029365,1.4621097606205775
3029366,42.15813281269575
3029367,12.809039612235262
3029368,0.35712944207491193
3029369,6.9759724120392175
3029370,4546.3985511455085
3029371,0.0020291341221039976
3029372,539.9568838703054
3029373,16.884060523432556
3029374,2063.9682646960773
3029375,929.1609099135799
3029376,612.3315077858107
3029377,214.91931902813275
3029378,84.01911121448751
3029379,9982.619683767316
3029380,11.056219908385948
3029381,1.2587919467685178
3029382,52.36148863863193
3029383,42.20788431776458
3029384,0.16964722860388928
3029385,431.72454856321605
3029386,13.315442683972785
3029387,6.1243077553085055
3029388,7.877748469575765
3029389,54.81255103522945
3029390,3.2784019905017088
3029391,442.0536858973658
3029392,528.1139262530144
3029393,8.225599979226876
3029394,7.948169852778104
3029395,437.79683302074216
3029396,105.9610383186334
3029397,1652.4551099397145
3029398,125.90227148703795
3029399,17.97453099677493
