id,sales
3000888,4.326564144384125
3000889,0.15261887525385973
3000890,3.2490973466286905
3000891,2193.703184025753
3000892,0.06428324803774528
3000893,350.24324673796656
3000894,11.17513612857851
3000895,575.3589603605079
3000896,881.4590068447031
3000897,128.33085300336487
3000898,111.00765705664591
3000899,113.47783269928566
3000900,3032.876127043396
3000901,15.474716021121617
3000902,1.5849422551620311
3000903,23.02615131408839
3000904,21.64494074228357
3000905,0.08236556070760725
3000906,137.49984731260707
3000907,11.283908152821022
3000908,21.993436315017554
3000909,6.905706200422776
3000910,71.54828444406809
3000911,7.221308534053982
3000912,263.9714300227969
3000913,136.45643796437838
3000914,3.5275003016839683
3000915,7.240097963099241
3000916,258.15643858842543
3000917,58.3108321302218
3000918,4329.594215054924
3000919,53.52049753173754
3000920,22.12318416214036
3000921,1.171777789104034
3000922,0.15261887525385973
3000923,2.3352887178893713
3000924,1767.4108023885676
3000925,0.03214162401887264
3000926,111.61841155749684
3000927,4.010802281763794
3000928,891.8477029511539
3000929,425.2149268228602
3000930,269.4007981609431
3000931,41.66429123123456
3000932,31.827174954964985
3000933,3352.1933315558126
3000934,4.398904046613252
3000935,0.38814912371315047
3000936,10.084960606170412
3000937,7.7397060836044265
3000938,0.011766508672515323
3000939,138.29933754434617
3000940,3.031497712698185
3000941,18.24925143581675
3000942,1.8868049727931082
3000943,11.969015579724248
3000944,0.48411006932205464
3000945,162.47978108350324
3000946,160.00835659283362
3000947,0.8188839986052069
3000948,3.4679460831651823
3000949,127.42586416894788
3000950,25.65717517026094
3000951,487.8042766732067
3000952,1.955213846132377
3000953,1.5085179121598493
3000954,7.150849071968208
3000955,0.17660184136518056
3000956,4.738266963833507
3000957,6034.042381791569
3000958,0.03214162401887264
3000959,801.0437329993028
3000960,12.063023656602555
3000961,1861.084628936827
3000962,924.5998080246675
3000963,528.1358574217965
3000964,260.21243705325577
3000965,79.08590540825621
3000966,9268.537966683965
3000967,24.639099451565894
3000968,0.7439524871168717
3000969,27.612298558070865
3000970,20.69387516421353
3000971,0.023533017345030646
3000972,400.739926179742
3000973,9.8523675662691
3000974,2.668321317630806
3000975,10.586952550197976
3000976,32.706685675706744
3000977,2.86431791015549
3000978,569.1182450654404
3000979,360.5568966555918
3000980,2.5511386110392986
3000981,13.88760303409271
3000982,368.0379444610537
3000983,96.66701505338536
3000984,2868.47752457929
3000985,20.60494591693351
3000986,8.991949907776355
3000987,5.1678405057921495
3000988,0.15261887525385973
3000989,0.9476533927667014
3000990,1994.027430631919
3000991,0.03214162401887264
3000992,213.30206484378252
3000993,10.348482223176811
3000994,1101.045082325481
3000995,571.2998336630865
3000996,216.41203822855172
3000997,54.309257940574284
3000998,37.60250814827244
3000999,3651.6438634681454
3001000,7.2529548863801825
3001001,0.4204948840225797
3001002,15.409537709428221
3001003,18.857334737595533
3001004,0.05294928902631895
3001005,142.08600266690448
3001006,6.06299542539637
3001007,18.24925143581675
3001008,5.698151017835187
3001009,31.737801600382593
3001010,1.9364402772882185
3001011,139.34815734521558
3001012,157.36566125769005
3001013,1.5432813819867361
3001014,6.144957094731288
3001015,140.63695613127206
3001016,29.927978603393907
3001017,669.6676062692839
3001018,4.010695068989491
3001019,2.957878259136959
3001020,4.296518560048125
3001021,0.15261887525385973
3001022,3.9259926271763343
3001023,1891.9894370583845
3001024,0.03214162401887264
3001025,138.31362906668232
3001026,6.643848054524757
3001027,858.0503521823858
3001028,394.33120490697337
3001029,171.87742624265002
3001030,43.32503570688517
3001031,29.769920088216804
3001032,3546.596634454425
3001033,12.280273796795328
3001034,0.06469152061885841
3001035,16.820021710291215
3001036,8.756362391196534
3001037,0.0058832543362576616
3001038,116.36586559235764
3001039,1.235054623691853
3001040,18.24925143581675
3001041,2.9984026453357906
3001042,33.954060514042915
3001043,1.2102751733051365
3001044,140.56267519379304
3001045,175.81668624965798
3001046,0.47243307611838864
3001047,4.958554487332672
3001048,83.68725081391176
3001049,21.742272023222387
3001050,363.5343312551623
3001051,3.6597592504529106
3001052,1.7155693902994362
3001053,3.214877523952093
3001054,0.15261887525385973
3001055,2.4368230099715182
3001056,1944.5367347826016
3001057,0.03214162401887264
3001058,187.04668483606798
3001059,8.787024846306938
3001060,1465.4687685927638
3001061,533.5040406517394
3001062,267.9151319946144
3001063,34.52600357273633
3001064,40.94594264251194
3001065,3852.0687020884643
3001066,8.535968566642381
3001067,0.32345760309429206
3001068,12.941190707917977
3001069,20.46430761088628
3001070,0.023533017345030646
3001071,166.81382394055964
3001072,0.8701521212374419
3001073,18.24925143581675
3001074,3.251773598825151
3001075,17.002393714490676
3001076,2.501235358163949
3001077,226.06754456585568
3001078,230.2419896086029
3001079,1.039352767460455
3001080,4.198039995410484
3001081,76.64184644623205
3001082,85.5454869485119
3001083,748.1070722174973
3001084,2.606951794843169
3001085,3.993135649834895
3001086,3.515333367312102
3001087,0.7652746459157824
3001088,3.722924043012041
3001089,2152.765404284688
3001090,0.03214162401887264
3001091,179.7798043769827
3001092,2.541195338827442
3001093,888.6583599670993
3001094,474.2367076417281
3001095,268.68734265733895
3001096,81.12291071315099
3001097,62.488314417431575
3001098,3382.2131045333745
3001099,6.467436306627816
3001100,1.0027185695923053
3001101,13.82274320845735
3001102,16.95520358145546
3001103,0.029416271681288304
3001104,179.43629046668437
3001105,6.877008700102364
3001106,18.24925143581675
3001107,4.037762641777252
3001108,19.037811176395465
3001109,2.3802078408334357
3001110,112.3341115188995
3001111,164.406416973055
3001112,0.8818750754209921
3001113,4.715189849917572
3001114,95.11933834567326
3001115,41.12266032963638
3001116,1200.1514194669303
3001117,3.4592244970034356
3001118,4.141029562791743
3001119,4.14629063836812
3001120,0.17660184136518056
3001121,1.4553248531774343
3001122,1684.8776558177244
3001123,0.03214162401887264
3001124,173.69723084405487
3001125,4.929306621099014
3001126,904.9173988829991
3001127,375.31075394925267
3001128,168.69385588623135
3001129,135.3943785675154
3001130,33.98466464178929
3001131,2711.84476272699
3001132,4.2418003306627785
3001133,0.35580336340372126
3001134,11.918589807292307
3001135,12.59342006823771
3001136,0.04706603469006129
3001137,133.14393516701332
3001138,8.759219471309518
3001139,18.24925143581675
3001140,3.207568453748284
3001141,25.73858300518832
3001142,1.8557552657345429
3001143,49.19023682316907
3001144,126.85545550204402
3001145,0.9133706138288846
3001146,2.737852170919881
3001147,58.68712926014327
3001148,34.2466668022923
3001149,1065.52898205076
3001150,53.52049753173754
3001151,0.8282059125583485
3001152,7.631578421344221
3001153,0.6181064447781319
3001154,3.2152525826013085
3001155,3700.69511743489
3001156,0.03214162401887264
3001157,369.07767886588823
3001158,6.123362262234799
3001159,1157.0438267522104
3001160,1046.6150204828298
3001161,525.6074658447287
3001162,167.44383336077274
3001163,98.38548509289035
3001164,5810.034773583939
3001165,13.798943050983237
3001166,1.4555592139243143
3001167,24.295586914865087
3001168,24.727705029820925
3001169,0.04706603469006129
3001170,244.0777573002912
3001171,0.5052496187830308
3001172,18.24925143581675
3001173,8.00005308464278
3001174,36.382357932145894
3001175,4.599045658559519
3001176,225.13088319136924
3001177,246.0577202925711
3001178,2.1731921501445877
3001179,7.848509556636992
3001180,321.6961392963178
3001181,55.61750834511797
3001182,2715.786870160867
3001183,9.324866035400566
3001184,12.630140166514815
3001185,3.395151029968099
3001186,0.17660184136518056
3001187,4.196750739395392
3001188,2695.892865976991
3001189,0.03214162401887264
3001190,646.9325231303607
3001191,7.929754129594065
3001192,610.1242849237618
3001193,880.284118164411
3001194,216.03832244171215
3001195,153.74997540365368
3001196,54.99991171107724
3001197,3567.221449168843
3001198,10.290293394755999
3001199,0.9380270489734469
3001200,26.27026451607328
3001201,17.611110876676175
3001202,0.03529952601754597
3001203,159.81522863894585
3001204,8.898007175234488
3001205,5.811684688021642
3001206,5.75241912276695
3001207,44.06799281446852
3001208,2.460892852387111
3001209,96.73167303366607
3001210,148.27323508909606
3001211,3.9054467625786793
3001212,6.266639413438838
3001213,164.54362901286925
3001214,53.333824333353114
3001215,3404.8351692279784
3001216,41.66109502912834
3001217,12.430158032203957
3001218,5.768752192512168
3001219,0.6769737252331921
3001220,3.3506316387108375
3001221,3256.666550206259
3001222,0.03214162401887264
3001223,201.78509935904196
3001224,6.123362262234799
3001225,921.90869537027
3001226,499.82607722917714
3001227,305.4812622003551
3001228,50.900361385291454
3001229,39.8129326033818
3001230,4371.2393586198705
3001231,31.26363947414418
3001232,1.261484652067739
3001233,14.527985208888849
3001234,17.971859889047565
3001235,0.023533017345030646
3001236,154.5004271171259
3001237,7.438397165416843
3001238,18.24925143581675
3001239,4.559958379961706
3001240,43.38419400109838
3001241,3.388770485254383
3001242,130.70979266411774
3001243,168.09582900425457
3001244,1.259821536315703
3001245,4.897713327978898
3001246,122.7124616698545
3001247,24.589474311977696
3001248,890.3511118293983
3001249,3.4592244970034356
3001250,3.8156629542866773
3001251,6.399709463568185
3001252,0.15261887525385973
3001253,7.445848086024082
3001254,3292.424722385362
3001255,0.03214162401887264
3001256,687.5705800422395
3001257,10.56279990235503
3001258,790.3278002151383
3001259,1093.4896473018314
3001260,229.08459376231605
3001261,146.32032906521675
3001262,101.97121092509319
3001263,4865.796438478605
3001264,37.07647696431169
3001265,1.4555592139243143
3001266,20.487280112535004
3001267,29.253465366843844
3001268,0.023533017345030646
3001269,210.38142672812896
3001270,18.974930127629378
3001271,19.891122549611463
3001272,5.561941668370693
3001273,70.33540390789004
3001274,11.255559111737771
3001275,453.15962387748766
3001276,240.96687090720758
3001277,8.18883998605207
3001278,7.513883180191229
3001279,399.05719074980385
3001280,102.10339156757725
3001281,4368.389229104843
3001282,53.52049753173754
3001283,29.344134197808607
3001284,7.120803487632206
3001285,0.029433640227530092
3001286,5.71976512062759
3001287,4985.272676434694
3001288,0.03214162401887264
3001289,588.5529016250526
3001290,7.34803471468176
3001291,1914.5281582623365
3001292,1093.1857122607544
3001293,720.8975405755572
3001294,94.02144601621953
3001295,81.62999738847562
3001296,7642.416047690016
3001297,10.525948968681709
3001298,0.4851864046414381
3001299,23.02615131408839
3001300,15.05307242531539
3001301,0.03987539050130193
3001302,289.43591886583977
3001303,2.020998475132123
3001304,7.6118257023323945
3001305,4.717012431982771
3001306,44.95267021099486
3001307,1.775070254180867
3001308,325.0181075911766
3001309,357.22722740806194
3001310,3.9054467625786793
3001311,5.779910138608638
3001312,304.8350832539312
3001313,67.11926724440785
3001314,2047.4814883169201
3001315,47.95463199539024
3001316,12.781908814212663
3001317,9.614586987520278
3001318,0.4415046034129514
3001319,4.365974559532303
3001320,4290.459242972586
3001321,0.03214162401887264
3001322,519.9020176426026
3001323,6.58261443190241
3001324,1763.2475359736902
3001325,911.7070796693051
3001326,346.4700135232777
3001327,240.77881310134433
3001328,83.9977231587733
3001329,5641.664195864438
3001330,13.301447950473404
3001331,0.6145694458791549
3001332,39.42302782412071
3001333,29.286260731604884
3001334,0.04706603469006129
3001335,280.7295824951196
3001336,3.3402613686211478
3001337,4.164198419938985
3001338,12.03781572642003
3001339,71.52063827542663
3001340,2.5819203697176247
3001341,105.40336147731972
3001342,268.8269803005662
3001343,2.582634149447191
3001344,4.977415246732344
3001345,155.25072544640943
3001346,149.4969188127654
3001347,2690.1730044909523
3001348,0.952540078885004
3001349,6.7439624308322665
3001350,4.266472975712124
3001351,0.17660184136518056
3001352,2.5383573020536647
3001353,2151.2467422459326
3001354,0.03214162401887264
3001355,171.11222096698876
3001356,8.082838186149935
3001357,757.4699835661105
3001358,458.89289024542245
3001359,154.54465430214816
3001360,45.80158448636414
3001361,50.623044774363905
3001362,3308.504232961822
3001363,8.588336471959206
3001364,0.7762982474263009
3001365,23.519820714390438
3001366,17.775087700481354
3001367,0.03987539050130193
3001368,142.65973980668605
3001369,1.0666380840975094
3001370,18.24925143581675
3001371,4.582240648211834
3001372,83.05771417445008
3001373,3.187057956370193
3001374,95.97356808710802
3001375,140.9903600571687
3001376,1.2283259979078103
3001377,5.597386660547311
3001378,136.53727224075496
3001379,28.331927593117776
3001380,983.3151336482163
3001381,3.201519748053015
3001382,2.2184086943527195
3001383,1.9529629818400565
3001384,0.15261887525385973
3001385,1.6583934373417275
3001386,1609.8365345051695
3001387,0.12856649607549056
3001388,282.51405629720296
3001389,12.185490901847253
3001390,499.71736814975486
3001391,672.7634815426187
3001392,129.33279319904574
3001393,42.10132925114261
3001394,61.23685083668842
3001395,2719.6683638836607
3001396,18.642974292789496
3001397,0.4528406443320089
3001398,13.364335908176876
3001399,15.217049249120569
3001400,0.04706603469006129
3001401,109.04398188502353
3001402,10.750589110772266
3001403,3.1534706481091344
3001404,3.056624055924835
3001405,43.57036177892244
3001406,6.0917183723025214
3001407,531.8223651604211
3001408,136.32321947578941
3001409,3.370022609644506
3001410,5.414863182485987
3001411,274.6152696619456
3001412,30.872020321899644
3001413,2194.9637218498638
3001414,53.52049753173754
3001415,7.059656792219346
3001416,2.5839202528960747
3001417,0.11773456091012037
3001418,4.8398012559156545
3001419,3906.9387857994775
3001420,0.03214162401887264
3001421,798.4818134168221
3001422,15.55334014607639
3001423,1016.4601091538178
3001424,1688.2964053031815
3001425,283.3717551780708
3001426,195.99698399476566
3001427,157.4160123357432
3001428,5240.230473611609
3001429,27.257494717407113
3001430,0.8733355283545886
3001431,20.69885271266445
3001432,30.729256781090456
3001433,0.03987539050130193
3001434,215.005498623838
3001435,10.69445026424082
3001436,45.03802951273815
3001437,11.396302035670374
3001438,71.050653408522
3001439,16.096659804958318
3001440,363.0105650456566
3001441,248.9705531184645
3001442,15.495804896683147
3001443,8.669865207912956
3001444,469.9267446412258
3001445,107.32836382950221
3001446,6823.932133495666
3001447,53.52049753173754
3001448,20.44645191451912
3001449,3.1247407709440904
3001450,0.08830092068259028
3001451,3.655234514957277
3001452,2529.1044229352196
3001453,0.03214162401887264
3001454,440.84787027890764
3001455,6.766315299769453
3001456,440.5374795641229
3001457,855.0026053605043
3001458,162.7842649796192
3001459,114.30001013995327
3001460,109.73953233278154
3001461,2608.731457594695
3001462,18.27639895557172
3001463,1.1321016108300221
3001464,20.663590612642874
3001465,17.11918040526064
3001466,0.017649763008772985
3001467,97.28187161764077
3001468,8.759219471309518
3001469,30.362262265768717
3001470,5.24531782436484
3001471,213.42842191198048
3001472,12.102751733051367
3001473,200.65783721184553
3001474,103.17666212255169
3001475,4.787321837999672
3001476,6.510004050853938
3001477,165.56320283724958
3001478,38.26452229279025
3001479,3333.529505393004
3001480,1.490817574986225
3001481,4.28892347574859
3001482,3.9960627166881157
3001483,0.15261887525385973
3001484,0.37229240430120414
3001485,1088.2913319818094
3001486,0.03214162401887264
3001487,238.26779164352277
3001488,5.3273251681442755
3001489,355.93508388901205
3001490,334.45730906229664
3001491,90.68361242879732
3001492,30.24303097763739
3001493,32.83381158940922
3001494,2024.5545869581458
3001495,13.74657514566641
3001496,0.6792609664980134
3001497,11.424920406990259
3001498,10.070652103506719
3001499,0.07059905203509194
3001500,75.1772763274391
3001501,0.11227769306289573
3001502,9.258266389961431
3001503,0.9434024863965541
3001504,18.46966972908497
3001505,0.24205503466102732
3001506,249.6832179346618
3001507,122.01148323640682
3001508,2.6456252262629767
3001509,1.3385055057830528
3001510,133.06007177459503
3001511,22.162881452243056
3001512,993.3266982033151
3001513,0.99387838332415
3001514,2.247987476944089
3001515,6.2194359575521805
3001516,0.2649027620477708
3001517,3.046028762464397
3001518,3578.3851429212964
3001519,0.3214162401887264
3001520,709.2707646377299
3001521,15.063471165097608
3001522,808.1479466826001
3001523,1366.2860532026675
3001524,308.0368202444643
3001525,209.4868908759276
3001526,131.74826840643277
3001527,5082.088243489699
3001528,22.675303002184975
3001529,2.8140811469203406
3001530,24.330849014886663
3001531,27.449720304986887
3001532,0.04118278035380363
3001533,201.93950834356906
3001534,5.641954076410511
3001535,46.089186395441196
3001536,10.49063564872968
3001537,147.6457586198152
3001538,4.921785704774222
3001539,264.3252162244955
3001540,229.20796038765056
3001541,9.889599060078268
3001542,8.548182889205405
3001543,348.9638342922242
3001544,77.47573889362764
3001545,5135.080086828308
3001546,2.1368385241469223
3001547,14.450595905093856
3001548,6.369663879232185
3001549,0.15261887525385973
3001550,3.621389750929895
3001551,4604.7589436606995
3001552,0.03214162401887264
3001553,751.23574255813
3001554,14.787919863297041
3001555,1211.4379073687585
3001556,1286.674681152826
3001557,387.9118222809226
3001558,218.05283606612545
3001559,71.20075856993672
3001560,6591.980677917824
3001561,11.390019406409312
3001562,0.8086440077357302
3001563,34.73316852125125
3001564,19.513242032816247
3001565,0.14119810407018388
3001566,238.66666771936005
3001567,8.759219471309518
3001568,6.992842073791079
3001569,6.218909190326085
3001570,43.77479124612435
3001571,1.6540427368503534
3001572,181.69998616738576
3001573,286.13745414519025
3001574,4.755826299591779
3001575,4.228460575087372
3001576,192.9571792421611
3001577,79.11058316450634
3001578,3154.965902566095
3001579,4.621534482457297
3001580,3.2832448676420247
3001581,5.88893452985617
3001582,0.3826373229578912
3001583,3.181407818573926
3001584,4207.976891867879
3001585,0.03214162401887264
3001586,781.2835887112508
3001587,10.470949468421509
3001588,1010.1567498917909
3001589,1052.6446995235506
3001590,287.5714858192544
3001591,198.18217409430594
3001592,77.26079988438228
3001593,5131.8081518494655
3001594,13.615655382374351
3001595,1.261484652067739
3001596,26.340788716116432
3001597,19.57883276233832
3001598,0.0058832543362576616
3001599,206.5408802046172
3001600,8.759219471309518
3001601,7.815713890787726
3001602,5.905519869130734
3001603,84.76315305468034
3001604,1.8960977715113807
3001605,107.47421839382623
3001606,234.36938385327852
3001607,4.881808453223349
3001608,4.198039995410484
3001609,171.62199651290896
3001610,63.45851805665561
3001611,2389.0328259268817
3001612,3.158422366829224
3001613,6.181965561596245
3001614,10.455863348928304
3001615,0.9713101275084931
3001616,14.993230464130312
3001617,9044.320015562611
3001618,0.03214162401887264
3001619,1298.6501723028114
3001620,44.21067553333525
3001621,1802.8376129254991
3001622,2686.527908553405
3001623,369.2429058618318
3001624,416.7303199163272
3001625,324.72900486619784
3001626,10000.32039084419
3001627,63.94121239184262
3001628,2.620006585063766
3001629,60.29819103689304
3001630,53.71880747857649
3001631,0.07059905203509194
3001632,446.6945249197328
3001633,35.76044524053229
3001634,69.94236181062567
3001635,24.533496126237853
3001636,185.20168372906184
3001637,34.896267496964775
3001638,670.1225746169164
3001639,504.2806146304159
3001640,17.3855372011567
3001641,22.328705482835474
3001642,989.8728666627552
3001643,234.0492812195794
3001644,14491.74990566184
3001645,1.7238952489516233
3001646,71.99008352763805
3001647,2.854330511920083
3001648,0.41207096318542136
3001649,0.9476533927667014
3001650,2112.4778677095214
3001651,0.03214162401887264
3001652,184.081556050408
3001653,4.378204017497882
3001654,668.1530072154223
3001655,393.5958781946904
3001656,124.76058496765314
3001657,125.48818344959946
3001658,46.81027243280269
3001659,2829.9459779403232
3001660,4.451271951930076
3001661,0.25876608247543365
3001662,13.470122208241602
3001663,8.62518093215239
3001664,0.05294928902631895
3001665,151.9255946141583
3001666,0.421041348985859
3001667,18.24925143581675
3001668,3.6255406791498808
3001669,32.48424815370169
3001670,1.0085626444209472
3001671,62.951851597446606
3001672,82.11122429202558
3001673,2.1102010733288026
3001674,4.228460575087372
3001675,96.58332558230858
3001676,20.99811687957043
3001677,1160.0344709433716
3001678,0.10026737672473728
3001679,4.318502258339961
3001680,7.661624005680223
3001681,0.17660184136518056
3001682,2.6398915941358108
3001683,4521.133082574362
3001684,0.03214162401887264
3001685,659.7290768916916
3001686,9.215660204663374
3001687,1402.2512148331507
3001688,996.2696515818523
3001689,260.5990750775404
3001690,276.4119796578477
3001691,83.0961422871425
3001692,6041.601500561199
3001693,11.12817987982519
3001694,0.25876608247543365
3001695,25.071353115339733
3001696,20.62828443469146
3001697,0.017649763008772985
3001698,240.7974775663227
3001699,1.1227769306289572
3001700,7.615310970511117
3001701,11.549402782034157
3001702,14.284699246663903
3001703,1.9364402772882185
3001704,341.81284671807333
3001705,252.3269189281917
3001706,3.779464608947109
3001707,6.327480572792614
3001708,123.24012073593049
3001709,64.82704492594303
3001710,2715.646159454196
3001711,2.8576202366550127
3001712,5.3537596490378965
3001713,1.38209687945604
3001714,0.15261887525385973
3001715,1.1168772129036124
3001716,1294.63047134299
3001717,0.03214162401887264
3001718,141.21098731435828
3001719,3.2147651876732697
3001720,740.7966477667584
3001721,238.98118149198103
3001722,99.50426014006473
3001723,179.8557131261615
3001724,18.217782422691133
3001725,2250.0764832214913
3001726,1.5186692541879083
3001727,0.29111184278486285
3001728,10.014436406127263
3001729,4.230602054173606
3001730,0.011766508672515323
3001731,72.68600988613542
3001732,8.759219471309518
3001733,18.24925143581675
3001734,0.45283319347034595
3001735,27.36970695503377
3001736,0.363082551991541
3001737,65.5840164476225
3001738,70.58359587071331
3001739,0.5669196913420663
3001740,1.0951408683679522
3001741,51.38139934372776
3001742,10.838781440148065
3001743,421.6555639475848
3001744,53.52049753173754
3001745,1.952199651030393
3001746,6.640074138256193
3001747,0.15261887525385973
3001748,2.402978245944136
3001749,2869.521561127233
3001750,0.03214162401887264
3001751,260.1986061333421
3001752,8.480856733195198
3001753,959.4593145655657
3001754,599.6344229763922
3001755,186.9816989336588
3001756,163.9475292015083
3001757,61.28840820617874
3001758,3856.3321251906946
3001759,3.0111545557174044
3001760,0.6469152061885841
3001761,30.008047118360217
3001762,17.11918040526064
3001763,0.04706603469006129
3001764,192.20194182682417
3001765,8.759219471309518
3001766,18.24925143581675
3001767,14.17763226127911
3001768,27.007009513223945
3001769,1.6943852426271915
3001770,234.7131274871593
3001771,188.3402814666115
3001772,1.6377679972104138
3001773,3.772151879934058
3001774,189.11431454503233
3001775,27.384262194962744
3001776,2529.897793836235
3001777,53.52049753173754
3001778,0.8282059125583485
3001779,3.3050142769600956
3001780,0.3532036827303611
3001781,1.8953067855334027
3001782,3066.8717389630306
3001783,0.03214162401887264
3001784,763.161344257052
3001785,7.837903695660544
3001786,880.5333242416543
3001787,890.4316267939166
3001788,234.3757938136958
3001789,104.3646791540435
3001790,63.004921137952955
3001791,5122.424928988057
3001792,5.943757253459572
3001793,4.107911559297509
3001794,32.05324891961156
3001795,36.56683170855481
3001796,0.023533017345030646
3001797,166.5010124739135
3001798,1.4876794330833685
3001799,6.794181787603832
3001800,3.698137746674492
3001801,26.75591128427868
3001802,2.945002921709166
3001803,157.02823078049428
3001804,237.85843950679867
3001805,3.18104937919715
3001806,5.779910138608638
3001807,129.10202349777228
3001808,29.428735918072107
3001809,1291.1366949870082
3001810,5.467210646675149
3001811,2.8099843461801113
3001812,3.6655612889921065
3001813,0.15261887525385973
3001814,0.6092057524928796
3001815,1831.0051960070327
3001816,0.03214162401887264
3001817,122.43519331563945
3001818,2.8473634519391817
3001819,441.621517977164
3001820,259.9134819016376
3001821,100.07022820342807
3001822,130.0261670081299
3001823,50.498486865246285
3001824,2491.421393060126
3001825,5.891389348142748
3001826,0.4528406443320089
3001827,10.155484806213565
3001828,8.461204108347212
3001829,0.03529952601754597
3001830,83.74816084298466
3001831,8.759219471309518
3001832,18.24925143581675
3001833,0.41509709401448386
3001834,38.75992843531045
3001835,0.8471926213135957
3001836,176.5910840123798
3001837,78.57300467247853
3001838,0.9763616906446698
3001839,1.2472437667523901
3001840,49.634077122257565
3001841,19.024488020319588
3001842,763.7321308532628
3001843,0.10026737672473728
3001844,0.6803119996015006
3001845,4.386655313056127
3001846,0.15261887525385973
3001847,0.9476533927667014
3001848,4424.297340324802
3001849,0.03214162401887264
3001850,594.5462327663774
3001851,9.613678751708635
3001852,874.2973490738437
3001853,862.8813859737129
3001854,217.27354774000258
3001855,118.96174901897253
3001856,92.06339948807873
3001857,5013.701662298273
3001858,6.074677016751633
3001859,0.4204948840225797
3001860,30.008047118360217
3001861,10.23215380544314
3001862,0.029416271681288304
3001863,183.86130051998228
3001864,8.759219471309518
3001865,29.97888276610912
3001866,3.4717211499393197
3001867,50.10804657618823
3001868,1.1699326675282988
3001869,213.56113849995086
3001870,199.2319501983503
3001871,2.4881475342235135
3001872,3.1941608660731946
3001873,108.72675609533985
3001874,43.53404654078336
3001875,2665.4330362693727
3001876,1.403743274146322
3001877,1.1831513036547836
3001878,3.395151029968099
3001879,0.15261887525385973
3001880,7.039710917695497
3001881,3189.897133957504
3001882,0.03214162401887264
3001883,544.4260837657811
3001884,6.643848054524757
3001885,854.9745116840264
3001886,1164.4261250179657
3001887,158.61039214582252
3001888,108.53110827716695
3001889,104.90049593263782
3001890,4527.09604233646
3001891,46.24086039475596
3001892,1.4879049742337433
3001893,33.252160320345105
3001894,27.77767395259724
3001895,0.04706603469006129
3001896,200.38817300778572
3001897,18.58195820190924
3001898,28.01737383512346
3001899,1.8868049727931082
3001900,89.29712471187786
3001901,11.578299157952474
3001902,197.38510424525325
3001903,242.90805459807518
3001904,12.031295671814965
3001905,13.293793318799866
3001906,216.90570474728656
3001907,65.04391561247695
3001908,4613.962417832701
3001909,53.52049753173754
3001910,10.487571411568805
3001911,5.3781595961441555
3001912,0.15261887525385973
3001913,7.682761434215758
3001914,3095.4295008189506
3001915,0.03214162401887264
3001916,487.31302130892846
3001917,11.909939600046686
3001918,1043.689944762699
3001919,1071.4363821707832
3001920,150.3748024580046
3001921,79.77400656721693
3001922,103.83065703785876
3001923,4852.302924124123
3001924,23.277533913328455
3001925,1.0997558505205929
3001926,43.442907226580246
3001927,64.44289175543517
3001928,0.03987539050130193
3001929,278.30267439384363
3001930,18.58195820190924
3001931,22.07429453676394
3001932,10.603843947097268
3001933,84.42480453204097
3001934,14.603987091215316
3001935,148.99802377896376
3001936,395.50904030952626
3001937,7.621920294710003
3001938,9.49395871135984
3001939,114.17719798077044
3001940,78.12179594724053
3001941,3820.201112041574
3001942,3.9605613806271225
3001943,13.837753123372663
3001944,8.442809198416244
3001945,0.2649027620477708
3001946,3.1475630545465445
3001947,5099.665902153871
3001948,0.03214162401887264
3001949,759.9929038574396
3001950,6.153979073545973
3001951,2175.8272779834224
3001952,911.1188182994788
3001953,202.79562483011722
3001954,402.7159674112755
3001955,66.46627694648545
3001956,6823.767125019705
3001957,24.560547593590655
3001958,1.6496337757808894
3001959,26.023429815922256
3001960,16.95520358145546
3001961,0.011766508672515323
3001962,296.45247463443786
3001963,4.687593685375897
3001964,16.974301610837664
3001965,8.566094576480712
3001966,43.63529223004365
3001967,4.478018141229006
3001968,146.39939024259954
3001969,289.38016132378004
3001970,6.740045219289012
3001971,9.308697381127594
3001972,206.42839058022844
3001973,52.454719631020446
3001974,3253.9853405908934
3001975,6.61764686383266
3001976,14.401850086172672
3001977,3.7857436263361097
3001978,0.3532036827303611
3001979,5.0428698400799465
3001980,2747.1522232375532
3001981,0.12856649607549056
3001982,397.31201226237215
3001983,6.858165733702976
3001984,741.8765867672234
3001985,999.9227546884745
3001986,206.06256935687017
3001987,121.72965647839021
3001988,85.74795054069934
3001989,4301.134617918246
3001990,21.6541288485069
3001991,1.5849422551620311
3001992,15.691634509600819
3001993,11.904717408255962
3001994,0.023533017345030646
3001995,198.20872022940682
3001996,16.61709857330857
3001997,26.966216952420417
3001998,2.26416596735173
3001999,74.24137635814972
3002000,9.278776328672715
3002001,340.09103167149146
3002002,226.565793697303
3002003,5.826674605460126
3002004,8.578603468882294
3002005,331.18269651332855
3002006,49.18969030932658
3002007,4227.095366521077
3002008,0.05013368836236864
3002009,22.38202815662864
3002010,3.395151029968099
3002011,0.20603548159271068
3002012,2.978339234409633
3002013,6320.604698001536
3002014,0.03214162401887264
3002015,506.6961566716646
3002016,9.552445129086287
3002017,2057.066783232864
3002018,936.9042750102033
3002019,282.2411985984986
3002020,156.31393178711426
3002021,67.1427209035688
3002022,7483.1866007242215
3002023,8.87635995120174
3002024,2.3612405025883323
3002025,30.25488181851124
3002026,22.62880168511464
3002027,0.04118278035380363
3002028,374.6059500117613
3002029,8.759219471309518
3002030,0.20214555436597015
3002031,9.08254005189094
3002032,35.027695668714934
3002033,2.622262875494463
3002034,124.05336176792801
3002035,286.13745414519025
3002036,3.1180583023813653
3002037,9.156594482743156
3002038,158.61779691626708
3002039,56.36166348876993
3002040,2308.023652863892
3002041,53.52049753173754
3002042,5.324180866446526
3002043,6.820347644272198
3002044,0.029433640227530092
3002045,8.359656714763402
3002046,2973.452756803081
3002047,0.03214162401887264
3002048,537.2829356146885
3002049,10.103547732687419
3002050,1140.2413594567172
3002051,980.4467279810102
3002052,235.23779890093212
3002053,117.27186867532804
3002054,131.27173043315983
3002055,5173.905675041859
3002056,34.71992122505459
3002057,1.4879049742337433
3002058,27.0812928165695
3002059,35.255017118113386
3002060,0.017649763008772985
3002061,218.41125217576746
3002062,16.953931652497257
3002063,24.500041189155585
3002064,10.264219051994509
3002065,122.06113180146504
3002066,14.361932056554286
3002067,205.0552784712287
3002068,413.0129981494818
3002069,12.566719824749137
3002070,7.988444223150675
3002071,177.0438205797566
3002072,61.31763974648672
3002073,3979.9049993467347
3002074,0.99387838332415
3002075,6.134225406493774
3002076,3.3050142769600956
3002077,0.15261887525385973
3002078,4.670577435778743
3002079,2988.247089313609
3002080,0.03214162401887264
3002081,501.1328906544324
3002082,8.695174412373415
3002083,681.3031541190696
3002084,1089.2502436966156
3002085,172.33752290516045
3002086,114.64964055587971
3002087,107.32334795681008
3002088,3972.5873221535767
3002089,24.560547593590655
3002090,1.0674100902111638
3002091,28.527038917454075
3002092,21.480963918478388
3002093,0.011766508672515323
3002094,172.00439889907042
3002095,13.866295093267624
3002096,44.67416751487941
3002097,5.396262222188289
3002098,56.94349836414264
3002099,12.02206672149769
3002100,209.5904672915361
3002101,213.91320915012847
3002102,8.472299831723102
3002103,7.939771295667655
3002104,195.5039335737212
3002105,52.66732152010467
3002106,4441.349042983064
3002107,0.25066844181184317
3002108,12.955772984063204
3002109,5.558433102160161
3002110,0.08830092068259028
3002111,3.9259926271763343
3002112,6451.985029185047
3002113,0.03214162401887264
3002114,665.4154276258116
3002115,15.369639278209348
3002116,1201.9093352626378
3002117,991.1713863766902
3002118,300.3879387331288
3002119,199.52242402202396
3002120,66.86900029333638
3002121,6258.58938631116
3002122,8.064657418790961
3002123,0.12938304123771682
3002124,17.631050010787437
3002125,19.41485593853314
3002126,0.023533017345030646
3002127,211.18415982196237
3002128,8.759219471309518
3002129,9.65488990870018
3002130,1.4717078787786244
3002131,69.97270646608021
3002132,4.114935589237465
3002133,189.54671479436868
3002134,268.95174047241943
3002135,3.4330136864602907
3002136,2.464066953827893
3002137,221.32978926622454
3002138,133.65751122389915
3002139,2538.0789402066425
3002140,3.7587073195891643
3002141,0.7986271299669789
3002142,13.730832041552397
3002143,0.15261887525385973
3002144,16.888537249663713
3002145,10825.591248277085
3002146,0.03214162401887264
3002147,1776.3711052429053
3002148,24.95270121860681
3002149,2312.9208582000033
3002150,3253.8775671181065
3002151,585.1514794175578
3002152,533.8856451196798
3002153,415.6169152373965
3002154,12627.863653467284
3002155,73.5507230174799
3002156,4.754826765486094
3002157,127.33144317790688
3002158,117.07945219689748
3002159,0.05294928902631895
3002160,611.5127414175741
3002161,25.826114958327278
3002162,33.59659113562424
3002163,34.971660627152716
3002164,286.48938295951274
3002165,31.99160708103245
3002166,803.7939779685776
3002167,580.1757690888178
3002168,38.04661039673423
3002169,33.03674952909989
3002170,1031.833034974103
3002171,286.9517887020318
3002172,17473.428351616334
3002173,319.7025306868248
3002174,82.35182682764196
3002175,15.263156842688442
3002176,0.15261887525385973
3002177,14.587093295801724
3002178,10222.689150820395
3002179,0.06428324803774528
3002180,1324.6770864200594
3002181,24.095430501893937
3002182,2435.7500199321485
3002183,2940.9081386480802
3002184,750.1932502173776
3002185,332.32371033808494
3002186,308.6424169014729
3002187,14209.901294103198
3002188,117.59213138892925
3002189,1.908399858256323
3002190,75.81351504638599
3002191,80.21746220549335
3002192,0.15296461274269918
3002193,576.541467140445
3002194,23.160923219246794
3002195,45.11888773448454
3002196,4.723840869027165
3002197,189.8028685485528
3002198,24.891326064308977
3002199,1060.8655205917162
3002200,719.0782465242322
3002201,23.054734114577364
3002202,27.590857355343484
3002203,1134.1745396569647
3002204,241.4005646958997
3002205,11945.122518315173
3002206,557.9378177848005
3002207,78.36286163825854
3002208,11.297139710336328
3002209,0.15261887525385973
3002210,20.171479360319786
3002211,6594.469677661401
3002212,0.3214162401887264
3002213,999.7402404143774
3002214,13.593864222161255
3002215,2248.7612081877896
3002216,2042.9582047359104
3002217,867.2587211575192
3002218,131.69412333229386
3002219,240.75632450228386
3002220,12343.840559790857
3002221,40.13999942534592
3002222,2.9111184278486286
3002223,46.933855128716154
3002224,23.973411640317103
3002225,0.08236556070760725
3002226,553.6149310347736
3002227,25.54317517180878
3002228,32.34328869855523
3002229,9.509497062877264
3002230,106.46539543821721
3002231,12.707889319703936
3002232,948.221489436025
3002233,711.8815405940509
3002234,23.149220729801044
3002235,40.095845043121656
3002236,711.0208089267242
3002237,133.7413103404984
3002238,5452.000976547918
3002239,347.57686141630177
3002240,43.96398005957358
3002241,15.773931776400456
3002242,0.15261887525385973
3002243,21.051443225031726
3002244,9765.724569550177
3002245,0.19284974411323583
3002246,1266.6265452272937
3002247,20.023394597507796
3002248,2175.3122892785746
3002249,2720.7872702964783
3002250,704.9727203116835
3002251,306.1014291436016
3002252,239.89324787625455
3002253,13188.174145294439
3002254,43.17733793372174
3002255,1.8437083376374646
3002256,73.55674064500518
3002257,75.52772504466523
3002258,0.11766508672515322
3002259,560.5022712214558
3002260,26.70160026998521
3002261,35.658475790157134
3002262,7.885766612005025
3002263,178.39134176400196
3002264,17.79104504758551
3002265,833.8018390180687
3002266,699.1990876159028
3002267,22.01538134711691
3002268,28.686606635304972
3002269,1023.0747078433419
3002270,219.4999807838711
3002271,10607.797049234949
3002272,422.22592338786865
3002273,62.604292100078844
3002274,12.198507240416353
3002275,0.15261887525385973
3002276,22.134475673907954
3002277,5576.782207628054
3002278,0.03214162401887264
3002279,917.9069803008847
3002280,16.77801259852335
3002281,2014.1254365002524
3002282,1654.5733418422658
3002283,683.3336034960619
3002284,105.29702692984735
3002285,185.9256414827903
3002286,10837.13804489951
3002287,38.51659436052436
3002288,0.4851864046414381
3002289,35.791031521898496
3002290,71.19873689620853
3002291,0.03529952601754597
3002292,528.0025567621335
3002293,22.342138142585625
3002294,15.36306213181373
3002295,2.830207459189662
3002296,105.9076530084691
3002297,7.8667886264833875
3002298,838.7602662179179
3002299,797.3578533349373
3002300,16.85011304822253
3002301,23.58203336552324
3002302,784.5469030619435
3002303,93.43566671116635
3002304,3892.4489001260854
3002305,318.9505253613893
3002306,21.10833616988289
3002307,10.966638282640318
3002308,0.15261887525385973
3002309,12.014891229720678
3002310,7337.788803325284
3002311,0.03214162401887264
3002312,1262.8849003291004
3002313,23.544327898292806
3002314,1665.3335790247556
3002315,2769.458055164683
3002316,458.69033799197774
3002317,392.6058212174026
3002318,306.058819830347
3002319,9760.689640809545
3002320,55.92892287836848
3002321,1.6172880154714604
3002322,55.32623493385098
3002323,64.1149381078248
3002324,0.0882488150438649
3002325,411.95074989107366
3002326,13.182804636747244
3002327,36.54791622936741
3002328,12.37744062152279
3002329,208.5510290406498
3002330,22.79351576391341
3002331,713.6609849004097
3002332,503.9465111193516
3002333,18.046943507722446
3002334,28.47366257756676
3002335,867.2592045407695
3002336,206.7356166995492
3002337,13819.231107306594
3002338,285.9124247305883
3002339,70.14383543079535
3002340,5.408205180480157
3002341,0.3532036827303611
3002342,6.735108041449056
3002343,2034.6338158559633
3002344,0.03214162401887264
3002345,373.8225505504065
3002346,22.166571389289974
3002347,830.8607420594054
3002348,730.3114572933762
3002349,229.79902232330033
3002350,72.60658304072484
3002351,86.97803362152634
3002352,3805.566623303311
3002353,51.189627447195875
3002354,1.2291388917583097
3002355,30.889599618899584
3002356,20.136353963275923
3002357,0.06471579769883427
3002358,181.6125003829689
3002359,11.340046999352468
3002360,11.603154820606685
3002361,13.044471103333077
3002362,50.426611602001614
3002363,8.633296236243307
3002364,222.30619369017276
3002365,223.96406833384853
3002366,3.2755359944208275
3002367,6.692527528915265
3002368,199.58930123324816
3002369,54.50871718107656
3002370,2957.390375897127
3002371,1.6253869490115307
3002372,8.593937815142644
3002373,9.584541403184279
3002374,0.15261887525385973
3002375,14.654782823856488
3002376,5137.269540936992
3002377,0.06428324803774528
3002378,641.2106042707214
3002379,29.208437990859995
3002380,1636.5879856159333
3002381,1484.3677579679238
3002382,495.9133854323084
3002383,95.041201396005
3002384,144.5772570398641
3002385,8831.87874394012
3002386,99.31573243335752
3002387,1.5525964948526019
3002388,59.73399743654784
3002389,34.041588621955064
3002390,0.03529952601754597
3002391,390.6648525542473
3002392,15.202961029181395
3002393,11.360580155367522
3002394,3.547193348851043
3002395,108.83713234616384
3002396,11.336244123291447
3002397,519.4565370605569
3002398,508.69717757849696
3002399,12.661206439972815
3002400,22.84585533734256
3002401,365.7899779114401
3002402,80.51748990003675
3002403,4119.123997107123
3002404,314.43849340877614
3002405,16.758450911949836
3002406,7.150849071968208
3002407,0.15261887525385973
3002408,5.855144176737119
3002409,5070.876806729282
3002410,0.12856649607549056
3002411,953.8951263575836
3002412,8.848258468929286
3002413,1353.959109835838
3002414,2127.9570704977455
3002415,268.5822314762999
3002416,300.8278370367111
3002417,247.40637996375642
3002418,6715.462772614328
3002419,37.07647696431169
3002420,1.8437083376374646
3002421,37.76570912310669
3002422,38.92809797134939
3002423,0.06471579769883427
3002424,286.1182214923203
3002425,2.35783155432081
3002426,56.80290077683761
3002427,7.132122797157948
3002428,129.04622798848783
3002429,12.9902868601418
3002430,575.0229934358756
3002431,281.08466718513785
3002432,19.810693658564432
3002433,9.521641438865808
3002434,839.4793672809216
3002435,119.53457887796793
3002436,10258.607849426506
3002437,5.815507850034761
3002438,42.31821621166561
3002439,10.666182439280309
3002440,0.15261887525385973
3002441,8.731949119064605
3002442,4999.457157354804
3002443,0.03214162401887264
3002444,942.9714442922184
3002445,11.78747235480199
3002446,1488.0867650537512
3002447,1547.2283875119579
3002448,378.3342984746647
3002449,193.05426132738475
3002450,319.6868381275551
3002451,8055.672022441251
3002452,43.62246512891475
3002453,3.331613311871208
3002454,54.444682433311606
3002455,45.805224083691854
3002456,0.04706603469006129
3002457,311.7787397945159
3002458,7.298050049088223
3002459,68.16348093220513
3002460,11.401333515597821
3002461,212.0106046394512
3002462,13.070971871695475
3002463,446.5001780193891
3002464,329.6991069465837
3002465,14.519443206038478
3002466,24.518987219571375
3002467,433.56732148414096
3002468,125.98420412140747
3002469,9145.352393917618
3002470,6.931642069891706
3002471,8.110472587065802
3002472,8.562991535760249
3002473,0.029433640227530092
3002474,3.6890792789846594
3002475,2571.243546050082
3002476,0.03214162401887264
3002477,521.0150069342378
3002478,7.34803471468176
3002479,918.5835593446384
3002480,715.7859768248735
3002481,236.06856927194158
3002482,80.06536524715565
3002483,119.89060546315667
3002484,4172.924255142922
3002485,13.327631903131815
3002486,1.5525964948526019
3002487,31.594841619331085
3002488,23.743844086989853
3002489,0.017649763008772985
3002490,189.67675005899426
3002491,4.884079648235964
3002492,16.414219014516778
3002493,8.641566775392434
3002494,76.10990226990704
3002495,4.39733312967533
3002496,260.53708257410364
3002497,212.94341027188864
3002498,4.724330761183887
3002499,5.932013036993075
3002500,171.61800653912206
3002501,64.78760276205519
3002502,3880.421137813777
3002503,0.5013368836236863
3002504,3.549453910964351
3002505,6.069208035872176
3002506,0.15261887525385973
3002507,1.4891696172048166
3002508,4442.050355739365
3002509,0.03214162401887264
3002510,276.03174969315796
3002511,4.347587206186708
3002512,1193.4004920347736
3002513,381.38945477079227
3002514,238.15929511361918
3002515,59.14581202755675
3002516,32.14149647715824
3002517,4356.559118247242
3002518,8.719256235251267
3002519,0.9056812886640178
3002520,24.68347001510241
3002521,10.363335264487283
3002522,0.011766508672515323
3002523,194.29608238702687
3002524,8.759219471309518
3002525,18.24925143581675
3002526,4.298321423734395
3002527,21.78518088946122
3002528,1.371645196412488
3002529,47.601839224300164
3002530,165.54538218601093
3002531,0.1259821536315703
3002532,2.1294405773821294
3002533,56.6233657734685
3002534,83.15124866024038
3002535,1255.4782668015228
3002536,53.52049753173754
3002537,2.4846177376750456
3002538,6.640074138256193
3002539,0.058867280455060185
3002540,6.667418513394292
3002541,3757.0998106176103
3002542,0.03214162401887264
3002543,586.5408271505617
3002544,11.78747235480199
3002545,1168.705374464232
3002546,1264.1540750446377
3002547,356.4029652733279
3002548,154.27442102754333
3002549,141.67339059807335
3002550,6160.822193984985
3002551,27.650254007283294
3002552,1.2938304123771682
3002553,30.515890500043483
3002554,57.43520296451574
3002555,0.03987539050130193
3002556,282.62790407500563
3002557,20.12577648152406
3002558,21.87214898239797
3002559,10.566107847641405
3002560,80.35143326248446
3002561,8.754323753573821
3002562,413.4292823716158
3002563,311.151868601746
3002564,8.850246292617813
3002565,13.415475637507416
3002566,469.58365793624034
3002567,92.55135117568123
3002568,4831.024969569365
3002569,53.52049753173754
3002570,32.387613453764985
3002571,5.017612584112145
3002572,0.058867280455060185
3002573,5.618230828545445
3002574,4144.427173779871
3002575,0.2571329921509811
3002576,677.7139363744931
3002577,16.28814361754457
3002578,911.4213731479593
3002579,1709.850301893621
3002580,191.20286561524225
3002581,228.48347680793105
3002582,201.96245608196367
3002583,4774.726204789724
3002584,29.84970603058992
3002585,2.9434641881580577
3002586,30.53697861868384
3002587,29.450237555410066
3002588,0.14119810407018388
3002589,198.19574878102915
3002590,12.013713157729843
3002591,50.61724681323892
3002592,9.7736497590683
3002593,139.41531667105377
3002594,15.370494700975236
3002595,414.24378580669554
3002596,225.12973010900185
3002597,6.677054142473225
3002598,13.050428681384766
3002599,541.8164112176255
3002600,121.09203114332513
3002601,8974.735053099774
3002602,0.551470571986055
3002603,35.940942214827594
3002604,4.356609728720127
3002605,0.5003718838680116
3002606,10.424187320433717
3002607,5088.464583880512
3002608,0.06428324803774528
3002609,871.7095357253336
3002610,18.76810533374966
3002611,1111.0658401539963
3002612,1815.3304676815794
3002613,291.8605690221715
3002614,274.54728410624006
3002615,150.9331188885418
3002616,6235.7177915746815
3002617,31.237455521485767
3002618,3.7521081958937876
3002619,41.115608625156305
3002620,52.98462445425632
3002621,0.03987539050130193
3002622,287.2637001644407
3002623,25.40282805548016
3002624,42.329279084234145
3002625,24.377520248486956
3002626,118.07551809475203
3002627,22.9952282927976
3002628,399.09245514384406
3002629,304.8514799231621
3002630,17.889465815682982
3002631,17.40057157517969
3002632,532.3963817241093
3002633,140.19976721718277
3002634,8566.612943735698
3002635,1.5405114941524323
3002636,34.77145619041489
3002637,11.086820619984323
3002638,0.29433640227530095
3002639,7.412003321996701
3002640,4432.926449632258
3002641,0.03214162401887264
3002642,557.0298720287832
3002643,14.08373320314004
3002644,1671.0537968478604
3002645,1130.8344399296448
3002646,559.1111126646515
3002647,179.9431207301431
3002648,99.65829786974302
3002649,8366.75704042423
3002650,9.400039004369983
3002651,1.1644473711394514
3002652,50.70689983102467
3002653,39.518414537048024
3002654,0.03987539050130193
3002655,342.5210724495941
3002656,9.964645259331997
3002657,6.913377959316181
3002658,8.075525283554503
3002659,44.01980224527699
3002660,4.034250577683789
3002661,321.47927588199445
3002662,418.0914243821396
3002663,7.149487218591615
3002664,6.9358921663303645
3002665,360.4540893467806
3002666,99.2887006363323
3002667,2961.4536287438955
3002668,122.7774027994408
3002669,14.973400887396313
3002670,4.218188217772847
3002671,0.1298271100426745
3002672,2.9081905596040407
3002673,1965.737058266312
3002674,0.0
3002675,298.4964211601583
3002676,12.694842359096745
3002677,451.67689812850284
3002678,575.74803240379
3002679,111.50632275702888
3002680,97.03748120765253
3002681,95.92590384071629
3002682,2529.9065659153553
3002683,14.774517424370405
3002684,1.490462914570737
3002685,22.650372977859014
3002686,19.123332593030284
3002687,0.0
3002688,127.50232875517338
3002689,9.890537616252209
3002690,15.939603437238874
3002691,6.577426740613358
3002692,89.9511593899256
3002693,7.24255684309945
3002694,301.44376487508083
3002695,112.7131603123644
3002696,3.303783867000256
3002697,6.586457125239709
3002698,229.84564317841654
3002699,53.15897278761394
3002700,1931.6300155951642
3002701,46.37196295567953
3002702,17.530502629623314
3002703,1.142425975646813
3002704,0.1298271100426745
3002705,2.0902619647154044
3002706,1317.6570822013882
3002707,0.0
3002708,90.04818010981117
3002709,4.556231093264858
3002710,729.828078177713
3002711,244.72276379006126
3002712,223.14321453600041
3002713,36.785100815803816
3002714,26.90437816469546
3002715,3153.686256354861
3002716,4.199862821140825
3002717,0.36501132601732333
3002718,9.920377751405326
3002719,6.703960920907823
3002720,0.0
3002721,121.52144731020024
3002722,2.6571593595901457
3002723,13.226029200119061
3002724,1.7971111313151251
3002725,14.342731232818453
3002726,0.4855345369675609
3002727,218.94282259091128
3002728,133.50607480796955
3002729,0.7669498262679165
3002730,3.1548576146106164
3002731,112.3283885485735
3002732,23.390320920768474
3002733,207.36614911506942
3002734,1.6940631762534883
3002735,1.1953558326928293
3002736,6.971727748819013
3002737,0.1502285130493805
3002738,4.241111232755893
3002739,4843.188101306927
3002740,0.0
3002741,665.3123675504078
3002742,13.703473669819498
3002743,1580.3657150522579
3002744,573.463023420872
3002745,471.762020749266
3002746,229.73967509506568
3002747,66.85347064613198
3002748,8719.68228290349
3002749,23.524231635080458
3002750,0.6996050415332031
3002751,27.17212278091215
3002752,18.283064948791072
3002753,0.0
3002754,371.96797450615617
3002755,8.635767918667973
3002756,1.9338489464297164
3002757,10.279475671122515
3002758,39.918930284347866
3002759,2.8727460103914018
3002760,779.8896104937236
3002761,308.95384520462164
3002762,2.389343689526971
3002763,12.508733700035076
3002764,327.67696409686204
3002765,88.12632293099182
3002766,1219.3930363870586
3002767,18.566932411738232
3002768,7.125258296835688
3002769,5.03839148233979
3002770,0.1298271100426745
3002771,0.8398240064863154
3002772,1620.1484752904742
3002773,0.0
3002774,169.13992765873277
3002775,11.755771828423834
3002776,892.3505080431311
3002777,357.5285788702874
3002778,186.28243915326937
3002779,47.94925029416666
3002780,31.786424669913874
3002781,3435.4042044398466
3002782,6.924773818190528
3002783,0.395428936518767
3002784,15.158059711063384
3002785,16.497141122106857
3002786,0.0
3002787,128.38218487804724
3002788,5.314318719180291
3002789,13.226029200119061
3002790,5.590093885068828
3002791,38.76102509723533
3002792,1.9421381478702435
3002793,190.95536138097643
3002794,132.12859659136709
3002795,1.4454054418126119
3002796,5.5901862995731975
3002797,122.74675662777622
3002798,27.28379174238441
3002799,284.6764559881017
3002800,3.5445014149303757
3002801,2.343834966064371
3002802,4.1888952440383145
3002803,0.1298271100426745
3002804,3.4792708840147353
3002805,1529.6633875957045
3002806,0.0
3002807,113.8136544304514
3002808,7.5473446354082006
3002809,695.4135484437825
3002810,226.94834124132498
3002811,142.36513647983534
3002812,38.25136007909111
3002813,25.165324573087922
3002814,3225.358312631935
3002815,11.724617042351472
3002816,0.060835221002887234
3002817,16.710980382148755
3002818,7.584565957128766
3002819,0.0
3002820,103.14577108345559
3002821,1.0825464057589482
3002822,13.226029200119061
3002823,2.9113200327305027
3002824,40.68788790289058
3002825,1.213836342418902
3002826,186.1990167985155
3002827,142.80435373975678
3002828,0.4424710536161057
3002829,4.510892905101144
3002830,73.77194643564191
3002831,19.821306000953864
3002832,154.538854922765
3002833,3.2026481534658897
3002834,1.359424280317335
3002835,3.134348189595102
3002836,0.1298271100426745
3002837,2.1811429197030305
3002838,1566.9869500574341
3002839,0.0
3002840,155.25284093382902
3002841,9.981971937152782
3002842,1220.8645004977573
3002843,321.95124648748475
3002844,224.08825950817385
3002845,30.48275836834093
3002846,34.95884815382087
3002847,3623.9604708815805
3002848,8.149733807689936
3002849,0.30417610501443615
3002850,12.729995226453687
3002851,17.902984452512484
3002852,0.0
3002853,150.65229454379337
3002854,0.7627031495119863
3002855,13.226029200119061
3002856,3.1269733684883176
3002857,20.35768124854797
3002858,2.508595107665731
3002859,289.13829785823714
3002860,193.5981707466162
3002861,0.9734363179554326
3002862,3.819038165054957
3002863,67.56128485248587
3002864,77.98740039661014
3002865,318.0211615803826
3002866,2.3265134287214573
3002867,3.1641772041869007
3002868,3.4272779269404388
3002869,0.6509902232139821
3002870,3.3323016828796304
3002871,1732.9074470240475
3002872,0.0
3002873,146.67038190530877
3002874,2.8867723720685747
3002875,734.7220836214343
3002876,288.8353251236826
3002877,235.8269245029581
3002878,70.9206454190008
3002879,53.35130550491072
3002880,3181.928346262691
3002881,6.17479831441538
3002882,0.9523753848001997
3002883,13.733132724952434
3002884,14.686219475039596
3002885,0.0
3002886,162.13013656615902
3002887,6.027815213885052
3002888,13.226029200119061
3002889,3.8458178210143674
3002890,23.23589325596463
3002891,2.387211473423841
3002892,147.522707748389
3002893,139.43228899172013
3002894,0.825945966750064
3002895,4.289499388286365
3002896,83.84955492245913
3002897,37.86429870012572
3002898,505.13438049237874
3002899,3.1170762443064186
3002900,3.2813689524901193
3002901,4.042430375365646
3002902,0.1502285130493805
3002903,1.2897297242468415
3002904,1375.1607802275284
3002905,0.0
3002906,142.8250954776889
3002907,5.599642794012537
3002908,734.8705861872319
3002909,224.38996388572016
3002910,142.467971160698
3002911,119.53871572800026
3002912,28.728162980749207
3002913,2483.223728282935
3002914,4.049867720385796
3002915,0.3345937155158798
3002916,11.724082797115384
3002917,10.908139803511034
3002918,0.0
3002919,120.24446693727249
3002920,7.67760500144951
3002921,13.226029200119061
3002922,3.055088923235713
3002923,30.817888199021393
3002924,1.8612157250423167
3002925,63.475588647700825
3002926,102.93116284585348
3002927,0.8554440369911377
3002928,2.4906770641662765
3002929,51.221634559224114
3002930,30.911798644344714
3002931,448.4728456047262
3002932,46.37196295567953
3002933,0.6562737904980239
3002934,7.44041532857155
3002935,0.5257997956728317
3002936,2.877896907941499
3002937,3020.427487719333
3002938,0.0
3002939,303.47953428244597
3002940,6.9560780049845174
3002941,930.5217767358774
3002942,672.532762564105
3002943,456.6988713809112
3002944,147.8349471247724
3002945,83.16793119721113
3002946,5465.981523771915
3002947,13.174569682983423
3002948,1.3687924725649627
3002949,23.899091855658284
3002950,21.632772880119255
3002951,0.0
3002952,212.61842108723067
3002953,0.44285989326502423
3002954,13.226029200119061
3002955,7.619751196776131
3002956,43.997748956617905
3002957,4.612578101191828
3002958,305.93658641568544
3002959,210.6125909836752
3002960,2.0353668466340866
3002961,7.139940917276658
3002962,286.4172454844627
3002963,50.703608654225725
3002964,1143.0535313763767
3002965,8.240965789713124
3002966,10.008175305094865
3002967,3.3101060320023046
3002968,0.1502285130493805
3002969,3.7564128061552196
3002970,2194.5183808196725
3002971,0.0
3002972,537.6544249597437
3002973,9.008121016454949
3002974,480.2048989409764
3002975,590.2455953909525
3002976,191.223793501291
3002977,135.7447391643334
3002978,46.492923917799615
3002979,3355.981038359972
3002980,9.824679099454432
3002981,0.8821107045418648
3002982,25.84154344334604
3002983,15.406895274037188
3002984,0.0
3002985,147.09672461157442
3002986,7.79925478694515
3002987,4.248607533822862
3002988,5.590093885068828
3002989,54.34739549185532
3002990,2.468133896251768
3002991,131.4513469973032
3002992,120.55354191824215
3002993,3.6577607098931404
3002994,5.7008830579805885
3002995,143.61230035611322
3002996,48.14028904603095
3002997,1447.3992770821112
3002998,40.428166138529406
3002999,9.849708634758429
3003000,5.624250957030465
3003001,0.5758759666892919
3003002,2.9990715145916673
3003003,2476.2773049657435
3003004,0.0
3003005,165.92075729638225
3003006,6.9560780049845174
3003007,772.8212157830101
3003008,301.6277597341169
3003009,255.50913772281348
3003010,44.93956022741907
3003011,33.65495668787973
3003012,4030.1396138379764
3003013,29.84902505025087
3003014,1.1862868095563008
3003015,14.290893823702776
3003016,15.566824511260538
3003017,0.0
3003018,133.0720558119171
3003019,6.519881761957302
3003020,13.226029200119061
3003021,4.384951160408905
3003022,51.988221601474805
3003023,3.3987417587729265
3003024,168.66926380533076
3003025,145.13241472146092
3003026,1.1799228096429486
3003027,4.45554452589745
3003028,108.17343216858767
3003029,22.416953215364487
3003030,378.48926352089086
3003031,3.1170762443064186
3003032,3.0235471062230386
3003033,6.23940340545567
3003034,0.1298271100426745
3003035,6.730589537697471
3003036,2779.9189238789077
3003037,0.0
3003038,613.3676813467006
3003039,11.999234558598292
3003040,647.5736348500257
3003041,747.50362789912
3003042,199.05096906083742
3003043,127.90609727685853
3003044,86.19904294121633
3003045,4150.4101181210135
3003046,35.39884377818696
3003047,1.3687924725649627
3003048,20.15293522226047
3003049,25.592086749424897
3003050,0.0
3003051,189.71362601825476
3003052,16.631849324842022
3003053,14.415964873385159
3003054,5.247564503440166
3003055,89.29143810978974
3003056,11.288677984495791
3003057,512.3647155030358
3003058,197.55074589147662
3003059,7.669498262679166
3003060,6.835524831656336
3003061,351.7767092888948
3003062,93.0823865065512
3003063,1930.5520359857978
3003064,46.37196295567953
3003065,23.252413303100873
3003066,6.942434775084478
3003067,0.02503808550823008
3003068,5.119627130969613
3003069,4186.207795931379
3003070,0.0
3003071,497.8789952473949
3003072,8.34729360598142
3003073,1634.2519388091523
3003074,708.5664393445991
3003075,632.2399500622925
3003076,83.01085337943981
3003077,69.00406091430514
3003078,7189.854543311727
3003079,10.049671750586974
3003080,0.4562641575216542
3003081,22.650372977859014
3003082,13.29940857606197
3003083,0.0
3003084,268.6552685583066
3003085,1.771439573060097
3003086,5.713644614451435
3003087,4.537705606570691
3003088,54.36196033697624
3003089,1.7802933022143896
3003090,463.94548264369524
3003091,298.0594636512896
3003092,3.6577607098931404
3003093,5.258096024351028
3003094,268.7180808880761
3003095,61.189167957711554
3003096,870.3866938442347
3003097,45.68975261390338
3003098,10.128437409232413
3003099,9.373751595050773
3003100,0.3755712826234512
3003101,3.869189172740525
3003102,3457.0354931248435
3003103,0.0
3003104,431.80818724704363
3003105,7.477783855358356
3003106,1604.8183543122107
3003107,590.9380555574373
3003108,312.30092248409557
3003109,212.58186932993203
3003110,71.00556401989088
3003111,5307.581358742627
3003112,12.699585197259163
3003113,0.5779345995274286
3003114,38.77965848276627
3003115,25.87444849329703
3003116,0.0
3003117,253.6539594622593
3003118,2.9277959610298825
3003119,3.01797638609486
3003120,11.465569017790498
3003121,89.9164023731598
3003122,2.589517530493658
3003123,143.23554436420383
3003124,232.4275986499634
3003125,2.4188417597680445
3003126,4.52805090265429
3003127,136.8565473275548
3003128,136.28861651729093
3003129,1132.2728549072904
3003130,0.8253128294568276
3003131,5.343943722626766
3003132,4.159602270303781
3003133,0.1502285130493805
3003134,2.249528588802631
3003135,1746.2160378976155
3003136,0.0
3003137,138.04482502143537
3003138,9.182022966579563
3003139,615.7332279140577
3003140,276.9259963584806
3003141,133.028436852016
3003142,40.43788705065987
3003143,42.79303904242151
3003144,3112.5842982752374
3003145,8.199732174608279
3003146,0.7300226520346467
3003147,23.598705592276573
3003148,15.396384826830678
3003149,0.0
3003150,126.53543821582063
3003151,0.9349264413372734
3003152,13.226029200119061
3003153,4.492777828287813
3003154,100.51530637148917
3003155,3.196435701703109
3003156,124.94125749441395
3003157,117.45355379750156
3003158,1.1504247394018747
3003159,5.092050886739942
3003160,120.36027275661453
3003161,25.573024260159226
3003162,418.008374223014
3003163,2.936376172172713
3003164,1.7578762245482782
3003165,1.9040432927446882
3003166,0.1298271100426745
3003167,1.4843889314645624
3003168,1369.4853016564432
3003169,0.0
3003170,247.52457674579406
3003171,13.842595229919189
3003172,399.1551591810805
3003173,435.54429674115926
3003174,112.37690581814124
3003175,36.80292922442465
3003176,51.765178494684434
3003177,2183.353655881202
3003178,17.799418622930165
3003179,0.4258465470202106
3003180,13.146234852386778
3003181,13.312475618534926
3003182,0.0
3003183,95.59731894605419
3003184,9.423074395583571
3003185,2.285457845780574
3003186,2.940433233057808
3003187,54.25537215222774
3003188,6.109642923508475
3003189,607.3177539890676
3003190,112.70039919621688
3003191,3.156293515794888
3003192,4.926005749128858
3003193,242.07872485808397
3003194,28.14442579940396
3003195,970.0352830053454
3003196,46.37196295567953
3003197,5.594101240273991
3003198,2.519195741169895
3003199,0.10015234203292032
3003200,4.289101175983682
3003201,2924.6859523771654
3003202,0.0
3003203,635.9904722992965
3003204,17.668438132660672
3003205,757.8800248789432
3003206,1003.5741922339347
3003207,230.11302174247874
3003208,171.33100684616238
3003209,133.0680442436981
3003210,3286.6129108551595
3003211,26.024149980997613
3003212,0.8212754835389776
3003213,20.361055035227015
3003214,26.61699738512979
3003215,0.0
3003216,184.6508863274481
3003217,9.373867740776348
3003218,32.64102615640461
3003219,10.854551233143356
3003220,85.07193627441995
3003221,16.1440233541714
3003222,414.542101799967
3003223,195.50993041097976
3003224,14.513050558608267
3003225,7.887144036526542
3003226,414.2496054917022
3003227,97.84572374837647
3003228,2872.1398607405886
3003229,46.37196295567953
3003230,16.201853061791184
3003231,3.046469268391501
3003232,0.07511425652469025
3003233,3.239321167875788
3003234,2191.026925170298
3003235,0.0
3003236,386.2486841549472
3003237,7.686466195507891
3003238,348.17601413312184
3003239,557.3690767904051
3003240,140.12090170395567
3003241,99.91549574215772
3003242,92.76581668576267
3003243,2061.570015126675
3003244,17.44943005450176
3003245,1.0646163675505265
3003246,20.32636839973259
3003247,14.976535070851792
3003248,0.0
3003249,86.11365893623454
3003250,7.67760500144951
3003251,22.004856951041166
3003252,4.995968945056048
3003253,263.2132328714699
3003254,12.138363424189023
3003255,229.14242611636442
3003256,86.8170032366352
3003257,4.483706676643204
3003258,5.981499340543322
3003259,145.94719760339538
3003260,34.883787882684544
3003261,1417.0871588276457
3003262,1.303125520194991
3003263,3.398560700793338
3003264,3.8959655066929773
3003265,0.1298271100426745
3003266,0.32993085969105246
3003267,927.017331581903
3003268,0.0
3003269,206.8604276845904
3003270,6.0517878643365295
3003271,283.6168733767694
3003272,213.2043217343841
3003273,74.37634306939039
3003274,26.436983069171475
3003275,27.755315538994182
3003276,1536.4308890724228
3003277,13.12457131606508
3003278,0.638769820530316
3003279,11.35085459919538
3003280,8.806050362209428
3003281,0.0
3003282,64.689400143208
3003283,0.09841330961444983
3003284,6.709869829278864
3003285,0.8985555656575626
3003286,22.790010383740334
3003287,0.24276726848378044
3003288,285.1272549982009
3003289,100.86867754548345
3003290,2.4778379002501922
3003291,1.2176643424812907
3003292,116.13371546342015
3003293,20.204753884900885
3003294,426.4451362956068
3003295,0.8687503467966607
3003296,1.781314574208922
3003297,6.0636455630484685
3003298,0.2253427695740707
3003299,2.7264286496287884
3003300,3103.088789979903
3003301,0.0
3003302,610.3285935502631
3003303,17.111951892261914
3003304,673.211239994974
3003305,942.1073958101955
3003306,272.6551874661692
3003307,183.1232256910818
3003308,111.37040094717908
3003309,4079.907717163402
3003310,21.649292875642587
3003311,2.6463321136255944
3003312,23.933778491152708
3003313,24.48962605730442
3003314,0.0
3003315,180.47513672807912
3003316,4.945268808126104
3003317,33.40284543833147
3003318,9.991937890112096
3003319,183.93413272468558
3003320,4.936267792503536
3003321,301.8477731595821
3003322,191.2441059810643
3003323,9.262394055697145
3003324,7.776447278119152
3003325,307.61843699019767
3003326,70.63062805121675
3003327,2247.767802144945
3003328,1.8678132456128205
3003329,11.450711961589667
3003330,6.210110431721137
3003331,0.1298271100426745
3003332,3.2414207278920038
3003333,3771.410490718155
3003334,0.0
3003335,619.0480169914505
3003336,16.79892838203761
3003337,1052.0889847446729
3003338,862.7374362213249
3003339,343.3556109961467
3003340,192.5172688849481
3003341,60.18794118200323
3003342,6201.622880878913
3003343,10.874644804739637
3003344,0.7604402625360903
3003345,34.507999321627935
3003346,17.070954726354053
3003347,0.0
3003348,211.82750177245273
3003349,7.67760500144951
3003350,5.156930523812576
3003351,6.038293401218821
3003352,52.97565189683122
3003353,1.6589096679724997
3003354,251.06700661891009
3003355,242.97646696420705
3003356,4.454208606402131
3003357,3.8467123546568045
3003358,171.7964781793205
3003359,72.12103110212064
3003360,1354.4585751710144
3003361,4.0396891126044725
3003362,2.6016568123314516
3003363,5.741422851968598
3003364,0.32549511160699107
3003365,2.8476032562789566
3003366,3367.510239351243
3003367,0.0
3003368,655.6216351998548
3003369,11.894893388523526
3003370,851.4812860901192
3003371,699.9345179733813
3003372,252.20530186376567
3003373,174.97360541894938
3003374,65.31065921928497
3003375,4827.917496997753
3003376,12.999575398769222
3003377,1.1862868095563008
3003378,26.17002588147824
3003379,17.128336086778774
3003380,0.0
3003381,188.25758303437456
3003382,7.67760500144951
3003383,5.713644614451435
3003384,5.678871174955796
3003385,105.55010851442276
3003386,1.90167693645628
3003387,143.59507250351749
3003388,197.47923548589526
3003389,4.572200887366425
3003390,3.819038165054957
3003391,151.28814258794552
3003392,57.27906145612251
3003393,1025.6358063362359
3003394,2.7365635924094813
3003395,4.898615079074536
3003396,10.193954859617715
3003397,0.8262568217715927
3003398,13.552959841818087
3003399,7968.773508541444
3003400,0.0
3003401,1158.4993136514572
3003402,50.22288319598821
3003403,1517.8541239135636
3003404,1939.423698422487
3003405,329.82948794099366
3003406,364.2853264338725
3003407,274.50227550285666
3003408,8530.038496141688
3003409,61.048006007297
3003410,2.463826450616933
3003411,59.31414669546541
3003412,47.92593486483231
3003413,0.0
3003414,406.98719939234456
3003415,31.344639112202277
3003416,50.690282989748624
3003417,23.609727198765587
3003418,235.05475298384425
3003419,34.99894787307834
3003420,765.250511401405
3003421,439.8934910122825
3003422,16.282934773072693
3003423,20.312855167756076
3003424,872.5922692802902
3003425,213.3706365830403
3003426,6343.443195411423
3003427,1.5203131068941562
3003428,57.04523993195215
3003429,2.782832504780698
3003430,0.3505331971152212
3003431,0.8398240064863154
3003432,1606.7501724272042
3003433,0.0
3003434,157.01296931807815
3003435,4.97359577356393
3003436,537.3443157729779
3003437,244.11932639023286
3003438,103.33851334932687
3003439,110.79260784172521
3003440,39.569998697860484
3003441,2644.615763006586
3003442,4.249861188059169
3003443,0.24334088401154894
3003444,13.382797706458753
3003445,7.545648895850614
3003446,0.0
3003447,133.49462454984868
3003448,0.3690499110541869
3003449,13.226029200119061
3003450,3.486395594751343
3003451,39.67265199412152
3003452,1.0115302853490853
3003453,84.82813051665612
3003454,69.63813314431674
3003455,1.9763707061519389
3003456,3.8467123546568045
3003457,85.1400882707666
3003458,19.14289820627836
3003459,488.2494694628243
3003460,0.08687503467966608
3003461,3.421999050453982
3003462,7.469708302306085
3003463,0.1502285130493805
3003464,2.3395097323547356
3003465,3774.7796118361175
3003466,0.0
3003467,528.1687067127802
3003468,10.468897397501697
3003469,1217.8032798850818
3003470,623.4814920525871
3003471,222.20140684554016
3003472,244.04213387379778
3003473,70.24343314428747
3003474,5683.835547113201
3003475,10.624652970147922
3003476,0.24334088401154894
3003477,24.662197836535615
3003478,18.046437853574282
3003479,0.0
3003480,219.5692844579342
3003481,0.9841330961444983
3003482,5.567140906388578
3003483,11.106146791527474
3003484,17.287147081693803
3003485,1.9421381478702435
3003486,472.3056399703728
3003487,206.67085074875135
3003488,3.539768428928846
3003489,5.756231437184283
3003490,107.56294449825128
3003491,58.514324066262326
3003492,1154.4242504097654
3003493,2.4759384883704834
3003494,4.242341288576512
3003495,1.3474767917885486
3003496,0.1298271100426745
3003497,0.9897925790731574
3003498,1064.5941831500306
3003499,0.0
3003500,112.8265938265994
3003501,3.6519409526168713
3003502,576.4456052812731
3003503,136.20483298442164
3003504,81.61080917298294
3003505,158.79330582934054
3003506,15.399987850500798
3003507,2116.833541217475
3003508,1.4499526406319516
3003509,0.2737584945129925
3003510,9.851004480416476
3003511,3.664453215241988
3003512,0.0
3003513,63.820482772132024
3003514,7.67760500144951
3003515,13.226029200119061
3003516,0.43130667151563
3003517,32.797714077843594
3003518,0.3641509027256707
3003519,88.37499399701693
3003520,56.73158842787567
3003521,0.5309652643393269
3003522,0.9962708256665105
3003523,45.293707264950505
3003524,9.881157009404085
3003525,177.4715411913878
3003526,46.37196295567953
3003527,1.5469310776024847
3003528,6.47374719533194
3003529,0.1298271100426745
3003530,2.150849268040489
3003531,2260.505908292021
3003532,0.0
3003533,224.04420105334793
3003534,9.634168036903556
3003535,769.9275305016856
3003536,371.9102753026938
3003537,163.98627175506186
3003538,144.74808551785182
3003539,51.808761343866216
3003540,3579.5984741953193
3003541,2.8749060978047316
3003542,0.6083522100288723
3003543,29.518326805755006
3003544,14.828252545397813
3003545,0.0
3003546,170.478068780615
3003547,7.67760500144951
3003548,13.226029200119061
3003549,13.765871265873859
3003550,32.363085858667276
3003551,1.6993708793864633
3003552,310.91720122400983
3003553,159.62759801037942
3003554,1.533899652535833
3003555,3.4315995106290917
3003556,166.7079626483567
3003557,24.717640519046636
3003558,1075.4624103346757
3003559,46.37196295567953
3003560,0.6562737904980239
3003561,3.222227110798703
3003562,0.300457026098761
3003563,1.696444493102357
3003564,2558.759183246909
3003565,0.0
3003566,645.8878049939486
3003567,8.903779846380182
3003568,752.8892108005564
3003569,557.2463623305217
3003570,197.9387077163885
3003571,92.14281896657992
3003572,53.25977649385645
3003573,4819.089921123839
3003574,5.674814645231948
3003575,3.863036533683339
3003576,31.84545318107593
3003577,31.990108436781124
3003578,0.0
3003579,147.58516365924547
3003580,1.3039763523914603
3003581,5.010426815749719
3003582,3.5223378173776454
3003583,32.37963681903196
3003584,2.953668433219329
3003585,218.76958771769327
3003586,191.39121998042526
3003587,2.979305094348445
3003588,5.258096024351028
3003589,113.80595574095975
3003590,26.563027704528295
3003591,543.4293739725988
3003592,4.8650019420612995
3003593,2.2266432177611524
3003594,3.5737427956131076
3003595,0.1298271100426745
3003596,0.5398868613126313
3003597,1562.6000618838868
3003598,0.0
3003599,98.864684436152
3003600,3.2345762723178
3003601,376.5324850832027
3003602,151.03958682005828
3003603,84.51287280637756
3003604,113.6736786748511
3003605,42.687746848092424
3003606,2343.8867120577297
3003607,5.624816278313606
3003608,0.4258465470202106
3003609,10.089648532618117
3003610,7.328906430483976
3003611,0.0
3003612,74.93401679983748
3003613,7.67760500144951
3003614,13.226029200119061
3003615,0.3953644488893276
3003616,47.33707071979437
3003617,0.8496854396932316
3003618,241.9911027650208
3003619,62.55162049424784
3003620,0.9144401774732851
3003621,1.1346417736757481
3003622,43.75340859251906
3003623,17.343642750834633
3003624,324.66339165899774
3003625,0.08687503467966608
3003626,0.5390820421948053
3003627,4.276774165241915
3003628,0.1298271100426745
3003629,0.8482222465511785
3003630,3717.6558539293737
3003631,0.0
3003632,507.52124251067556
3003633,10.921042467825693
3003634,717.4137806163471
3003635,549.6479268011343
3003636,185.25962904428994
3003637,105.03046617547342
3003638,77.82369998152495
3003639,4716.80492798878
3003640,5.7998105625278065
3003641,0.395428936518767
3003642,29.518326805755006
3003643,8.951492226256242
3003644,0.0
3003645,160.16330143310773
3003646,7.67760500144951
3003647,22.50296955845488
3003648,3.306684481619831
3003649,61.23458111880312
3003650,1.173375131004939
3003651,295.0916888013133
3003652,166.23304065926465
3003653,2.3303475490448236
3003654,2.9057899081939893
3003655,95.84475949176651
3003656,39.687740868249186
3003657,1144.2971949658127
3003658,1.2162504855153249
3003659,0.9375339864257484
3003660,3.3101060320023046
3003661,0.1298271100426745
3003662,6.363466472004882
3003663,2675.758522945143
3003664,0.0
3003665,481.3350459889717
3003666,7.5473446354082006
3003667,682.9210050684759
3003668,763.5058126008795
3003669,140.39213289593425
3003670,94.8726030179805
3003671,88.67524737050262
3003672,3889.9000636707683
3003673,44.148557988897004
3003674,1.3992100830664063
3003675,33.03659224395446
3003676,24.541610161055527
3003677,0.0
3003678,180.8848643225958
3003679,16.287402741191446
3003680,20.30541393751202
3003681,1.7971111313151251
3003682,114.40354823269372
3003683,11.612367675807498
3003684,225.40510898778285
3003685,211.89327733817763
3003686,11.268262832090159
3003687,12.093620856007364
3003688,191.2066160206802
3003689,59.2971771063348
3003690,2039.0798696145887
3003691,46.37196295567953
3003692,8.310394962199778
3003693,5.243442298481526
3003694,0.1298271100426745
3003695,6.944744659351481
3003696,2659.8465969973695
3003697,0.0
3003698,426.95910753308897
3003699,13.529571719694886
3003700,877.4010931045659
3003701,687.450239093681
3003702,130.7731263788606
3003703,69.73454686261223
3003704,87.77088340351014
3003705,4138.900467190494
3003706,22.224274095203533
3003707,1.034198757049083
3003708,43.16127427842194
3003709,56.37718661728692
3003710,0.0
3003711,258.13266492663945
3003712,16.287402741191446
3003713,16.15818696966866
3003714,10.099764557991003
3003715,106.176396854622
3003716,14.646958531854754
3003717,170.14919092948344
3003718,344.87951724496827
3003719,7.138532998339839
3003720,8.551324586970882
3003721,100.64943048898516
3003722,71.21960488583912
3003723,1656.1296662323423
3003724,3.4315638698468094
3003725,10.965092806689965
3003726,8.23132561940396
3003727,0.2253427695740707
3003728,2.8173096046164146
3003729,3999.4786170148245
3003730,0.0
3003731,654.3924484503035
3003732,6.99085839500944
3003733,1816.7479637743438
3003734,605.8297839637341
3003735,177.8553657057545
3003736,355.5550094238045
3003737,56.18575486822033
3003738,6419.683613162293
3003739,23.449234084702944
3003740,1.5512981355736244
3003741,25.598736994885073
3003742,14.833081669789992
3003743,0.0
3003744,270.4237793652831
3003745,4.10875567640328
3003746,12.6286196350183
3003747,8.15888453617067
3003748,54.359974221732486
3003749,4.491194466949938
3003750,198.9461821907683
3003751,243.66508568462007
3003752,6.312587031589776
3003753,8.468302018165339
3003754,181.97065890649196
3003755,47.820257601882524
3003756,1369.5770737668608
3003757,5.96310238041228
3003758,11.4120855730681
3003759,3.6909146905512418
3003760,0.300457026098761
3003761,4.558444732349651
3003762,2336.9978941949325
3003763,0.0
3003764,341.77558222329196
3003765,7.790807365582659
3003766,597.4004451828988
3003767,685.703201537573
3003768,184.06721065133803
3003769,106.41013031117383
3003770,72.48507891319112
3003771,3614.8143892909316
3003772,20.674324720734898
3003773,1.490462914570737
3003774,15.435552795018776
3003775,10.311600908006525
3003776,0.0
3003777,177.34808050759497
3003778,14.565169822938577
3003779,19.543594655585164
3003780,2.1565333575781502
3003781,90.7267373926142
3003782,9.306078625211583
3003783,388.36900257899543
3003784,187.30525505545688
3003785,5.457142994598637
3003786,7.804121467720999
3003787,291.944016680869
3003788,44.843699070269174
3003789,1850.3175609342447
3003790,0.04343751733983304
3003791,17.735611681411807
3003792,3.3101060320023046
3003793,0.1752665985576106
3003794,2.665841346303704
3003795,4734.735023850241
3003796,0.0
3003797,417.5377091838941
3003798,10.851481687775847
3003799,1641.7127829059953
3003800,581.0946028110761
3003801,242.94664629028054
3003802,138.00843767607518
3003803,56.75757137579115
3003804,7040.054198034521
3003805,8.474723192659166
3003806,2.220485566605384
3003807,29.761133254215974
3003808,19.600563709433892
3003809,0.0
3003810,335.18023881299126
3003811,7.67760500144951
3003812,0.14650370806285729
3003813,8.73396009819151
3003814,42.35953489972257
3003815,2.6299787419076215
3003816,167.16291095568965
3003817,238.55871301940329
3003818,2.920308953866298
3003819,8.329931070156102
3003820,139.82468660448782
3003821,51.38201644890123
3003822,981.1434623430172
3003823,46.37196295567953
3003824,4.218902938915868
3003825,6.649505037739143
3003826,0.02503808550823008
3003827,7.482531960647896
3003828,2597.2661565320427
3003829,0.0
3003830,470.7402278450106
3003831,11.477528708224453
3003832,936.0807541118887
3003833,665.5081814843957
3003834,206.30772871155455
3003835,102.51334956976416
3003836,110.96757041443733
3003837,4380.769915300404
3003838,33.14891726686152
3003839,1.3992100830664063
3003840,26.905729420314973
3003841,30.537110127016568
3003842,0.0
3003843,196.95460411055453
3003844,14.860409751781926
3003845,17.756249417218307
3003846,9.776284554354282
3003847,151.9272235330661
3003848,14.404191263370972
3003849,234.1641106559792
3003850,363.3583357538986
3003851,11.887427326450297
3003852,7.195289296480354
3003853,154.52236279111867
3003854,55.90012393245886
3003855,1758.8665516175527
3003856,0.8687503467966607
3003857,4.860785582722256
3003858,3.222227110798703
3003859,0.1298271100426745
3003860,4.13913260339684
3003861,2330.9548495719955
3003862,0.0
3003863,399.1521640902405
3003864,9.877630767078013
3003865,499.85681680566
3003866,647.4831256079958
3003867,139.94728631440205
3003868,100.22112560422906
3003869,90.72335020047935
3003870,2491.5615540648014
3003871,23.449234084702944
3003872,1.0037811465476392
3003873,28.061488114989192
3003874,18.606332216926372
3003875,0.0
3003876,147.72070906195847
3003877,12.154043737384555
3003878,32.37731948189147
3003879,5.139737835561258
3003880,67.56102020859578
3003881,12.057441001361095
3003882,239.3430968526853
3003883,166.54460451388508
3003884,7.934980894848829
3003885,7.222963486082202
3003886,172.34053664432594
3003887,48.014075759222216
3003888,1869.3292037884285
3003889,0.21718758669916519
3003890,10.26620809650889
3003891,5.419200140888727
3003892,0.07511425652469025
3003893,3.5140635928548827
3003894,5172.759578760858
3003895,0.0
3003896,552.6653481211132
3003897,17.45975579251114
3003898,1008.9985685598818
3003899,647.9824748498874
3003900,263.44555875765695
3003901,176.15690236826893
3003902,56.52618788606627
3003903,5887.974045523598
3003904,7.699748505424847
3003905,0.12167044200577447
3003906,17.343317747212108
3003907,16.816715530412843
3003908,0.0
3003909,188.84851343041282
3003910,7.67760500144951
3003911,7.120080211854864
3003912,1.4017466824257976
3003913,87.17059804866052
3003914,4.127043564224268
3003915,257.5802753867568
3003916,226.30683763890735
3003917,3.2152896562770352
3003918,2.2416093577496485
3003919,195.10653294928827
3003920,121.8486470257209
3003921,1068.257648415307
3003922,3.3446888351671435
3003923,0.6328354408373801
3003924,13.386888996681884
3003925,0.1298271100426745
3003926,15.116532179608503
3003927,9625.790799311366
3003928,0.0
3003929,1570.640828956619
3003930,28.346017870311908
3003931,1945.86906495602
3003932,2351.7382574742005
3003933,522.6917288329091
3003934,466.6967993829462
3003935,351.3323025060612
3003936,11088.07330147066
3003937,70.22270633681296
3003938,4.471388743712211
3003939,126.5059751780695
3003940,104.45396060283966
3003941,0.0
3003942,572.4450944945838
3003943,22.63702947751575
3003944,24.348916280046883
3003945,34.97465799320244
3003946,360.4243055157558
3003947,32.085740651272985
3003948,917.8973757949509
3003949,510.72755743782005
3003950,35.633668851217045
3003951,30.054169907606404
3003952,909.5809773450159
3003953,261.5991192322989
3003954,7722.151326423222
3003955,310.2411738452491
3003956,65.2559281781339
3003957,14.8808306571431
3003958,0.1298271100426745
3003959,13.056563866555642
3003960,8940.636148279655
3003961,0.0
3003962,1160.6152962387068
3003963,27.372166949614073
3003964,2050.7189255815338
3003965,2042.355382141381
3003966,670.1167487523137
3003967,290.50118389881493
3003968,260.9038443950061
3003969,12566.326588001182
3003970,112.27133291513957
3003971,1.7946390195851731
3003972,74.57626631301207
3003973,71.56705535981676
3003974,0.0
3003975,529.8051265895471
3003976,19.742201975206708
3003977,32.699627639629746
3003978,4.545972317774741
3003979,240.8313691703225
3003980,24.964567442415422
3003981,1223.576390410769
3003982,633.0031277086475
3003983,21.59258741646596
3003984,24.851422262459067
3003985,999.797012979825
3003986,220.07242189454172
3003987,5278.989437156607
3003988,541.4260661320021
3003989,62.095055664057405
3003990,11.01415812418466
3003991,0.1298271100426745
3003992,18.233778929398603
3003993,5907.909681106909
3003994,0.0
3003995,891.8478640756975
3003996,15.596918102776284
3003997,1877.8957750208085
3003998,1483.991715610269
3003999,767.6439102676491
3004000,115.1205813802072
3004001,203.51788083978582
3004002,11148.35948132545
3004003,38.32374824291003
3004004,2.7375849451299255
3004005,48.014628316801776
3004006,20.97288723523498
3004007,0.0
3004008,513.491642875657
3004009,22.604307052068947
3004010,23.44059329005717
3004011,9.41973770590136
3004012,136.39878149972245
3004013,12.745281595398474
3004014,1082.827242654127
3004015,615.4922278207175
3004016,21.68108162718918
3004017,36.47596560471512
3004018,626.7787329686001
3004019,121.92504235050336
3004020,2409.43996367008
3004021,334.2790615659393
3004022,34.83723963035967
3004023,15.378811210630174
3004024,0.1298271100426745
3004025,19.029212238399214
3004026,8680.99671355688
3004027,0.0
3004028,1119.843013730621
3004029,22.74637507629937
3004030,1861.9740442321324
3004031,1978.5980984106218
3004032,623.998355334833
3004033,267.5789442434639
3004034,202.78829865209062
3004035,11662.776537228754
3004036,41.22365352417394
3004037,1.733803798582286
3004038,73.0798848577826
3004039,67.3830451732044
3004040,0.0
3004041,520.008760957679
3004042,22.77185571168755
3004043,25.84325410228803
3004044,7.886442488663295
3004045,226.469438823481
3004046,17.843394233557863
3004047,952.1650335101274
3004048,599.4469300835405
3004049,20.619151098510528
3004050,26.096760794542206
3004051,892.9310305782149
3004052,200.1067911243887
3004053,4643.328683445265
3004054,409.73046356040265
3004055,49.60789998594665
3004056,11.892947336220667
3004057,0.1298271100426745
3004058,20.00820708024612
3004059,4789.295662402303
3004060,0.0
3004061,804.3532318955605
3004062,19.059653733657576
3004063,1709.757034510306
3004064,1181.3266352074504
3004065,604.8447442591075
3004066,92.96598206175875
3004067,157.1680105458509
3004068,9515.701492944818
3004069,36.77379886844139
3004070,0.4562641575216542
3004071,35.911073727377385
3004072,62.28746674103303
3004073,0.0
3004074,489.73552755806264
3004075,18.49530534239163
3004076,11.134281812777155
3004077,2.7765366978818684
3004078,128.16798891037047
3004079,7.889936225722864
3004080,957.8273393242546
3004081,695.2872463153504
3004082,15.781467578974437
3004083,21.032384097404112
3004084,684.7459616754782
3004085,85.18046960810135
3004086,1720.2164814074863
3004087,306.74792870077977
3004088,16.72633288323648
3004089,10.691935413104787
3004090,0.1298271100426745
3004091,10.754246340202442
3004092,6633.298893990338
3004093,0.0
3004094,1106.4760972592703
3004095,26.74611992916547
3004096,1377.0487844615554
3004097,2001.6243163596807
3004098,402.2795752008936
3004099,343.1968659509496
3004100,258.719859397119
3004101,8570.510830664947
3004102,53.39825586879049
3004103,1.5208805250721806
3004104,54.96756440165911
3004105,57.20097842536457
3004106,0.0
3004107,385.5681721762648
3004108,12.126980077240582
3004109,26.4878704177646
3004110,11.906939511641493
3004111,259.8087003244567
3004112,22.860584448889327
3004113,814.969461332459
3004114,428.4498999130547
3004115,16.902394248135238
3004116,25.903041467329274
3004117,764.505930843213
3004118,188.47017991132415
3004119,6107.227023686245
3004120,277.4510607557559
3004121,55.58226530409429
3004122,5.272735272216059
3004123,0.300457026098761
3004124,6.08812417273544
3004125,1760.8663714134032
3004126,0.0
3004127,321.56948674934677
3004128,25.18100237804395
3004129,663.659846328668
3004130,495.72122175509696
3004131,199.6717340588373
3004132,63.46913469014964
3004133,73.52490165672371
3004134,3150.586655974933
3004135,48.87340366268044
3004136,1.1558691990548573
3004137,30.993202546977923
3004138,17.61607765038889
3004139,0.0
3004140,165.33067266285076
3004141,9.939744271059434
3004142,8.409312842808008
3004143,12.543835696579576
3004144,62.79301954674074
3004145,8.658699242588169
3004146,253.86389722261723
3004147,195.29419531535385
3004148,3.067799305071666
3004149,6.0883217124064535
3004150,175.9418680444778
3004151,49.69278104015923
3004152,1282.0848412181576
3004153,1.4334380722144902
3004154,6.809871868489737
3004155,9.344458621316239
3004156,0.1298271100426745
3004157,13.24702395374093
3004158,4452.748585598625
3004159,0.0
3004160,566.9036530366602
3004161,33.180492083776144
3004162,1338.3112322504985
3004163,1047.2068523762262
3004164,438.9519310214947
3004165,83.08038417306103
3004166,122.21509458250193
3004167,7533.385205141922
3004168,94.8219028606378
3004169,1.4600453040692933
3004170,59.346752132830176
3004171,29.486065406365764
3004172,0.0
3004173,352.286068635372
3004174,13.456297856857761
3004175,8.233508393132581
3004176,3.3785689268724353
3004177,139.46104018639426
3004178,11.369600407323718
3004179,593.1965220894668
3004180,443.57832349382153
3004181,11.858224236911633
3004182,20.783316390987483
3004183,319.2584270215964
3004184,73.40363527936422
3004185,1785.7184086449772
3004186,307.85732289363904
3004187,13.279465814107608
3004188,6.971727748819013
3004189,0.1298271100426745
3004190,5.2408017376197815
3004191,4433.092098074419
3004192,0.0
3004193,850.9503735106371
3004194,10.051532717202628
3004195,1072.8389287010843
3004196,1477.7899788106708
3004197,235.5513884547611
3004198,262.96902715722115
3004199,209.13935391129843
3004200,5601.776218324932
3004201,35.39884377818696
3004202,1.733803798582286
3004203,37.14938661452833
3004204,34.39302392110143
3004205,0.0
3004206,253.27110314933313
3004207,2.0666795019034465
3004208,41.1675419656629
3004209,6.793080076371173
3004210,163.74030598374787
3004211,13.028510075296218
3004212,656.6509717209912
3004213,238.68584262932566
3004214,18.554286181635366
3004215,8.748641558832055
3004216,740.0174616153092
3004217,108.97349932448338
3004218,4576.834191820681
3004219,5.038752011420632
3004220,33.53312955054291
3004221,10.399005675759451
3004222,0.1298271100426745
3004223,7.73837834548105
3004224,4404.923939452027
3004225,0.0
3004226,841.2055796891941
3004227,13.390450159595197
3004228,1250.993133396011
3004229,1107.4895090453315
3004230,334.8781778542758
3004231,168.75862217372853
3004232,270.2399945778972
3004233,7073.396128482075
3004234,41.64863964297985
3004235,3.1330138816486923
3004236,53.55616520339099
3004237,40.854392357837426
3004238,0.0
3004239,283.82731730198185
3004240,6.396865124939239
3004241,49.40105035879549
3004242,11.070204568901172
3004243,266.63398535964063
3004244,13.109432498124145
3004245,509.8835683389475
3004246,284.9270712566152
3004247,13.598610381134984
3004248,22.305396819089097
3004249,382.198063691868
3004250,114.85328941289498
3004251,3964.6837858810372
3004252,6.168127462256291
3004253,6.426772022192
3004254,8.348497514342094
3004255,0.02503808550823008
3004256,3.269314882393157
3004257,2187.352670795826
3004258,0.0
3004259,456.4870886775802
3004260,8.34729360598142
3004261,744.958891820069
3004262,490.08649150004914
3004263,207.03632908583367
3004264,69.98923841433837
3004265,101.34679538285206
3004266,3350.029565800171
3004267,12.724584380718333
3004268,1.4600453040692933
3004269,31.079225403004095
3004270,20.77205247374846
3004271,0.0
3004272,171.2159589290684
3004273,4.280978968228568
3004274,11.896101094704013
3004275,8.230768981423273
3004276,94.77477127860595
3004277,4.410272044122011
3004278,297.52189111497796
3004279,178.92409105585617
3004280,4.424710536161057
3004281,5.396466972360265
3004282,151.28462534810762
3004283,59.06350992404768
3004284,1649.5714096254799
3004285,0.43437517339833037
3004286,2.812601959277245
3004287,5.9171806943758005
3004288,0.1298271100426745
3004289,1.3197234387642098
3004290,3903.7064277326017
3004291,0.0
3004292,230.9883429971241
3004293,4.938815383539007
3004294,947.4463697885159
3004295,219.50001179233072
3004296,203.27926543377575
3004297,52.21940885040683
3004298,27.17008271152866
3004299,4098.576441543471
3004300,8.324728091904136
3004301,0.8516930940404212
3004302,24.523451294557923
3004303,8.97649004663929
3004304,0.0
3004305,178.77796560674108
3004306,7.67760500144951
3004307,13.226029200119061
3004308,4.133355602024788
3004309,26.34515667007212
3004310,1.3756811880747557
3004311,59.79512780024463
3004312,139.1982549370902
3004313,0.11799228096429487
3004314,1.9371932721293261
3004315,49.91460307537881
3004316,75.8046970572194
3004317,528.4210194111321
3004318,46.37196295567953
3004319,1.9688213714940717
3004320,6.47374719533194
3004321,0.05007617101646016
3004322,5.967849377520792
3004323,3395.9185673755323
3004324,0.0
3004325,518.5693052362712
3004326,13.390450159595197
3004327,967.2486699983112
3004328,905.9888050061215
3004329,315.46591486361154
3004330,134.85917663898167
3004331,119.76037715941128
3004332,5100.476779290974
3004333,26.399137732885187
3004334,1.2167044200577446
3004335,30.023711084908765
3004336,51.227351552238694
3004337,0.0
3004338,259.62889593342925
3004339,17.640585748390134
3004340,15.85170121240116
3004341,10.567013452132937
3004342,98.19353765153285
3004343,8.78008287683006
3004344,472.11805981026015
3004345,271.4236433905573
3004346,8.288957737741713
3004347,12.204317614414755
3004348,413.9471678590065
3004349,84.37428482614636
3004350,2094.3409877542476
3004351,46.37196295567953
3004352,25.664078853083144
3004353,4.891926613667122
3004354,0.05007617101646016
3004355,4.978956609883156
3004356,3127.690123632418
3004357,0.0
3004358,539.7989024123574
3004359,18.503167493258815
3004360,685.1325654312714
3004361,981.5787209646555
3004362,155.2669536344438
3004363,199.72911486362497
3004364,170.7243668716568
3004365,2994.6539316322933
3004366,28.4990691434556
3004367,2.768002555631369
3004368,30.03862633817137
3004369,25.5091394363357
3004370,0.0
3004371,168.69457663965443
3004372,10.530224128746132
3004373,36.68452849893947
3004374,9.309035660212349
3004375,165.4102978845434
3004376,15.41572154872006
3004377,473.048186915125
3004378,173.79195538256795
3004379,6.253590891107627
3004380,11.872227339192584
3004381,477.6217509543741
3004382,110.39334808272501
3004383,3777.3960498621127
3004384,0.47781269073816335
3004385,28.47975125960429
3004386,4.247481191507382
3004387,0.4256474536399114
3004388,9.23806407134947
3004389,3809.1615209678066
3004390,0.0
3004391,694.3163263310909
3004392,21.320379085277544
3004393,828.4187436327904
3004394,1110.5932535652842
3004395,237.00639262006635
3004396,239.9958491915249
3004397,127.58787777740844
3004398,3910.971226445632
3004399,29.824025866791693
3004400,3.528442818167459
3004401,40.44461698649864
3004402,46.33118755085025
3004403,0.0
3004404,244.50488257808388
3004405,22.266011300269273
3004406,30.67787646836232
3004407,23.218675816591418
3004408,138.82945553887834
3004409,23.062890505959142
3004410,455.74603358177836
3004411,235.33424382228029
3004412,16.75490389692987
3004413,15.82963645225678
3004414,469.31781093413
3004415,127.81288378262214
3004416,3605.6206342479445
3004417,1.3465630375348239
3004418,27.553045696968358
3004419,10.809107308042924
3004420,0.2503808550823008
3004421,6.634309714096719
3004422,3701.1342239261962
3004423,0.0
3004424,470.53011382853754
3004425,15.99897941146439
3004426,1474.4683474040771
3004427,739.2877852434442
3004428,490.3503785963084
3004429,158.87047736951357
3004430,84.24387451702371
3004431,7871.302183039633
3004432,8.974706861842597
3004433,1.09503397805197
3004434,49.87938184098202
3004435,34.57226965589351
3004436,0.0
3004437,309.4858242366009
3004438,8.734181228282424
3004439,5.098329040587434
3004440,7.845468354869309
3004441,54.79063021042127
3004442,4.046121141396341
3004443,444.2093870681574
3004444,352.04307814347504
3004445,6.696061944723733
3004446,6.309715229221233
3004447,317.74732128466997
3004448,89.62017645242742
3004449,1258.917283308026
3004450,117.01632796177623
3004451,11.864984791841543
3004452,4.469942436969029
3004453,0.12484103080131662
3004454,3.119981671635113
3004455,2161.4535476374213
3004456,0.028655225950478317
3004457,344.9055555156178
3004458,15.412075303097563
3004459,503.4745545379521
3004460,688.055252268168
3004461,203.85925477480887
3004462,149.87337128086588
3004463,144.0746621711118
3004464,2731.185833531243
3004465,17.558455633333335
3004466,1.5611198027827922
3004467,25.188148347117377
3004468,19.837588902466514
3004469,0.0
3004470,131.06712405736369
3004471,10.745059490470474
3004472,21.4296667087752
3004473,6.962923470069227
3004474,131.1012341040383
3004475,8.621179160988346
3004476,654.2861362080976
3004477,126.42524663614695
3004478,3.5947497247142657
3004479,7.450619107294404
3004480,593.7126265762065
3004481,60.721724213429745
3004482,2240.116886991279
3004483,46.97510357395597
3004484,34.28304854615598
3004485,1.2106094100124454
3004486,0.12484103080131662
3004487,2.220283986621522
3004488,1526.5765736695917
3004489,0.014327612975239159
3004490,101.21085504493819
3004491,5.531457163577482
3004492,807.0398692652565
3004493,299.1004850291218
3004494,390.8656787723646
3004495,45.4513617093868
3004496,40.40868044817988
3004497,3341.3528725883825
3004498,4.991236119120136
3004499,0.3823150537427246
3004500,11.031868954480197
3004501,7.093440880275906
3004502,0.0
3004503,129.7002924018577
3004504,2.8867324004249038
3004505,17.781458538480237
3004506,1.9024381065762914
3004507,20.91192952204845
3004508,0.5779561448707271
3004509,272.1124438513841
3004510,147.0000524887039
3004511,0.8344954718086688
3004512,3.533449447672693
3004513,226.54699032519454
3004514,26.71798459855586
3004515,242.77343521274958
3004516,1.7675800577739702
3004517,2.1847336241994606
3004518,7.387821527768256
3004519,0.14445890707009496
3004520,4.549973271134539
3004521,5775.469168318628
3004522,0.014327612975239159
3004523,747.7867238364353
3004524,16.636596354576547
3004525,1763.9928967237984
3004526,703.585192453914
3004527,838.9672459438818
3004528,283.8644135849884
3004529,100.40969970219342
3004530,9557.136198727641
3004531,27.95686421483362
3004532,0.7327705196735556
3004533,30.2165205041315
3004534,18.96593726887329
3004535,0.0
3004536,386.14052958500935
3004537,9.381880301380935
3004538,2.5999227992264027
3004539,10.881945969616387
3004540,58.20243321521177
3004541,3.419573857151802
3004542,953.1287860707947
3004543,340.18101069177106
3004544,2.599774354480853
3004545,14.009817108316291
3004546,714.3544744132323
3004547,102.67703900723765
3004548,1441.7362208767563
3004549,18.62757445500261
3004550,13.022725916796784
3004551,5.339097910824117
3004552,0.12484103080131662
3004553,0.9099946542269081
3004554,1769.4622240016674
3004555,0.014327612975239159
3004556,190.10708133916143
3004557,14.272003979306783
3004558,1004.0677907392251
3004559,394.5515769941241
3004560,334.61265614311947
3004561,59.24569106734055
3004562,47.741206624956405
3004563,3765.346581937679
3004564,8.229597648787365
3004565,0.41417464155461836
3004566,16.856387178698768
3004567,17.111631591536526
3004568,0.0
3004569,132.0177035356598
3004570,5.7734648008498075
3004571,17.781458538480237
3004572,5.802816712679005
3004573,56.50875712795596
3004574,2.3118245794829084
3004575,233.37283807581218
3004576,148.22831601198627
3004577,1.5727030045624912
3004578,6.261024459911264
3004579,254.3725938681852
3004580,31.165366650270077
3004581,333.2842965901428
3004582,3.6962092320889592
3004583,4.283791419998942
3004584,4.438901170045632
3004585,0.12484103080131662
3004586,3.7326513398274868
3004587,1772.067815592419
3004588,0.014327612975239159
3004589,125.53130493073327
3004590,9.16279545417033
3004591,803.0668860898778
3004592,269.81174698518595
3004593,253.0123580672785
3004594,47.263059343956755
3004595,37.79673155141102
3004596,3510.74731649123
3004597,13.933867499210379
3004598,0.06371917562378744
3004599,18.3993059135911
3004600,8.02520641963418
3004601,0.0
3004602,106.01053653551547
3004603,1.1760761631360717
3004604,17.781458538480237
3004605,3.0819497326535923
3004606,59.323585613829756
3004607,1.4448903621768177
3004608,235.40684758563356
3004609,160.17717533809432
3004610,0.481439695274232
3004611,5.052212806760078
3004612,146.05528966014515
3004613,22.64121771781783
3004614,180.92600380318274
3004615,3.2764254693017127
3004616,2.4845990235993862
3004617,3.3214155608033753
3004618,0.12484103080131662
3004619,2.3399862537263347
3004620,1740.4205055807242
3004621,0.014327612975239159
3004622,172.86767754172268
3004623,12.118535923257536
3004624,1385.2536746127573
3004625,375.2721441747674
3004626,414.2458740810701
3004627,37.664240297638706
3004628,51.98612551167242
3004629,3972.0121301813906
3004630,9.685374850197405
3004631,0.3185958781189372
3004632,14.156279392637177
3004633,18.755538598695615
3004634,0.0
3004635,156.35288692513234
3004636,0.8285991149367778
3004637,17.781458538480237
3004638,3.3102423054427472
3004639,29.97864022391561
3004640,2.9861067484987567
3004641,378.6058278579405
3004642,215.13964827568321
3004643,1.0591673296033104
3004644,4.277333541919576
3004645,140.0097220092675
3004646,89.08241018736658
3004647,372.3225328564859
3004648,2.2881295246264983
3004649,5.783118416998572
3004650,3.631828230037336
3004651,0.6259885973037448
3004652,3.539583167077789
3004653,2053.2000358676873
3004654,0.014327612975239159
3004655,164.85213520474622
3004656,3.5046636990605418
3004657,847.5464777921355
3004658,330.55033018919437
3004659,414.7703288883538
3004660,87.62895400893665
3004661,79.33692929430035
3004662,3487.526448004794
3004663,7.33830548465877
3004664,0.9876472221687054
3004665,15.271809637964335
3004666,15.385588752738057
3004667,0.0
3004668,169.83761409981904
3004669,6.614091967455022
3004670,17.781458538480237
3004671,4.071217548073264
3004672,33.546160537506076
3004673,2.8416177122810753
3004674,188.1311595168392
3004675,160.6329027278034
3004676,0.8986874311785664
3004677,4.804251442011118
3004678,175.315968653597
3004679,43.25112737580346
3004680,615.0402931834093
3004681,3.1576187439845675
3004682,5.997307987998519
3004683,4.283694835428652
3004684,0.14445890707009496
3004685,1.3836552380394993
3004686,1526.4854781044303
3004687,0.014327612975239159
3004688,160.53017415281263
3004689,6.79820307890057
3004690,855.3851019475643
3004691,256.79745585760617
3004692,242.96642623376002
3004693,147.70103347099334
3004694,43.14789030417518
3004695,2628.507500312159
3004696,4.812977686294417
3004697,0.35045546593083093
3004698,13.168039942938638
3004699,11.427593967217435
3004700,0.0
3004701,125.96074860516443
3004702,8.34093410143348
3004703,17.781458538480237
3004704,3.2341447811796957
3004705,45.82722376840331
3004706,2.215498555337787
3004707,82.38117669977527
3004708,111.1964226413471
3004709,0.9307834108635152
3004710,2.7895653534258105
3004711,104.25295865861456
3004712,35.30951810754923
3004713,525.0485375348288
3004714,46.97510357395597
3004715,1.1994615975997038
3004716,7.884481798542591
3004717,0.5056061747453323
3004718,3.0874818625555807
3004719,3352.7997336487097
3004720,0.014327612975239159
3004721,353.9715704006576
3004722,8.444972768820582
3004723,1047.0178883528713
3004724,756.2777738665266
3004725,834.9507837244151
3004726,182.66361940129084
3004727,124.91299128757827
3004728,5990.944186675388
3004729,15.657032349858998
3004730,1.4336814515352174
3004731,26.84254296060568
3004732,22.438556904380068
3004733,0.0
3004734,226.92843111588252
3004735,0.4811220667374839
3004736,17.781458538480237
3004737,8.066337571883476
3004738,64.14941550353323
3004739,5.490583376271908
3004740,377.03715750417064
3004741,236.15507013853488
3004742,2.2146225982614673
3004743,7.996754013153989
3004744,608.6646080629332
3004745,57.9170435370965
3004746,1338.2272546823365
3004747,8.511841831610575
3004748,18.291789363395484
3004749,3.5076631623437518
3004750,0.14445890707009496
3004751,4.0299763258620205
3004752,2480.079991858503
3004753,0.014327612975239159
3004754,598.7598015618855
3004755,10.936239735622653
3004756,545.0223294815903
3004757,692.3790338830323
3004758,343.18646206312155
3004759,167.72505995834553
3004760,69.82944166913325
3004761,3678.2954726274465
3004762,11.675927350084603
3004763,0.9239280465449179
3004764,29.024230051743444
3004765,15.98077593853063
3004766,0.0
3004767,149.96213312123106
3004768,8.473094175321245
3004769,5.711951604361037
3004770,5.802816712679005
3004771,79.98605155869211
3004772,2.937943736426196
3004773,162.00103035279383
3004774,136.4255333535511
3004775,3.9799014809336515
3004776,6.385005142285744
3004777,316.2138373661783
3004778,56.08882989557619
3004779,1694.5393263135
3004780,38.394373398324056
3004781,18.002162246908313
3004782,5.959923249292038
3004783,0.5537591437686973
3004784,3.1856248503700106
3004785,2844.379878854784
3004786,0.014327612975239159
3004787,186.48885180346736
3004788,8.444972768820582
3004789,869.5741009542219
3004790,351.58272369805456
3004791,478.8002670884623
3004792,55.526943291117995
3004793,50.54762395818637
3004794,4507.348414360058
3004795,35.473428132318105
3004796,1.242523924663855
3004797,15.892062969391056
3004798,16.308128890716546
3004799,0.0
3004800,140.75152614796082
3004801,7.0831859825240695
3004802,17.781458538480237
3004803,4.641948980046151
3004804,75.0565174616143
3004805,4.04569301409509
3004806,218.90576710502492
3004807,162.73364957832993
3004808,1.2838391873979522
3004809,4.990222465572838
3004810,222.17022691953875
3004811,25.606139085627305
3004812,443.11542210836575
3004813,3.0361718692159303
3004814,5.5260909317986355
3004815,6.611789854683354
3004816,0.12484103080131662
3004817,7.220749660838689
3004818,3136.6422328096137
3004819,0.014327612975239159
3004820,695.5581819571188
3004821,14.567578026215505
3004822,728.6462248009474
3004823,900.0945308640955
3004824,363.9110429940886
3004825,205.4516098150679
3004826,129.46553010176117
3004827,4582.471643289262
3004828,42.06899014686971
3004829,1.4336814515352174
3004830,22.8591125167974
3004831,27.076255456075806
3004832,0.0
3004833,200.6250798914997
3004834,18.068806506363284
3004835,19.381242685142276
3004836,5.721772849338854
3004837,126.50240651158268
3004838,13.437480368244406
3004839,1112.0917700014927
3004840,221.5460778116465
3004841,8.344954718086688
3004842,7.655807136624169
3004843,930.7764572526828
3004844,106.32491009863199
3004845,2260.189291421722
3004846,46.97510357395597
3004847,45.47294683601548
3004848,7.356780260844859
3004849,0.02407648451168249
3004850,5.49246773444098
3004851,4770.632107025589
3004852,0.014327612975239159
3004853,549.4232436757718
3004854,10.133967322584699
3004855,1869.2453563089143
3004856,845.8536889283326
3004857,1145.1777335795646
3004858,102.56751345188194
3004859,103.63975075149104
3004860,7880.381060924425
3004861,11.943314999323182
3004862,0.4778938171784058
3004863,25.44002983058855
3004864,13.796141373078987
3004865,0.0
3004866,273.82069613484913
3004867,1.9244882669499357
3004868,7.681590088623463
3004869,4.756095266440729
3004870,79.26060000664518
3004871,2.1191725311926657
3004872,544.3229364466858
3004873,331.196367738169
3004874,3.9799014809336515
3004875,5.889082412787822
3004876,591.6789531021295
3004877,70.59329220649538
3004878,1019.0031908765231
3004879,45.43477193563637
3004880,18.511590576925677
3004881,9.93320541548673
3004882,0.36114726767523736
3004883,4.150965714118499
3004884,3877.8606807805445
3004885,0.014327612975239159
3004886,476.3488663943634
3004887,9.078345726482127
3004888,1695.4588708511058
3004889,670.4541727269946
3004890,550.3829913514357
3004891,262.6643728436171
3004892,106.64588227828412
3004893,5817.330985876317
3004894,15.092547312577553
3004895,0.6053321684259807
3004896,43.555824426643184
3004897,27.10661000255123
3004898,0.0
3004899,263.27464456431846
3004900,3.1807514412089213
3004901,4.0574552775805985
3004902,12.13755511995674
3004903,129.81425055353606
3004904,3.082432772643878
3004905,176.52391017811618
3004906,246.77996053840243
3004907,2.631870334165802
3004908,5.121641988889788
3004909,298.806373700624
3004910,158.79150665739508
3004911,1338.8618608901684
3004912,0.8360473263058359
3004913,9.767044437597587
3004914,4.407859903122237
3004915,0.14445890707009496
3004916,2.41335215937122
3004917,1989.2170305628829
3004918,0.014327612975239159
3004919,156.64922266961227
3004920,11.147364054843168
3004921,692.8195773566116
3004922,325.72435919225126
3004923,232.40765252083347
3004924,49.96471371129793
3004925,64.27244775873712
3004926,3411.52247335464
3004927,9.744794327805979
3004928,0.7646301074854492
3004929,25.728169904329693
3004930,16.29086846232856
3004931,0.0
3004932,131.31199293240695
3004933,1.0157021408902438
3004934,17.781458538480237
3004935,4.756095266440729
3004936,146.53882401561398
3004937,3.8048779537322868
3004938,160.7313967508276
3004939,130.5336860534374
3004940,1.2517432077130033
3004941,5.703111389226101
3004942,244.97294254299135
3004943,29.21121393057747
3004944,489.3823287498324
3004945,2.9745683820144477
3004946,3.2128435649992064
3004947,2.017682350020742
3004948,0.12484103080131662
3004949,1.592490644897089
3004950,1530.9259023551706
3004951,0.057310451900956634
3004952,270.62104882867635
3004953,16.80549580995296
3004954,440.8099787546589
3004955,516.2494308709195
3004956,205.45088123750426
3004957,53.65860060283558
3004958,77.74803577804133
3004959,2393.046854489104
3004960,21.153334028652004
3004961,0.44603422936651205
3004962,14.619155013104878
3004963,14.08450956459549
3004964,0.0
3004965,102.08640694390151
3004966,10.237208420025352
3004967,3.0726360354493853
3004968,3.1127692299801284
3004969,79.83599109272191
3004970,7.27261482295665
3004971,1255.841375118514
3004972,125.24046146767107
3004973,3.434269826289522
3004974,5.517140365664381
3004975,595.7314587314025
3004976,32.14844027112083
3004977,1135.6665441190157
3004978,46.97510357395597
3004979,10.633223657963955
3004980,2.6695489554120586
3004981,0.09630593804672996
3004982,4.601458117201126
3004983,3858.372690514383
3004984,0.014327612975239159
3004985,800.609586491937
3004986,21.450230832804277
3004987,955.0938394842781
3004988,1401.1886259884602
3004989,450.1486079369894
3004990,270.9697964968342
3004991,201.85841446473034
3004992,4863.057892856899
3004993,30.927838095262267
3004994,0.8602088709211305
3004995,22.868755758890472
3004996,28.99990044055741
3004997,0.0
3004998,199.2318432504855
3004999,10.183750412610076
3005000,43.88354542936686
3005001,11.490726163720801
3005002,130.1894017184615
3005003,19.217041816951678
3005004,905.8465003842085
3005005,241.10338411696463
3005006,15.791222004994811
3005007,8.833623619181733
3005008,1073.08076352414
3005009,111.7659115921948
3005010,3530.678592181219
3005011,46.97510357395597
3005012,31.388592519280316
3005013,3.228291760033187
3005014,0.07222945353504748
3005015,3.5447316516844474
3005016,2494.8419958895174
3005017,0.014327612975239159
3005018,442.0226299451137
3005019,9.331694909546743
3005020,395.46160268331266
3005021,672.0384830497326
3005022,258.5900285953844
3005023,155.55298199976787
3005024,139.32841041791266
3005025,2367.165318140338
3005026,20.73739768539199
3005027,1.1150855734162801
3005028,22.603759466172715
3005029,15.845073260169926
3005030,0.0
3005031,91.07478067606074
3005032,8.34093410143348
3005033,29.583970033621643
3005034,5.288777936282091
3005035,383.69600929343795
3005036,14.44890362176818
3005037,473.83192344011024
3005038,95.59193505654265
3005039,4.878588912112218
3005040,6.632966507034705
3005041,359.16141320143583
3005042,39.84658913171654
3005043,1659.05148459673
3005044,1.3200747257460566
3005045,6.335727510178435
3005046,4.128488500811672
3005047,0.12484103080131662
3005048,0.3574978998748567
3005049,1036.7983602740146
3005050,0.014327612975239159
3005051,236.76966129860804
3005052,7.347126308873906
3005053,325.1453262226632
3005054,246.2555540286876
3005055,125.80798311426126
3005056,36.258498881341325
3005057,41.686734756997595
3005058,1697.9097586997452
3005059,15.597612872250423
3005060,0.6690513440497682
3005061,12.497641752627917
3005062,9.225401379784907
3005063,0.0
3005064,69.75773695090581
3005065,0.10691601483055198
3005066,9.020944257921913
3005067,0.9512190532881457
3005068,32.90242981246839
3005069,0.28897807243536355
3005070,568.692287915548
3005071,112.09223581751179
3005072,2.6960622935356997
3005073,1.363787506119285
3005074,264.3051968843876
3005075,23.079217465335137
3005076,504.1543506940842
3005077,0.8800498171640379
3005078,3.3207951087831797
3005079,6.425542253142979
3005080,0.2166883606051424
3005081,2.924982817157918
3005082,3564.3678916004023
3005083,0.14327612975239157
3005084,711.1608104854924
3005085,20.774633011298633
3005086,764.4429962155489
3005087,1124.644030346415
3005088,489.33015832593054
3005089,285.09455533477717
3005090,167.27132348911397
3005091,4611.491534973711
3005092,25.728633804512125
3005093,2.7717841396347533
3005094,26.881501658661715
3005095,25.406755399927636
3005096,0.0
3005097,190.85523525345616
3005098,5.372529745235237
3005099,44.90775744118332
3005100,10.577555872564181
3005101,268.0787213595713
3005102,5.875887472852392
3005103,655.1630394658976
3005104,212.50576135493856
3005105,10.078137621073923
3005106,8.709642936807253
3005107,785.477443605289
3005108,80.67901414653771
3005109,2606.265362261665
3005110,1.8921071069026814
3005111,22.183989105888816
3005112,6.580748587759959
3005113,0.12484103080131662
3005114,3.4430490807029406
3005115,4166.6917684476275
3005116,0.014327612975239159
3005117,702.1706585744175
3005118,20.394609236701704
3005119,1164.8637554451168
3005120,979.1103624589301
3005121,616.2151435746594
3005122,237.8727210021334
3005123,90.39849451896612
3005124,6797.237858300699
3005125,12.923736379864637
3005126,0.796489695297343
3005127,38.374317585191
3005128,18.060955152875678
3005129,0.0
3005130,221.8975340656549
3005131,8.34093410143348
3005132,6.933127464603741
3005133,6.39219203809634
3005134,76.48209188833104
3005135,1.9746834949749843
3005136,304.3014149456533
3005137,265.1029057462885
3005138,4.846492932427269
3005139,4.308328712513196
3005140,361.9370093747789
3005141,84.02908095363671
3005142,1554.6364866832557
3005143,4.092231649812776
3005144,4.755008476198825
3005145,6.084088316985622
3005146,0.3129942986518724
3005147,3.0549820534760483
3005148,3777.437511207663
3005149,0.014327612975239159
3005150,736.8946957464168
3005151,14.440903434683197
3005152,942.7526596972065
3005153,807.7537529121929
3005154,456.820066426743
3005155,216.19591772534895
3005156,98.09249416941255
3005157,5291.5993470880985
3005158,15.449064178228992
3005159,1.242523924663855
3005160,29.102147447855508
3005161,17.766337495908356
3005162,0.0
3005163,193.58864946083125
3005164,8.34093410143348
3005165,7.681590088623463
3005166,6.011704416781082
3005167,153.85020958528858
3005168,2.263661567410348
3005169,179.99207054034318
3005170,215.480317092307
3005171,4.974876851167064
3005172,4.277333541919576
3005173,316.3192373309177
3005174,66.082243927232
3005175,1212.5328910624871
3005176,2.772156924066719
3005177,8.95312406779779
3005178,10.80236088934182
3005179,0.7945239888855222
3005180,14.397415422232864
3005181,9074.436268465732
3005182,0.014327612975239159
3005183,1302.110780702638
3005184,60.9727033908846
3005185,1677.3830796929049
3005186,2294.762845275003
3005187,586.5587413956039
3005188,589.6413368091537
3005189,412.28511825070564
3005190,9624.257467550171
3005191,72.55118216006768
3005192,2.5806266127633917
3005193,67.27897143498029
3005194,49.7207471267401
3005195,0.0
3005196,430.2824413492936
3005197,34.05275072353081
3005198,68.14949155547995
3005199,25.238504897083715
3005200,339.35361949882247
3005201,41.66100544276491
3005202,1683.4281494256456
3005203,484.35523522997494
3005204,17.71698078609174
3005205,22.750455215717167
3005206,2341.10899550013
3005207,243.72617209146154
3005208,7497.980658983199
3005209,1.5400871800370661
3005210,111.55896503557663
3005211,2.948920357722623
3005212,0.3370707831635549
3005213,0.9009848061652554
3005214,1845.596150170111
3005215,0.014327612975239159
3005216,178.09587793627068
3005217,6.0381555297067155
3005218,599.3131564706736
3005219,276.8593260662692
3005220,174.4051984987207
3005221,136.89441600162863
3005222,59.43164428215424
3005223,2918.063155530619
3005224,5.050655596728709
3005225,0.25487670249514977
3005226,14.734873918221805
3005227,7.904978608104081
3005228,0.0
3005229,141.1600561124277
3005230,0.40093505561456994
3005231,17.781458538480237
3005232,3.6907299267580056
3005233,57.276263842440386
3005234,1.204075301814015
3005235,105.42839280628549
3005236,75.96676009981938
3005237,2.1504306388915695
3005238,4.308328712513196
3005239,174.8635718758182
3005240,21.866295087594896
3005241,571.6169271027776
3005242,0.0880049817164038
3005243,6.254335473198456
3005244,7.9155230654659885
3005245,0.14445890707009496
3005246,2.5098862457460687
3005247,4268.683267697313
3005248,0.014327612975239159
3005249,604.9497459358449
3005250,12.709684017074975
3005251,1370.2654257132954
3005252,732.6400770153086
3005253,413.97319504234025
3005254,301.53641156430245
3005255,105.50120973378493
3005256,6229.721300905308
3005257,12.626638991821771
3005258,0.25487670249514977
3005259,27.699634317838374
3005260,18.718636993176474
3005261,0.0
3005262,230.0073520675964
3005263,1.0691601483055198
3005264,7.484626240197221
3005265,11.757067498641483
3005266,25.202511889820077
3005267,2.3118245794829084
3005268,572.4498669311481
3005269,233.94006005068164
3005270,3.851517562193856
3005271,6.446995483472985
3005272,230.8675754416521
3005273,67.50735326111972
3005274,1351.5394974584851
3005275,2.508141978917508
3005276,7.831199094900066
3005277,1.4278982784762173
3005278,0.12484103080131662
3005279,1.0618749501233367
3005280,1222.8478077255093
3005281,0.014327612975239159
3005282,129.27534497650078
3005283,4.433610703630806
3005284,665.9869368105276
3005285,157.404396676848
3005286,128.5611053517496
3005287,196.20367540702426
3005288,23.129811220588874
3005289,2304.6704419222365
3005290,1.7231648506486181
3005291,0.28673629030704345
3005292,10.954723017735581
3005293,3.838957348362107
3005294,0.0
3005295,65.58101627150559
3005296,8.34093410143348
3005297,17.781458538480237
3005298,0.4565851455783099
3005299,47.81958708888002
3005300,0.43346710865304533
3005301,109.83660166294918
3005302,61.870759337263294
3005303,0.5777276343290785
3005304,1.115826141370324
3005305,90.5115276200657
3005306,11.286916570638352
3005307,209.85213666895064
3005308,46.97510357395597
3005309,2.8273023371993014
3005310,6.860119990070523
3005311,0.12484103080131662
3005312,2.284640044204755
3005313,2553.2581576679854
3005314,0.014327612975239159
3005315,249.5488470397277
3005316,11.696287284816506
3005317,866.3181424924674
3005318,429.45781424333575
3005319,285.1475771624314
3005320,178.84951911798566
3005321,77.81349447085434
3005322,3976.4083052207848
3005323,3.41661996249295
3005324,0.6371917562378744
3005325,33.15385204568278
3005326,15.5343855491862
3005327,0.0
3005328,175.24440853808358
3005329,8.34093410143348
3005330,17.781458538480237
3005331,14.572675896374394
3005332,46.72328546806602
3005333,2.022846507047545
3005334,393.0849875512112
3005335,179.04704643601525
3005336,1.6689909436173376
3005337,3.8434011536088946
3005338,357.8134024033651
3005339,28.234137570731164
3005340,1271.561395630895
3005341,46.97510357395597
3005342,1.1994615975997038
3005343,3.414539361573563
3005344,0.2889178141401899
3005345,1.8199893084538161
3005346,2916.16092296454
3005347,0.014327612975239159
3005348,719.4140990727143
3005349,10.809565144090346
3005350,847.1467206509117
3005351,637.7265972789364
3005352,372.3163490767219
3005353,113.85089345665979
3005354,79.99282778093854
3005355,5281.9239550044895
3005356,6.74411070857304
3005357,4.046167652110502
3005358,35.062828250428325
3005359,33.5135024640154
3005360,0.0
3005361,157.51819373841045
3005362,1.4166371965048137
3005363,6.736163616177498
3005364,3.7287786888895313
3005365,47.663791828032
3005366,3.5158998812969235
3005367,262.9824790899955
3005368,222.664319888315
3005369,3.241693948179829
3005370,5.889082412787822
3005371,235.8442451336018
3005372,30.64548251303152
3005373,636.2186715519922
3005374,4.928278976118611
3005375,4.069601848998995
3005376,3.787034564654316
3005377,0.12484103080131662
3005378,0.5792045182490928
3005379,1670.6219206319454
3005380,0.014327612975239159
3005381,109.00370605124996
3005382,3.9269123375015704
3005383,412.99142922734205
3005384,171.1914074216714
3005385,129.2923451973337
3005386,140.45424293271347
3005387,64.11430551853046
3005388,2568.9977931242447
3005389,6.684691230964468
3005390,0.44603422936651205
3005391,11.109014891224817
3005392,7.677914696724214
3005393,0.0
3005394,77.0290721111427
3005395,8.34093410143348
3005396,17.781458538480237
3005397,0.4185363834467842
3005398,68.34155055923526
3005399,1.0114232535237726
3005400,295.74529896909485
3005401,70.19845495421667
3005402,0.9949753702334129
3005403,1.2708019943384248
3005404,88.24308049979213
3005405,19.8110655030906
3005406,380.09890822218756
3005407,0.0880049817164038
3005408,0.9852720265997567
3005409,4.5320249708158205
3005410,0.12484103080131662
3005411,0.9009848061652554
3005412,4103.483075446696
3005413,0.014327612975239159
3005414,544.7399978970499
3005415,13.258607247048314
3005416,834.3637457692731
3005417,629.0307586654123
3005418,345.14867226351566
3005419,129.77476213945894
3005420,116.88629280326877
3005421,5169.815327790589
3005422,6.8926594025944725
3005423,0.41417464155461836
3005424,33.15385204568278
3005425,9.47061850033145
3005426,0.0
3005427,169.36008242793912
3005428,8.34093410143348
3005429,30.25364711827087
3005430,3.500486116100377
3005431,89.26399387189309
3005432,1.3967273501042572
3005433,357.66076813606554
3005434,184.71407882834922
3005435,2.5355823951109557
3005436,3.2544929123301123
3005437,203.94284936546097
3005438,45.78732448305651
3005439,1339.6832709277307
3005440,1.2320697440296529
3005441,1.7135165679995767
3005442,3.5076631623437518
3005443,0.12484103080131662
3005444,6.826890588429307
3005445,2966.6094531305757
3005446,0.014327612975239159
3005447,541.0029553982135
3005448,9.16279545417033
3005449,789.7638567791471
3005450,904.1672177879204
3005451,248.60018442838972
3005452,144.18526380390705
3005453,133.18463310034667
3005454,4170.131876719656
3005455,52.46739872836999
3005456,1.465541039347111
3005457,36.37430917508681
3005458,25.45823909149869
3005459,0.0
3005460,193.02567524150496
3005461,17.694600454456353
3005462,27.29918939187723
3005463,1.9024381065762914
3005464,163.62325585627653
3005465,13.822784464824892
3005466,439.6581152519839
3005467,227.11607924142467
3005468,12.260664239650442
3005469,13.544889549411991
3005470,463.46450789787946
3005471,67.73319058047542
3005472,2387.247999406113
3005473,46.97510357395597
3005474,15.948221230965684
3005475,5.556386779287889
3005476,0.12484103080131662
3005477,7.450500786410831
3005478,3214.6407107585947
3005479,0.014327612975239159
3005480,466.79858221199225
3005481,16.425472035356034
3005482,978.2718219859581
3005483,836.3490808979774
3005484,235.29054538307759
3005485,106.84264153345794
3005486,131.8263354163288
3005487,4369.628185009089
3005488,26.67607737498082
3005489,1.0832259856043864
3005490,47.99711600503077
3005491,59.061912414161675
3005492,0.0
3005493,265.3965093431776
3005494,17.694600454456353
3005495,21.508452248145698
3005496,10.691702158958758
3005497,154.73527959476877
3005498,17.435010370266937
3005499,341.86146774407894
3005500,376.34731364507445
3005501,7.76722708375761
3005502,9.577507713428615
3005503,238.37656752548787
3005504,81.35178276949294
3005505,1957.7343107365941
3005506,3.4761967777979494
3005507,21.042769530760374
3005508,8.722596005474285
3005509,0.2166883606051424
3005510,2.9925566776203127
3005511,4629.898180767027
3005512,0.014327612975239159
3005513,722.2606459610597
3005514,8.487197632664685
3005515,2060.950321086942
3005516,710.8054970964988
3005517,322.1498492523496
3005518,439.3207842987023
3005519,84.38746289958645
3005520,7036.241534170022
3005521,27.867734998420758
3005522,1.6248389784065798
3005523,28.46685065876359
3005524,15.693300527792818
3005525,0.0
3005526,280.7273435707083
3005527,4.4637436191755455
3005528,16.978283734342117
3005529,8.896181073972055
3005530,77.73323297084676
3005531,5.346094340054226
3005532,245.18186565498115
3005533,265.8542329262976
3005534,6.868539652579044
3005535,9.484522201647755
3005536,383.37174764332036
3005537,55.71595741001814
3005538,1619.4634550045364
3005539,5.924495369148302
3005540,20.85769474814645
3005541,3.9111996323479
3005542,0.2889178141401899
3005543,4.842471552850331
3005544,2660.4285367072725
3005545,0.057310451900956634
3005546,398.3707587333707
3005547,9.458369501079053
3005548,665.96763636654
3005549,804.8572298844726
3005550,327.33953560623854
3005551,170.9233026298992
3005552,108.86802040672238
3005553,3991.554714480226
3005554,24.569953991144953
3005555,1.5611198027827922
3005556,17.336620634934004
3005557,10.910673896356585
3005558,0.0
3005559,184.04274899233388
3005560,15.823570194921695
3005561,26.27497738006077
3005562,2.28292572789155
3005563,136.07091176526097
3005564,11.077492776688937
3005565,831.5667442970076
3005566,210.0561272182822
3005567,5.937756241715528
3005568,8.740638107400873
3005569,761.6596730984452
3005570,51.22346397726815
3005571,2187.084341654945
3005572,0.0440024908582019
3005573,33.71171125069113
3005574,3.5076631623437518
3005575,0.16853539158177744
3005576,2.8599831989988536
3005577,5667.071906454935
3005578,0.014327612975239159
3005579,469.29708638722735
3005580,13.174157519360108
3005581,1895.8577602818236
3005582,671.0102800701956
3005583,448.352668641033
3005584,170.52206683276935
3005585,85.24629525720417
3005586,7716.193621980952
3005587,10.07160145465313
3005588,2.3257499102682417
3005589,33.095606863440594
3005590,20.944637068040706
3005591,0.0
3005592,360.9586429338155
3005593,8.34093410143348
3005594,0.19696384842624262
3005595,9.245849197960778
3005596,62.366372196097736
3005597,3.1305957847164385
3005598,207.7579327935104
3005599,269.96717924622044
3005600,3.1775019888099316
3005601,9.329546348679655
3005602,294.93816667539016
3005603,58.69196616731943
3005604,1148.671419159008
3005605,46.97510357395597
3005606,7.710824555998096
3005607,7.0463675916109
3005608,0.02407648451168249
3005609,8.106932573759801
3005610,3009.296124290589
3005611,0.014327612975239159
3005612,533.9047204388265
3005613,13.93420506855396
3005614,1024.8059856091493
3005615,774.8697526815769
3005616,373.6856824099266
3005617,153.26420713504191
3005618,166.66629741593414
3005619,4765.940192313074
3005620,39.39511365448393
3005621,1.465541039347111
3005622,29.62403970993284
3005623,31.991311236350892
3005624,0.0
3005625,204.3526667136232
3005626,16.144318239413348
3005627,23.87201842926061
3005628,10.349263299775027
3005629,225.72917278500566
3005630,17.14603229783157
3005631,480.78185241435153
3005632,396.5438047884314
3005633,12.806295894294571
3005634,8.05874435434123
3005635,360.2501379905171
3005636,63.85284987512392
3005637,2059.18891120482
3005638,0.8800498171640379
3005639,9.150503184507375
3005640,3.414539361573563
3005641,0.12484103080131662
3005642,4.484973652975475
3005643,3048.5873859278668
3005644,0.014327612975239159
3005645,489.00932401706496
3005646,11.991861331725227
3005647,613.0553369795347
3005648,852.1451626476342
3005649,260.99006528182673
3005650,151.0755051985413
3005651,136.26075447638885
3005652,3659.3464928159756
3005653,27.867734998420758
3005654,1.0513663977924927
3005655,31.517586727329462
3005656,19.68730413805389
3005657,0.0
3005658,162.48033818486192
3005659,13.204127831573171
3005660,43.529010502199625
3005661,5.440972984808194
3005662,103.39166105345524
3005663,14.352577597623057
3005664,480.8849336132464
3005665,201.71570622919035
3005666,8.633818535251228
3005667,8.089739524934851
3005668,411.35750167088815
3005669,54.8448796831064
3005670,2276.053315622001
3005671,0.22001245429100946
3005672,19.701561558864327
3005673,5.742634380828266
3005674,0.07222945353504748
3005675,3.7326513398274868
3005676,5990.005038884285
3005677,0.014327612975239159
3005678,626.9272273653264
3005679,21.196881649739662
3005680,1163.9410355887203
3005681,709.8763526966976
3005682,477.179570620254
3005683,217.6579895006159
3005684,84.89877183777993
3005685,6453.465626605932
3005686,9.15059955172025
3005687,0.12743835124757488
3005688,19.286484186154194
3005689,17.61754069946021
3005690,0.0
3005691,205.29128921734954
3005692,8.34093410143348
3005693,9.572443033515391
3005694,1.4839017231295075
3005695,123.45292933529053
3005696,4.9126272314011805
3005697,317.4426962096254
3005698,246.89448888764872
3005699,3.4984617856594196
3005700,2.5106088180832296
3005701,411.54651965876633
3005702,141.96732448982337
3005703,1250.660149232771
3005704,3.3881917960815455
3005705,1.1566236833997143
3005706,14.185858983991986
3005707,0.12484103080131662
3005708,16.377973094356847
3005709,11056.679965818903
3005710,0.014327612975239159
3005711,1765.3427428887023
3005712,34.41326403294387
3005713,2248.656128114869
3005714,2759.237867454976
3005715,929.5390915956311
3005716,761.1735737664619
3005717,527.6789768633329
3005718,12152.991735880618
3005719,83.45465630124083
3005720,4.683359408348377
3005721,142.07272856825372
3005722,108.36573091725408
3005723,0.0
3005724,594.1570125897173
3005725,24.824829483505866
3005726,32.735391608441525
3005727,37.024489454945154
3005728,525.2154540922214
3005729,38.19326857354055
3005730,2019.2267207602335
3005731,552.5687972425092
3005732,38.771943459418154
3005733,33.660755264671444
3005734,2457.177304295107
3005735,298.81596162446783
3005736,9040.69064670796
3005737,317.08238914911135
3005738,127.61597319377624
3005739,15.768963597085182
3005740,0.12484103080131662
3005741,14.146105017370344
3005742,10269.675982302875
3005743,0.028655225950478317
3005744,1328.2070506476039
3005745,33.23096784530899
3005746,2328.0597410179844
3005747,2438.0689490245036
3005748,1191.7152683649376
3005749,473.801887272444
3005750,391.8611317207073
3005751,13773.219117707267
3005752,133.42643697005076
3005753,1.8797156809017295
3005754,83.76120082046766
3005755,74.97513460710485
3005756,0.0
3005757,565.3651160330027
3005758,21.650225713149702
3005759,43.962330968737355
3005760,4.953948829524663
3005761,354.31617723468366
3005762,29.716578448769887
3005763,2665.021218155668
3005764,678.8010424012226
3005765,23.49425712938252
3005766,27.833663193070862
3005767,2645.392651475786
3005768,251.38139825710752
3005769,6180.364565670543
3005770,548.4681672522404
3005771,121.43449921452029
3005772,11.671516363196908
3005773,0.12484103080131662
3005774,19.561667262999357
3005775,6727.628765404448
3005776,0.14327612975239157
3005777,1011.3543601724175
3005778,18.74783954678169
3005779,2112.9978019495143
3005780,1770.8946811069284
3005781,1377.6789638224404
3005782,176.38010947086556
3005783,305.6710310122399
3005784,11794.794717239494
3005785,45.54502958697124
3005786,2.867362903070435
3005787,51.85402711257788
3005788,22.18917347353298
3005789,0.0
3005790,537.9024364826266
3005791,24.323393373950577
3005792,31.514215748198822
3005793,9.97181957943029
3005794,196.92186441488911
3005795,15.171348802856588
3005796,2382.0459236423126
3005797,671.6515041547565
3005798,23.59054506843737
3005799,41.257671577167734
3005800,1600.4260397891107
3005801,139.27091529584683
3005802,2820.8462153312917
3005803,341.6775814143034
3005804,67.49178103785327
3005805,16.296665134782916
3005806,0.12484103080131662
3005807,20.415028586553024
3005808,10055.944466195557
3005809,0.08596567785143495
3005810,1270.0018179183867
3005811,27.615060954043305
3005812,2095.0827596946624
3005813,2341.1147371549646
3005814,1119.8804499144203
3005815,436.41615182222483
3005816,304.5752445457106
3005817,12692.231702637224
3005818,48.99135928826848
3005819,1.8159965052779419
3005820,80.4632120246353
3005821,70.59187857733542
3005822,0.0
3005823,539.7318535918002
3005824,24.739296671641426
3005825,34.7444228623892
3005826,8.348659386899397
3005827,330.0145060402578
3005828,21.23988832399922
3005829,2080.645993852657
3005830,660.0353602876855
3005831,22.435089799779213
3005832,29.22844586978377
3005833,2395.6765853220913
3005834,228.5753231620132
3005835,5488.437050553021
3005836,418.76554514878717
3005837,96.10765833127144
3005838,12.602754370898788
3005839,0.12484103080131662
3005840,21.465319446311376
3005841,5356.462841069813
3005842,0.014327612975239159
3005843,912.2082776163314
3005844,23.139225386568395
3005845,1940.985899779996
3005846,1422.4755624300592
3005847,1085.5057526005794
3005848,145.5752704830621
3005849,236.05644687069255
3005850,10355.109331073667
3005851,43.70302578110547
3005852,0.4778938171784058
3005853,39.54307852687194
3005854,65.89972039813966
3005855,0.0
3005856,508.26682590783304
3005857,21.07822503380625
3005858,14.969252480394442
3005859,2.910730303061726
3005860,194.10942542688107
3005861,9.391787354149315
3005862,2078.9720074676366
3005863,779.2333908849375
3005864,17.17134913144761
3005865,24.027456244174314
3005866,1761.1102726314773
3005867,97.29881359029407
3005868,1994.7590561517084
3005869,310.73766999226734
3005870,32.404691315951624
3005871,11.33006242703955
3005872,0.12484103080131662
3005873,11.537432223234012
3005874,7619.349362310947
3005875,0.014327612975239159
3005876,1254.9443970060652
3005877,32.47092029611514
3005878,1549.4475750190527
3005879,2348.4576111161464
3005880,728.6499566320032
3005881,559.7475391018922
3005882,392.4667331308861
3005883,9460.735467500635
3005884,63.46000208595601
3005885,1.592979390594686
3005886,60.520987376151865
3005887,59.34313835944866
3005888,0.0
3005889,407.63742613598447
3005890,12.428986724051668
3005891,35.61106379546467
3005892,12.604793918931879
3005893,382.2360260974542
3005894,27.212101820996736
3005895,1792.8018494451908
3005896,471.75499591752884
3005897,18.39099635947566
3005898,29.01147967562843
3005899,2079.411608286061
3005900,215.28320971802944
3005901,7150.0217875083235
3005902,278.5502879544012
3005903,108.69793867208308
3005904,5.5874280462112855
3005905,0.2889178141401899
3005906,6.4674620068269535
3005907,2112.1185153902197
3005908,0.014327612975239159
3005909,364.7789162436859
3005910,30.570801423130504
3005911,767.4892936898761
3005912,582.1152360058147
3005913,365.04594446652163
3005914,98.02741239682882
3005915,111.53406632264642
3005916,3479.3350595860293
3005917,58.082539362380146
3005918,1.2106643368519614
3005919,34.465718700024986
3005920,18.637691535908687
3005921,0.0
3005922,176.4580414569145
3005923,10.798517497885749
3005924,11.305724899666327
3005925,13.279017983902516
3005926,93.27070389321158
3005927,10.306884583527966
3005928,491.44460463521364
3005929,211.19345735315838
3005930,3.337981887234675
3005931,6.8189375305964255
3005932,406.93166199564416
3005933,56.76240881806433
3005934,1500.9978362669299
3005935,1.4520821983206624
3005936,13.068613899483777
3005937,9.902164148563335
3005938,0.12484103080131662
3005939,14.211748196105239
3005940,5070.56490138736
3005941,0.028655225950478317
3005942,631.4385836936813
3005943,40.28252010727417
3005944,1534.0072198289208
3005945,1198.4495687330527
3005946,787.780419291939
3005947,129.34331564701577
3005948,183.55936988013644
3005949,8256.90502326964
3005950,112.68903928465878
3005951,1.5292602149708985
3005952,65.99603450691733
3005953,31.508019241487318
3005954,0.0
3005955,369.0333373229583
3005956,14.760825007506005
3005957,11.069368281554837
3005958,3.576583640363428
3005959,203.20719960100323
3005960,13.533806392389527
3005961,1304.9370219930402
3005962,484.0516820820885
3005963,12.90258383334942
3005964,23.277373115808707
3005965,850.6426074088777
3005966,83.84652795125614
3005967,2131.2203331770265
3005968,311.8614936087857
3005969,25.241504219322394
3005970,7.387821527768256
3005971,0.12484103080131662
3005972,5.62246697075911
3005973,5092.078314325727
3005974,0.057310451900956634
3005975,947.8974242560731
3005976,12.202985650945742
3005977,1229.507023321611
3005978,1734.958046542553
3005979,426.65479324039154
3005980,425.6482418062304
3005981,317.25527058471147
3005982,6232.108378630309
3005983,42.06899014686971
3005984,1.8159965052779419
3005985,41.31164912674228
3005986,36.38409026109299
3005987,0.0
3005988,272.96452693492677
3005989,2.2452363114415914
3005990,55.346841407774185
3005991,7.191216042858382
3005992,238.64679824734327
3005993,15.508489887364512
3005994,1434.8964366335372
3005995,265.1999367088444
3005996,20.188371221832796
3005997,9.701488395803096
3005998,1862.1863819670834
3005999,124.47679903430019
3006000,5307.767781242308
3006001,5.104288939551419
3006002,64.96526880869416
3006003,11.019649757805592
3006004,0.12484103080131662
3006005,8.467970056801738
3006006,5059.722913963557
3006007,0.014327612975239159
3006008,945.4842494883459
3006009,16.256572579979622
3006010,1394.8140041277431
3006011,1321.602580607108
3006012,601.0008219985334
3006013,264.81625549520464
3006014,409.9422753260693
3006015,7752.737771191591
3006016,49.49642484794135
3006017,3.2815375446250528
3006018,60.74779643018104
3006019,42.79991053034405
3006020,0.0
3006021,297.3201368226226
3006022,6.949540963985879
3006023,66.41620968932902
3006024,11.719018736509955
3006025,388.5767976340542
3006026,15.604815911509633
3006027,1121.6619121227068
3006028,316.55211552598024
3006029,14.796246634761399
3006030,24.98210749845781
3006031,997.1255981197952
3006032,131.19308743226892
3006033,4641.644291212244
3006034,6.248353701864669
3006035,12.09849660190845
3006036,8.846761073167869
3006037,0.02407648451168249
3006038,3.507405138286173
3006039,2490.0730461431417
3006040,0.014327612975239159
3006041,508.4104458019863
3006042,10.133967322584699
3006043,861.7251656026904
3006044,570.5372942844052
3006045,375.0053980103406
3006046,106.36808186124472
3006047,152.21649963449718
3006048,3671.7724099754364
3006049,15.122257051381839
3006050,1.5292602149708985
3006051,34.56137966158831
3006052,21.545776125691205
3006053,0.0
3006054,177.67914748485146
3006055,4.650846645129011
3006056,15.993464492210904
3006057,8.713166528119414
3006058,139.45969763849203
3006059,5.249768315909105
3006060,623.9569991167142
3006061,200.69104866012356
3006062,4.81439695274232
3006063,6.044058265755923
3006064,358.30018644574375
3006065,67.4662803401806
3006066,1931.2318787445374
3006067,0.4400249085820189
3006068,5.191955201038718
3006069,6.270335918525998
3006070,0.12484103080131662
3006071,1.4158332668311155
3006072,4175.937645277591
3006073,0.014327612975239159
3006074,262.0717022763662
3006075,5.9959306658626135
3006076,1075.2515296207446
3006077,258.51781498922185
3006078,357.64051522008026
3006079,64.52186312591273
3006080,40.80775193241512
3006081,4492.211069379048
3006082,9.89334302182741
3006083,0.8920684587330241
3006084,27.271088639222032
3006085,9.40395753552268
3006086,0.0
3006087,178.8409668472134
3006088,8.34093410143348
3006089,17.781458538480237
3006090,4.375607645125471
3006091,38.03507122813638
3006092,1.6375424104670602
3006093,79.72101338866298
3006094,149.01013106274377
3006095,0.1283839187397952
3006096,2.169661941553408
3006097,96.9748667271901
3006098,86.58918085534498
3006099,631.0206289787137
3006100,46.97510357395597
3006101,3.5983847927991115
3006102,6.860119990070523
3006103,0.04815296902336498
3006104,6.402462388667888
3006105,3835.168841077826
3006106,0.014327612975239159
3006107,577.6019715015531
3006108,16.256572579979622
3006109,1107.9525626976535
3006110,1071.983110062136
3006111,566.1619259886603
3006112,216.62012623870663
3006113,179.8725390107127
3006114,5759.739823861263
3006115,31.373484177326567
3006116,1.2743835124757488
3006117,33.38760423401897
3006118,54.19298364078551
3006119,0.0
3006120,274.5371181944874
3006121,19.16469565837644
3006122,21.311488399719455
3006123,11.079799532700322
3006124,145.89318169228372
3006125,10.451373619745649
3006126,1031.6599698567472
3006127,290.9232160390925
3006128,9.018970291470612
3006129,13.668870231786471
3006130,1079.9565894038026
3006131,96.3779355629756
3006132,2451.944824523013
3006133,46.97510357395597
3006134,50.18925468376774
3006135,5.183891576207137
3006136,0.04815296902336498
3006137,5.448383834996466
3006138,4161.755164097285
3006139,0.11462090380191327
3006140,667.3856066689501
3006141,22.46362756506275
3006142,840.2889820734863
3006143,1370.4785854112251
3006144,303.73423680203535
3006145,315.88303019595264
3006146,258.9814121269739
3006147,4332.590939051764
3006148,33.86910223688663
3006149,2.8992224908823285
3006150,34.07227442262744
3006151,27.25838273492834
3006152,0.0
3006153,190.85124959526624
3006154,11.440013586869062
3006155,49.31974764593116
3006156,9.85462939206519
3006157,257.9109300411586
3006158,18.350107599645586
3006159,978.1921928854138
3006160,212.40713972086536
3006161,6.804347693209145
3006162,13.42989746650966
3006163,1263.753595736333
3006164,126.09864498431855
3006165,4510.825163506893
3006166,0.4840273994402208
3006167,54.65460736306747
3006168,4.500983703892425
3006169,0.4093002366986023
3006170,10.009941196495987
3006171,5155.173622421086
3006172,0.028655225950478317
3006173,874.0324440850122
3006174,25.883841536435085
3006175,1034.6666617593403
3006176,1550.60846227147
3006177,463.63346542589795
3006178,382.5325444782537
3006179,191.62895163784535
3006180,5829.759561890783
3006181,35.44371839351382
3006182,3.6957121861796716
3006183,44.97608112211158
3006184,49.02289015139831
3006185,0.0
3006186,274.0573445898757
3006187,24.189748355412384
3006188,41.244229860455214
3006189,24.825295340335344
3006190,208.44832421977708
3006191,27.45291688135954
3006192,1002.5680355517143
3006193,290.2148369900508
3006194,18.230516461050918
3006195,17.72923757955071
3006196,1250.4657437575784
3006197,145.996400475591
3006198,4432.335541481448
3006199,1.3640772166042585
3006200,53.379778272821625
3006201,11.454227494733136
3006202,0.2407648451168249
3006203,7.1174581884176025
3006204,4119.490052201582
3006205,0.014327612975239159
3006206,548.6290227819661
3006207,19.42343736828734
3006208,1593.746059815399
3006209,846.0593295242398
3006210,888.1728134476086
3006211,196.2990279141069
3006212,126.52899034633786
3006213,8627.276153415394
3006214,10.665796230738861
3006215,1.1469451612281738
3006216,56.577287089767054
3006217,36.577228502882676
3006218,0.0
3006219,330.14701408935844
3006220,9.488796316211488
3006221,6.8543419252332445
3006222,8.223859447107992
3006223,80.63838447604655
3006224,4.81630120725606
3006225,543.7802533503763
3006226,384.10157218003786
3006227,7.285787388483379
3006228,7.066898895345386
3006229,670.2379578421943
3006230,104.41754571613157
3006231,1473.8744719023252
3006232,114.22782611844062
3006233,21.685451742813886
3006234,6.507252371688387
3006235,0.20568215502081685
3006236,4.5132740303894305
3006237,2759.7817794813864
3006238,0.09558249623656483
3006239,416.60259481257674
3006240,19.005475900347133
3006241,716.7152516829442
3006242,911.4873695880196
3006243,159.01004054164144
3006244,132.7907989743623
3006245,178.4680803904862
3006246,3577.014529300667
3006247,20.342855010468696
3006248,2.011793101295845
3006249,32.049057656555874
3006250,26.05247446065242
3006251,0.32534620668918074
3006252,201.64739512606008
3006253,20.689658988919117
3006254,25.23984092276576
3006255,8.550120380889803
3006256,180.38812410940707
3006257,10.572005285191821
3006258,339.3804073390475
3006259,194.5108239464859
3006260,5.226574214028746
3006261,10.778308663900631
3006262,349.3911226990123
3006263,74.56408669304695
3006264,2778.3556581799066
3006265,50.33399283951597
3006266,29.565015276057245
3006267,1.7623808506656051
3006268,0.20568215502081685
3006269,3.2117977320221818
3006270,2033.9580086954913
3006271,0.04779124811828241
3006272,123.3715616025873
3006273,6.8211434053300675
3006274,1135.5967806918738
3006275,378.9974707844084
3006276,324.3573210729437
3006277,50.33851731198727
3006278,55.060518443886075
3006279,4492.751700530532
3006280,5.782740510590086
3006281,0.4926840248071457
3006282,14.036800137480828
3006283,9.408890624910773
3006284,0.046478029527025816
3006285,197.62781323592432
3006286,5.558415847769315
3006287,20.942984834300635
3006288,2.3360984647239897
3006289,28.225299475423945
3006290,0.7087377844821333
3006291,208.89553950484878
3006292,228.24098926497533
3006293,1.213311871113816
3006294,5.111603243550511
3006295,172.45924984989583
3006296,32.808721189600206
3006297,298.264630937263
3006298,1.893968404586825
3006299,2.0159555148275294
3006300,10.755042114318307
3006301,0.2380036365240881
3006302,6.581857960984587
3006303,7057.679819914743
3006304,0.04779124811828241
3006305,903.078994435733
3006306,20.51550001297745
3006307,2417.336815583134
3006308,916.5260066923628
3006309,679.0878211252214
3006310,314.3869217575932
3006311,144.28015490397118
3006312,12422.087747524016
3006313,32.39023107419804
3006314,0.9443110475470292
3006315,37.693225544004456
3006316,25.15682196745211
3006317,0.09295605905405163
3006318,577.6749935948238
3006319,18.064851505250274
3006320,3.0621865825414343
3006321,13.362483218221222
3006322,80.11271388877167
3006323,4.193365224852622
3006324,731.6988123211386
3006325,528.0986715176812
3006326,3.7799331369315037
3006327,20.26705847442834
3006328,498.105688605706
3006329,123.6114702445301
3006330,1753.911212208667
3006331,20.540858231075333
3006332,12.377176290250903
3006333,7.772551443961129
3006334,0.20568215502081685
3006335,1.3033382100959578
3006336,2279.6342632827614
3006337,0.04779124811828241
3006338,240.64490913356383
3006339,17.59959138169132
3006340,1376.9178535947524
3006341,532.9987035553751
3006342,270.6778979163653
3006343,65.6160813073736
3006344,68.0086531490643
3006345,4894.0880058711
3006346,9.534637627580082
3006347,0.5337410268744078
3006348,21.447837972304622
3006349,22.924203853066505
3006350,0.20915113287161616
3006351,201.1761623314923
3006352,11.11683169553863
3006353,20.942984834300635
3006354,7.266667884370443
3006355,77.02629442572018
3006356,2.8349511379285333
3006357,179.1558821258829
3006358,228.05580884228237
3006359,2.2866262186375765
3006360,9.057402238571958
3006361,188.45470715873495
3006362,38.26994590211878
3006363,409.4637357358766
3006364,3.847344331946351
3006365,3.9923824901486364
3006366,6.462063119107218
3006367,0.20568215502081685
3006368,5.453539453387229
3006369,2244.296335650501
3006370,0.04779124811828241
3006371,155.93172745589052
3006372,11.299145946233775
3006373,1101.0318204190967
3006374,358.0401052386509
3006375,206.9396301330664
3006376,52.34501765239515
3006377,51.033304020756844
3006378,4753.299253520599
3006379,16.143483925397327
3006380,0.08211400413452428
3006381,23.17923445814012
3006382,10.644804223945663
3006383,0.023239014763512908
3006384,167.74383152072232
3006385,2.264539789831943
3006386,20.942984834300635
3006387,3.7844795128528634
3006388,80.86314766281882
3006389,1.771844461205333
3006390,180.71735247945554
3006391,244.17874220837768
3006392,0.6999876179502785
3006393,7.308695865778361
3006394,113.26303801425867
3006395,27.802598536458184
3006396,222.28061197890136
3006397,3.5451203470471335
3006398,2.3155818442862093
3006399,4.835250026185121
3006400,0.20568215502081685
3006401,3.3849555227920733
3006402,2376.3690934462566
3006403,0.04779124811828241
3006404,210.71806299300164
3006405,14.944031735341445
3006406,1898.8271888013805
3006407,484.404582957762
3006408,325.7003196896079
3006409,41.71408602426917
3006410,72.76773162283423
3006411,5162.7058764645235
3006412,11.22127027650219
3006413,0.4105700206726214
3006414,17.83391833571787
3006415,24.631430399162287
3006416,0.09295605905405163
3006417,240.46561967266788
3006418,1.5954712155634145
3006419,20.942984834300635
3006420,4.064811328619742
3006421,40.06221970824558
3006422,3.6618118864910216
3006423,290.64848174771225
3006424,337.07527623644813
3006425,1.5399727594906127
3006426,6.187730242192724
3006427,103.72772773746705
3006428,109.38998590832655
3006429,457.4250175055182
3006430,2.5007738157651276
3006431,5.443079890034329
3006432,5.287142551996815
3006433,1.0416625825204255
3006434,5.120257253948405
3006435,2362.48853592413
3006436,0.04779124811828241
3006437,197.19144345330983
3006438,4.321793149941951
3006439,1142.7232653782482
3006440,434.54212563544763
3006441,327.00858558342725
3006442,97.05125330709714
3006443,111.0520994177798
3006444,4532.985473691783
3006445,8.502005393546138
3006446,1.2727670640851263
3006447,19.23925053808561
3006448,20.61184937745284
3006449,0.11619507381756454
3006450,256.41194187735044
3006451,12.609369284291502
3006452,20.942984834300635
3006453,5.049243221654431
3006454,46.179036668577716
3006455,3.4846274403704887
3006456,144.4247073331446
3006457,240.57955267127932
3006458,1.3066435535071865
3006459,6.949986866230958
3006460,128.73532264661497
3006461,52.58497431523564
3006462,741.090069997062
3006463,3.3508671773459207
3006464,5.589335486208092
3006465,6.236116856201371
3006466,0.2380036365240881
3006467,2.001555108361649
3006468,2086.308598185666
3006469,0.04779124811828241
3006470,197.52522144243648
3006471,8.38323731494764
3006472,1182.2035879957325
3006473,334.51748170687466
3006474,207.05044405833303
3006475,163.58258038377963
3006476,58.258460807705326
3006477,3610.299189566962
3006478,5.576214063783298
3006479,0.4516270227398836
3006480,16.42469863071564
3006481,15.157803322561408
3006482,0.18591211810810326
3006483,190.1689465043503
3006484,16.06050504985609
3006485,20.942984834300635
3006486,3.9713673900307827
3006487,61.859975738771
3006488,2.7168281738481777
3006489,63.24246002194103
3006490,174.3706174898555
3006491,1.3533093947038717
3006492,4.035476244908298
3006493,78.64124809686386
3006494,43.35881438423836
3006495,645.0599017752465
3006496,50.33399283951597
3006497,1.1067991061798201
3006498,11.478070155617017
3006499,0.8330127278343082
3006500,4.466260759239542
3006501,4357.040959828446
3006502,0.04779124811828241
3006503,427.55320220441973
3006504,10.413959397450483
3006505,1448.3023857217886
3006506,1028.7574728075094
3006507,663.5488226789669
3006508,202.30451677761596
3006509,188.77321904270974
3006510,7786.855060965673
3006511,18.139906244529616
3006512,1.8475650930267964
3006513,33.81592760393108
3006514,30.06060818297764
3006515,0.18591211810810326
3006516,345.77693520950453
3006517,0.9264026412948858
3006518,20.942984834300635
3006519,10.20220921514261
3006520,87.44116871345074
3006521,6.733008952580266
3006522,289.44424339970425
3006523,363.33500225621174
3006524,3.2199430425712814
3006525,11.568365235403787
3006526,439.74015775152134
3006527,71.12004000620776
3006528,1644.108458070095
3006529,9.295862849099784
3006530,17.047473232934678
3006531,5.106385541672138
3006532,0.2380036365240881
3006533,5.887364886176312
3006534,3352.2755393226525
3006535,0.04779124811828241
3006536,743.3777079453939
3006537,13.486077419698375
3006538,785.6216159709368
3006539,887.2627915070608
3006540,275.2611349888809
3006541,185.75968940934038
3006542,102.93391081915613
3006543,4780.941505090357
3006544,13.527482265844666
3006545,1.190653059950602
3006546,36.20236828367796
3006547,21.409212989733415
3006548,0.13943408858107745
3006549,232.6363105606875
3006550,16.314979849471047
3006551,6.727531128310727
3006552,7.266667884370443
3006553,106.95114400226304
3006554,3.602750404450844
3006555,124.36510494305391
3006556,211.7876679200666
3006557,5.786564308388969
3006558,9.23675673834566
3006559,222.69474892095047
3006560,67.52456824547508
3006561,2081.863472124365
3006562,43.09874330676666
3006563,17.27589129073975
3006564,8.676336495584518
3006565,0.9123472733423377
3006566,4.654313843839101
3006567,3887.5274497403784
3006568,0.04779124811828241
3006569,229.4662168245097
3006570,10.413959397450483
3006571,1202.3189787785805
3006572,462.1531546043487
3006573,382.0814525017539
3006574,61.49747534548375
3006575,70.75418485525296
3006576,5858.520413185909
3006577,41.098762914550974
3006578,1.6012230806232235
3006579,20.22084495329406
3006580,21.84776297648773
3006581,0.09295605905405163
3006582,214.54255080055256
3006583,13.638705552396932
3006584,20.942984834300635
3006585,5.700080253926535
3006586,103.32144175487531
3006587,4.961164491374933
3006588,168.0497873338782
3006589,252.62851673812952
3006590,1.8666336478674095
3006591,7.21901861589151
3006592,166.08009076366415
3006593,31.443415011470563
3006594,544.3991749836243
3006595,3.4159325594303076
3006596,5.150173412291741
3006597,9.625310799789073
3006598,0.20568215502081685
3006599,10.342919652975779
3006600,4150.216366185563
3006601,0.04779124811828241
3006602,832.8484216642106
3006603,17.964079960602085
3006604,999.6199449834494
3006605,1153.1287916234437
3006606,286.5281284358205
3006607,175.03291140400196
3006608,160.37146494611642
3006609,6043.114692400947
3006610,48.74024144640215
3006611,1.8475650930267964
3006612,28.51531776180546
3006613,35.5624171077136
3006614,0.09295605905405163
3006615,305.75073002750037
3006616,34.79156586196349
3006617,22.827209069854327
3006618,6.889621592163991
3006619,174.07588168708347
3006620,16.4781534892096
3006621,576.8457208781033
3006622,350.1545613335239
3006623,12.133118711138161
3006624,11.075140361026108
3006625,540.0874007232262
3006626,130.5631537464048
3006627,2803.2509119706583
3006628,50.33399283951597
3006629,39.21495972110332
3006630,10.709852861737136
3006631,0.03966727275401468
3006632,7.945242824331394
3006633,6194.881210948926
3006634,0.04779124811828241
3006635,682.1249364272917
3006636,12.49675127694058
3006637,2561.7390625291005
3006638,1101.8522164396868
3006639,918.5179415705708
3006640,113.59608067537265
3006641,151.48907355565098
3006642,10242.69017279067
3006643,13.837271936054849
3006644,0.6158550310089321
3006645,32.049057656555874
3006646,18.118311783999182
3006647,0.15750887784158749
3006648,432.5390537043055
3006649,3.7056105651795432
3006650,9.047369448417875
3006651,5.840246161809975
3006652,110.15742441533595
3006653,2.5987052097678216
3006654,417.86634916261136
3006655,509.56023492870554
3006656,5.786564308388969
3006657,8.519338739250852
3006658,416.6920619299337
3006659,85.82773866799177
3006660,1251.918729840991
3006661,48.683521935676524
3006662,17.76476747844962
3006663,14.460560825974195
3006664,0.5950090913102202
3006665,6.064711978335798
3006666,5075.861818089986
3006667,0.04779124811828241
3006668,597.0816671805188
3006669,11.19500635225927
3006670,2361.0473626543544
3006671,873.3678482580546
3006672,441.4482027269093
3006673,290.9073475987852
3006674,154.56205940574142
3006675,7561.1976705497345
3006676,17.48590582964145
3006677,0.7800830392779806
3006678,54.87112781015232
3006679,35.95478316246948
3006680,0.18591211810810326
3006681,412.19969856000137
3006682,6.124550795227301
3006683,4.778866939420723
3006684,14.904308204939055
3006685,176.94798456015104
3006686,3.7799348505713777
3006687,135.51404312954753
3006688,390.22858373162484
3006689,3.826598978128189
3006690,7.263857240834937
3006691,210.11765408662225
3006692,191.16690342892625
3006693,1644.8881174517057
3006694,0.895827724350253
3006695,9.192757147613534
3006696,6.416873866526049
3006697,0.2380036365240881
3006698,3.4910844913284587
3006699,2541.3926209590354
3006700,0.04779124811828241
3006701,194.58559686743794
3006702,13.746426404634638
3006703,957.9288594395031
3006704,420.4826171256383
3006705,193.2971127813991
3006706,55.33716728282796
3006707,90.76170250018818
3006708,4434.197717335386
3006709,11.290112425437787
3006710,0.9853680496142914
3006711,33.060294279352306
3006712,21.608553892803556
3006713,0.15750887784158749
3006714,205.72903081595936
3006715,1.9557389094003146
3006716,20.942984834300635
3006717,5.840246161809975
3006718,199.74501611965937
3006719,4.665857081174044
3006720,123.39043141286773
3006721,200.83183938805593
3006722,1.8199678066707239
3006723,8.250306989590298
3006724,184.79070713596735
3006725,35.87031686176971
3006726,601.2413983592284
3006727,3.2485542214596026
3006728,3.023933272241294
3006729,2.937301417776008
3006730,0.20568215502081685
3006731,2.3264587050212846
3006732,2008.512470122714
3006733,0.19116499247312965
3006734,326.79215971598353
3006735,20.72377920092646
3006736,604.89686839934
3006737,660.8981708907618
3006738,160.25150779138642
3006739,50.36291457164135
3006740,96.30800093744756
3006741,3207.61311869828
3006742,24.507805021072272
3006743,0.57479802894167
3006744,18.417043730891205
3006745,18.681992595056936
3006746,0.18591211810810326
3006747,155.5925692761221
3006748,19.71178953421896
3006749,3.61894777936715
3006750,3.7844795128528634
3006751,108.82331992814103
3006752,8.918283788066844
3006753,683.748581824071
3006754,194.45575928335032
3006755,4.993245008045321
3006756,7.9812752399297455
3006757,371.6666448534632
3006758,39.47712484244523
3006759,1395.2480523769696
3006760,50.33399283951597
3006761,9.434395129380563
3006762,3.8862757219805646
3006763,0.15866909101605872
3006764,6.722897774434257
3006765,5099.375906194734
3006766,0.04779124811828241
3006767,975.9077213176039
3006768,26.45145686952423
3006769,1275.1835827201464
3006770,1795.3375757736608
3006771,364.3651630315603
3006772,234.45766527573105
3006773,247.570233551544
3006774,6133.5764729175025
3006775,35.832338520977856
3006776,1.108539055816078
3006777,28.809796086367992
3006778,38.09621761624281
3006779,0.15750887784158749
3006780,309.5506790748368
3006781,19.60885590740842
3006782,51.68599777198724
3006783,14.110034726932899
3006784,177.45934785236196
3006785,23.565531334030933
3006786,466.7121492008933
3006787,361.0120892446779
3006788,22.959593868769133
3006789,12.779008108876278
3006790,636.0028585545083
3006791,137.24450728697647
3006792,4337.692657074215
3006793,50.33399283951597
3006794,27.324261225850766
3006795,4.699682268441613
3006796,0.11900181826204405
3006797,5.07743328418811
3006798,3214.1558142137173
3006799,0.04779124811828241
3006800,524.3737556293116
3006801,11.507425134182785
3006802,542.6206363995028
3006803,890.2694764085339
3006804,203.60282643801054
3006805,136.72921374709273
3006806,172.58880622333652
3006807,2913.6104666175925
3006808,24.025909978523096
3006809,1.436995072354175
3006810,28.475956797631255
3006811,20.811190280522982
3006812,0.06971704429053872
3006813,136.19041455006442
3006814,16.06050504985609
3006815,34.84397156800935
3006816,6.494353731932692
3006817,533.0685468561223
3006818,17.718444612053332
3006819,257.9799583721893
3006820,148.42170090201267
3006821,7.093207861896156
3006822,9.595465737893063
3006823,224.07464881855748
3006824,48.93017391924479
3006825,2058.4449382114362
3006826,1.4144648279214522
3006827,5.731638228431211
3006828,6.010170593295524
3006829,0.20568215502081685
3006830,0.517145982648789
3006831,1371.8292377225505
3006832,0.04779124811828241
3006833,291.21186443957794
3006834,9.06014467578192
3006835,442.0073815495485
3006836,323.72804418592835
3006837,109.18265199440727
3006838,36.17765074419634
3006839,51.63816744538204
3006840,2315.4294933846595
3006841,18.071064095594018
3006842,0.862197043412505
3006843,15.744385669680081
3006844,12.236768307276135
3006845,0.2788681771621549
3006846,104.31356565336638
3006847,0.20586725362108574
3006848,10.624859506090733
3006849,1.1680492323619949
3006850,45.711318396211524
3006851,0.35436889224106666
3006852,321.0104676898998
3006853,170.87666264230506
3006854,3.91993066052156
3006855,2.012357487460938
3006856,178.30161822754138
3006857,28.34044642481228
3006858,619.3898900570055
3006859,0.942976551947635
3006860,3.004169002488083
3006861,9.354175284302057
3006862,0.3570054547861321
3006863,4.273087417386034
3006864,4670.544377921207
3006865,0.4779124811828241
3006866,859.20216659108
3006867,25.61834011772819
3006868,1048.642381880667
3006869,1452.9111611356798
3006870,392.4792777528344
3006871,250.59470987550262
3006872,207.20223499135096
3006873,5948.474411675161
3006874,29.80865048911318
3006875,3.571959179851806
3006876,33.52971022246684
3006877,33.70005991823848
3006878,0.16267310334459037
3006879,296.29824394716053
3006880,10.344829494459558
3006881,52.89231369844296
3006882,12.988707463865383
3006883,365.41434585007767
3006884,7.205500808901688
3006885,339.8352599919768
3006886,332.8940328156871
3006887,14.653074135759162
3006888,12.725650145193601
3006889,472.2906254493816
3006890,99.07091873721039
3006891,3201.9844993268184
3006892,2.027399586687415
3006893,19.311509841940243
3006894,9.580121547207904
3006895,0.20568215502081685
3006896,5.03042001303822
3006897,5495.844298463983
3006898,0.04779124811828241
3006899,871.4771076494923
3006900,25.14971194484292
3006901,1609.281580756567
3006902,1307.5930938875883
3006903,494.25049810531004
3006904,263.44997451951934
3006905,128.77512517088738
3006906,8834.852131524985
3006907,14.973167393492187
3006908,1.0264250516815534
3006909,47.864876187144695
3006910,23.956434469954473
3006911,0.5577363543243098
3006912,338.1112224787189
3006913,16.06050504985609
3006914,8.165830886777158
3006915,7.849290841472606
3006916,109.36204278503078
3006917,2.4215207636472886
3006918,233.60639942610902
3006919,407.8725254594427
3006920,7.04654202069947
3006921,6.232568867136149
3006922,261.1498897989365
3006923,101.16145089890547
3006924,1929.0825963359414
3006925,4.384840966556502
3006926,4.519297921769244
3006927,8.857093505909194
3006928,0.5156745458021909
3006929,4.375492562465001
3006930,4983.346963738993
3006931,0.04779124811828241
3006932,898.2420839200846
3006933,17.80787056964033
3006934,1302.4308494174452
3006935,1060.9898046461612
3006936,359.6807549127002
3006937,239.44237395534086
3006938,138.5203471124281
3006939,6877.866972641895
3006940,17.89895872325503
3006941,1.6012230806232235
3006942,36.66255140803559
3006943,24.036960300105584
3006944,0.023239014763512908
3006945,297.73300301441986
3006946,16.06050504985609
3006947,9.047369448417875
3006948,7.382071148527808
3006949,211.7083114845688
3006950,2.7758896558883555
3006951,138.17648377247684
3006952,325.4982367269895
3006953,7.233205385486211
3006954,6.187730242192724
3006955,232.27467178182445
3006956,80.34317971444736
3006957,1475.220939186013
3006958,2.97037613863505
3006959,8.426694051979073
3006960,15.725859898246938
3006961,1.3090200008824844
3006962,20.826879119401227
3006963,11792.440243972105
3006964,0.04779124811828241
3006965,1587.2155246936902
3006966,75.18878684959249
3006967,2321.718713253415
3006968,2989.275285272106
3006969,474.78003412178094
3006970,498.5057211890562
3006971,510.70557805910573
3006972,12151.920591944647
3006973,84.05626385036304
3006974,3.3256171674482338
3006975,83.92632250032244
3006976,66.59722994173502
3006977,0.2788681771621549
3006978,643.658115176087
3006979,65.56872027831581
3006980,80.26640587570729
3006981,30.991616672414338
3006982,471.29586115704086
3006983,51.08818196475377
3006984,861.5571477600417
3006985,745.2019149191016
3006986,25.75954434057025
3006987,32.911550708474344
3006988,1339.7023684695976
3006989,299.28694648583235
3006990,9124.077153503866
3006991,1.650208965908361
3006992,96.20621984703217
3006993,4.292978995211089
3006994,0.5553418185562056
3006995,1.3033382100959578
3006996,2437.162131588542
3006997,0.04779124811828241
3006998,215.11745371209201
3006999,7.4459809691770955
3007000,843.554674632558
3007001,363.92974483310275
3007002,150.21117009247277
3007003,151.61398186204835
3007004,79.5086617898178
3007005,3716.9573709885085
3007006,5.851582659525683
3007007,0.32845601653809714
3007008,18.56282507968454
3007009,10.381516338108463
3007010,0.20915113287161616
3007011,213.11606557326166
3007012,0.7720022010790716
3007013,20.942984834300635
3007014,4.53203102156454
3007015,77.30705567278122
3007016,1.4765370510044444
3007017,80.93536878609788
3007018,117.9705343016481
3007019,3.1266113601779106
3007020,6.232568867136149
3007021,130.71669544142844
3007022,26.851021503216312
3007023,702.272518615532
3007024,0.09429765519476349
3007025,5.82887843561701
3007026,11.523259408198188
3007027,0.2380036365240881
3007028,3.6307278709815964
3007029,5759.247364662054
3007030,0.04779124811828241
3007031,744.2986727655149
3007032,15.673008893162978
3007033,1847.8570809078215
3007034,987.5700139976082
3007035,332.03737361111064
3007036,333.9591005166596
3007037,146.36876372213715
3007038,8097.210611351104
3007039,14.628956648814206
3007040,0.32845601653809714
3007041,34.89568146066038
3007042,25.077085606224053
3007043,0.06971704429053872
3007044,344.0962174450007
3007045,2.058672536210857
3007046,8.81538561640716
3007047,14.437088511994258
3007048,35.35376891066511
3007049,2.8349511379285333
3007050,439.4588578880709
3007051,366.4712407365777
3007052,5.599900943602228
3007053,9.32643398823251
3007054,165.14280102747873
3007055,82.07583600032287
3007056,1660.4635060393905
3007057,2.68748317305076
3007058,7.2977589636756575
3007059,2.0787056187337902
3007060,0.20568215502081685
3007061,1.5360771761845216
3007062,1601.8974082001503
3007063,0.04779124811828241
3007064,156.08016435031786
3007065,5.4673286836615045
3007066,889.6072636901794
3007067,209.02442400402649
3007068,116.3132730503731
3007069,217.30046669013802
3007070,30.65694031383782
3007071,3015.6479494055106
3007072,1.9964223191322916
3007073,0.36951301860535923
3007074,13.800634352435626
3007075,5.092074553672973
3007076,0.046478029527025816
3007077,99.97205617173022
3007078,16.06050504985609
3007079,20.942984834300635
3007080,0.5606636315337575
3007081,65.82124985333753
3007082,0.5315533383616
3007083,84.31946675063546
3007084,97.93678619374646
3007085,0.8399851415403342
3007086,1.6141904979633193
3007087,69.54002348619413
3007088,13.859926353740315
3007089,257.81844722883244
3007090,50.33399283951597
3007091,2.6088836074238615
3007092,9.986824820438429
3007093,0.20568215502081685
3007094,3.3048933184576073
3007095,3400.920124413386
3007096,0.04779124811828241
3007097,295.89295722074445
3007098,14.42333376546892
3007099,1240.7760463071952
3007100,569.4235702145382
3007101,236.05350808809598
3007102,198.080305534652
3007103,106.99188533870938
3007104,5168.41989695741
3007105,3.958423563796785
3007106,0.8211400413452428
3007107,41.35330927437577
3007108,20.811190280522982
3007109,0.18591211810810326
3007110,272.1341182356145
3007111,16.06050504985609
3007112,20.942984834300635
3007113,17.89451423978576
3007114,63.68785522659763
3007115,2.4805822456874664
3007116,301.76385682168194
3007117,272.9445222304002
3007118,2.426623742227632
3007119,5.559989492984766
3007120,255.9489239882375
3007121,34.670502341595174
3007122,1546.8889221999864
3007123,50.33399283951597
3007124,1.1178670972416183
3007125,4.970817783928629
3007126,0.4760072730481762
3007127,2.6066764201919157
3007128,3786.531858988285
3007129,0.04779124811828241
3007130,884.9061360817982
3007131,13.32986802873662
3007132,1170.1984013155693
3007133,845.5697947495808
3007134,287.66674358535903
3007135,126.09270560247438
3007136,109.98842188051312
3007137,6865.291179333613
3007138,7.813583904190176
3007139,5.214239262542292
3007140,44.613466171224026
3007141,44.453021384642
3007142,0.09295605905405163
3007143,240.01469539438637
3007144,2.727741110479386
3007145,7.933847054766443
3007146,4.578752990859019
3007147,64.9698462572615
3007148,4.3114881889329775
3007149,201.88663947993055
3007150,336.46140721408494
3007151,4.713249960865209
3007152,8.519338739250852
3007153,174.72777816134362
3007154,37.25895736367102
3007155,781.6404092958402
3007156,5.280668690906755
3007157,3.830315478172306
3007158,5.5130888149026624
3007159,0.20568215502081685
3007160,0.83786027791883
3007161,2259.021720677497
3007162,0.04779124811828241
3007163,135.45071639827788
3007164,4.842491119814475
3007165,585.6261033484354
3007166,229.49789417992855
3007167,120.48409418531486
3007168,155.55657902214804
3007169,86.56740176478843
3007170,3272.3264625401894
3007171,7.74474175525458
3007172,0.57479802894167
3007173,13.995009484160073
3007174,10.184149107345945
3007175,0.13943408858107745
3007176,118.50959462108301
3007177,16.06050504985609
3007178,20.942984834300635
3007179,0.5139416622392778
3007180,95.89527419920053
3007181,1.2402911228437332
3007182,227.03803218170108
3007183,111.0601230213307
3007184,1.4466410770972422
3007185,1.8383836226804469
3007186,67.17518270974651
3007187,24.32727371940091
3007188,462.35530108493685
3007189,0.09429765519476349
3007190,0.9182479727341865
3007191,6.597630876850726
3007192,0.20568215502081685
3007193,1.3033382100959578
3007194,5501.503394233057
3007195,0.04779124811828241
3007196,701.599692957488
3007197,16.34991625399726
3007198,1152.689489599979
3007199,840.9709511585996
3007200,271.7554330918724
3007201,143.72878754184893
3007202,173.7471834634005
3007203,6719.575645354833
3007204,7.9856892765291665
3007205,0.5337410268744078
3007206,41.76684236711952
3007207,12.438872351576956
3007208,0.11619507381756454
3007209,255.69098954918894
3007210,16.06050504985609
3007211,35.63271659684578
3007212,4.298421175092142
3007213,121.67449830869826
3007214,1.7127829791651554
3007215,274.5693583947503
3007216,289.35787070873636
3007217,3.686601454538134
3007218,4.708055619059682
3007219,147.1517177231298
3007220,55.66849763208419
3007221,1645.8972787773137
3007222,1.3201671727266888
3007223,1.5811415802568858
3007224,5.106385541672138
3007225,0.20568215502081685
3007226,9.875579809069942
3007227,3890.807294846722
3007228,0.04779124811828241
3007229,659.4587053874568
3007230,11.412137405696113
3007231,1083.2889294049978
3007232,1148.121597509378
3007233,202.09042576170717
3007234,129.82827458779516
3007235,164.97839001489606
3007236,5541.5642855197775
3007237,60.7876175101315
3007238,1.8886220950940584
3007239,46.740416050118775
3007240,33.76834898008231
3007241,0.18591211810810326
3007242,291.4200631184787
3007243,34.071030474289685
3007244,32.15295911668506
3007245,2.3360984647239897
3007246,225.13664639620742
3007247,16.950645345531022
3007248,253.7723005691532
3007249,355.7813541331922
3007250,17.826351337133758
3007251,19.59447910027696
3007252,293.56202818670585
3007253,83.17391444102367
3007254,2960.838349617092
3007255,50.33399283951597
3007256,14.015397002497984
3007257,8.088876212029314
3007258,0.20568215502081685
3007259,10.777676041629217
3007260,4038.805675366046
3007261,0.04779124811828241
3007262,584.9603153841533
3007263,20.25515102804119
3007264,1366.4793577935438
3007265,1080.238223252809
3007266,189.98714466307356
3007267,95.4281384755391
3007268,163.29584031037126
3007269,5852.935989034099
3007270,30.600335201872536
3007271,1.3959380702869126
3007272,61.064891382551785
3007273,78.3409749065664
3007274,0.15750887784158749
3007275,408.24179438599424
3007276,34.071030474289685
3007277,25.332634455570048
3007278,13.128873371748822
3007279,208.94629828842312
3007280,21.380256498544355
3007281,191.56243536829263
3007282,589.4598769112067
3007283,11.293133569597826
3007284,13.855135107518489
3007285,154.5283921921806
3007286,99.89705433490974
3007287,2428.3445362697075
3007288,3.7247573801931577
3007289,18.492518051670952
3007290,12.698179975308589
3007291,0.3570054547861321
3007292,4.372234216939762
3007293,6011.030931384279
3007294,0.04779124811828241
3007295,864.2496250495587
3007296,10.466029194437736
3007297,2870.0202663844507
3007298,933.5211471126288
3007299,258.38820275314
3007300,486.55873166873283
3007301,123.34821805026681
3007302,9145.502160141798
3007303,32.28696785079465
3007304,2.093907105430369
3007305,35.862211803160186
3007306,20.61184937745284
3007307,0.046478029527025816
3007308,423.8274523847786
3007309,8.59495783868033
3007310,19.99700631932361
3007311,11.03012251104079
3007312,106.97589789411528
3007313,6.555824506459733
3007314,188.22144764087062
3007315,409.02847549889606
3007316,9.986490016090642
3007317,13.720619232688213
3007318,276.61578411675794
3007319,67.07567220601767
3007320,1989.6273630598032
3007321,6.53482750499711
3007322,19.82375783345587
3007323,5.693845825227339
3007324,0.4760072730481762
3007325,7.004977401333595
3007326,3520.11904278272
3007327,0.19116499247312965
3007328,463.9179491782296
3007329,11.663634525144543
3007330,947.6312543986865
3007331,1039.7110672387357
3007332,262.55071821898906
3007333,147.0729547758621
3007334,134.856929907803
3007335,5303.3980206334945
3007336,28.466228584869057
3007337,2.011793101295845
3007338,21.840475738388
3007339,14.472149562892419
3007340,0.09295605905405163
3007341,275.23680822379004
3007342,30.46835353592069
3007343,30.946643190229345
3007344,2.8033181576687873
3007345,182.00950402572937
3007346,13.584140869240889
3007347,437.24517024838576
3007348,326.11863193165027
3007349,8.633180621386767
3007350,12.644492234046002
3007351,448.2254821378147
3007352,62.900565789178486
3007353,2712.580843812615
3007354,0.047148827597381746
3007355,29.910929616193584
3007356,5.106385541672138
3007357,0.2776709092781028
3007358,4.137167861190312
3007359,7359.883358001484
3007360,0.04779124811828241
3007361,572.0524184627188
3007362,16.408234426622982
3007363,2687.3963688691983
3007364,866.2878668888105
3007365,349.71468965839415
3007366,188.85744432084732
3007367,118.26778934738212
3007368,10029.284113570902
3007369,11.668744244583566
3007370,2.997161150910136
3007371,41.693465754893545
3007372,27.78141140213208
3007373,0.16267310334459037
3007374,535.048170077276
3007375,16.06050504985609
3007376,0.2319838320107147
3007377,11.35343853855859
3007378,85.01072738448384
3007379,3.8389963326115555
3007380,159.49180729498534
3007381,407.8725254594427
3007382,4.619918278471839
3007383,13.496426107971084
3007384,216.82142406412285
3007385,72.07161703944963
3007386,1411.2254769695296
3007387,50.33399283951597
3007388,7.257439853379107
3007389,10.257960335925445
3007390,0.03966727275401468
3007391,11.612277974022806
3007392,3876.9375577753967
3007393,0.04779124811828241
3007394,650.8062705159916
3007395,17.1830330057933
3007396,1444.7341115657307
3007397,1018.0121371430562
3007398,299.72378412273105
3007399,140.2842430109733
3007400,206.4527774514932
3007401,6333.316244526263
3007402,45.642344744300324
3007403,1.8886220950940584
3007404,38.0664257969154
3007405,42.43395461394144
3007406,0.06971704429053872
3007407,317.4206052193897
3007408,31.085955296783947
3007409,28.116440439698625
3007410,12.708375648098505
3007411,310.5909895794118
3007412,21.025887606303286
3007413,263.6336209891252
3007414,610.100152086387
3007415,18.61967063747741
3007416,11.658042485290638
3007417,239.61261465146768
3007418,78.40899604484287
3007419,2505.7677998892395
3007420,0.942976551947635
3007421,8.197665694078863
3007422,4.970817783928629
3007423,0.20568215502081685
3007424,6.552067373325251
3007425,3893.404619210216
3007426,0.04779124811828241
3007427,596.0807654023288
3007428,14.787822344379688
3007429,841.0423623490318
3007430,1129.3529907673549
3007431,221.59509013286953
3007432,137.14745248401988
3007433,168.78884126813847
3007434,4756.312172092519
3007435,32.28696785079465
3007436,1.3548810682196506
3007437,39.31237039126909
3007438,26.3722093744877
3007439,0.046478029527025816
3007440,245.30431171968203
3007441,25.42460582220409
3007442,51.268426874367954
3007443,6.748054025201717
3007444,140.93172333333493
3007445,17.600321647972976
3007446,269.46438164781654
3007447,315.99122066503475
3007448,12.553111281908329
3007449,11.702881110234065
3007450,264.59668880192777
3007451,67.34753362712344
3007452,2796.2952436810865
3007453,0.23574413798690874
3007454,17.31385606066846
3007455,8.36001172751633
3007456,0.11900181826204405
3007457,5.453539453387229
3007458,7717.045630392694
3007459,0.04779124811828241
3007460,764.1965974588302
3007461,26.139038087600714
3007462,1608.2177117495235
3007463,990.7727071501622
3007464,375.7109654401194
3007465,241.06165493181035
3007466,120.94061995657397
3007467,8388.02698029997
3007468,10.601690936081825
3007469,0.16422800826904857
3007470,24.539860380211238
3007471,23.601962923504992
3007472,0.09295605905405163
3007473,304.30280803301844
3007474,16.06050504985609
3007475,11.274414235720734
3007476,1.822156802484712
3007477,169.91071367383918
3007478,6.024271168098133
3007479,243.69471071598778
3007480,386.89248091839636
3007481,5.086576690438691
3007482,3.6319286204174683
3007483,299.5496218544795
3007484,170.91250270308578
3007485,1536.5259692105913
3007486,3.6304597249983943
3007487,1.067270566673398
3007488,20.651488429594394
3007489,0.20568215502081685
3007490,23.45962230379506
3007491,14244.54625045959
3007492,0.04779124811828241
3007493,2151.8748246645346
3007494,42.43688454461072
3007495,3056.856510103269
3007496,3594.3241718216073
3007497,752.3996668692571
3007498,638.6505512877205
3007499,653.6461904131914
3007500,15570.446650433343
3007501,96.68879818004494
3007502,6.0353793038875345
3007503,177.22687166588554
3007504,145.1478088473712
3007505,0.20915113287161616
3007506,905.3329714406531
3007507,50.9274412007842
3007508,38.555712880180785
3007509,45.4642138810724
3007510,709.2849887702188
3007511,46.835755257860974
3007512,1033.4145920113044
3007513,880.245349997532
3007514,56.37233616559576
3007515,48.69474668856013
3007516,1396.4916176361244
3007517,366.9352205730872
3007518,11107.138871249552
3007519,339.7549231550088
3007520,110.05346248199838
3007521,22.956140311234034
3007522,0.20568215502081685
3007523,20.46334085437089
3007524,13230.632971143677
3007525,0.09558249623656483
3007526,1619.025725029253
3007527,40.97893022896765
3007528,3080.777748492735
3007529,3175.9531352508407
3007530,964.6137306410843
3007531,397.5359194492327
3007532,485.40598953325593
3007533,18028.994488578388
3007534,154.5850454348814
3007535,2.4223631219684663
3007536,105.52139963490832
3007537,99.44861076769469
3007538,0.6042143838513355
3007539,837.8970387776537
3007540,42.46681174509162
3007541,51.778791304791525
3007542,6.083200402141269
3007543,487.47708940993226
3007544,36.44093441878969
3007545,1377.5632544933626
3007546,1053.6900653739226
3007547,34.15939575597359
3007548,40.66773605118809
3007549,1535.0014817145427
3007550,308.68728804174395
3007551,7737.651501111347
3007552,587.6856186110127
3007553,104.7226829750591
3007554,16.99115897051968
3007555,0.20568215502081685
3007556,28.29733445291195
3007557,8742.709503107617
3007558,0.4779124811828241
3007559,1221.8865896986924
3007560,23.118989862340072
3007561,2898.087359164542
3007562,2306.857858515822
3007563,1115.1388928177696
3007564,157.5365909092172
3007565,378.64063891363037
3007566,15440.822819224613
3007567,52.76750715913453
3007568,3.695130186053593
3007569,65.32510833212231
3007570,29.720741811604583
3007571,0.32534620668918074
3007572,819.6163654509585
3007573,50.43747713716601
3007574,37.11741312171436
3007575,12.127154350075175
3007576,265.91282045892837
3007577,18.604366842656
3007578,1219.100852333318
3007579,1061.2942914097484
3007580,34.299393279563645
3007581,59.68469366219373
3007582,962.3016185520244
3007583,171.01965954456165
3007584,3498.6183483253126
3007585,369.3775885578918
3007586,58.75265208350628
3007587,23.724357605113912
3007588,0.20568215502081685
3007589,29.531781929045696
3007590,12519.80676133955
3007591,0.28674748870969446
3007592,1548.0761173803778
3007593,34.053647229663085
3007594,2898.9452832590746
3007595,3049.655627017515
3007596,898.2276335789852
3007597,366.1680141796982
3007598,377.2832669493144
3007599,16732.66506633615
3007600,56.760351797399125
3007601,2.3402491178339417
3007602,103.39396381818426
3007603,93.63456688389242
3007604,0.46478029527025816
3007605,814.8589074690892
3007606,51.16418854244844
3007607,40.92194796669008
3007608,10.251734502594756
3007609,449.83814543038056
3007610,26.046113579718398
3007611,1071.9948281583386
3007612,1024.5604506888117
3007613,32.619422996482974
3007614,42.28282332165028
3007615,1370.9287357453945
3007616,280.6822505935048
3007617,6742.939769629408
3007618,444.7379171481669
3007619,83.66322129402332
3007620,18.34683654795476
3007621,0.20568215502081685
3007622,30.746679332028
3007623,7336.028425696495
3007624,0.04779124811828241
3007625,1111.9415962483931
3007626,28.534248749014324
3007627,2568.553574817464
3007628,1852.9893193238172
3007629,870.6565629119649
3007630,125.95956627121926
3007631,292.40770238126174
3007632,13556.099303797773
3007633,50.63340054213105
3007634,0.6158550310089321
3007635,49.322689675078024
3007636,87.41078862902717
3007637,0.13943408858107745
3007638,767.3546552901297
3007639,42.10345604245041
3007640,17.63077123281432
3007641,3.6443136049694242
3007642,262.115052314228
3007643,11.516988997834664
3007644,1078.3697341195652
3007645,1177.851907243977
3007646,24.9662250402266
3007647,34.75890205614348
3007648,1051.2994659158062
3007649,119.47943286618208
3007650,2474.2694800899653
3007651,335.9561421154878
3007652,28.208791136979002
3007653,16.494077192126813
3007654,0.20568215502081685
3007655,16.854955924133797
3007656,9816.163145299974
3007657,0.04779124811828241
3007658,1529.721786406336
3007659,40.04167388319711
3007660,2125.490590810588
3007661,3059.220829670253
3007662,584.4316027688582
3007663,469.64724834108455
3007664,481.34273242992185
3007665,12296.78888002574
3007666,73.5234150632168
3007667,2.052850103363107
3007668,77.00608187310287
3007669,77.94229310042611
3007670,0.3485852214526936
3007671,609.7835100106389
3007672,24.410709598120242
3007673,41.94267682753723
3007674,15.784550106447055
3007675,516.1512160297299
3007676,33.36973735270044
3007677,917.5332184114394
3007678,738.7768884471645
3007679,26.739527005700637
3007680,41.9689529470463
3007681,1173.7559938554928
3007682,264.3600148202358
3007683,8867.976311769438
3007684,295.7787401666549
3007685,93.7389279424628
3007686,8.134065464610483
3007687,0.4760072730481762
3007688,9.44827106733134
3007689,2721.0853503888793
3007690,0.04779124811828241
3007691,444.649385846026
3007692,37.698533018770746
3007693,1043.3363352080353
3007694,745.440613087098
3007695,290.10788587323634
3007696,86.85424436853303
3007697,136.79149775188372
3007698,4556.341090650749
3007699,67.29320058454535
3007700,1.5601660785559612
3007701,42.99383538613009
3007702,24.721429856389996
3007703,0.255629162398642
3007704,261.4736515198783
3007705,20.79259261572966
3007706,13.315871957415025
3007707,16.30596728377345
3007708,124.7596149353365
3007709,12.639157156598042
3007710,285.812622078262
3007711,333.7921986543872
3007712,4.853247484455264
3007713,9.864497487553617
3007714,270.1258601873296
3007715,69.70219022667737
3007716,1861.9875541857725
3007717,1.5559113107135976
3007718,11.484779990259625
3007719,14.415371573393026
3007720,0.20568215502081685
3007721,20.558298352535022
3007722,6646.121060489546
3007723,0.09558249623656483
3007724,776.6929755610223
3007725,49.6745863258388
3007726,2066.22050758606
3007727,1574.5048796935914
3007728,631.8586433529878
3007729,113.69122998802358
3007730,227.37855419218698
3007731,10810.997461454423
3007732,130.55913545635832
3007733,1.9707360992285827
3007734,82.31786828530265
3007735,41.79290584842478
3007736,0.13943408858107745
3007737,557.1472205494194
3007738,29.24189937247307
3007739,13.037491359002168
3007740,4.3918651136811
3007741,276.9888842263967
3007742,16.596276453289956
3007743,667.8501954825865
3007744,744.7348849984334
3007745,18.759668161067463
3007746,33.673807332512574
3007747,490.1616549817534
3007748,102.96051141587502
3007749,2643.2942432139744
3007750,331.2035402936717
3007751,22.395684707210677
3007752,10.755042114318307
3007753,0.20568215502081685
3007754,8.213823591197597
3007755,6616.298649567648
3007756,0.19116499247312965
3007757,1176.26391997938
3007758,15.048171329315949
3007759,1656.2154558970508
3007760,2279.0369373780554
3007761,348.48802457553535
3007762,359.8595798977142
3007763,389.0992686254291
3007764,8100.313265571313
3007765,48.74024144640215
3007766,2.3402491178339417
3007767,52.56438093441246
3007768,47.792080194682285
3007769,0.255629162398642
3007770,412.10755806944354
3007771,4.323212326042801
3007772,65.18745679501083
3007773,8.830452196656681
3007774,322.2272730045889
3007775,19.017797216937243
3007776,739.2903759498987
3007777,411.6976840585938
3007778,29.352814112715013
3007779,14.174834503365114
3007780,1136.1585255076734
3007781,152.85301849867045
3007782,6583.079094201295
3007783,5.469264001296282
3007784,56.55328363149794
3007785,16.042184666315123
3007786,0.20568215502081685
3007787,12.249517263173296
3007788,6630.932893105202
3007789,0.04779124811828241
3007790,1142.2133259467682
3007791,20.046871840092184
3007792,1930.9222477848311
3007793,1707.4756521751683
3007794,482.04747762497436
3007795,230.93748923992771
3007796,502.77569609494316
3007797,9932.829091353868
3007798,57.34551006335169
3007799,4.228871212928
3007800,75.77908885409231
3007801,56.21413466578047
3007802,0.18591211810810326
3007803,453.11308503680624
3007804,13.381371485370574
3007805,78.224948154013
3007806,14.390366542699777
3007807,524.7134569377816
3007808,19.1359201810176
3007809,574.0523217989572
3007810,487.0294063192041
3007811,21.512952791671893
3007812,36.13993170440098
3007813,586.7937055811999
3007814,161.10037834967557
3007815,5868.688913463876
3007816,6.695133518828208
3007817,10.838685976451469
3007818,12.878936985633267
3007819,0.03966727275401468
3007820,5.124446555337999
3007821,3323.6159106907076
3007822,0.04779124811828241
3007823,631.1010662525587
3007824,12.49675127694058
3007825,1160.792505398562
3007826,755.8078161671746
3007827,300.7822944493001
3007828,95.77667075631172
3007829,188.5535324820968
3007830,4847.032752575043
3007831,17.520326904109247
3007832,1.9707360992285827
3007833,43.54002950627578
3007834,29.150350514700907
3007835,0.06971704429053872
3007836,268.2506786213235
3007837,8.95522553251723
3007838,18.837087159270038
3007839,10.699330968435872
3007840,193.68226687047823
3007841,6.4377015423793775
3007842,334.96496648629807
3007843,314.4375813918244
3007844,6.9998761795027855
3007845,8.743531863967979
3007846,232.26927171731873
3007847,82.8461582951894
3007848,2396.1489575355463
3007849,0.4714882759738175
3007850,4.743424740770657
3007851,9.12822902139621
3007852,0.20568215502081685
3007853,2.0481029015793624
3007854,5556.337277182127
3007855,0.04779124811828241
3007856,319.4538288143891
3007857,7.393911172189844
3007858,1499.1927034398195
3007859,336.758509377564
3007860,292.614639101537
3007861,71.4595735268071
3007862,54.59330270913329
3007863,5722.068425667226
3007864,11.462217797776777
3007865,1.14959605788334
3007866,34.01564805177795
3007867,12.47360898419116
3007868,0.046478029527025816
3007869,277.6463760727889
3007870,16.06050504985609
3007871,20.942984834300635
3007872,5.373026468865176
3007873,52.87170732357796
3007874,2.008090389366044
3007875,61.20030332311213
3007876,235.80891341177082
3007877,0.18666336478674095
3007878,3.1387037460397873
3007879,76.63454549793282
3007880,106.32839023615705
3007881,760.0531765032429
3007882,50.33399283951597
3007883,3.353601291724855
3007884,9.986824820438429
3007885,0.07933454550802936
3007886,9.26161441652831
3007887,4856.465941471931
3007888,0.04779124811828241
3007889,697.6706412764958
3007890,20.046871840092184
3007891,1492.8382426139626
3007892,1396.4199497721302
3007893,454.1040849870869
3007894,184.54784266909405
3007895,222.81160523617288
3007896,7596.435622577371
3007897,36.34865463799483
3007898,1.6422800826904855
3007899,42.061320691682056
3007900,71.18483385357901
3007901,0.15750887784158749
3007902,418.35543549654165
3007903,36.90170521157962
3007904,25.100650623559332
3007905,13.605437458552517
3007906,198.86495012249125
3007907,12.816341602718577
3007908,531.534030955743
3007909,459.8054368649776
3007910,13.113101376268549
3007911,19.77383360005066
3007912,635.5385220859181
3007913,118.34862787089983
3007914,3041.6371273170603
3007915,50.33399283951597
3007916,43.282209265077114
3007917,7.546605181055282
3007918,0.07933454550802936
3007919,7.804203010881725
3007920,5453.326585553886
3007921,0.3823299849462593
3007922,820.9091526496975
3007923,27.701131997218287
3007924,1163.2609690270683
3007925,1726.7224373797237
3007926,245.85253127369768
3007927,273.31901458187644
3007928,317.6290116802947
3007929,5546.0518533666655
3007930,39.24002489328987
3007931,3.7361871881208546
3007932,42.50303817852586
3007933,36.51056928429674
3007934,0.5577363543243098
3007935,280.13341715058345
3007936,22.027796137456175
3007937,58.08875153548297
3007938,12.22199994774297
3007939,354.8099088642154
3007940,22.50242465730773
3007941,532.5812143859821
3007942,317.9653908100433
3007943,9.893158333697269
3007944,19.42812780173685
3007945,733.2989455819195
3007946,154.84458681440003
3007947,5596.205324879358
3007948,0.5186371035711992
3007949,48.03081228405166
3007950,6.552441624269557
3007951,0.6743436368182496
3007952,14.480087514166092
3007953,6529.893188207535
3007954,0.09558249623656483
3007955,1055.8943795033892
3007956,31.91878555318573
3007957,1406.5412142128514
3007958,2019.9017789336788
3007959,375.2802524281964
3007960,328.42196817202523
3007961,237.3745017387581
3007962,7800.215265582029
3007963,41.06434184008317
3007964,4.762612239802408
3007965,57.22695440665261
3007966,66.31262639497548
3007967,0.15750887784158749
3007968,417.62432891023707
3007969,46.57746613177065
3007970,48.57741442304366
3007971,30.484216085876287
3007972,295.06117953315857
3007973,33.66504476290133
3007974,513.1015882323372
3007975,450.4950220447364
3007976,26.506197799717214
3007977,25.647693467639407
3007978,720.5497974351841
3007979,179.27831271179724
3007980,5497.304449665005
3007981,1.461613655518834
3007982,46.46793273093258
3007983,16.674834202451493
3007984,0.39667272754014676
3007985,10.295906381825889
3007986,5392.138600957353
3007987,0.04779124811828241
3007988,650.6800975155417
3007989,23.952106614136113
3007990,2219.8381603903404
3007991,1130.37958398239
3007992,718.916433964263
3007993,217.40607197121213
3007994,178.67666441725618
3007995,11213.482697266056
3007996,12.357165733939528
3007997,1.478052074421437
3007998,70.57663845348752
3007999,48.516812666042256
3008000,0.15750887784158749
3008001,507.41956192075145
3008002,18.27071875887136
3008003,8.073037353972873
3008004,10.098486443308863
3008005,110.96388015515397
3008006,5.906148204017778
3008007,417.4497416874837
3008008,601.8004797494788
3008009,10.593145951647548
3008010,10.223206487101022
3008011,487.8416345025002
3008012,125.70684225113499
3008013,1810.7608232530133
3008014,122.39552751314717
3008015,20.41038031327058
3008016,6.490657476814713
3008017,0.23239138109863217
3008018,4.999566344916264
3008019,3033.4617333957626
3008020,0.07567329032917647
3008021,475.4550734564011
3008022,11.163126426442126
3008023,683.165486883923
3008024,1018.3227841591415
3008025,175.64153948284243
3008026,160.62000501996675
3008027,114.41564809024845
3008028,3597.1843238265737
3008029,18.894776661505585
3008030,2.090793146537714
3008031,28.03753578787219
3008032,26.47056582993012
3008033,0.44593407738519475
3008034,218.75090835198247
3008035,25.23533544364423
3008036,19.88689423442043
3008037,8.134764327653246
3008038,76.76316261786214
3008039,9.774284089726716
3008040,335.20411810840784
3008041,208.32220439576648
3008042,5.404686135075234
3008043,11.06526440569186
3008044,369.75491401663294
3008045,75.1564851359259
3008046,2925.9793012909054
3008047,51.49849891933955
3008048,31.5402724380925
3008049,1.7578863999706515
3008050,0.23239138109863217
3008051,3.557859713275807
3008052,2255.9842014152027
3008053,0.037836645164588234
3008054,181.29930831276334
3008055,4.006491950312105
3008056,1125.923533918758
3008057,442.3939938197455
3008058,361.76163359092027
3008059,60.88805072187349
3008060,32.09020442789058
3008061,4809.57444363578
3008062,5.478526106117761
3008063,0.5120309746622973
3008064,12.279839564060406
3008065,9.371517455540816
3008066,0.06370486819788496
3008067,222.59834941616873
3008068,6.779642357993972
3008069,16.501329213099062
3008070,2.222613204276843
3008071,12.235241336888764
3008072,0.6552592685850313
3008073,206.32494858947157
3008074,246.75272813880437
3008075,1.2546592813567508
3008076,5.300168664911227
3008077,182.51080510295262
3008078,33.06938065996399
3008079,317.104009375989
3008080,1.9377864606899284
3008081,2.1506427636527428
3008082,10.72761444084654
3008083,0.2689100266998458
3008084,7.218845795052362
3008085,8131.508336912401
3008086,0.037836645164588234
3008087,1499.8849118568507
3008088,12.050059758953964
3008089,2439.5950840428336
3008090,1014.9060976332677
3008091,750.1163444785556
3008092,380.27355314479166
3008093,79.73949543139875
3008094,13298.076490636602
3008095,31.88965131774173
3008096,0.9813927014360698
3008097,33.304985849826494
3008098,25.307465210130157
3008099,0.1274097363957699
3008100,650.6649948086807
3008101,22.03383766348041
3008102,2.4127481975583613
3008103,12.71334752846354
3008104,35.074928906602665
3008105,3.8769506724614353
3008106,722.6947985245619
3008107,576.1685970099584
3008108,3.908746222688339
3008109,21.014703829297144
3008110,527.1371082323128
3008111,124.59354144988512
3008112,1864.6940327224202
3008113,21.610877682959448
3008114,12.819517650008505
3008115,7.75272976397313
3008116,0.23239138109863217
3008117,1.4437691590104722
3008118,2637.4645335601326
3008119,0.037836645164588234
3008120,359.0182665630527
3008121,10.337360909965584
3008122,1388.621717741929
3008123,627.0990754370448
3008124,298.98918667063487
3008125,79.36736122067985
3008126,37.91326673469789
3008127,5239.212439708715
3008128,9.121605294913973
3008129,0.5547002225508221
3008130,18.763251361868527
3008131,23.061477806378516
3008132,0.28667190689048233
3008133,224.53508224075472
3008134,13.559284715987944
3008135,16.501329213099062
3008136,6.980783551992708
3008137,33.72363348809033
3008138,2.621037074340125
3008139,176.95125638748368
3008140,251.11831601623555
3008141,2.364550184095415
3008142,9.391526932561998
3008143,199.43853611168112
3008144,38.57399383413202
3008145,435.32681661885675
3008146,3.8977631571756586
3008147,4.216946595397535
3008148,6.4455834665590555
3008149,0.23239138109863217
3008150,6.041142666773819
3008151,2553.660999926416
3008152,0.037836645164588234
3008153,220.9965003555114
3008154,6.636708039829975
3008155,1101.1456399083947
3008156,398.9709120648648
3008157,228.58427740016336
3008158,63.31505693945866
3008159,30.015947779990285
3008160,5020.648849832117
3008161,15.294218712912086
3008162,0.08533849577704956
3008163,20.480711440758093
3008164,10.708547085744456
3008165,0.03185243409894248
3008166,188.9384869966734
3008167,2.7620765162197665
3008168,16.501329213099062
3008169,3.6006333909284853
3008170,35.056390662152836
3008171,1.638148171462578
3008172,178.4935118668898
3008173,271.3384196234568
3008174,0.7238418930904332
3008175,7.578311336671315
3008176,119.86442173661796
3008177,28.023485250309967
3008178,233.98078120171724
3008179,3.6271387597529428
3008180,2.44582902533057
3008181,4.822919097355377
3008182,0.23239138109863217
3008183,3.7125492660269286
3008184,2593.2603044697134
3008185,0.037836645164588234
3008186,299.10545618248574
3008187,8.777581601065453
3008188,1915.800262582747
3008189,575.4271896881038
3008190,366.6852135164189
3008191,50.45618189190216
3008192,41.284332390484884
3008193,5489.927724898851
3008194,10.526724473041165
3008195,0.42669247888524775
3008196,15.75769622381178
3008197,24.77892750956555
3008198,0.1274097363957699
3008199,260.9997233195226
3008200,1.946008454609381
3008201,16.501329213099062
3008202,3.8673469754417065
3008203,17.715431600019713
3008204,3.3855062210226614
3008205,287.0718694920374
3008206,361.13113052750117
3008207,1.592452164798953
3008208,6.415993646997801
3008209,109.77335873455569
3008210,110.25906994318386
3008211,486.31749122943063
3008212,2.5837152809199044
3008213,5.6928779037866715
3008214,5.326395791911074
3008215,1.1652767823659986
3008216,5.671950267541141
3008217,2709.9625527583926
3008218,0.037836645164588234
3008219,291.4706147195496
3008220,2.5384643654649217
3008221,1181.7611857476722
3008222,511.50258504481445
3008223,364.65183894978446
3008224,117.39045862951414
3008225,63.004736890632
3008226,4852.645447792219
3008227,8.054737786970756
3008228,1.3227466845442681
3008229,16.83110877311776
3008230,20.9405763347665
3008231,0.1592621704947124
3008232,286.1843858124432
3008233,15.379744238041882
3008234,16.501329213099062
3008235,4.756392257152443
3008236,19.821661373281334
3008237,3.221691403876404
3008238,142.64747053092952
3008239,262.4781897927071
3008240,1.3511715337688086
3008241,7.206369675975791
3008242,136.23848765358795
3008243,53.002752608845185
3008244,787.8997646027669
3008245,3.4949621378388174
3008246,5.903725233556549
3008247,6.220213415280766
3008248,0.2689100266998458
3008249,2.239389091993743
3008250,2276.114128698225
3008251,0.037836645164588234
3008252,301.81622325828005
3008253,4.924009190841596
3008254,1173.1358722801901
3008255,394.05597433988834
3008256,230.88484067333005
3008257,197.8648753178644
3008258,34.26552426696593
3008259,3838.9537046980677
3008260,5.334657248289039
3008261,0.4693617267737726
3008262,14.512537666616845
3008263,15.401056482868432
3008264,0.2548194727915398
3008265,214.21507503978563
3008266,19.589120948998016
3008267,16.501329213099062
3008268,3.778442447270633
3008269,27.349044231195208
3008270,2.5118271962426197
3008271,62.464221800177874
3008272,197.4215851238321
3008273,1.3994276599748374
3008274,4.184343682824653
3008275,83.22474739367154
3008276,43.70329247369768
3008277,685.8040140322155
3008278,51.49849891933955
3008279,1.1807450467113096
3008280,11.448798604937062
3008281,0.9411850934494603
3008282,4.947487528823387
3008283,4999.297375517776
3008284,0.037836645164588234
3008285,697.0752109421675
3008286,6.116781603529931
3008287,1486.1273597993559
3008288,1168.81842061167
3008289,732.9520597590199
3008290,244.70183741161327
3008291,99.19857272395183
3008292,8335.973495506983
3008293,17.691073884338607
3008294,1.9201161549836152
3008295,29.879082357461527
3008296,29.94120407405837
3008297,0.2548194727915398
3008298,389.4663093394281
3008299,1.1299403929989953
3008300,16.501329213099062
3008301,9.706596385717829
3008302,38.65879936439623
3008303,6.224963051557798
3008304,285.88245005382845
3008305,396.40739465022995
3008306,3.329672708215993
3008307,11.99511855743067
3008308,465.3698209703655
3008309,71.68507610905182
3008310,1747.9557742555928
3008311,9.600653756696776
3008312,18.006361962347473
3008313,5.093363158889324
3008314,0.2689100266998458
3008315,6.521711543987305
3008316,3689.1603370386006
3008317,0.037836645164588234
3008318,1200.9718326926472
3008319,7.921232176571261
3008320,792.7514675033353
3008321,1025.0780160646525
3008322,306.8412690029339
3008323,224.6896808806478
3008324,55.45444774227665
3008325,5118.087001488388
3008326,13.192774262893874
3008327,1.2374081887672186
3008328,31.987693969318194
3008329,21.537414925261324
3008330,0.1911146045936549
3008331,259.64812390574565
3008332,19.899505810037866
3008333,5.300734676453976
3008334,6.779414795685226
3008335,47.73455343951218
3008336,3.330901281973909
3008337,122.83471415675794
3008338,229.0024525356344
3008339,5.98375964954758
3008340,9.577497762909761
3008341,235.67421262204402
3008342,68.06103896293139
3008343,2213.3608396998075
3008344,43.694986264085884
3008345,17.72125422411738
3008346,8.654209969086285
3008347,1.0308217690160757
3008348,5.104755240787028
3008349,4135.1719288831155
3008350,0.037836645164588234
3008351,335.3772685385984
3008352,6.116781603529931
3008353,1161.5023577911736
3008354,515.2486809536266
3008355,422.0448865785556
3008356,74.38561161616293
3008357,40.1419588111149
3008358,6271.655309473295
3008359,39.31839971887106
3008360,1.6641006676524663
3008361,17.689838812562545
3008362,21.76098121032359
3008363,0.1274097363957699
3008364,246.29499329982244
3008365,16.635233563596323
3008366,16.501329213099062
3008367,5.423176218435496
3008368,44.79267664720431
3008369,4.586814880095219
3008370,165.9818290726559
3008371,265.7801940792044
3008372,1.930245048241155
3008373,7.4853259214974335
3008374,175.759845315517
3008375,31.693227366421983
3008376,578.7852235305737
3008377,3.395106076757708
3008378,5.43986110806282
3008379,9.600764184455096
3008380,0.23239138109863217
3008381,11.570778545783927
3008382,4643.632039894276
3008383,0.037836645164588234
3008384,977.8233136233301
3008385,10.551448266089132
3008386,1016.9598892831369
3008387,1332.4235211008195
3008388,319.45517476106414
3008389,211.71487275860184
3008390,102.8139320871556
3008391,6562.34990370453
3008392,45.27073393010475
3008393,1.9393173165334514
3008394,24.94610764587097
3008395,35.775370788329795
3008396,0.1274097363957699
3008397,334.87344606121934
3008398,42.43553920374005
3008399,17.98594110907142
3008400,6.490030556488381
3008401,75.4948614937329
3008402,15.234777994601979
3008403,569.7472717049985
3008404,375.265666935551
3008405,12.546592813567509
3008406,11.483698773974325
3008407,571.5656679346073
3008408,131.60045484411876
3008409,2980.3134910078197
3008410,51.49849891933955
3008411,41.83493570707086
3008412,10.682540430590882
3008413,0.044818337783307634
3008414,8.801319919696338
3008415,6979.318917918675
3008416,0.037836645164588234
3008417,1102.0142604096175
3008418,7.340137924235918
3008419,2690.2465690869267
3008420,1272.9988170764466
3008421,1023.8975829437799
3008422,137.40261516047954
3008423,82.30461256303603
3008424,10964.990761300272
3008425,13.366376018007198
3008426,0.6400387183278716
3008427,28.03753578787219
3008428,18.591343399724998
3008429,0.21588872000394346
3008430,469.945239651061
3008431,4.519761571995981
3008432,7.128574220058795
3008433,5.612098340799029
3008434,48.229096760681536
3008435,2.4026173181451145
3008436,412.72424108531413
3008437,576.1588067007532
3008438,5.98375964954758
3008439,8.833614441518712
3008440,440.9783979057911
3008441,86.50962482790743
3008442,1330.9940484662307
3008443,50.275355970401876
3008444,18.222733369865868
3008445,14.423683281810474
3008446,0.6722750667496145
3008447,6.718167275981231
3008448,5762.93197623895
3008449,0.037836645164588234
3008450,973.4714345574343
3008451,6.575540223794676
3008452,2421.0668766570075
3008453,1009.4563375720719
3008454,492.094631264457
3008455,351.8733224934004
3008456,84.69190594064648
3008457,8094.403052645902
3008458,17.053255281297936
3008459,0.8107157098819707
3008460,48.48303929701304
3008461,36.17008639641486
3008462,0.2548194727915398
3008463,460.06093437291815
3008464,7.470161487048914
3008465,3.765349459825927
3008466,14.180272243286257
3008467,77.47132355584569
3008468,3.494716099120167
3008469,133.8464576511761
3008470,429.5845274765425
3008471,3.9570023488943677
3008472,7.531818629084375
3008473,224.587719531087
3008474,192.6856905682026
3008475,1731.469979699821
3008476,0.9165532176526918
3008477,9.614638237506378
3008478,6.400509456303398
3008479,0.2689100266998458
3008480,3.867238818778051
3008481,2889.8726526996857
3008482,0.037836645164588234
3008483,286.5518841384711
3008484,8.07415171665951
3008485,982.7350666727539
3008486,477.43257737452586
3008487,211.51936861014445
3008488,66.93427673761197
3008489,51.04140904338027
3008490,4746.891313135781
3008491,10.591305604777613
3008492,1.0240619493245946
3008493,28.925033283638374
3008494,21.737949514882004
3008495,0.21588872000394346
3008496,225.44174520154922
3008497,2.3854297185534348
3008498,16.501329213099062
3008499,5.556533010692108
3008500,86.60326277183266
3008501,4.313790184851456
3008502,121.87203459699398
3008503,223.17009833363514
3008504,1.881988922035126
3008505,8.554658195997067
3008506,195.56098477920935
3008507,36.15530016669455
3008508,632.888900325046
3008509,3.2609998691222093
3008510,3.162709946548151
3008511,2.9298106666177524
3008512,0.23239138109863217
3008513,2.5518619885510097
3008514,2287.970793886414
3008515,0.15134658065835294
3008516,383.51272334380127
3008517,12.172395391024564
3008518,621.1410401985165
3008519,750.6514575027115
3008520,178.6827893907909
3008521,60.917560959016264
3008522,61.74293083348326
3008523,3329.754798399762
3008524,22.763250394233463
3008525,0.5973694704393469
3008526,16.43566358995344
3008527,18.978117043864692
3008528,0.2548194727915398
3008529,173.65869759906184
3008530,24.042620584367512
3008531,2.851429688023518
3008532,3.672646058747055
3008533,47.19551833166324
3008534,8.245345796361644
3008535,675.3346257529879
3008536,214.08469139116465
3008537,5.16340550404509
3008538,8.275701950475424
3008539,393.3287349977402
3008540,39.790763597014504
3008541,1483.3765240366013
3008542,51.49849891933955
3008543,10.064712968717892
3008544,3.876364881986565
3008545,0.17927335113323054
3008546,7.373535347803484
3008547,5560.962921380069
3008548,0.037836645164588234
3008549,1145.8781137427025
3008550,15.536625272966026
3008551,1297.3036018406228
3008552,2057.1990293338313
3008553,402.4755792199201
3008554,283.59337894207783
3008555,158.7169462330592
3008556,6566.107948664555
3008557,33.28166244437786
3008558,1.152069692990169
3008559,25.70780119085849
3008560,38.6964251274382
3008561,0.21588872000394346
3008562,348.75252513467757
3008563,23.91707165181207
3008564,40.72426503151537
3008565,13.424583753832131
3008566,76.22926117770697
3008567,21.78737068045229
3008568,460.96896285198545
3008569,401.10006785792746
3008570,23.74201409336621
3008571,13.250421662278068
3008572,673.0714291265529
3008573,138.33489055345692
3008574,4655.596361166377
3008575,51.49849891933955
3008576,29.149812208311875
3008577,4.687697066588403
3008578,0.1344550133499229
3008579,5.624512138030798
3008580,3596.2840495983805
3008581,0.037836645164588234
3008582,638.3475362679246
3008583,6.759043671900574
3008584,546.9218065592758
3008585,977.6159260803355
3008586,222.7966091977398
3008587,165.38380044444347
3008588,110.64645327029598
3008589,3343.6476671489436
3008590,22.315658392099657
3008591,1.4934236760983672
3008592,25.160790155732162
3008593,20.728525897425026
3008594,0.09555730229682745
3008595,152.0037243826787
3008596,19.589120948998016
3008597,27.454149944944383
3008598,6.178864707889623
3008599,231.18616847743667
3008600,16.38148171462578
3008601,254.8053528305255
3008602,164.875927241258
3008603,7.33493118331639
3008604,9.949439423605286
3008605,237.13453812788345
3008606,49.31891547198294
3008607,2188.463113897852
3008608,1.4471892910305661
3008609,6.114572563326425
3008610,5.994843364002477
3008611,0.23239138109863217
3008612,0.5671950267541142
3008613,1534.924842341907
3008614,0.037836645164588234
3008615,338.8507424798044
3008616,5.321599995071041
3008617,445.51102448604854
3008618,377.69031726936504
3008619,120.6025041927781
3008620,43.75946593457362
3008621,33.105160214246986
3008622,2536.8052097848313
3008623,16.78470008001765
3008624,0.8960542056590204
3008625,13.911426639005496
3008626,12.310044115329037
3008627,0.3822292091873098
3008628,116.42559819890985
3008629,0.2510978651108879
3008630,8.371505109710071
3008631,1.1113066021384215
3008632,19.635708521261485
3008633,0.3276296342925156
3008634,317.06023211311054
3008635,188.1568375172837
3008636,4.053514601306426
3008637,2.0456791338253857
3008638,188.69368805785473
3008639,28.5656062447356
3008640,664.905925866574
3008641,0.9647928606870442
3008642,3.2048794125021263
3008643,9.33032012292115
3008644,0.4033650400497687
3008645,4.733500314184334
3008646,5180.379478609143
3008647,0.37836645164588234
3008648,1017.9350717667731
3008649,15.047282744683633
3008650,1047.6104849595831
3008651,1706.4482231628856
3008652,433.5302621444783
3008653,303.1122929379425
3008654,132.83707624586052
3008655,6611.0043730264315
3008656,27.686762417705307
3008657,3.7122245663016558
3008658,29.62618636084504
3008659,33.901861493616174
3008660,0.22296703869259737
3008661,327.66799403112765
3008662,12.617667721822116
3008663,41.674741594189875
3008664,12.357729415779247
3008665,159.98562000956707
3008666,6.661802563947818
3008667,335.6533735135441
3008668,366.43836814485525
3008669,15.152423628693066
3008670,13.064450831930305
3008671,499.81744886614297
3008672,99.85801961375051
3008673,3437.2832077374924
3008674,2.0743046504771447
3008675,20.601723892866104
3008676,9.55569017419944
3008677,0.23239138109863217
3008678,5.5172607147900194
3008679,6048.514847010128
3008680,0.037836645164588234
3008681,1382.7826889858427
3008682,14.772027572524784
3008683,1650.294619486045
3008684,1498.3138991841026
3008685,550.9548234991171
3008686,318.6616584632875
3008687,71.78918333666682
3008688,9457.873894981993
3008689,14.324542611146493
3008690,1.0667311972131195
3008691,42.71537898708216
3008692,23.863616164861245
3008693,0.7644584183746196
3008694,380.8320236433437
3008695,19.589120948998016
3008696,6.433995193488963
3008697,7.467980366370192
3008698,46.538408866856905
3008699,2.238802500998857
3008700,230.7317258473331
3008701,453.1640421833284
3008702,7.286675057110361
3008703,6.462486354584741
3008704,276.37065962675615
3008705,101.96516068265952
3008706,2050.9298195810507
3008707,4.486286802194755
3008708,4.680810720891263
3008709,8.834506010108914
3008710,0.5826383911829993
3008711,4.846939319535157
3008712,5440.9630005809
3008713,0.037836645164588234
3008714,1438.091081741969
3008715,10.459696542036184
3008716,1325.0235142561476
3008717,1245.8843072433413
3008718,408.4404962996616
3008719,289.6227419651633
3008720,77.89930667928802
3008721,7362.884802745456
3008722,17.289839625282944
3008723,1.6641006676524663
3008724,32.71503831272793
3008725,23.943830000709518
3008726,0.03185243409894248
3008727,338.4006168295324
3008728,19.589120948998016
3008729,7.128574220058795
3008730,7.023457725514823
3008731,90.94121197309323
3008732,2.5664321352913726
3008733,136.47613528851102
3008734,368.2793912894968
3008735,7.479699561934476
3008736,6.415993646997801
3008737,245.81248839260485
3008738,80.98149202630755
3008739,1568.4007623072596
3008740,3.039097511164189
3008741,8.813418384380848
3008742,15.68575556896889
3008743,1.4790051468491519
3008744,23.070915529144845
3008745,13079.699174122323
3008746,0.037836645164588234
3008747,1880.444919556819
3008748,44.163163177486105
3008749,2361.992492672676
3008750,3425.2801803156062
3008751,510.1362983834493
3008752,602.9784597901796
3008753,327.41266432119085
3008754,13391.470970781123
3008755,78.07283351505353
3008756,3.4562090789705073
3008757,74.1556325562543
3008758,66.99602525398784
3008759,0.3822292091873098
3008760,725.0461969575999
3008761,79.97467003781779
3008762,63.24324820872674
3008763,30.05862097464002
3008764,202.52147929782498
3008765,47.233272277171004
3008766,850.9551455231349
3008767,813.0335578655166
3008768,26.637381665727943
3008769,34.12564736881439
3008770,1417.785117820785
3008771,301.66472818926917
3008772,9886.92982401791
3008773,1.6883875062023272
3008774,102.63381756720258
3008775,4.282030974287484
3008776,0.6274567289663069
3008777,1.4437691590104722
3008778,2659.2474515010576
3008779,0.037836645164588234
3008780,315.65133715640684
3008781,4.373498846523901
3008782,850.8524916822312
3008783,413.2543649392586
3008784,167.53325652247582
3008785,183.38799612525114
3008786,47.19712678927403
3008787,4006.140670524478
3008788,5.598097112402078
3008789,0.34135398310819826
3008790,16.565761190929326
3008791,10.443682588166247
3008792,0.28667190689048233
3008793,237.86134875895073
3008794,0.9416169941658294
3008795,16.501329213099062
3008796,4.311869616297075
3008797,33.84655630898075
3008798,1.3651234762188154
3008799,79.93940820107343
3008800,125.13350206471685
3008801,3.233160455803935
3008802,6.462486354584741
3008803,138.33534209488488
3008804,27.064348106326143
3008805,746.630368568241
3008806,0.09647928606870441
3008807,6.156742029280401
3008808,11.493872615192721
3008809,0.2689100266998458
3008810,4.062147655244464
3008811,6291.865906753223
3008812,0.037836645164588234
3008813,1224.727479647189
3008814,9.205756313312547
3008815,1895.0715746149842
3008816,1084.0666269854764
3008817,370.1313266740326
3008818,403.9475085303593
3008819,83.78287412994239
3008820,8668.214897451813
3008821,14.266995068015005
3008822,0.34135398310819826
3008823,30.833131431284684
3008824,25.227251374281884
3008825,0.09555730229682745
3008826,391.0966236633753
3008827,2.5109786511088785
3008828,6.945790265698313
3008829,13.73574960243089
3008830,14.748456876764378
3008831,2.621037074340125
3008832,434.05104041888603
3008833,399.82910771746424
3008834,5.790735144723466
3008835,9.76718800986448
3008836,174.76792690861902
3008837,82.72791395904228
3008838,1765.3438610304243
3008839,2.749659652958076
3008840,7.632673337669538
3008841,2.0734044717602553
3008842,0.23239138109863217
3008843,1.7015850802623425
3008844,1747.3920727195512
3008845,0.037836645164588234
3008846,236.47799232171465
3008847,3.2113103418532143
3008848,945.084836602819
3008849,239.51197143681762
3008850,129.76373500678875
3008851,262.8405154588287
3008852,18.36833972836762
3008853,3206.7852947906445
3008854,1.9099390148195323
3008855,0.384023230996723
3008856,12.315906225717088
3008857,5.122566744765955
3008858,0.06370486819788496
3008859,110.5071038715014
3008860,19.589120948998016
3008861,16.501329213099062
3008862,0.5334271690264423
3008863,28.25827382051925
3008864,0.49144445143877347
3008865,83.28186271307484
3008866,106.85143466608
3008867,0.8686102717085198
3008868,1.673737473129861
3008869,73.59307015651612
3008870,13.970041010199164
3008871,274.10311122189677
3008872,51.49849891933955
3008873,2.7831847529623728
3008874,9.96135626650036
3008875,0.23239138109863217
3008876,3.6609860817765547
3008877,3834.0022009364498
3008878,0.037836645164588234
3008879,471.7784041072777
3008880,8.471742520888956
3008881,1251.6017628617064
3008882,641.0306591978456
3008883,255.91471331499736
3008884,239.59235063774975
3008885,61.79491428878677
3008886,5532.889842866158
3008887,3.71341507484581
3008888,0.8533849577704955
3008889,36.538963178375546
3008890,20.728525897425026
3008891,0.2548194727915398
3008892,306.54442605009905
3008893,19.589120948998016
3008894,16.501329213099062
3008895,17.025217144760617
3008896,28.15987852305476
3008897,2.2934074400476097
3008898,298.05046288912746
3008899,303.30377917859255
3008900,2.5093185627135015
3008901,5.765095740780633
3008902,270.8665625241085
3008903,34.94595333297582
3008904,1644.595531650868
3008905,51.49849891933955
3008906,1.1807450467113096
3008907,4.9581411281223495
3008908,0.5378200533996916
3008909,2.8875383180209444
3008910,4134.245497090205
3008911,0.037836645164588234
3008912,1416.7401475159545
3008913,7.829480452518313
3008914,1218.842464706691
3008915,934.9050049516368
3008916,320.7812017104835
3008917,152.51818019982576
3008918,63.52561300652388
3008919,7349.422181586843
3008920,7.47510614420748
3008921,5.418994481842646
3008922,39.02928029276542
3008923,44.71921348541225
3008924,0.1274097363957699
3008925,267.88322604825817
3008926,3.327046712719264
3008927,6.251211239128481
3008928,4.356321880382612
3008929,27.624551064095783
3008930,3.9861605505589406
3008931,199.40229748482014
3008932,373.7619644444358
3008933,4.873868746808917
3008934,8.833614441518712
3008935,184.9115515336691
3008936,37.55497317107164
3008937,831.0113971580329
3008938,5.4028400198474476
3008939,4.0060992656276575
3008940,5.499029251190243
3008941,0.23239138109863217
3008942,0.9281373165067321
3008943,2347.781728965023
3008944,0.037836645164588234
3008945,195.62605236872227
3008946,2.844303445641418
3008947,590.8608477838686
3008948,262.97162801689626
3008949,131.7939124436015
3008950,188.1568504475237
3008951,50.91582174974359
3008952,3479.255956487245
3008953,7.481180607093583
3008954,0.5973694704393469
3008955,12.489369693684935
3008956,10.24513348953191
3008957,0.1911146045936549
3008958,131.0337854033403
3008959,19.589120948998016
3008960,16.501329213099062
3008961,0.48897490494090545
3008962,41.58498994986194
3008963,1.1467037200238048
3008964,224.24418649042985
3008965,118.94602664699993
3008966,1.495939912386895
3008967,1.9062010110645642
3008968,71.0903978184107
3008969,24.52054959402122
3008970,491.55918779090825
3008971,0.09647928606870441
3008972,0.9698977169414329
3008973,6.580805497326029
3008974,0.23239138109863217
3008975,1.4437691590104722
3008976,6245.062406399286
3008977,0.037836645164588234
3008978,1113.2362531427443
3008979,9.603347117541993
3008980,1163.303183126175
3008981,980.1042770724742
3008982,302.98484077132474
3008983,173.8502874807059
3008984,92.8242394770929
3008985,7193.430986217127
3008986,7.639756059278129
3008987,0.5547002225508221
3008988,36.538963178375546
3008989,12.513358392330602
3008990,0.1592621704947124
3008991,290.71392285407904
3008992,19.589120948998016
3008993,28.07561538977002
3008994,4.089608295869391
3008995,53.78372520537258
3008996,1.5835432324138257
3008997,271.1906098585035
3008998,312.87781155321574
3008999,3.8122339702762815
3009000,4.881734296628762
3009001,155.72825752927898
3009002,56.110773971502326
3009003,1749.8575827822401
3009004,1.3507100049618619
3009005,1.6867786381590137
3009006,5.093363158889324
3009007,0.23239138109863217
3009008,10.93964517055935
3009009,4391.907550792242
3009010,0.037836645164588234
3009011,774.2514480740649
3009012,6.636708039829975
3009013,1082.4002365329259
3009014,1326.923694556705
3009015,223.22787526259262
3009016,157.0366190812011
3009017,105.76742559868067
3009018,5585.933392553049
3009019,56.46053398344985
3009020,1.9627854028721397
3009021,40.48912135982155
3009022,33.97055948174365
3009023,0.2548194727915398
3009024,316.3053244252449
3009025,41.55669667585194
3009026,25.333856074362796
3009027,2.222613204276843
3009028,97.64806361128149
3009029,15.671617506992
3009030,250.64947290148874
3009031,384.7004099110269
3009032,18.433840210703032
3009033,20.317313215493037
3009034,310.6718958747907
3009035,83.83471643818142
3009036,3118.1579291123853
3009037,51.49849891933955
3009038,14.951774442166384
3009039,8.068247835762733
3009040,0.23239138109863217
3009041,11.82189125308325
3009042,4365.79020607731
3009043,0.037836645164588234
3009044,699.3287965698934
3009045,11.897140218865717
3009046,1365.3583452620383
3009047,1227.2183994249137
3009048,206.00804569406253
3009049,115.42718470988687
3009050,104.6887452292496
3009051,6265.677079320982
3009052,28.422092135496555
3009053,1.4507544282098424
3009054,53.42674813409666
3009055,79.59039167856126
3009056,0.21588872000394346
3009057,451.42454991997994
3009058,41.55669667585194
3009059,19.960007816164627
3009060,12.491086208035856
3009061,92.34384406854356
3009062,19.766987935648444
3009063,189.20513919407807
3009064,648.806461116134
3009065,11.677982541858988
3009066,14.36624664436464
3009067,163.53487154099864
3009068,100.69071871223676
3009069,2606.3146655348833
3009070,3.810931799713824
3009071,19.728014748850423
3009072,12.665796881839823
3009073,0.4033650400497687
3009074,4.8433298966376315
3009075,6564.620905314645
3009076,0.037836645164588234
3009077,1435.3948886827113
3009078,6.147365511547581
3009079,2942.97823592408
3009080,1069.6811695010251
3009081,285.4140629181293
3009082,588.5277182361785
3009083,67.01557451428084
3009084,9790.43054136281
3009085,31.787983991542767
3009086,2.176131642314764
3009087,32.004009840067646
3009088,20.735276566778595
3009089,0.06370486819788496
3009090,485.93986563303963
3009091,10.483335868379568
3009092,15.755976865873542
3009093,10.191570586891034
3009094,46.83616159309728
3009095,6.061148234411539
3009096,185.9052644206275
3009097,466.7307406574737
3009098,10.32681100809018
3009099,14.22676852160382
3009100,295.66534240609286
3009101,67.60857652406398
3009102,2115.298793584237
3009103,6.749690853366562
3009104,20.53222863405869
3009105,5.679325292212874
3009106,0.5378200533996916
3009107,7.8365727423718425
3009108,3870.1251936549297
3009109,0.15134658065835294
3009110,559.8976057784606
3009111,6.850795395953524
3009112,946.853850403984
3009113,1171.3367179113484
3009114,292.6726127144705
3009115,176.13395826074046
3009116,86.45659773502568
3009117,5512.8245145462115
3009118,26.43989898318971
3009119,2.090793146537714
3009120,19.10674337764644
3009121,14.414664560853035
3009122,0.1274097363957699
3009123,315.97204183687876
3009124,37.162484036411406
3009125,24.38337951168829
3009126,2.6671358451322114
3009127,79.68735677700246
3009128,12.5591359812131
3009129,431.8645935970257
3009130,349.39254979040845
3009131,8.927383348115342
3009132,13.110943539517246
3009133,474.34970106754815
3009134,63.40029962730768
3009135,2883.9164021107545
3009136,0.04823964303435221
3009137,31.90929753164551
3009138,5.093363158889324
3009139,0.31372836448315344
3009140,4.582935816173243
3009141,8293.898397640984
3009142,0.037836645164588234
3009143,932.6641882551539
3009144,9.542179301506692
3009145,2666.783551808475
3009146,974.7560537102809
3009147,389.9370252443603
3009148,228.43663784814774
3009149,67.69760881036686
3009150,10736.535596858575
3009151,11.163264241790026
3009152,3.1148550958623087
3009153,36.83951869218122
3009154,27.39977561153883
3009155,0.22296703869259737
3009156,602.7029439340231
3009157,19.589120948998016
3009158,0.1827839543604819
3009159,10.801900172785457
3009160,36.135316489133025
3009161,3.5493210381689195
3009162,157.5291603572796
3009163,444.99892430615125
3009164,4.777356494396859
3009165,13.994304983669116
3009166,229.45856893123715
3009167,72.64421325303564
3009168,1500.36313549597
3009169,51.49849891933955
3009170,7.590503871715563
3009171,10.231800328034305
3009172,0.044818337783307634
3009173,12.99082864003923
3009174,4374.283189912766
3009175,0.037836645164588234
3009176,750.2002761105632
3009177,10.092689645824386
3009178,1482.9184170298183
3009179,1146.7245964020412
3009180,331.0730988031743
3009181,169.68386357096227
3009182,132.356600017555
3009183,6829.421660224195
3009184,42.39335677353029
3009185,1.9627854028721397
3009186,33.304985849826494
3009187,42.68805620638295
3009188,0.09555730229682745
3009189,354.2768729249629
3009190,37.91577763174407
3009191,22.15341526849041
3009192,12.091015831266025
3009193,128.35766375558998
3009194,19.439358301355927
3009195,260.3894435753374
3009196,677.5205479870176
3009197,19.25419435620552
3009198,12.088103972604552
3009199,251.06743899581872
3009200,79.03194161052627
3009201,2715.2719092554707
3009202,0.9647928606870442
3009203,8.74535686633113
3009204,4.9581411281223495
3009205,0.23239138109863217
3009206,7.258033815082646
3009207,4432.049697282954
3009208,0.037836645164588234
3009209,725.6402211712933
3009210,8.685829877012504
3009211,863.4100032517651
3009212,1294.0763384739419
3009213,244.7726108376392
3009214,165.88969022403393
3009215,108.21030081032704
3009216,5091.720841405202
3009217,29.988664142964872
3009218,1.4080851803213177
3009219,34.7356300955415
3009220,26.53013055952042
3009221,0.06370486819788496
3009222,273.7870290776908
3009223,31.010586341194653
3009224,40.39525391366651
3009225,6.420240501874088
3009226,61.702692826819046
3009227,16.27227183652828
3009228,266.1484530591856
3009229,341.67600608045365
3009230,12.980897949421768
3009231,12.134596680191494
3009232,280.0183506703594
3009233,67.88259783593867
3009234,2972.9184797536136
3009235,0.24119821517176104
3009236,18.470605613034788
3009237,8.33869189729668
3009238,0.1344550133499229
3009239,6.041142666773819
3009240,8835.546646692337
3009241,0.037836645164588234
3009242,1245.9326737078381
3009243,15.353121824860128
3009244,1636.1147196908457
3009245,1106.9011543956606
3009246,422.76524514394674
3009247,291.58137856181094
3009248,67.42162608959713
3009249,8979.539241443992
3009250,10.043964527882563
3009251,0.17067699155409913
3009252,21.682933495980787
3009253,23.743295411088834
3009254,0.1274097363957699
3009255,349.0702769223264
3009256,19.589120948998016
3009257,8.88330018191942
3009258,1.7336382993359374
3009259,73.67497629628096
3009260,5.569703782972766
3009261,240.6958941257587
3009262,429.7838937730858
3009263,5.259917756457148
3009264,3.7659093145421876
3009265,317.0084683803876
3009266,172.27037222124477
3009267,1633.5780203502966
3009268,3.71445251364512
3009269,1.1385755807573343
3009270,20.598822686835582
3009271,0.23239138109863217
3009272,25.987329230345996
3009273,15666.707564190854
3009274,0.037836645164588234
3009275,2549.421939621941
3009276,24.92588503438447
3009277,3109.8823844701574
3009278,4118.579311857913
3009279,831.0961706892092
3009280,772.4936934346118
3009281,419.05170008112015
3009282,16910.0251721149
3009283,89.80613814241825
3009284,6.272379439613142
3009285,158.14458279419082
3009286,146.01697811766581
3009287,0.28667190689048233
3009288,1001.1825744573124
3009289,59.937060401968935
3009290,30.378693214712094
3009291,43.25560913635421
3009292,307.6367477734986
3009293,43.30171666566082
3009294,1020.6977759014954
3009295,943.9526876564805
3009296,58.293400456882885
3009297,50.99599124381166
3009298,1477.8842519385325
3009299,369.85045581495075
3009300,11808.702418725512
3009301,344.5391080656717
3009302,117.40620314337022
3009303,22.897597209874125
3009304,0.23239138109863217
3009305,22.668207060149424
3009306,14674.884550230581
3009307,0.07567329032917647
3009308,1918.131880577842
3009309,24.06953560989028
3009310,3162.711469627723
3009311,3669.2621060638003
3009312,1065.5065559317227
3009313,480.84823550071945
3009314,311.193131891256
3009315,18756.702147804634
3009316,143.58112011306528
3009317,2.517485625422962
3009318,94.15974882512054
3009319,100.04412562347636
3009320,0.8281632865725044
3009321,943.9268084831406
3009322,52.27229806945908
3009323,40.79737861325956
3009324,5.842805591402964
3009325,215.40327756037175
3009326,33.69124739308036
3009327,1347.1400720557242
3009328,1159.775158931577
3009329,35.323484382813135
3009330,41.750451413072646
3009331,1624.466977015067
3009332,311.1397537914453
3009333,8149.504983641556
3009334,601.2820658088225
3009335,111.71927092343574
3009336,16.947827856127308
3009337,0.23239138109863217
3009338,31.34629096948737
3009339,9864.251524256759
3009340,0.37836645164588234
3009341,1447.6234601579613
3009342,13.579255159836448
3009343,3000.5424861757097
3009344,2621.6611913518
3009345,1231.775749534587
3009346,190.55181697906818
3009347,242.74600813669204
3009348,16411.619451660503
3009349,49.01132423365154
3009350,3.8402323099672304
3009351,57.71996896630086
3009352,29.89871456695062
3009353,0.44593407738519475
3009354,914.7834708127881
3009355,63.71608327188779
3009356,29.245432697677106
3009357,11.538029666041947
3009358,116.4218863675062
3009359,17.200555800357073
3009360,1204.0990500767223
3009361,1137.5840880757173
3009362,35.46825276143122
3009363,61.88644306897661
3009364,1018.3880731631889
3009365,172.3783804048191
3009366,3684.5120386864346
3009367,374.57889857602356
3009368,62.67795351605767
3009369,23.66385538422031
3009370,0.23239138109863217
3009371,32.71374661580729
3009372,14248.720386288289
3009373,0.2270198709875294
3009374,1834.0747206192887
3009375,20.001875843542877
3009376,2871.620577730874
3009377,3494.4673805979673
3009378,1001.2794103752116
3009379,442.9065020314359
3009380,241.87579878240896
3009381,17786.48458205371
3009382,52.71994367990307
3009383,2.4321471296459123
3009384,91.35685397637276
3009385,94.19526627590601
3009386,0.6370486819788496
3009387,901.0525639732004
3009388,60.79142088800873
3009389,32.24308954918901
3009390,9.569683412334374
3009391,195.12443455858147
3009392,24.0807781204999
3009393,1058.8032579930446
3009394,1137.6050037362918
3009395,33.731032218014185
3009396,43.84262325448498
3009397,1450.8314718835945
3009398,282.91222128810807
3009399,7100.571374134778
3009400,455.02718647155206
3009401,89.25281343584746
3009402,18.300048163797037
3009403,0.23239138109863217
3009404,34.3967689497395
3009405,7861.00225499027
3009406,0.037836645164588234
3009407,1317.3667299610825
3009408,16.759981593672013
3009409,2660.6201585400927
3009410,2123.2596479446106
3009411,961.7220305698261
3009412,152.35713861998948
3009413,187.4621876434775
3009414,14408.399450439458
3009415,47.029131081344694
3009416,0.6400387183278716
3009417,44.88796598687746
3009418,87.93421899957075
3009419,0.1911146045936549
3009420,856.4535610808972
3009421,50.8912598113492
3009422,13.891580531396626
3009423,3.4005982025435695
3009424,111.51124801462622
3009425,10.647963114506759
3009426,1065.0997167294565
3009427,1296.5391033180736
3009428,25.817027520225448
3009429,36.04114692139635
3009430,1112.5730402724107
3009431,120.4286757674914
3009432,2630.5525061676008
3009433,343.72868206269465
3009434,30.093438116031912
3009435,16.45201374331507
3009436,0.23239138109863217
3009437,18.4879797129716
3009438,10887.692312052202
3009439,0.037836645164588234
3009440,1796.0022342561658
3009441,23.51902526557259
3009442,2181.8412170074575
3009443,3447.961700810704
3009444,651.4822175904307
3009445,568.0720649984389
3009446,308.588183186602
3009447,13163.941717316044
3009448,68.28975118270039
3009449,2.133462394426239
3009450,68.04104531038772
3009451,79.18535151734721
3009452,0.47778651148413714
3009453,686.8882788492741
3009454,31.525336964671972
3009455,33.047338948375135
3009456,15.309359751058896
3009457,223.84930173171495
3009458,30.851790562545226
3009459,906.2423954412797
3009460,791.8829298697423
3009461,27.650760316054544
3009462,43.51717430137639
3009463,1242.166782120627
3009464,266.46030824679724
3009465,9428.106962185788
3009466,308.12396633189996
3009467,100.00168434732095
3009468,8.11332184601839
3009469,0.5378200533996916
3009470,10.363684402482672
3009471,2941.386322468098
3009472,0.037836645164588234
3009473,526.7959300987698
3009474,22.14274940477835
3009475,1051.8721335442415
3009476,868.8949207348307
3009477,320.45143512521736
3009478,105.05644422828271
3009479,87.69684659729143
3009480,4950.448788592077
3009481,62.50302601225621
3009482,1.6214314197639415
3009483,37.612375727681524
3009484,24.38182931229687
3009485,0.3503767750883673
3009486,297.34011799255205
3009487,25.36088437619967
3009488,10.491798980291662
3009489,15.513840165852365
3009490,53.5818009427498
3009491,11.685456956433057
3009492,282.2955181154104
3009493,370.6210552457702
3009494,5.018637125427003
3009495,10.228395669126929
3009496,285.8697823678776
3009497,70.25596176451593
3009498,1998.6314180720863
3009499,1.591908220133623
3009500,12.252085324565709
3009501,14.378609271554817
3009502,0.23239138109863217
3009503,22.773395956020185
3009504,7371.609467382071
3009505,0.07567329032917647
3009506,911.8928238027531
3009507,29.17704824883777
3009508,2121.525817553685
3009509,1804.1564739106138
3009510,704.3504632963704
3009511,137.51770508533636
3009512,145.77208755089856
3009513,11657.851492209575
3009514,121.26546172096562
3009515,2.048123898649189
3009516,73.46177868438292
3009517,42.04316873401862
3009518,0.1911146045936549
3009519,633.6831136027258
3009520,34.99990367314388
3009521,10.272458235059084
3009522,4.178512824040464
3009523,117.93346629956937
3009524,15.343987872699483
3009525,659.6318790484025
3009526,827.1640891470736
3009527,19.39896273482361
3009528,34.91602339779238
3009529,518.7300673009946
3009530,103.7785144163258
3009531,2757.2297815105617
3009532,338.8661260448319
3009533,23.891954409882747
3009534,10.72761444084654
3009535,0.23239138109863217
3009536,9.009635184067852
3009537,7338.531651812484
3009538,0.15134658065835294
3009539,1381.2397537116508
3009540,8.83874941710075
3009541,1715.8614815715518
3009542,2611.449032569659
3009543,378.00197108534394
3009544,435.2759978559467
3009545,249.45102168305374
3009546,8800.003551765585
3009547,45.27073393010475
3009548,2.4321471296459123
3009549,45.98499361226817
3009550,48.078267136107996
3009551,0.3503767750883673
3009552,464.2567690748171
3009553,5.2730551673286445
3009554,51.36229117529542
3009555,8.401477912166465
3009556,142.42106119899293
3009557,17.58279037369834
3009558,730.1929431911753
3009559,449.17226611191575
3009560,30.353103383592163
3009561,14.697739649459528
3009562,1202.3779959351034
3009563,154.06740861814876
3009564,6998.888095617257
3009565,5.595798591984856
3009566,60.331643882175435
3009567,16.001273640758495
3009568,0.23239138109863217
3009569,13.436334551962462
3009570,7292.434861510838
3009571,0.037836645164588234
3009572,1365.4222665386076
3009573,11.774804586795119
3009574,1946.7196108726403
3009575,1972.6914852785094
3009576,532.4667598691597
3009577,279.3354732971915
3009578,322.3288275800567
3009579,10864.436930138354
3009580,53.26344825392268
3009581,4.394932532518052
3009582,66.29395904513731
3009583,57.670571189330204
3009584,0.2548194727915398
3009585,510.4512469272962
3009586,16.32136123220771
3009587,61.63474941035451
3009588,13.691297338345352
3009589,225.3953913188309
3009590,17.692000251795847
3009591,566.9882471573187
3009592,531.3610218618657
3009593,22.246074180979313
3009594,37.473122315074114
3009595,620.9941869060868
3009596,162.38029228028444
3009597,6180.512648175441
3009598,6.850029310878014
3009599,11.56282536559546
3009600,12.846092922862454
3009601,0.044818337783307634
3009602,5.676590954123675
3009603,3718.476571800799
3009604,0.037836645164588234
3009605,740.9575617627809
3009606,7.340137924235918
3009607,1213.4308474563313
3009608,851.6130938180103
3009609,335.2904176834317
3009610,115.84875952621226
3009611,120.88141796248549
3009612,5148.924768418907
3009613,16.273166363293303
3009614,2.048123898649189
3009615,38.85581682479757
3009616,29.03740857707486
3009617,0.09555730229682745
3009618,302.2222461856079
3009619,10.922757132323623
3009620,14.842057094071132
3009621,10.17956847558794
3009622,83.22759105939875
3009623,5.9519383563140345
3009624,330.8430120306869
3009625,346.14973237319737
3009626,7.238418930904332
3009627,9.066077979453414
3009628,245.80677359260773
3009629,83.50435632790466
3009630,2547.4976335911597
3009631,0.4823964303435221
3009632,5.060335914477042
3009633,9.104950071642861
3009634,0.23239138109863217
3009635,2.2914679080866214
3009636,6309.600128503008
3009637,0.037836645164588234
3009638,491.6588200647565
3009639,4.342914938506252
3009640,1537.9084925893856
3009641,389.5172371033811
3009642,320.1711308786907
3009643,86.43548459119104
3009644,32.73119483491972
3009645,6250.592768641303
3009646,10.85922138891199
3009647,1.1947389408786937
3009648,30.35610689437311
3009649,12.548303033690246
3009650,0.06370486819788496
3009651,309.8843877070628
3009652,19.589120948998016
3009653,16.501329213099062
3009654,5.112010369836739
3009655,22.923537475379288
3009656,1.8565679276575886
3009657,60.44719512313034
3009658,264.41978611372974
3009659,0.1930245048241155
3009660,3.254489531085841
3009661,81.1010868347171
3009662,107.1731504364533
3009663,808.0606434989263
3009664,51.49849891933955
3009665,3.542235140133929
3009666,9.96135626650036
3009667,0.08963667556661527
3009668,10.259526770296917
3009669,5620.796013272858
3009670,0.037836645164588234
3009671,826.5614798377921
3009672,11.774804586795119
3009673,1545.854063052245
3009674,1600.0967194014706
3009675,501.6006555365419
3009676,223.2238652442845
3009677,142.8442226719009
3009678,8014.269039513101
3009679,33.76122530380693
3009680,1.706769915540991
3009681,37.16454801211107
3009682,71.61110050264443
3009683,0.21588872000394346
3009684,462.60798569055754
3009685,45.00929232112665
3009686,19.777223861804142
3009687,12.944499301708333
3009688,86.24561725583132
3009689,11.849271773579316
3009690,524.9931706078994
3009691,497.2195435788361
3009692,13.559971463894113
3009693,20.5032840458408
3009694,672.5800294318724
3009695,119.28888672709957
3009696,3264.8507834354104
3009697,51.49849891933955
3009698,46.173920736939195
3009699,7.527359712694841
3009700,0.08963667556661527
3009701,8.730678357273328
3009702,5845.295316950951
3009703,0.30269316131670587
3009704,946.2820210555409
3009705,16.27063906538962
3009706,1140.793049263564
3009707,2028.878712711192
3009708,271.5672351983174
3009709,330.59897096235676
3009710,203.63153536559992
3009711,6028.492689872915
3009712,36.446777316609754
3009713,3.882901557855755
3009714,37.55484081503872
3009715,36.72920065816916
3009716,0.7644584183746196
3009717,315.6379197457711
3009718,26.867471566865
3009719,45.769102171864674
3009720,11.858530490098667
3009721,149.64213521784342
3009722,20.804481777574743
3009723,526.0274677878199
3009724,353.3322592174113
3009725,10.23029875567812
3009726,19.94537155479751
3009727,776.0382876290427
3009728,156.0747995908899
3009729,5949.680122091875
3009730,0.5306360733778742
3009731,51.23978089362568
3009732,6.535731487070371
3009733,0.7619117423162298
3009734,16.199089964097503
3009735,7304.597567694892
3009736,0.07567329032917647
3009737,1262.235052013467
3009738,18.74793561481924
3009739,1443.8311831900246
3009740,2295.545902242927
3009741,414.5323216664196
3009742,397.2499494233981
3009743,152.18047617879594
3009744,8171.341361230193
3009745,38.14123275325916
3009746,4.949632755068874
3009747,50.06396129963089
3009748,66.70971745375714
3009749,0.21588872000394346
3009750,457.4836609565857
3009751,56.81089198133838
3009752,38.27496004308492
3009753,29.290485851241947
3009754,125.59518012880433
3009755,31.12481525778899
3009756,506.78755067795925
3009757,487.1515456034026
3009758,27.4094796850244
3009759,26.593828739730018
3009760,762.5460725425064
3009761,180.70264710657952
3009762,5844.53234120108
3009763,1.4954289340649183
3009764,49.572484380059535
3009765,16.632309784337703
3009766,0.4481833778330763
3009767,11.405260724340229
3009768,6122.020078052997
3009769,0.037836645164588234
3009770,1070.6801248560805
3009771,14.068597688118842
3009772,2240.277907715801
3009773,1306.0464390908826
3009774,794.1107919404024
3009775,262.9682526281753
3009776,100.48190441347276
3009777,12004.24225504254
3009778,11.936639279762648
3009779,1.536092923986892
3009780,62.36011673444075
3009781,48.8073394262933
3009782,0.21588872000394346
3009783,561.3251130607647
3009784,22.284935528591298
3009785,6.360881611744771
3009786,9.893295894877083
3009787,48.58217901651063
3009788,5.460493904875261
3009789,408.23045567032426
3009790,662.4942034131806
3009791,10.954140648768556
3009792,10.600337329822453
3009793,521.4375758262867
3009794,126.70556081541329
3009795,1925.1344528184243
3009796,127.58999665441885
3009797,21.34706920360262
3009798,4.5668660137651145
3009799,0.20318844337898478
3009800,3.421230916358168
3009801,2304.410324210415
3009802,0.0008937172491463308
3009803,372.20108067711163
3009804,9.357282062687183
3009805,551.4417549215982
3009806,760.7871761530948
3009807,133.1313372266465
3009808,184.021580608197
3009809,89.22527246011485
3009810,2793.051530356559
3009811,15.815684650787292
3009812,1.6388800503725998
3009813,21.5637814061693
3009814,21.08291453771123
3009815,0.13737980365318356
3009816,159.58794112561588
3009817,12.32531913176443
3009818,15.214966320806166
3009819,7.037741536705169
3009820,57.65483042675035
3009821,7.654156344702225
3009822,275.3361023955631
3009823,148.03469686601497
3009824,3.6813833216738727
3009825,7.868976559020337
3009826,277.2296372495696
3009827,57.3836647432601
3009828,2294.455495657982
3009829,48.06504761701363
3009830,22.296648443379883
3009831,1.2368595453947187
3009832,0.20318844337898478
3009833,2.434663090230132
3009834,1626.3228742095043
3009835,0.0004468586245731654
3009836,110.27079195092325
3009837,3.358366986882249
3009838,882.2211988572801
3009839,316.3361612981642
3009840,266.4185654203862
3009841,76.66599866125752
3009842,25.02504929326493
3009843,3675.1413519845937
3009844,4.495829139310093
3009845,0.40135837968308563
3009846,9.44447393899605
3009847,7.319164211385481
3009848,0.019625686236169077
3009849,153.53691162773782
3009850,3.3112797667426834
3009851,12.624755040497353
3009852,1.922880201285565
3009853,9.10205426255829
3009854,0.5131277996448419
3009855,169.47496794540461
3009856,170.57559912548982
3009857,0.8546068425314347
3009858,3.7318550949676275
3009859,136.84038365624642
3009860,25.249215016197212
3009861,256.00060654151406
3009862,1.7734741913725547
3009863,1.5203459552413492
3009864,7.548014661639565
3009865,0.23511805590996815
3009866,4.939896125104616
3009867,5915.985209426777
3009868,0.0004468586245731654
3009869,806.9659136450617
3009870,10.100737349859587
3009871,1848.5724065744573
3009872,739.2787112179026
3009873,563.2533395612824
3009874,509.00948791756764
3009875,62.18361145921807
3009876,10161.462596189256
3009877,25.18199535768332
3009878,0.7692702277259141
3009879,25.6149984090925
3009880,19.960849448016624
3009881,0.039251372472338154
3009882,448.7953036005147
3009883,10.76165924191372
3009884,1.8459334139213361
3009885,10.998874751353432
3009886,25.58632008715512
3009887,3.036006147898648
3009888,593.6202996854189
3009889,387.62609119140205
3009890,2.6624290094248546
3009891,14.796478095836559
3009892,395.2294445759749
3009893,95.129967810563
3009894,1520.1410787081957
3009895,19.4298752801936
3009896,9.06245432143863
3009897,5.454867738663887
3009898,0.20318844337898478
3009899,0.9978590172711324
3009900,1901.3293170024763
3009901,0.0004468586245731654
3009902,213.042451282479
3009903,8.66509955394046
3009904,1088.2224024173254
3009905,452.81990556119354
3009906,222.409183740685
3009907,99.93386119201679
3009908,29.566074315185766
3009909,3950.0615340908676
3009910,7.412765902314856
3009911,0.4348049113233428
3009912,14.430891997696762
3009913,18.011036507466603
3009914,0.08831558806276085
3009915,157.74078475257946
3009916,6.622559533485367
3009917,12.624755040497353
3009918,6.039382136197704
3009919,24.844152585746517
3009920,2.0525111985793676
3009921,145.34746626224603
3009922,170.4372047834004
3009923,1.6106052032323193
3009924,6.612585343714568
3009925,149.53221965114813
3009926,29.452110832260306
3009927,347.99730780821534
3009928,3.745952087387574
3009929,2.9810705004732334
3009930,4.535151666447302
3009931,0.20318844337898478
3009932,4.093056789372396
3009933,1840.3959530042785
3009934,0.0004468586245731654
3009935,138.04604289998255
3009936,5.563096459186626
3009937,884.6117743430128
3009938,304.32714056246084
3009939,168.3083456231763
3009940,76.84905424931658
3009941,23.407472347713526
3009942,3888.2733365630256
3009943,12.550856347240678
3009944,0.06689306328051428
3009945,15.909315418147296
3009946,8.363385647814926
3009947,0.009812843118084539
3009948,129.1133995842557
3009949,1.3490399049692412
3009950,12.624755040497353
3009951,3.1150659260826155
3009952,26.33739869063895
3009953,1.2828194991121047
3009954,146.6142723354953
3009955,185.86604009290153
3009956,0.4930424091527508
3009957,5.335898074383538
3009958,89.87025972473543
3009959,21.39656051813938
3009960,188.91307775425705
3009961,3.3524470243615236
3009962,1.7290208902744753
3009963,3.393435163006022
3009964,0.20318844337898478
3009965,2.5405180071966593
3009966,1900.8823473666266
3009967,0.0004468586245731654
3009968,186.5482749298835
3009969,7.357643704085539
3009970,1463.1758176592257
3009971,419.15313365875346
3009972,270.1444305942295
3009973,62.386213803826166
3009974,32.194947696047784
3009975,4223.174374957804
3009976,8.7240494012803
3009977,0.3344653164025714
3009978,12.11930746717325
3009979,19.545890053320278
3009980,0.039251372472338154
3009981,181.628196814232
3009982,0.9504599330465109
3009983,12.624755040497353
3009984,3.345811550236883
3009985,13.048399467303843
3009986,2.6511602981650166
3009987,235.80035382436066
3009988,249.6432741280267
3009989,1.0846933001360517
3009990,4.517508799171339
3009991,82.30432448094194
3009992,84.18527680053649
3009993,388.75890762332716
3009994,2.411456656255751
3009995,4.024445175638865
3009996,3.7105786361841555
3009997,1.0188449089431952
3009998,3.9201604249937345
3009999,2035.676344028632
3010000,0.0004468586245731654
3010001,172.91058424131737
3010002,2.127820304665853
3010003,910.1443821372081
3010004,369.29187315904363
3010005,278.97895626416744
3010006,150.4731423733814
3010007,49.13326899927437
3010008,3708.053209426843
3010009,6.609939270295196
3010010,1.0368424808479713
3010011,13.20377083835028
3010012,16.03393176816226
3010013,0.04906421559042269
3010014,197.36175816215038
3010015,7.5116994708514575
3010016,12.624755040497353
3010017,4.114963630751109
3010018,14.745752243538488
3010019,2.522878348253806
3010020,118.34209782968296
3010021,179.79680804224031
3010022,0.9203458304184682
3010023,5.074013506315635
3010024,103.1684462617703
3010025,40.46879228951659
3010026,642.1915716137347
3010027,3.230883675371782
3010028,4.173498700662527
3010029,4.376579929858234
3010030,0.23511805590996815
3010031,1.5172538098535606
3010032,1668.411443454753
3010033,0.0004468586245731654
3010034,176.50296571102697
3010035,4.127458663267498
3010036,903.501516648582
3010037,281.819684886043
3010038,173.36864943761472
3010039,251.38217304373927
3010040,26.721438804394516
3010041,2973.102038549555
3010042,4.335263812906161
3010043,0.36791184804282856
3010044,11.273267529001648
3010045,12.028240032812478
3010046,0.07850274494467631
3010047,150.49075496530702
3010048,9.567622659358873
3010049,12.624755040497353
3010050,3.2688963421854607
3010051,19.950472362765
3010052,1.9669898986385606
3010053,51.30800739169544
3010054,135.23322022274434
3010055,0.9532153243619849
3010056,2.9462013907639166
3010057,62.399080189362245
3010058,33.36844556995546
3010059,548.2270824042332
3010060,48.06504761701363
3010061,0.8346997401325054
3010062,8.055444218724576
3010063,0.8229131956848884
3010064,3.3855930943127706
3010065,3664.5284370329705
3010066,0.0004468586245731654
3010067,385.457159100229
3010068,5.127277842568319
3010069,1154.337345312646
3010070,851.391648599369
3010071,550.3648846427593
3010072,321.99043242943765
3010073,77.3584717360307
3010074,6369.769563068909
3010075,14.10298783581202
3010076,1.5050939238115713
3010077,22.980122270657205
3010078,23.61795048109534
3010079,0.07850274494467631
3010080,271.12121275787365
3010081,0.5518799611237805
3010082,12.624755040497353
3010083,8.316072294519813
3010084,28.20066770075053
3010085,4.874714096625998
3010086,234.82336668566424
3010087,271.53792967994747
3010088,2.267995082102654
3010089,8.445777320189894
3010090,348.91843695337076
3010091,54.733165968276175
3010092,1397.304003307804
3010093,8.87682588400642
3010094,12.729171037020707
3010095,3.5837212469129027
3010096,0.23511805590996815
3010097,4.4628432993087985
3010098,2597.7225590084868
3010099,0.0004468586245731654
3010100,646.1451305827267
3010101,6.639824806125973
3010102,585.5225920560473
3010103,734.4473588614121
3010104,230.40341775417107
3010105,310.95010358549496
3010106,43.24529285563294
3010107,3910.885131867444
3010108,10.51702887945754
3010109,0.969949417567457
3010110,24.601863932000196
3010111,16.654199921669505
3010112,0.058877058708507235
3010113,177.52252022071562
3010114,9.71921931534658
3010115,4.055459773008996
3010116,5.923240172040056
3010117,34.83434668846959
3010118,2.608399648194613
3010119,100.89622891761994
3010120,156.86602392476462
3010121,4.075817248996073
3010122,6.74352762774852
3010123,176.70049537556153
3010124,51.96613219555537
3010125,1769.3456594428867
3010126,40.4076572041899
3010127,12.527620875389065
3010128,6.089154685020153
3010129,0.9012858809882112
3010130,3.493212259895407
3010131,3134.7449031643196
3010132,0.0004468586245731654
3010133,205.04453813164616
3010134,5.127277842568319
3010135,942.0396548536139
3010136,378.79302153925784
3010137,316.90842835238345
3010138,94.50498306593771
3010139,31.304085339614467
3010140,4792.3615786296195
3010141,31.95249995438245
3010142,1.3044147339700283
3010143,13.605326093938364
3010144,16.99534740609849
3010145,0.039251372472338154
3010146,174.62970348708095
3010147,8.124899427655658
3010148,12.624755040497353
3010149,4.691827691136779
3010150,32.992294588060936
3010151,3.5918945975138934
3010152,136.3371969987899
3010153,188.80158527863068
3010154,1.3147797577406688
3010155,5.270426932366561
3010156,131.7787440079008
3010157,24.19849106218144
3010158,462.67698634371516
3010159,3.199817486185515
3010160,3.8455809456104713
3010161,6.755155978694232
3010162,0.20318844337898478
3010163,7.917947789096256
3010164,3433.4211119496167
3010165,0.0004468586245731654
3010166,743.9615367450567
3010167,8.844554278430351
3010168,783.2211289832909
3010169,954.3889232807048
3010170,239.8750478492559
3010171,242.56072908513525
3010172,80.1778537839184
3010173,4907.798834396313
3010174,37.89341703132793
3010175,1.5050939238115713
3010176,19.18615160334512
3010177,28.21723883935155
3010178,0.039251372472338154
3010179,235.2558880658941
3010180,20.72615853998198
3010181,13.76059454014087
3010182,5.7271063915089275
3010183,56.16222082914901
3010184,11.930221341742575
3010185,467.9894567733994
3010186,261.6875447233896
3010187,8.546068425314347
3010188,8.085686039096528
3010189,428.5404649921468
3010190,100.47990359285201
3010191,2337.490669056906
3010192,48.06504761701363
3010193,29.57421677136191
3010194,7.51630031432175
3010195,0.039186342651661356
3010196,6.022791925672191
3010197,4917.6106871721995
3010198,0.0004468586245731654
3010199,598.3939734579217
3010200,6.152733411081983
3010201,2007.1709961207898
3010202,904.4768781953784
3010203,768.8323780795797
3010204,185.4768483834529
3010205,64.18397835642706
3010206,8378.681200019148
3010207,10.757876869063436
3010208,0.5016979746038571
3010209,21.5637814061693
3010210,14.377505664221166
3010211,0.06650927002257298
3010212,324.1440959442264
3010213,2.207519844495122
3010214,5.453894177494857
3010215,4.807200503213913
3010216,34.84368212873888
3010217,1.8814685986977535
3010218,339.0110018512531
3010219,391.2051395845117
3010220,4.075817248996073
3010221,6.219758491612713
3010222,327.35700884904725
3010223,66.05204193905112
3010224,1063.9876246827614
3010225,46.05449988207632
3010226,12.882129677948944
3010227,10.148591141700255
3010228,0.5877951397749203
3010229,4.597279043856289
3010230,3964.3235925145245
3010231,0.0004468586245731654
3010232,528.5951921857023
3010233,5.511823680760943
3010234,1791.1974684824352
3010235,703.6146395053016
3010236,369.5079389752014
3010237,478.9777455578394
3010238,66.04567215106873
3010239,6185.1782786672775
3010240,13.594530968866234
3010241,0.6354841011648856
3010242,36.91930721607546
3010243,28.248872515180416
3010244,0.07850274494467631
3010245,311.65986666439375
3010246,3.6485397429849935
3010247,2.880774873240873
3010248,12.267975684201906
3010249,56.534789763532515
3010250,2.7366815981058235
3010251,109.9412566202696
3010252,289.00945328535414
3010253,2.695298503368371
3010254,5.356194128408801
3010255,166.7210104600906
3010256,147.11985330862524
3010257,1397.9666245416975
3010258,0.855445789187066
3010259,6.796840741078972
3010260,4.503437319129488
3010261,0.23511805590996815
3010262,2.6463729241631873
3010263,2100.938647861092
3010264,0.0004468586245731654
3010265,175.48616493327268
3010266,6.768006752190181
3010267,744.2481870852477
3010268,341.3906854867552
3010269,160.32572064283966
3010270,85.03825608451865
3010271,39.80385292273604
3010272,3627.243275414175
3010273,8.777571176748276
3010274,0.8027167593661713
3010275,22.24635929539674
3010276,16.809266960046315
3010277,0.06650927002257298
3010278,155.44481420333582
3010279,1.1650799179279812
3010280,12.624755040497353
3010281,4.807200503213913
3010282,64.4259949893444
3010283,3.3780913476618757
3010284,100.10548553613332
3010285,151.481142750735
3010286,1.281910263797152
3010287,6.023345065561784
3010288,146.62496376740515
3010289,27.60538388277804
3010290,510.9863700037692
3010291,3.0728513216851194
3010292,2.235802875354925
3010293,2.061432575657864
3010294,0.20318844337898478
3010295,1.763542916662348
3010296,1574.12250514036
3010297,0.0017874344982926615
3010298,294.7670877384656
3010299,10.203282906710955
3010300,473.94813455230957
3010301,551.6289856918023
3010302,132.91682478367588
3010303,69.79296167423745
3010304,48.14926907338909
3010305,2564.2442496932613
3010306,19.05375206659992
3010307,0.4682514429635999
3010308,12.640734891987053
3010309,14.678025584595426
3010310,0.07850274494467631
3010311,120.8480825376658
3010312,11.742779172800441
3010313,2.1815576709979427
3010314,3.1462165853434416
3010315,34.10660668565898
3010316,6.456858145530927
3010317,554.7187329227802
3010318,145.32625252798758
3010319,3.5170358519562894
3010320,5.826931639510858
3010321,294.90448507832537
3010322,30.38114188016928
3010323,1163.214454799531
3010324,48.06504761701363
3010325,7.115010410499833
3010326,2.7274338693319433
3010327,0.15674537060664542
3010328,5.1466660629125665
3010329,4041.394556673368
3010330,0.0004468586245731654
3010331,863.9691316287341
3010332,13.02328572012353
3010333,971.8814375898146
3010334,1486.0190073238687
3010335,296.7192695768655
3010336,324.91159389798986
3010337,123.77295420738068
3010338,5208.864106105271
3010339,27.858084131082183
3010340,0.9030563542869428
3010341,19.771973168652078
3010342,29.640754251650673
3010343,0.06650927002257298
3010344,245.00624334597885
3010345,11.68145917712002
3010346,31.15711853194498
3010347,11.614196415764814
3010348,56.16328167463415
3010349,17.061499338190995
3010350,382.4255270369404
3010351,272.2771505600506
3010352,16.171791020210225
3010353,9.32963773741907
3010354,504.64602650665483
3010355,105.6217965416878
3010356,3616.322409904551
3010357,48.06504761701363
3010358,20.60676921148942
3010359,3.2982921210525826
3010360,0.11755902795498407
3010361,3.848884780902939
3010362,2659.0301458812105
3010363,0.0004468586245731654
3010364,477.00391576284886
3010365,5.665642016037992
3010366,421.2169224303348
3010367,730.6927078872249
3010368,168.87355120771488
3010369,189.47943851074984
3010370,86.28592421204793
3010371,2402.4460890287796
3010372,18.679099638324075
3010373,1.1706286074089998
3010374,19.3512647840968
3010375,16.35088879460446
3010376,0.029438529354253617
3010377,106.78592641362528
3010378,9.567622659358873
3010379,21.00448475537763
3010380,5.345606959573871
3010381,168.70837919384266
3010382,12.828194991121048
3010383,209.29669096485787
3010384,106.88920542944538
3010385,4.996163079414542
3010386,7.005412195816424
3010387,177.79539768761558
3010388,37.65609988049618
3010389,1732.2911882190385
3010390,1.3507038776637885
3010391,4.322552225686189
3010392,4.218008193269168
3010393,0.20318844337898478
3010394,0.3881346955439341
3010395,1076.1952855905915
3010396,0.0004468586245731654
3010397,246.29993191581016
3010398,4.460731723034438
3010399,343.11446424738693
3010400,260.3790463437215
3010401,91.43818291046621
3010402,50.135013299556036
3010403,25.816546855741603
3010404,1864.462988439399
3010405,14.049466060344042
3010406,0.7023771644453999
3010407,10.699334112708812
3010408,9.614156379362283
3010409,0.11775411741701447
3010410,81.791518019856
3010411,0.12263999136084011
3010412,6.404829572545242
3010413,0.9614401006427825
3010414,14.326506107808532
3010415,0.25656389982242095
3010416,263.0370722100965
3010417,124.15710035530205
3010418,2.7610374912554048
3010419,1.4403651243734703
3010420,142.89085963601676
3010421,21.810482075781955
3010422,516.1889473414006
3010423,0.9004692517758591
3010424,2.2656135803596573
3010425,6.564869894787352
3010426,0.35267708386495217
3010427,3.239160459175741
3010428,3733.443643354933
3010429,0.004468586245731654
3010430,747.0669054552154
3010431,12.613103492718066
3010432,799.4248883718006
3010433,1232.9065875932254
3010434,322.54612054854096
3010435,347.27432141021956
3010436,103.59093811620096
3010437,4828.800739094962
3010438,23.174928777634168
3010439,2.909848252702371
3010440,23.013475133169045
3010441,26.47738666876373
3010442,0.06868990182659178
3010443,228.0624760984849
3010444,6.162659565882215
3010445,31.884304422277626
3010446,10.691213919147742
3010447,117.89388045531794
3010448,5.216799296389226
3010449,275.70512003451216
3010450,244.34527045949366
3010451,10.32102109826425
3010452,9.198695453385117
3010453,374.7460947440796
3010454,76.24384122112467
3010455,2721.3203225599773
3010456,1.936008891318097
3010457,14.56390067233661
3010458,6.723441631376419
3010459,0.20318844337898478
3010460,3.7754920384728137
3010461,4433.613964880239
3010462,0.0004468586245731654
3010463,764.6283766554405
3010464,12.38237598980249
3010465,1250.8153284802834
3010466,1064.5652296858339
3010467,409.9443915462436
3010468,437.3840383776412
3010469,55.98368361162271
3010470,7227.047602787068
3010471,11.640986164285062
3010472,0.8361632910064285
3010473,33.17784254024242
3010474,18.63750734250892
3010475,0.23550823483402894
3010476,257.81396089867565
3010477,9.567622659358873
3010478,4.922489103790229
3010479,6.460877476319499
3010480,33.95511795038004
3010481,1.7531866487865433
3010482,189.52265399454478
3010483,307.6195294627961
3010484,4.963293585471025
3010485,4.5502443701798265
3010486,209.28543788985684
3010487,77.8526907628022
3010488,1639.4994024516493
3010489,4.187182020757745
3010490,3.308988255525289
3010491,6.216012074291406
3010492,0.5094224544715976
3010493,3.3167873982845277
3010494,3956.620218025964
3010495,0.0004468586245731654
3010496,809.5400422830679
3010497,8.767645110791827
3010498,1004.1515313654158
3010499,878.2529451930222
3010500,301.11681797574704
3010501,397.52621980821965
3010502,60.74856873975012
3010503,5626.203050932114
3010504,13.915661621674099
3010505,1.3044147339700283
3010506,24.91458829634388
3010507,18.51500438219124
3010508,0.009812843118084539
3010509,233.45031040431968
3010510,9.567622659358873
3010511,5.453894177494857
3010512,6.076301436062386
3010513,66.35206605217667
3010514,2.009750548608964
3010515,112.1012694366587
3010516,238.75584610585608
3010517,5.094771561245092
3010518,4.517508799171339
3010519,184.30182914467068
3010520,61.83118835909055
3010521,1241.4770908803641
3010522,2.8364781430939563
3010523,6.230437345989058
3010524,11.036592866599028
3010525,1.2931493075048248
3010526,15.78755516611113
3010527,9587.53320139187
3010528,0.0004468586245731654
3010529,1405.1586934119243
3010530,37.01894602334326
3010531,1802.8684556930261
3010532,2474.5941367921137
3010533,390.21512024625866
3010534,690.8295715063101
3010535,255.3276992138999
3010536,10013.553255427803
3010537,65.35008784640029
3010538,2.7091690628608287
3010539,56.46870781707428
3010540,51.81596100768816
3010541,0.11775411741701447
3010542,504.68770764670427
3010543,39.06083724842758
3010544,48.38583039521078
3010545,24.766696992558078
3010546,147.81736122394665
3010547,36.98796222439902
3010548,698.9731343515745
3010549,561.8542035479829
3010550,18.143960656821232
3010551,24.027909120230166
3010552,1063.0069784376512
3010553,230.3277966761244
3010554,7605.297745642196
3010555,1.5758211906077535
3010556,72.55454603918128
3010557,3.012862995192263
3010558,0.548608797123259
3010559,0.9879792250209232
3010560,1900.9229502101555
3010561,0.0004468586245731654
3010562,185.20149489222962
3010563,3.666003657436348
3010564,649.6429011705403
3010565,309.23279519857863
3010566,123.37950108163105
3010567,235.06993986295015
3010568,36.8059489012017
3010569,2999.161676184647
3010570,4.549350914778071
3010571,0.2675722531220571
3010572,12.740793479522575
3010573,8.238091480806462
3010574,0.08831558806276085
3010575,163.9793607787543
3010576,0.45989996760315044
3010577,12.624755040497353
3010578,3.7303875904939963
3010579,24.929868900946367
3010580,1.0690162492600874
3010581,65.66209629552698
3010582,86.53243414149175
3010583,2.2022560942156204
3010584,4.5502443701798265
3010585,103.71912651858604
3010586,20.664237762310204
3010587,596.8512581137156
3010588,0.09004692517758592
3010589,4.352362930690921
3010590,8.08715856604239
3010591,0.23511805590996815
3010592,2.7522278411297143
3010593,4506.374260484409
3010594,0.0004468586245731654
3010595,646.7237740813844
3010596,7.71655315306532
3010597,1471.183076860701
3010598,789.656679313552
3010599,267.8207185053281
3010600,517.7869792151864
3010601,65.33677776171905
3010602,6623.64527066805
3010603,11.373377286945177
3010604,0.2675722531220571
3010605,23.713885245917666
3010606,19.897582096358885
3010607,0.029438529354253617
3010608,267.32811371151865
3010609,1.2263999136084012
3010610,5.314050737046271
3010611,11.883399643944793
3010612,10.971688345580754
3010613,2.0525111985793676
3010614,356.52879918087575
3010615,264.10030070937574
3010616,3.9443392732220066
3010617,6.808998769765497
3010618,131.035037380345
3010619,63.164620736976204
3010620,1411.203922069011
3010621,2.5663373675611987
3010622,5.395737605856553
3010623,1.4588599766194115
3010624,0.20318844337898478
3010625,1.1644040866318024
3010626,1270.0901045795142
3010627,0.0004468586245731654
3010628,140.8347125089467
3010629,2.6918208673483677
3010630,709.3608228932959
3010631,176.1270779694245
3010632,97.43802762667111
3010633,327.96896031596856
3010634,14.324265467699052
3010635,2433.9560202057482
3010636,1.5521314885713418
3010637,0.3010187847623142
3010638,9.378428666695378
3010639,4.000729590121725
3010640,0.019625686236169077
3010641,77.63364687365323
3010642,9.567622659358873
3010643,12.624755040497353
3010644,0.4614912483085356
3010645,21.230064186948898
3010646,0.38484584973363145
3010647,68.40758284552008
3010648,71.8248345442892
3010649,0.5916508909833009
3010650,1.1784805563055667
3010651,55.177576741158134
3010652,10.66644013925103
3010653,219.11617002586482
3010654,48.06504761701363
3010655,1.967506530312334
3010656,7.008870757236739
3010657,0.20318844337898478
3010658,2.505233034874484
3010659,2810.3569437142123
3010660,0.0004468586245731654
3010661,269.29792537281423
3010662,7.101279811957122
3010663,947.4552700221999
3010664,458.60184992630883
3010665,192.16327970795373
3010666,315.2671242875319
3010667,48.189807566508634
3010668,4227.8485333354
3010669,3.0775020894086946
3010670,0.6689306328051428
3010671,28.383285997575154
3010672,16.35088879460446
3010673,0.07850274494467631
3010674,213.37840860938468
3010675,9.567622659358873
3010676,12.624755040497353
3010677,14.729262341847429
3010678,20.53796859243922
3010679,1.7959472987569467
3010680,244.81815209246793
3010681,202.0959774530876
3010682,1.7092136850628694
3010683,4.0592108050525075
3010684,203.086520354449
3010685,26.682020408036905
3010686,1314.6785256489343
3010687,48.06504761701363
3010688,0.8346997401325054
3010689,3.4885782049594622
3010690,0.4702361118199363
3010691,1.9759584500418463
3010692,2838.0291350074203
3010693,0.0004468586245731654
3010694,797.5210287340972
3010695,6.562915638487449
3010696,916.8725750345019
3010697,693.3861467914894
3010698,243.14311105807082
3010699,198.96065538040574
3010700,49.539466177144305
3010701,5615.915854776622
3010702,6.0747215156154235
3010703,4.247709518312656
3010704,30.017576260655275
3010705,34.925749053609145
3010706,0.039251372472338154
3010707,188.1937997270125
3010708,1.6249798855311315
3010709,4.782645663341643
3010710,3.7688451945197072
3010711,20.347016405112825
3010712,3.121527447839455
3010713,163.78871389770632
3010714,253.73992955388485
3010715,3.3198188882951887
3010716,6.219758491612713
3010717,138.64038153831862
3010718,28.674065664371533
3010719,664.3048806757391
3010720,5.042627809944811
3010721,2.8320169754495716
3010722,3.8691503727732224
3010723,0.20318844337898478
3010724,0.6351295017991648
3010725,1764.3295708657513
3010726,0.0004468586245731654
3010727,121.05628567025855
3010728,2.3841841967942683
3010729,443.6805595986007
3010730,184.32555060314783
3010731,102.8433443612942
3010732,241.1827407138093
3010733,39.70591561538957
3010734,2731.4432317078554
3010735,6.021199740147447
3010736,0.4682514429635999
3010737,9.510519211296721
3010738,8.00145918024345
3010739,0.058877058708507235
3010740,92.9225224280628
3010741,9.567622659358873
3010742,12.624755040497353
3010743,0.42303364428282436
3010744,30.34102955158242
3010745,0.8979736493784733
3010746,184.19380000925494
3010747,81.47768748834939
3010748,1.0189543122490183
3010749,1.3421584113480065
3010750,53.30115828626698
3010751,18.721990453371955
3010752,396.87857518479706
3010753,0.09004692517758592
3010754,0.6856462151088437
3010755,4.630294708400741
3010756,0.20318844337898478
3010757,0.9879792250209232
3010758,4507.796713436046
3010759,0.0004468586245731654
3010760,615.5790319437797
3010761,8.049826212832262
3010762,881.4783153455163
3010763,683.931352127006
3010764,223.29456714539313
3010765,234.6767808954565
3010766,72.38754660301097
3010767,5496.71826268875
3010768,6.208525954285367
3010769,0.4348049113233428
3010770,28.102263363935794
3010771,9.772945026660139
3010772,0.04906421559042269
3010773,202.35916541851196
3010774,9.567622659358873
3010775,21.479952452902822
3010776,3.53809957036544
3010777,38.48662552473249
3010778,1.2400588491417013
3010779,222.755513703348
3010780,212.3895901043547
3010781,2.596690021537821
3010782,3.4372349558912365
3010783,116.7597419473579
3010784,42.84183641960131
3010785,1398.824296159001
3010786,1.2606569524862028
3010787,1.1924282001892934
3010788,3.5837212469129027
3010789,0.20318844337898478
3010790,7.486059727872824
3010791,3191.31244641205
3010792,0.0004468586245731654
3010793,589.0770746729755
3010794,5.563096459186626
3010795,833.6206218189109
3010796,991.3423781301389
3010797,167.61912621998488
3010798,179.91611227441834
3010799,82.48108999044797
3010800,4400.733604922741
3010801,47.25972773822395
3010802,1.5385404554518283
3010803,31.140345889766692
3010804,26.793723427052424
3010805,0.07850274494467631
3010806,224.3077120343289
3010807,20.296918570219038
3010808,19.382300846174033
3010809,1.922880201285565
3010810,69.90123070728333
3010811,12.272306541505802
3010812,205.8830581367705
3010813,265.89272082278046
3010814,12.556146686423387
3010815,14.30544453070924
3010816,232.93120316213015
3010817,64.00968929340301
3010818,2445.155573597174
3010819,48.06504761701363
3010820,10.569802749676507
3010821,5.6768681698885795
3010822,0.20318844337898478
3010823,8.089785604305252
3010824,3200.162174516249
3010825,0.0004468586245731654
3010826,517.8641839592963
3010827,9.972555403795381
3010828,1061.1029301088056
3010829,878.5187973861838
3010830,157.58034583491113
3010831,132.2443799751295
3010832,81.63989779806579
3010833,4787.793432091516
3010834,23.79042919551591
3010835,1.1371820757687428
3010836,41.09072661458589
3010837,61.550759542907606
3010838,0.06650927002257298
3010839,314.1716926518658
3010840,20.296918570219038
3010841,15.2709036969856
3010842,10.806586731224876
3010843,68.05451088674003
3010844,15.479355289286065
3010845,155.41278511995932
3010846,432.735025878735
3010847,7.954417534331046
3010848,10.11529144162278
3010849,122.61287516770257
3010850,76.87962568886726
3010851,2004.8487652935867
3010852,3.5568535445146434
3010853,13.946252690248913
3010854,8.911731596305536
3010855,0.35267708386495217
3010856,3.281502425962352
3010857,4661.551561312088
3010858,0.0004468586245731654
3010859,779.4197242064497
3010860,5.1529142317811605
3010861,2195.1743118414356
3010862,772.8432322768192
3010863,214.31398646318405
3010864,807.7929153468408
3010865,52.261058648126145
3010866,7481.164198197856
3010867,25.101712694481357
3010868,1.705773113653114
3010869,24.370705478947848
3010870,16.194271085843884
3010871,0.019625686236169077
3010872,329.2989715120826
3010873,5.120219639315075
3010874,12.05450456666812
3010875,8.817174874974832
3010876,33.846911710895085
3010877,4.746432146714787
3010878,152.70227349604937
3010879,311.29581969539146
3010880,7.034071703912579
3010881,10.017084728597316
3010882,219.4849511224025
3010883,51.62066695920314
3010884,1690.9555241614632
3010885,6.180820944189497
3010886,14.514772645394165
3010887,3.996007762044475
3010888,0.4702361118199363
3010889,5.362610093524282
3010890,2962.3591021779143
3010891,0.0017874344982926615
3010892,414.5439922992195
3010893,5.742551183676518
3010894,729.2283102909212
3010895,882.3961493725991
3010896,219.76434418869547
3010897,201.79584351208584
3010898,67.42183973644495
3010899,4055.33257569829
3010900,22.131254156008616
3010901,1.6388800503725998
3010902,14.695073086899447
3010903,11.25786698615648
3010904,0.039251372472338154
3010905,215.81120555663097
3010906,18.15071872140434
3010907,18.655114955841384
3010908,2.307456241542678
3010909,58.716524588285125
3010910,9.834949493192804
3010911,354.73285541555634
3010912,243.72432492020704
3010913,6.080856379550593
3010914,9.231431024393606
3010915,355.65124511227623
3010916,48.40755301230256
3010917,2218.387639235836
3010918,0.04502346258879296
3010919,22.557521991440918
3010920,3.5837212469129027
3010921,0.2743043985616295
3010922,3.1050775643514728
3010923,6175.239779072629
3010924,0.0004468586245731654
3010925,506.43684892468025
3010926,7.998553434406578
3010927,2122.885100183636
3010928,729.5747653313668
3010929,292.79902151733063
3010930,295.40535148498526
3010931,52.79293253872734
3010932,8204.11169667668
3010933,9.071940941822152
3010934,2.4415968097387712
3010935,28.616756035158026
3010936,21.399251295999925
3010937,0.06868990182659178
3010938,423.4119425796645
3010939,9.567622659358873
3010940,0.13984344044858607
3010941,9.345197778247847
3010942,27.150642839552376
3010943,2.779442248076227
3010944,129.39418904272432
3010945,304.8229882858616
3010946,3.2540799004081555
3010947,9.853406873554876
3010948,172.04021749863938
3010949,55.46548872410535
3010950,1199.3801253563151
3010951,48.06504761701363
3010952,5.365926900851821
3010953,7.199156841143618
3010954,0.039186342651661356
3010955,8.802542045213205
3010956,3206.3876055003498
3010957,0.0004468586245731654
3010958,581.3480827266391
3010959,8.460008440237726
3010960,1111.7626292995694
3010961,856.900583212276
3010962,248.59880725492096
3010963,194.40600051128425
3010964,103.21624616543428
3010965,5029.489182453038
3010966,35.48493713526895
3010967,1.5385404554518283
3010968,25.36138456345792
3010969,33.672807383524514
3010970,0.029438529354253617
3010971,241.90907166877548
3010972,18.518638695486857
3010973,16.949024982368634
3010974,10.460468294993474
3010975,96.4334006289952
3010976,15.222791389463643
3010977,213.8834537700881
3010978,435.60228839347724
3010979,13.114928083463171
3010980,8.59636094682894
3010981,188.24181207462806
3010982,60.342662821248446
3010983,2109.1387424241443
3010984,0.9004692517758591
3010985,6.182322868111419
3010986,3.4885782049594622
3010987,0.20318844337898478
3010988,4.966712704069469
3010989,3082.1293700200904
3010990,0.0004468586245731654
3010991,532.5504637180644
3010992,7.280734536447013
3010993,658.9725944020546
3010994,958.7454908871011
3010995,183.7968089913762
3010996,190.05903404022447
3010997,84.38612841817492
3010998,3890.737951207213
3010999,25.101712694481357
3011000,1.1037355441284855
3011001,26.715312645621694
3011002,20.516919847635865
3011003,0.019625686236169077
3011004,196.00499467678307
3011005,15.146038933063755
3011006,30.905400339137525
3011007,5.554431749433483
3011008,45.46889833887074
3011009,12.742673691180242
3011010,218.6138945352252
3011011,238.26414990808024
3011012,8.841893870805999
3011013,8.54398403321536
3011014,209.94821931176403
3011015,51.829888386531564
3011016,2353.6796322328178
3011017,0.22511731294396478
3011018,13.057357088417806
3011019,5.8671542537954595
3011020,0.11755902795498407
3011021,4.13398735726612
3011022,6172.945041699176
3011023,0.0004468586245731654
3011024,676.5417019231334
3011025,12.869467384846482
3011026,1219.4216006973315
3011027,820.0725560642311
3011028,314.5369576956756
3011029,390.291901607827
3011030,52.57771168505932
3011031,6861.537621414203
3011032,8.242353422068504
3011033,0.13378612656102856
3011034,16.676431255919596
3011035,18.54353671725257
3011036,0.039251372472338154
3011037,236.3923728458562
3011038,9.567622659358873
3011039,6.7963912058012825
3011040,1.4998465570027408
3011041,54.808369821004845
3011042,4.361586296981157
3011043,197.70720516556574
3011044,291.7721579601479
3011045,3.5827748398433226
3011046,2.6515812516875252
3011047,237.68214934442537
3011048,131.53229913375924
3011049,1305.8712017603573
3011050,3.4668066193370577
3011051,0.804889035127773
3011052,14.493456724240675
3011053,0.20318844337898478
3011054,17.783273200653394
3011055,11386.512223854279
3011056,0.0004468586245731654
3011057,1888.0410506557182
3011058,20.8936572084659
3011059,2353.085494772069
3011060,3000.058835806948
3011061,618.3868431277049
3011062,885.0423735077696
3011063,326.7909830403608
3011064,12644.573399072999
3011065,75.17133364477411
3011066,4.916640151117799
3011067,120.43718653025134
3011068,114.03940136307438
3011069,0.08831558806276085
3011070,703.3525603191433
3011071,28.47577959407347
3011072,23.241979802555008
3011073,37.42232532533915
3011074,226.6984367938994
3011075,33.90919542652997
3011076,838.3994472575322
3011077,629.7369331761922
3011078,39.7063486837682
3011079,35.906338416370104
3011080,1108.0672616654947
3011081,282.38913146673997
3011082,9259.99105642363
3011083,321.5683754401806
3011084,82.99753407957836
3011085,16.11088843744915
3011086,0.20318844337898478
3011087,15.511979532274937
3011088,10847.977423776985
3011089,0.0008937172491463308
3011090,1433.3201994237293
3011091,20.175838310506336
3011092,2435.7916905025204
3011093,2650.8589125641497
3011094,792.8026366769135
3011095,550.9055507656418
3011096,242.67914786281986
3011097,14436.422774932444
3011098,120.18314681334303
3011099,1.973345366775171
3011100,70.99866772322204
3011101,78.13455902915405
3011102,0.255133921070198
3011103,656.9890533097195
3011104,23.905906915990162
3011105,31.21305590812441
3011106,5.054867473139493
3011107,149.95220667825578
3011108,26.383321031738955
3011109,1106.5386037433575
3011110,794.4426612636342
3011111,24.06046956665424
3011112,29.39654276562219
3011113,1217.9699949614017
3011114,237.56219157372686
3011115,6330.281926457276
3011116,561.194048968758
3011117,78.97729206429163
3011118,11.924594591497799
3011119,0.20318844337898478
3011120,21.450440374097127
3011121,7230.582120940726
3011122,0.004468586245731654
3011123,1072.0753894021211
3011124,11.382556810501669
3011125,2190.3272644553563
3011126,1925.4549591401112
3011127,924.9255927068955
3011128,218.31431610211297
3011129,189.30171769439627
3011130,12450.394725155718
3011131,41.0244408962046
3011132,3.0101878476231425
3011133,43.953128716097
3011134,23.12421703090357
3011135,0.13737980365318356
3011136,630.8634680566003
3011137,27.63232305348929
3011138,22.374950471773772
3011139,9.885142538768832
3011140,86.60869842195501
3011141,13.4696047406771
3011142,989.0449473508688
3011143,779.2418413018927
3011144,24.15907804848479
3011145,43.57431856939833
3011146,771.1882083344403
3011147,131.61476580825246
3011148,2889.2715995127883
3011149,349.60538606347376
3011150,44.30869446169447
3011151,16.65003234185198
3011152,0.20318844337898478
3011153,22.38619784008123
3011154,10355.923743900732
3011155,0.0026811517474389923
3011156,1370.5086552881448
3011157,16.766198545198403
3011158,2251.4540740512557
3011159,2524.5784391401967
3011160,751.8486643826391
3011161,507.43588605504397
3011162,188.623098396868
3011163,13687.582446841727
3011164,44.128703873347284
3011165,1.9064523034946568
3011166,69.57407119969655
3011167,73.56659421264993
3011168,0.19625686236169076
3011169,638.9250199285784
3011170,27.589399056513
3011171,24.668382895130584
3011172,8.35876023498835
3011173,143.80057587898736
3011174,18.85744663694794
3011175,869.6992265627433
3011176,786.0323090648524
3011177,22.97577626651819
3011178,30.86964346100415
3011179,1087.7840088487776
3011180,216.00983639411123
3011181,5621.570296775005
3011182,424.690114153552
3011183,63.09516215079394
3011184,12.876025011032198
3011185,0.20318844337898478
3011186,23.53789933667705
3011187,5661.092061890009
3011188,0.0004468586245731654
3011189,984.3996459373676
3011190,14.048741288637194
3011191,2049.1013916354154
3011192,1521.0624164162814
3011193,715.5203156336651
3011194,174.55485362677797
3011195,146.18948585830742
3011196,10930.68609371987
3011197,39.3652658566973
3011198,0.5016979746038571
3011199,33.853155449516784
3011200,68.67671022447558
3011201,0.058877058708507235
3011202,607.3004289212472
3011203,24.178167696811226
3011204,10.628101474092542
3011205,2.9420067079669145
3011206,82.15017701698063
3011207,8.33832674422868
3011208,874.8711272457101
3011209,872.4065346963346
3011210,17.585179259781444
3011211,24.87903396645085
3011212,834.169361044642
3011213,91.94999930103319
3011214,2042.764541057292
3011215,320.8119812686889
3011216,21.273843193421435
3011217,11.575736771001852
3011218,0.20318844337898478
3011219,12.651426826116142
3011220,7781.25378766293
3011221,0.0004468586245731654
3011222,1354.2596032037331
3011223,19.714383304675188
3011224,1620.3522837277694
3011225,2532.4967444626654
3011226,484.7429769234692
3011227,650.8374799725602
3011228,240.64771892982952
3011229,9916.285786454018
3011230,57.16125619979976
3011231,1.672326582012857
3011232,52.3306412810757
3011233,62.450148365493106
3011234,0.1471926467712681
3011235,469.2726715533241
3011236,14.969743945482547
3011237,25.283694033104364
3011238,12.614094120433307
3011239,168.11218403119028
3011240,24.159767233277975
3011241,744.3859890340706
3011242,537.5943460130848
3011243,18.83422002963508
3011244,30.640494463944734
3011245,931.3343335182174
3011246,203.44843120545144
3011247,7252.358608938294
3011248,285.0133759297137
3011249,70.69382181192435
3011250,5.708582517206392
3011251,0.4702361118199363
3011252,7.16214368195525
3011253,2156.0617449502734
3011254,0.0004468586245731654
3011255,390.03575963947395
3011256,18.560745790097315
3011257,817.4737473695128
3011258,622.1936561520283
3011259,240.62312777220697
3011260,120.36267162089946
3011261,68.38902861752109
3011262,3754.9730858419503
3011263,52.31753551994781
3011264,1.2709682023297713
3011265,28.92782926769419
3011266,19.23265463579912
3011267,0.10794127429892993
3011268,206.95376047730525
3011269,12.386639127444852
3011270,8.02701348174884
3011271,13.421703804973246
3011272,39.86063259709444
3011273,9.150779093666348
3011274,231.87706678620185
3011275,249.45915478304426
3011276,3.418427370125739
3011277,7.201825621867352
3011278,214.33542344455515
3011279,53.6420050620907
3011280,1552.0440599107303
3011281,1.4857742654301676
3011282,8.661321480857094
3011283,10.116876794382442
3011284,0.20318844337898478
3011285,15.583960875812176
3011286,5357.270457758485
3011287,0.0008937172491463308
3011288,681.4100830607549
3011289,24.45711530905088
3011290,1663.892917271305
3011291,1325.3222633144476
3011292,528.888289921216
3011293,157.5533847621886
3011294,113.67810649946558
3011295,8649.91075661991
3011296,101.50404717501894
3011297,1.6054335187323425
3011298,55.94034563866891
3011299,32.83575551036649
3011300,0.058877058708507235
3011301,445.1761863964476
3011302,16.768872618746073
3011303,7.859201353210538
3011304,3.615014778416862
3011305,86.07785134118761
3011306,12.015742641683381
3011307,541.8205230232616
3011308,561.5908275313194
3011309,13.213536565293722
3011310,24.58441382737446
3011311,388.9261317074222
3011312,79.23722707427886
3011313,2182.917433600464
3011314,319.0974878133076
3011315,16.889851194152612
3011316,7.548014661639565
3011317,0.20318844337898478
3011318,6.165343213853782
3011319,5424.794001618487
3011320,0.0017874344982926615
3011321,1013.6977663085258
3011322,7.408916482511221
3011323,1321.4866986767179
3011324,1886.3818443044327
3011325,281.2331225280125
3011326,498.6936534854683
3011327,194.53051874135613
3011328,6577.100451291146
3011329,37.89341703132793
3011330,1.9064523034946568
3011331,35.36724331700968
3011332,37.54917320886804
3011333,0.10794127429892993
3011334,320.1106660479313
3011335,2.5754398185776424
3011336,39.29600676605269
3011337,7.2684871608594355
3011338,103.95097607493844
3011339,13.768929290469925
3011340,599.779263183104
3011341,307.68171546673057
3011342,20.67491169047202
3011343,10.246233725656733
3011344,901.5020572112222
3011345,117.63392750495466
3011346,5383.736792213678
3011347,5.222721660299983
3011348,42.65002644769201
3011349,11.25859329782372
3011350,0.20318844337898478
3011351,9.285593316303792
3011352,5299.730814765263
3011353,0.0004468586245731654
3011354,1020.3090492313489
3011355,9.870009846944015
3011356,1472.024523385777
3011357,1436.9495091891768
3011358,403.490984548392
3011359,320.03333152491166
3011360,251.36314780907247
3011361,8184.088308932654
3011362,44.58363896482509
3011363,3.4449927589464853
3011364,52.00668922044091
3011365,44.60348291870593
3011366,0.07850274494467631
3011367,351.9623181036721
3011368,7.971599438454608
3011369,47.15520811926323
3011370,11.844942039919081
3011371,169.2886616742179
3011372,13.854450590410732
3011373,465.7231986210274
3011374,357.481120950825
3011375,15.15283670796121
3011376,26.384870232841298
3011377,465.60028452339
3011378,123.9810009245669
3011379,4846.552128832001
3011380,6.3933316876086
3011381,8.174065480725108
3011382,9.038588985576789
3011383,0.039186342651661356
3011384,3.922983222779509
3011385,2749.1728571572226
3011386,0.0004468586245731654
3011387,563.7459432924247
3011388,6.152733411081983
3011389,917.8469408232443
3011390,609.8185773965104
3011391,251.76554126996382
3011392,132.7273762496917
3011393,94.26750303035729
3011394,3964.948808835511
3011395,13.621291856600223
3011396,1.6054335187323425
3011397,29.588281990700906
3011398,22.67824422853186
3011399,0.029438529354253617
3011400,210.33343148486765
3011401,5.334839624196546
3011402,11.355287364425191
3011403,8.806791321887887
3011404,61.330660032783506
3011405,4.66091084677398
3011406,271.7538971519362
3011407,230.76037209999004
3011408,4.930424091527509
3011409,6.383436346655152
3011410,184.2975443823319
3011411,63.75745192787983
3011412,2036.4523486585547
3011413,0.45023462588792956
3011414,3.57728460056788
3011415,6.406298158198285
3011416,0.20318844337898478
3011417,1.5680641699974938
3011418,4445.728499961209
3011419,0.0004468586245731654
3011420,285.4549296628137
3011421,3.6403672682235064
3011422,1155.0684012628124
3011423,278.4290469147999
3011424,240.41265068540372
3011425,108.83355054709983
3011426,25.272193804141263
3011427,4776.267053906762
3011428,8.91137561541822
3011429,0.9365028859271998
3011430,23.34700375828744
3011431,9.898239193668603
3011432,0.019625686236169077
3011433,213.70602526494713
3011434,9.567622659358873
3011435,12.624755040497353
3011436,4.4226244629568
3011437,16.718924845911264
3011438,1.4538620989937185
3011439,49.65122505017739
3011440,179.49502302314667
3011441,0.1314779757740669
3011442,2.2914899705941574
3011443,60.80683185382377
3011444,81.82910793395567
3011445,645.9582036950483
3011446,48.06504761701363
3011447,2.5040992203975163
3011448,7.008870757236739
3011449,0.07837268530332271
3011450,7.020650942943324
3011451,4085.758238584364
3011452,0.0004468586245731654
3011453,600.646965074989
3011454,9.870009846944015
3011455,1159.2235362954414
3011456,1146.436457586756
3011457,376.64589824860514
3011458,255.7465273806832
3011459,111.39485638538233
3011460,6259.0324867676845
3011461,28.259497447092013
3011462,1.3378612656102855
3011463,28.583403172646186
3011464,55.92833886544119
3011465,0.06650927002257298
3011466,328.0294938323376
3011467,21.98321845143059
3011468,15.131060256537014
3011469,11.198854292287132
3011470,61.715746943891745
3011471,9.279061043577558
3011472,431.2285129287086
3011473,343.6349804081261
3011474,9.236327798128197
3011475,14.436386814743193
3011476,504.27759175721246
3011477,91.07974476406812
3011478,2535.3310365818843
3011479,48.06504761701363
3011480,32.641559452118834
3011481,5.29629600207482
3011482,0.07837268530332271
3011483,5.974451513590811
3011484,4321.910128619181
3011485,0.003574868996585323
3011486,733.2965025172186
3011487,13.63855906123173
3011488,886.8035341504645
3011489,1490.091317585269
3011490,200.20899609668888
3011491,378.76567851167476
3011492,158.79890144166126
3011493,4571.655529991491
3011494,30.50741201674706
3011495,3.0436343792633997
3011496,28.883578935252743
3011497,28.964041696174274
3011498,0.23550823483402894
3011499,225.9263329365634
3011500,13.122479075609892
3011501,35.016797488325956
3011502,9.960519442659226
3011503,111.32194267483443
3011504,16.291807638723732
3011505,432.078082903699
3011506,244.23187245231907
3011507,6.968332716025544
3011508,14.043559962641336
3011509,581.8470690060899
3011510,119.16661560738645
3011511,4709.957921672984
3011512,0.4952580884767225
3011513,36.222749284853045
3011514,4.598580361082928
3011515,0.666167825078243
3011516,11.085126904734759
3011517,5308.957810957254
3011518,0.0008937172491463308
3011519,943.202610201412
3011520,15.715106587471897
3011521,1102.0516380108422
3011522,1658.304180265966
3011523,311.2673337320908
3011524,455.1273895199581
3011525,118.67558919434514
3011526,6152.816333548792
3011527,31.925739066648458
3011528,3.879797670269828
3011529,39.27448162631742
3011530,51.594525276886074
3011531,0.06650927002257298
3011532,324.42423619875785
3011533,27.747298045390075
3011534,29.283216429933926
3011535,25.34048444462169
3011536,92.54306806586538
3011537,24.373570483129992
3011538,416.27444714487604
3011539,327.7385307357062
3011540,18.669872559917497
3011541,18.724746616855118
3011542,571.7310658041274
3011543,137.97053043433084
3011544,4539.850889393298
3011545,1.3957273402525816
3011546,35.04409351113311
3011547,11.702594160273106
3011548,0.39186342651661354
3011549,7.804683027942072
3011550,4418.4555699627035
3011551,0.0004468586245731654
3011552,592.0470456470483
3011553,11.792739037907134
3011554,1767.113736983928
3011555,927.7641669717361
3011556,580.0258343593457
3011557,354.9752140118392
3011558,78.35925809318951
3011559,9172.804710222415
3011560,9.607158696501925
3011561,1.2040751390492568
3011562,47.48655078418293
3011563,38.11857937378769
3011564,0.06650927002257298
3011565,394.34311534709497
3011566,10.884299233274561
3011567,4.866551727610796
3011568,8.31222653411724
3011569,35.800352587244134
3011570,4.27606499704035
3011571,335.31981402173733
3011572,457.8584763016051
3011573,7.4613751251782965
3011574,7.463710189935255
3011575,387.08527659093716
3011576,96.74254204129707
3011577,1538.9394385418937
3011578,121.28870586794936
3011579,15.090804883295254
3011580,4.3295903008783805
3011581,0.1608951568380497
3011582,3.195891802944286
3011583,2006.216160890341
3011584,0.0
3011585,328.5775228500045
3011586,10.19797589639127
3011587,501.4192011716398
3011588,656.3194716782518
3011589,120.49228257321445
3011590,119.32008156360644
3011591,80.68287866308727
3011592,2571.5452756160134
3011593,14.749124624287852
3011594,1.5717270197340718
3011595,21.721808846247974
3011596,19.778228433609666
3011597,0.00744430831122903
3011598,137.99107664191715
3011599,11.12722658969549
3011600,16.875539581057524
3011601,6.80163039578284
3011602,67.60318164175132
3011603,7.22562970552187
3011604,267.85534797172585
3011605,128.36291250814
3011606,3.41220513655829
3011607,7.294332919971051
3011608,262.08399275806687
3011609,53.874598005090064
3011610,2377.058160251741
3011611,47.8931838654067
3011612,19.99462792918421
3011613,1.1725973731545616
3011614,0.1608951568380497
3011615,2.2970472333662055
3011616,1431.0470573573402
3011617,0.0
3011618,101.98213532890514
3011619,3.660095458704812
3011620,767.7241403509937
3011621,277.52376873080266
3011622,238.7616793110088
3011623,45.23201937068682
3011624,22.629160550547375
3011625,3357.036771778189
3011626,4.192644563249338
3011627,0.38491273952671146
3011628,9.513686569719633
3011629,7.00287957432442
3011630,0.0010634726158898612
3011631,132.75892645992468
3011632,2.989404158425654
3011633,14.002630626643422
3011634,1.8583689605964042
3011635,10.9865157909474
3011636,0.4843997567947622
3011637,164.8704115317823
3011638,147.88376551574748
3011639,0.7921190495581745
3011640,3.4254158546576856
3011641,128.0836659063292
3011642,23.705201036353806
3011643,390.0248254212086
3011644,1.7846292347515516
3011645,1.3633776294175122
3011646,7.155850636173991
3011647,0.18617868148402897
3011648,4.707282301420021
3011649,5508.211562968988
3011650,0.0
3011651,746.1136307246481
3011652,11.008226036104547
3011653,1747.5182941046378
3011654,676.7728847450434
3011655,509.7799058022298
3011656,282.49452097874405
3011657,56.2301760461354
3011658,9281.929679258497
3011659,23.483800797723976
3011660,0.7377494174261969
3011661,25.80271467972072
3011662,18.72380089575724
3011663,0.0021269452317797225
3011664,395.31378159102445
3011665,9.715563514883375
3011666,2.0678740229288506
3011667,10.629870454611432
3011668,31.18941224120984
3011669,2.8660318943690095
3011670,577.4919109840655
3011671,342.28315500991
3011672,2.4677555005466205
3011673,13.581473388642754
3011674,369.93784132161375
3011675,89.31267804106567
3011676,2293.4965912531306
3011677,18.991631320949583
3011678,8.12679998711615
3011679,5.171455081604733
3011680,0.1608951568380497
3011681,0.9321351091920834
3011682,1716.6772678083846
3011683,0.0
3011684,198.78431859432908
3011685,9.443605076658217
3011686,997.4170918900076
3011687,393.7770909400867
3011688,201.29438171673976
3011689,58.95977909577639
3011690,26.735429556489173
3011691,3510.6431682312314
3011692,6.91287228583373
3011693,0.4169888011539374
3011694,14.682013431039003
3011695,16.893168968100948
3011696,0.004785626771504375
3011697,136.3938939547826
3011698,5.978808316851308
3011699,14.002630626643422
3011700,5.836765231441187
3011701,30.281808232745565
3011702,1.9375990271790489
3011703,141.39844289852914
3011704,153.28718801784638
3011705,1.492839747244252
3011706,6.069596514393443
3011707,139.9633233427815
3011708,27.651085698142836
3011709,535.4339921057978
3011710,3.7325578766045524
3011711,2.673289469446102
3011712,4.299523701566725
3011713,0.1608951568380497
3011714,3.900319621176589
3011715,1690.0660617764129
3011716,0.0
3011717,126.4651907291034
3011718,6.062906217854536
3011719,764.1180529147913
3011720,264.5828779570738
3011721,156.85434517262766
3011722,47.03497398895895
3011723,21.166449809210363
3011724,3551.7209596626876
3011725,11.704466072404404
3011726,0.06415212325445191
3011727,15.867232495651276
3011728,7.844306286057309
3011729,0.0005317363079449306
3011730,113.73711376433957
3011731,1.2179053978771182
3011732,14.002630626643422
3011733,3.0105577161661747
3011734,31.478544556547366
3011735,1.2109993919869053
3011736,142.63083043728852
3011737,161.14010463019233
3011738,0.4569917593604853
3011739,4.89774372201055
3011740,84.11926372856675
3011741,20.088140096380528
3011742,279.0379749177595
3011743,3.4059590624016542
3011744,1.5505078922787392
3011745,3.21712612634713
3011746,0.1608951568380497
3011747,2.3969188522082145
3011748,1745.0054351631334
3011749,0.0
3011750,166.0617606052241
3011751,8.01868241716245
3011752,1285.116999590371
3011753,364.4715559992376
3011754,249.19968079806918
3011755,37.482477590394325
3011756,29.112615595383307
3011757,3857.6343907721757
3011758,8.135726950114789
3011759,0.32076061627225955
3011760,12.20812227652834
3011761,18.332760758426073
3011762,0.0021269452317797225
3011763,160.0260725313423
3011764,0.8580697121406969
3011765,14.002630626643422
3011766,3.2335619914377434
3011767,15.90739926234727
3011768,2.5027320767729377
3011769,229.393767384491
3011770,220.44101116338925
3011771,1.0053818705930677
3011772,4.14655603458562
3011773,77.03748935654107
3011774,79.03726549825909
3011775,598.1504143996517
3011776,2.4028341330641805
3011777,3.608940783752238
3011778,3.5177921194636843
3011779,0.8067742864307922
3011780,3.661959357540328
3011781,1928.2929819048757
3011782,0.0
3011783,158.40490285550712
3011784,2.318991779179385
3011785,793.3909979851401
3011786,315.3040651280274
3011787,250.15570091761677
3011788,87.20606811537314
3011789,44.429268431333156
3011790,3387.099919036863
3011791,6.164185756682063
3011792,0.9943579104440046
3011793,13.039738235419916
3011794,15.341053982736124
3011795,0.002658681539724653
3011796,172.2478915176994
3011797,6.781518692724863
3011798,14.002630626643422
3011799,3.976909575676305
3011800,17.798667773213158
3011801,2.3816321375742477
3011802,113.9869285376487
3011803,157.3215855699764
3011804,0.8530512841395725
3011805,4.657363662034573
3011806,95.61036633618693
3011807,38.37402726655453
3011808,959.58332109948
3011809,3.2502862759615363
3011810,3.742605257224543
3011811,4.149190705008448
3011812,0.18617868148402897
3011813,1.4314932034021282
3011814,1481.1670469342275
3011815,0.0
3011816,163.193099427798
3011817,4.498285258408204
3011818,800.3923187441559
3011819,249.53151980775044
3011820,155.4293164814449
3011821,146.98824756334383
3011822,24.163138372279274
3011823,2661.4477309789645
3011824,4.042907257419005
3011825,0.35283667789948553
3011826,11.243447764214112
3011827,11.39451591754482
3011828,0.004253890463559445
3011829,128.93119553730912
3011830,8.637594217014865
3011831,14.002630626643422
3011832,3.1592272330138873
3011833,24.319382576688742
3011834,1.8568657343799218
3011835,49.91399258602975
3011836,116.15743328450887
3011837,0.8835174014302716
3011838,2.704275674729752
3011839,58.40602551885414
3011840,31.327932769355343
3011841,851.9456984670842
3011842,47.8931838654067
3011843,0.7485210514449085
3011844,7.636916225160476
3011845,0.6516253851941013
3011846,3.1942272759635864
3011847,3364.484145346265
3011848,0.0
3011849,349.9394169439367
3011850,5.587931998022614
3011851,1022.4541782733338
3011852,740.5473933688451
3011853,498.11503872941574
3011854,181.7821086177183
3011855,69.9522009465433
3011856,5818.429443381435
3011857,13.15192669543096
3011858,1.443422773225168
3011859,23.14852918532236
3011860,22.152085916431503
3011861,0.004253890463559445
3011862,234.45077091940476
3011863,0.4982340264042756
3011864,14.002630626643422
3011865,7.958279236858042
3011866,34.039247852437406
3011867,4.601797689550241
3011868,228.44332453401634
3011869,233.29412586276268
3011870,2.1021620930582325
3011871,7.752256934225289
3011872,323.356809056873
3011873,51.38617980011625
3011874,2171.412491787779
3011875,8.594752860575722
3011876,11.414946034534855
3011877,3.397525722217063
3011878,0.18617868148402897
3011879,4.169307181257733
3011880,2442.8665676182004
3011881,0.0
3011882,602.9010590270773
3011883,7.2363719374392845
3011884,518.5501463767624
3011885,638.9659757668569
3011886,208.52966924389438
3011887,166.91564071266737
3011888,39.10500489399364
3011889,3572.3755742863846
3011890,9.807793531886846
3011891,0.9302057871895526
3011892,25.029977130718667
3011893,15.934518353441584
3011894,0.003190417847669584
3011895,154.93315467834432
3011896,8.774454798341965
3011897,4.588037323600015
3011898,5.780642488831175
3011899,42.04634348693069
3011900,2.4623654303733744
3011901,98.15492509201547
3011902,136.02067711719704
3011903,3.7777985440466786
3011904,6.189786544381432
3011905,163.7554863604015
3011906,48.788352825509335
3011907,2722.342353213473
3011908,40.63598075780814
3011909,11.234204946872053
3011910,5.772787067837841
3011911,0.7136849456887777
3011912,3.328721056004158
3011913,2759.9356862235772
3011914,0.0
3011915,186.10381190579935
3011916,5.587931998022614
3011917,820.2669047772871
3011918,338.41514807782875
3011919,284.1415953752476
3011920,55.258977510902014
3011921,28.307044063598386
3011922,4377.555174695235
3011923,29.79772386023637
3011924,1.2509664034618122
3011925,13.705031002533177
3011926,16.09992451220751
3011927,0.0021269452317797225
3011928,149.6119575724478
3011929,7.335112055396281
3011930,14.002630626643422
3011931,4.534420263855226
3011932,39.82291854294454
3011933,3.3907982975633355
3011934,132.63297847928382
3011935,163.73926013882374
3011936,1.218644691627961
3011937,4.837648707016556
3011938,123.34593173506627
3011939,22.718729870906547
3011940,711.8819033796179
3011941,3.2502862759615363
3011942,3.4485434155854717
3011943,6.404185653382604
3011944,0.1608951568380497
3011945,7.470397089382269
3011946,2991.4953248185366
3011947,0.0
3011948,681.5496892420693
3011949,9.639182696589009
3011950,692.8681390085591
3011951,858.5786752005838
3011952,217.10209369046186
3011953,157.2770208956513
3011954,72.50165642482493
3011955,4353.058624835265
3011956,35.33800417595871
3011957,1.443422773225168
3011958,19.520022433486638
3011959,26.206446468775727
3011960,0.0021269452317797225
3011961,209.23093201462513
3011962,18.711455658293907
3011963,15.262436532868202
3011964,5.4264373649415
3011965,67.78987558141566
3011966,11.262294345478221
3011967,455.2743999079645
3011968,226.98654394128795
3011969,7.921190495581746
3011970,7.42173435175832
3011971,401.117216123002
3011972,94.33546006297757
3011973,2398.3576170007777
3011974,47.8931838654067
3011975,26.52082272104855
3011976,7.125784036862334
3011977,0.03102978024733816
3011978,5.682362206714169
3011979,4441.542640330964
3011980,0.0
3011981,553.2232701696796
3011982,6.705518397627137
3011983,1793.9193932907624
3011984,766.8310547906012
3011985,695.8419413551824
3011986,102.07253602042404
3011987,58.03902857411524
3011988,7653.458246519383
3011989,10.032399490632345
3011990,0.4811409244083893
3011991,21.721808846247974
3011992,13.620007307690292
3011993,0.0036039905316267522
3011994,285.51686552891334
3011995,1.9929361056171024
3011996,6.351593252245457
3011997,4.692381625505921
3011998,42.05761170825473
3011999,1.7761324415807944
3012000,329.8002298901363
3012001,345.44354076248254
3012002,3.7777985440466786
3012003,5.709026424429476
3012004,306.4087123494605
3012005,62.012895530512274
3012006,1637.0676687792675
3012007,45.023979386542415
3012008,11.55211243968674
3012009,9.621311779729735
3012010,0.46544670371007235
3012011,4.337424406308449
3012012,3728.0014887618227
3012013,0.0
3012014,484.2506919715579
3012015,6.00702689787431
3012016,1627.1360732186358
3012017,639.5302222867983
3012018,334.42806121784156
3012019,261.3967888666824
3012020,59.722484509854084
3012021,5649.815594242977
3012022,12.677758560301571
3012023,0.6094451709172931
3012024,37.5617643384476
3012025,26.76054241092944
3012026,0.004253890463559445
3012027,277.0388777623026
3012028,3.2938805078949334
3012029,3.259088581591734
3012030,11.856393968605058
3012031,67.57705985595466
3012032,2.583465369572065
3012033,106.95420357975428
3012034,259.84233521500977
3012035,2.4982216178373196
3012036,4.965050138803825
3012037,156.0521655433191
3012038,138.1233316316024
3012039,2150.932877393247
3012040,0.8523870150899818
3012041,6.095099990337113
3012042,4.26945710225507
3012043,0.18617868148402897
3012044,2.4967904710502236
3012045,1865.547334339702
3012046,0.0
3012047,159.28951202916275
3012048,7.37607023738985
3012049,670.5835741920722
3012050,299.50426551637577
3012051,145.1049199826165
3012052,49.723590524978796
3012053,35.99304711704939
3012054,3313.2845486813794
3012055,8.185639385391566
3012056,0.7698254790534229
3012057,22.40938892105953
3012058,16.082884446117948
3012059,0.0036039905316267522
3012060,140.78421613651452
3012061,1.051827389075693
3012062,14.002630626643422
3012063,4.645922401491011
3012064,78.5269539275989
3012065,3.1889650655655175
3012066,97.38566584209644
3012067,134.98865948876988
3012068,1.1881785743372617
3012069,5.528741379447492
3012070,137.2421091707066
3012071,25.917287892205234
3012072,786.2114615942712
3012073,3.0035426663302256
3012074,2.0049671020845765
3012075,1.9543289552576022
3012076,0.1608951568380497
3012077,1.6475488054970073
3012078,1446.687641508321
3012079,0.0
3012080,272.5390730040328
3012081,11.119984676065002
3012082,423.04642725210357
3012083,483.9476916647639
3012084,120.29813524147178
3012085,45.253941695383546
3012086,43.53947628572578
3012087,2269.664913280789
3012088,17.768826958532912
3012089,0.4490648627811633
3012090,12.607297936796297
3012091,13.768373400366658
3012092,0.004253890463559445
3012093,104.46593923624825
3012094,10.601312895157642
3012095,2.4196545722839833
3012096,3.0406632933278366
3012097,42.37875601599011
3012098,6.095363606334091
3012099,539.6472817792765
3012100,128.3265738592517
3012101,3.2598745501047954
3012102,5.34845633446551
3012103,276.032897101031
3012104,28.523305596684995
3012105,1205.0913243410187
3012106,47.8931838654067
3012107,6.380420188777543
3012108,2.5857275408023663
3012109,0.12411912098935264
3012110,4.855758108098475
3012111,3711.550639353547
3012112,0.0
3012113,791.4896995247339
3012114,14.19334727497744
3012115,875.6860136432647
3012116,1325.6049516223761
3012117,271.03628192444626
3012118,210.67354033553298
3012119,111.92297844257092
3012120,4548.094943287947
3012121,25.979422561562863
3012122,0.8660536639351007
3012123,19.916869569069696
3012124,28.354376178789398
3012125,0.0036039905316267522
3012126,213.82971664827113
3012127,10.545953558890501
3012128,34.55763068620971
3012129,11.224548522002282
3012130,69.76565575221191
3012131,16.106291913425842
3012132,368.3516856703769
3012133,240.4272680519437
3012134,14.989329707023918
3012135,8.563539636644215
3012136,472.35261501756554
3012137,99.16292127241996
3012138,3746.5135893166307
3012139,47.8931838654067
3012140,18.479220509422987
3012141,3.126926328412164
3012142,0.09308934074201448
3012143,3.631332061095445
3012144,2379.394146006655
3012145,0.0
3012146,421.38077572629004
3012147,6.174664857814988
3012148,372.4315443583367
3012149,641.0414580641083
3012150,154.26967028435655
3012151,122.85897112179215
3012152,78.02494250320214
3012153,2194.500589407022
3012154,17.419439911595465
3012155,1.1226621569529083
3012156,19.49307807641855
3012157,15.642780670218553
3012158,0.001595208923834792
3012159,93.19764294660938
3012160,8.637594217014865
3012161,23.296930561349633
3012162,5.166265710458004
3012163,209.56842895216965
3012164,12.109993919869055
3012165,203.61019677391272
3012166,97.05703190329763
3012167,4.630849828186252
3012168,6.43016660435741
3012169,166.41787832391813
3012170,35.35339286150298
3012171,1794.6553823687912
3012172,1.345874234352603
3012173,3.876269730696848
3012174,3.9988577084501706
3012175,0.1608951568380497
3012176,0.36619593575403275
3012177,988.8209165509561
3012178,0.0
3012179,234.07257574687512
3012180,4.861500838279674
3012181,309.15348909765777
3012182,237.0523124610431
3012183,81.16585294063896
3012184,32.507675764573094
3012185,23.344880436121063
3012186,1621.9838231672202
3012187,13.102014260154183
3012188,0.6735972941717451
3012189,10.77774282723483
3012190,9.19869774593462
3012191,0.006380835695339168
3012192,70.6973382756278
3012193,0.11071867253428348
3012194,7.1038576545260534
3012195,0.9291844802982021
3012196,17.63169322086589
3012197,0.2421998783973811
3012198,253.35690766539906
3012199,112.76609523011294
3012200,2.559153852418718
3012201,1.3220903298678788
3012202,132.42273127994858
3012203,20.476749949435504
3012204,529.4774845561241
3012205,0.897249489568402
3012206,2.0316999967790377
3012207,6.2237860575126716
3012208,0.2792680222260434
3012209,2.996148565260268
3012210,3312.263319727746
3012211,0.0
3012212,684.3945447552328
3012213,13.74631271513563
3012214,700.2906605235625
3012215,1072.7710796332622
3012216,286.5186326262295
3012217,225.17359224208144
3012218,93.67318092932686
3012219,4309.0516939608015
3012220,21.612084474844803
3012221,2.790617361568658
3012222,22.952600465407507
3012223,25.082389695350436
3012224,0.003722154155614515
3012225,199.04200797600822
3012226,5.563613294847745
3012227,35.36418221030437
3012228,10.332531420916007
3012229,142.30226956638307
3012230,4.924730860746749
3012231,268.2143395722767
3012232,215.76274658799431
3012233,9.566360829279493
3012234,8.443349606656225
3012235,350.76526619129555
3012236,71.58145640453294
3012237,2819.290542632666
3012238,1.9290864025720642
3012239,13.060248758033705
3012240,6.374119054070949
3012241,0.1608951568380497
3012242,3.5977086160853022
3012243,3879.263532273229
3012244,0.0
3012245,700.4827625568051
3012246,13.494855775224613
3012247,1145.1890337433824
3012248,926.1016705090628
3012249,371.02560895488335
3012250,236.72477830085325
3012251,50.62382694284695
3012252,6601.505147780586
3012253,10.85595467269918
3012254,0.8019015406806489
3012255,33.0933254681314
3012256,17.655565028487416
3012257,0.012761671390678336
3012258,229.25310711834624
3012259,8.637594217014865
3012260,5.514330727810267
3012261,6.244119707603918
3012262,41.78871097211266
3012263,1.6550325023821042
3012264,184.37341123287376
3012265,279.0436772875773
3012266,4.600383710895552
3012267,4.176603542082617
3012268,195.89280144875278
3012269,73.09192323679868
3012270,2522.5589118452167
3012271,4.172210126493069
3012272,2.967351311085173
3012273,5.893053465084463
3012274,0.4033871432153961
3012275,3.160603830953443
3012276,3602.6380491758773
3012277,0.0
3012278,735.0636649302664
3012279,9.650917353784857
3012280,912.1178491530319
3012281,783.3386294487295
3012282,272.5297700368845
3012283,215.1525844471411
3012284,54.93252377319965
3012285,5139.222881120062
3012286,12.977233171962238
3012287,1.2509664034618122
3012288,25.0971717001971
3012289,17.539516302532636
3012290,0.0005317363079449306
3012291,205.6134650712859
3012292,8.637594217014865
3012293,6.230610523631257
3012294,5.872445915484637
3012295,80.08939525255391
3012296,1.8972323807794853
3012297,109.05552984798945
3012298,216.79395669089064
3012299,4.722248180058348
3012300,4.14655603458562
3012301,172.50794889169262
3012302,58.05015123949991
3012303,1910.1556821362087
3012304,2.826335892140466
3012305,5.587174991142354
3012306,10.463176560456088
3012307,1.0239827481621593
3012308,15.042663229983386
3012309,8278.236746116956
3012310,0.0
3012311,1298.771759344622
3012312,40.34486902572327
3012313,1609.7886917214303
3012314,2170.9775072929046
3012315,349.9292843154978
3012316,447.9357287675231
3012317,230.88272198002107
3012318,8946.527352486506
3012319,60.94308347294574
3012320,2.5981609918053024
3012321,57.45135690406566
3012322,49.56720190059448
3012323,0.006380835695339168
3012324,440.4672633977246
3012325,35.26389720216929
3012326,53.66669756476014
3012327,24.41450805673132
3012328,178.42101644498584
3012329,34.91714913562244
3012330,679.982357909799
3012331,491.77874148523534
3012332,16.81729674446586
3012333,22.05487050279598
3012334,994.9828189924806
3012335,216.24302858387549
3012336,7956.342016949014
3012337,1.5701866067447035
3012338,65.06364202262087
3012339,2.856326934607265
3012340,0.43441692346273425
3012341,0.9321351091920834
3012342,1774.8601669094771
3012343,0.0
3012344,171.26532441732547
3012345,3.9953713785861686
3012346,595.5220471795471
3012347,273.6927531433676
3012348,112.76102111992289
3012349,136.23378141926443
3012350,33.282161291274406
3012351,2834.034845383522
3012352,4.2425569985261165
3012353,0.25660849301780764
3012354,12.834162770381921
3012355,7.80405647477679
3012356,0.004785626771504375
3012357,144.47631778486
3012358,0.41519502200356306
3012359,14.002630626643422
3012360,3.605235783557024
3012361,30.3921855825334
3012362,1.009166159989088
3012363,63.878087540164046
3012364,76.41021913050733
3012365,2.0412298584768345
3012366,4.176603542082617
3012367,97.08191101301732
3012368,19.400599587129406
3012369,927.5077395751821
3012370,0.0897249489568402
3012371,3.9030026253913093
3012372,7.666982824472133
3012373,0.18617868148402897
3012374,2.5966620898922326
3012375,4039.0952862017125
3012376,0.0
3012377,614.8266548794422
3012378,8.409837657024033
3012379,1283.4859884701975
3012380,692.7709331339718
3012381,242.394693581177
3012382,300.0812362025915
3012383,59.08145940089282
3012384,6050.330751180466
3012385,10.60639249631529
3012386,0.25660849301780764
3012387,23.65115787087643
3012388,18.849251037485573
3012389,0.001595208923834792
3012390,235.47146485062865
3012391,1.1071867253428347
3012392,6.011910975751744
3012393,11.484720176485778
3012394,13.374354327888977
3012395,1.9375990271790489
3012396,346.84207677690273
3012397,241.8442061834097
3012398,3.6559340748838824
3012399,6.249881559375427
3012400,122.64981653375644
3012401,59.30204293458373
3012402,2171.299986278031
3012403,2.557161045269946
3012404,4.838653939697445
3012405,1.3830635683361494
3012406,0.1608951568380497
3012407,1.0985878072620983
3012408,1185.8620228425652
3012409,0.0
3012410,126.58557739108211
3012411,2.9336642989618724
3012412,628.0336708338873
3012413,154.5174293480379
3012414,88.18757929383767
3012415,193.32358621841013
3012416,12.95286571621107
3012417,2253.327522127771
3012418,1.4474606230265574
3012419,0.28868455464503356
3012420,9.447157293008306
3012421,3.789945733713082
3012422,0.0010634726158898612
3012423,70.38618876406709
3012424,8.637594217014865
3012425,14.002630626643422
3012426,0.446008550543137
3012427,25.374241750183206
3012428,0.36329981759607166
3012429,66.54898049173052
3012430,63.42305519301273
3012431,0.5483901112325824
3012432,1.0817102698919008
3012433,51.646641992681474
3012434,10.01417698257065
3012435,337.1354979462628
3012436,47.8931838654067
3012437,1.7643710498344272
3012438,6.6447184478758485
3012439,0.1608951568380497
3012440,2.3636283125942117
3012441,2497.016625571769
3012442,0.0
3012443,246.7061914980043
3012444,7.739285817261321
3012445,868.524078379104
3012446,409.64955186829684
3012447,173.91992509883727
3012448,177.9864146845138
3012449,43.576133638865386
3012450,3861.9039739114014
3012451,2.869965028414726
3012452,0.6415212325445191
3012453,28.308207240669258
3012454,15.336059480606425
3012455,0.004253890463559445
3012456,181.05349990318257
3012457,8.637594217014865
3012458,14.002630626643422
3012459,14.235106238168456
3012460,24.790086912906958
3012461,1.6953991487816678
3012462,238.16655624881696
3012463,183.45903360219745
3012464,1.584238099116349
3012465,3.725890929627658
3012466,190.09056630901068
3012467,25.05038898923643
3012468,2022.7845317467586
3012469,47.8931838654067
3012470,0.7485210514449085
3012471,3.3073259242820963
3012472,0.37235736296805794
3012473,1.8642702183841668
3012474,2671.7199818709255
3012475,0.0
3012476,724.1503812300097
3012477,7.152552957468946
3012478,799.895758575802
3012479,586.5867350966583
3012480,218.00326308683879
3012481,113.30146390615398
3012482,44.796576445214754
3012483,5129.826100842799
3012484,5.665061403914285
3012485,4.073659826657696
3012486,30.237556265297716
3012487,33.41321924768906
3012488,0.0021269452317797225
3012489,164.24653641892195
3012490,1.467022411079256
3012491,5.463766151492026
3012492,3.642403162768952
3012493,25.050792578995175
3012494,2.9467651871681366
3012495,159.3386503738732
3012496,218.00282241057408
3012497,3.077077846360601
3012498,5.709026424429476
3012499,129.7684779566856
3012500,26.92061874666195
3012501,1032.3307689952521
3012502,5.024597141583051
3012503,2.539624995973797
3012504,3.6681251160219617
3012505,0.1608951568380497
3012506,0.5992297130520536
3012507,1619.6503138897147
3012508,0.0
3012509,111.94695836628006
3012510,2.5983883790805153
3012511,406.5992989369728
3012512,169.63696354746548
3012513,89.56729014818475
3012514,139.77642909025528
3012515,35.90448629042085
3012516,2445.120718047482
3012517,5.615148968637508
3012518,0.4490648627811633
3012519,9.58021584643096
3012520,7.579891467426164
3012521,0.003190417847669584
3012522,81.09832782088326
3012523,8.637594217014865
3012524,14.002630626643422
3012525,0.40884117133120895
3012526,36.26369718018028
3012527,0.8476995743908339
3012528,179.18933974315064
3012529,73.29155553036199
3012530,0.9444496360116696
3012531,1.231947807376887
3012532,49.89029969039374
3012533,17.57712258433296
3012534,610.6434593728782
3012535,0.0897249489568402
3012536,0.6148565779726035
3012537,4.389723499501692
3012538,0.1608951568380497
3012539,0.9321351091920834
3012540,4040.8673948556893
3012541,0.0
3012542,563.937350525944
3012543,8.773053236895503
3012544,774.7005950412826
3012545,610.5440383174898
3012546,207.81539960811594
3012547,129.1484860772827
3012548,65.45719030334234
3012549,5020.945744572878
3012550,5.78984249210623
3012551,0.4169888011539374
3012552,28.308207240669258
3012553,9.349707986797297
3012554,0.002658681539724653
3012555,178.24466138442872
3012556,8.637594217014865
3012557,24.539019908455412
3012558,3.419398887497384
3012559,47.83462390434311
3012560,1.170632745587342
3012561,216.70334952991738
3012562,190.95502392990738
3012563,2.406823265965223
3012564,3.154988287184711
3012565,109.2880287186475
3012566,40.22201658315906
3012567,2131.151989344551
3012568,1.2561492853957628
3012569,1.0693157877784407
3012570,3.397525722217063
3012571,0.1608951568380497
3012572,6.993676562109746
3012573,2854.820212537978
3012574,0.0
3012575,539.6586750163888
3012576,6.062906217854536
3012577,751.110054145839
3012578,855.2159214309697
3012579,153.09771080886117
3012580,116.65808499328978
3012581,74.58438166914317
3012582,3959.376356163879
3012583,44.07268034939483
3012584,1.4754988348523939
3012585,31.36855396939026
3012586,25.6309035468886
3012587,0.004253890463559445
3012588,193.93544998726773
3012589,18.323940304423914
3012590,21.497700238369237
3012591,1.8583689605964042
3012592,87.68212765744923
3012593,11.58522751667473
3012594,200.2893107692818
3012595,230.5969905897214
3012596,11.638056805047027
3012597,13.130760776187797
3012598,218.02542208537352
3012599,60.09543472940777
3012600,2533.1835898771274
3012601,47.8931838654067
3012602,9.478522020981089
3012603,5.38192127678632
3012604,0.1608951568380497
3012605,7.70809154222625
3012606,2913.8571250585455
3012607,0.0
3012608,478.73282958625845
3012609,10.868527736153984
3012610,973.3030948743216
3012611,777.4910380634751
3012612,140.0032980236214
3012613,85.74760717090668
3012614,73.8237248987125
3012615,4308.591576685042
3012616,22.186077480527747
3012617,1.0905860953256823
3012618,41.391854798718654
3012619,58.307874421811384
3012620,0.0036039905316267522
3012621,271.60727276520714
3012622,18.323940304423914
3012623,16.937582005987885
3012624,10.44403355855179
3012625,81.36936275659016
3012626,14.612725996641993
3012627,151.19029170303452
3012628,375.2304658437949
3012629,7.372800384349163
3012630,9.28467981657215
3012631,114.76660704376494
3012632,72.17836203561737
3012633,2097.3882946362914
3012634,3.5441354837951877
3012635,12.506369926225616
3012636,8.448714406575172
3012637,0.2792680222260434
3012638,3.096020184102277
3012639,4449.881286511168
3012640,0.0
3012641,720.5840095088505
3012642,5.615871658012726
3012643,1945.7381609617553
3012644,683.577931009393
3012645,195.74723637905922
3012646,437.20067953960364
3012647,47.25760468365199
3012648,6833.626493168413
3012649,23.40893214480881
3012650,1.6358791429885238
3012651,24.549303106479336
3012652,15.341053982736124
3012653,0.0010634726158898612
3012654,292.6697012400849
3012655,4.622504578306335
3012656,13.771246849667035
3012657,8.436995081107675
3012658,40.45393893709127
3012659,4.48069775035155
3012660,148.5534234250026
3012661,269.9288674456887
3012662,6.519749100209591
3012663,9.194537294081156
3012664,205.43962534955622
3012665,48.464013123322644
3012666,2601.7300894583245
3012667,6.158720496397511
3012668,13.016192960943682
3012669,3.788391513268583
3012670,0.37235736296805794
3012671,5.009893306511309
3012672,2583.0356792458992
3012673,0.0
3012674,379.76738739051103
3012675,6.258483837785328
3012676,651.0771582173375
3012677,761.3363043664126
3012678,193.47607183799815
3012679,130.84496083274217
3012680,60.9668983317409
3012681,3790.4672455439977
3012682,20.638791986947638
3012683,1.5717270197340718
3012684,14.80276406827006
3012685,10.66473101812286
3012686,0.0021269452317797225
3012687,193.7311053121815
3012688,16.386363535073954
3012689,20.691148714274576
3012690,2.230042752715685
3012691,71.55448588740465
3012692,9.284328671899608
3012693,345.0949279721805
3012694,211.3366991534017
3012695,5.636231698779318
3012696,8.473397114153224
3012697,332.892338072975
3012698,45.44738420970574
3012699,2298.2517858490564
3012700,0.0448624744784201
3012701,20.228567552141097
3012702,3.397525722217063
3012703,0.21720846173136713
3012704,2.929567486032262
3012705,5579.179708424634
3012706,0.0
3012707,468.2076727436176
3012708,8.717173916915277
3012709,1835.010318126701
3012710,645.7755072976606
3012711,267.4782888499905
3012712,169.69914959701734
3012713,47.73855716937989
3012714,7493.998735761992
3012715,8.460157779413844
3012716,2.3415524987874945
3012717,28.82647030625049
3012718,20.271802761721137
3012719,0.003722154155614515
3012720,362.7532334072988
3012721,8.637594217014865
3012722,0.15510606232589635
3012723,9.031673148498525
3012724,32.44735549447636
3012725,2.6238320159716286
3012726,125.87860883483151
3012727,274.10485114089454
3012728,3.016145611779203
3012729,9.04429975659617
3012730,161.0309847998009
3012731,52.073720309367374
3012732,1845.3846456932956
3012733,47.8931838654067
3012734,4.811921045002984
3012735,6.825118043745781
3012736,0.03102978024733816
3012737,8.38721855035191
3012738,2746.333396727449
3012739,0.0
3012740,527.8229162938205
3012741,9.220087796737312
3012742,1019.935093270054
3012743,751.7644467353336
3012744,222.9334492458969
3012745,126.05336700617217
3012746,93.33436184403622
3012747,4421.445315597918
3012748,33.09194458850371
3012749,1.4754988348523939
3012750,25.547242257149225
3012751,31.582881114275683
3012752,0.001595208923834792
3012753,213.15671749795584
3012754,16.718519552676806
3012755,18.79885475389864
3012756,10.210622417100883
3012757,115.25751400490967
3012758,14.37052611824461
3012759,208.0723393573566
3012760,399.0266281869029
3012761,12.155980798988908
3012762,7.890475468711476
3012763,176.19580363013748
3012764,56.6526504815691
3012765,2185.0698208224217
3012766,0.897249489568402
3012767,5.544028099105493
3012768,3.3073259242820963
3012769,0.1608951568380497
3012770,4.640035411399735
3012771,2831.666959832195
3012772,0.0
3012773,483.4389313610323
3012774,7.934863437192112
3012775,572.1575845212029
3012776,826.9772818706989
3012777,164.83548762625054
3012778,123.23478240230745
3012779,76.30703243920969
3012780,3262.2282572740205
3012781,23.40893214480881
3012782,1.0585100336984565
3012783,26.91109242973141
3012784,19.43595814060379
3012785,0.0010634726158898612
3012786,169.4650464651719
3012787,13.67375605798401
3012788,34.2784397740231
3012789,5.314935227305716
3012790,54.359948434724
3012791,12.02926062706993
3012792,212.67425623705836
3012793,204.80731688612002
3012794,8.195385551198036
3012795,7.842399456716281
3012796,196.51317002668472
3012797,48.66044045750913
3012798,2438.4144242522793
3012799,0.2243123723921005
3012800,11.709248472226179
3012801,5.562320872656253
3012802,0.09308934074201448
3012803,3.8617025952243456
3012804,5666.748740999695
3012805,0.0
3012806,619.7857872093493
3012807,14.025709315036762
3012808,1043.7887577702922
3012809,719.4549793412084
3012810,287.31173294957983
3012811,216.60760045486947
3012812,47.543941478741054
3012813,6267.632153410434
3012814,7.686515032623788
3012815,0.12830424650890382
3012816,16.79864236960984
3012817,17.392619181070888
3012818,0.0021269452317797225
3012819,206.31194296572406
3012820,8.637594217014865
3012821,7.7642992679097205
3012822,1.4495277892651952
3012823,65.51343877801865
3012824,4.117397932755479
3012825,192.33559193795497
3012826,255.32073059259983
3012827,3.3208067846861935
3012828,2.433848107256777
3012829,222.47234475025508
3012830,123.48897150819981
3012831,2029.3257826899135
3012832,3.4544105348383476
3012833,0.7217881567504475
3012834,13.740435885426526
3012835,0.1608951568380497
3012836,16.77809906006136
3012837,10190.581366307339
3012838,0.0
3012839,1745.2334080204275
3012840,22.770822891942153
3012841,2101.250301044891
3012842,2631.971100333765
3012843,564.8138861726284
3012844,573.8638253468569
3012845,295.5041380750355
3012846,11465.805594424888
3012847,70.10201534623447
3012848,4.715181059202215
3012849,121.31979519332228
3012850,108.03108106539825
3012851,0.004785626771504375
3012852,608.1686145752824
3012853,25.70776857573528
3012854,25.778627558563976
3012855,36.166833363542985
3012856,273.6333890981697
3012857,32.01075059485387
3012858,815.6205224472872
3012859,556.0728475508591
3012860,36.80306968716442
3012861,32.63159314173901
3012862,1037.1595953825415
3012863,265.1207622734488
3012864,9593.359882632056
3012865,320.41855971875117
3012866,74.42844233630461
3012867,15.273832450320953
3012868,0.1608951568380497
3012869,14.63518702510799
3012870,9462.4354145397
3012871,0.0
3012872,1324.801110250131
3012873,21.988512412218984
3012874,2234.2446934833742
3012875,2325.615739817443
3012876,724.1194458869176
3012877,357.20862212978875
3012878,219.4451381454723
3012879,13186.867515235506
3012880,112.07837341400463
3012881,1.8924876360063312
3012882,71.51897246467557
3012883,73.29931325546855
3012884,0.013825144006568197
3012885,573.3885846813009
3012886,21.582114040426543
3012887,34.61967311114007
3012888,4.793105223170246
3012889,182.77234254764286
3012890,24.90622082853069
3012891,1076.4744621975187
3012892,695.3583503892853
3012893,22.301197856791685
3012894,26.982661732303523
3012895,1140.0294105463693
3012896,223.03503321903057
3012897,6558.178329653858
3012898,559.1874158867778
3012899,70.82327075703982
3012900,11.305041341182438
3012901,0.1608951568380497
3012902,20.23798484214469
3012903,6193.134330501871
3012904,0.0
3012905,999.8338418021902
3012906,12.405209035610202
3012907,2082.166608238514
3012908,1689.2141403913483
3012909,837.1161756296917
3012910,141.5555823274281
3012911,171.17804292812258
3012912,11207.91925150996
3012913,38.257881639650215
3012914,2.886845546450336
3012915,44.27523365138752
3012916,21.905886340861613
3012917,0.00744430831122903
3012918,555.7331018094344
3012919,25.18849800154949
3012920,24.81696997214342
3012921,9.553503152633995
3012922,104.53989895010432
3012923,12.715493615862508
3012924,962.1730540506603
3012925,694.2329289744565
3012926,22.392596208663782
3012927,39.99623722925303
3012928,721.8381751643105
3012929,123.56639526558818
3012930,2993.2882314790522
3012931,351.46563518154176
3012932,39.73403724955488
3012933,15.784964638619096
3012934,0.1608951568380497
3012935,21.12084995270805
3012936,9026.456018355711
3012937,0.0
3012938,1266.745134034347
3012939,18.272537633533947
3012940,2028.6083947607374
3012941,2214.829060362568
3012942,680.4706060066125
3012943,329.0227760911415
3012944,170.56439438515648
3012945,12326.747227105343
3012946,41.15280288570333
3012947,1.8283355127518792
3012948,70.08393596601226
3012949,69.01403042818646
3012950,0.010634726158898612
3012951,552.4599839533311
3012952,25.381978881803157
3012953,27.36070939428812
3012954,8.078329871712569
3012955,173.5726081243747
3012956,17.80169106220751
3012957,846.0699012403046
3012958,682.1184309606347
3012959,21.295815986198615
3012960,28.3347995696684
3012961,1018.1743126183815
3012962,202.80062545578133
3012963,5823.95238114905
3012964,415.61493606297944
3012965,56.580893515915086
3012966,12.2070393205321
3012967,0.1608951568380497
3012968,22.20745316570911
3012969,5108.594591698585
3012970,0.0
3012971,901.8171500021085
3012972,15.310933674581962
3012973,1862.7689703586557
3012974,1323.2241721884736
3012975,635.5987233794472
3012976,113.18183064852329
3012977,132.19335984205014
3012978,9695.164569940449
3012979,36.710596146070095
3012980,0.4811409244083893
3012981,33.763607930998
3012982,65.05838474146452
3012983,0.003190417847669584
3012984,525.1151148442862
3012985,20.807913722730564
3012986,11.788060736768125
3012987,2.8711800441214446
3012988,102.0747194395295
3012989,7.871496047914885
3012990,851.1012837762607
3012991,763.4157946038503
3012992,16.299372750523975
3012993,23.064466754695083
3012994,780.7890251004926
3012995,86.32716768918652
3012996,2137.0541814829753
3012997,319.66487014751374
3012998,19.077422346970017
3012999,10.974308748754227
3013000,0.1608951568380497
3013001,12.054504394230479
3013002,6721.759394587802
3013003,0.0
3013004,1251.826119894373
3013005,21.485598532396953
3013006,1487.0086713510411
3013007,2221.775841046871
3013008,438.7230607577296
3013009,422.0047504119677
3013010,217.60819744925405
3013011,8797.313197987274
3013012,53.30648087559873
3013013,1.6038030813612978
3013014,53.23606193163604
3013015,58.58550998137408
3013016,0.007976044619173958
3013017,413.42247727501535
3013018,13.128466595752663
3013019,28.043176068522065
3013020,12.43471838914266
3013021,201.00330026619682
3013022,22.807155215753387
3013023,724.1613663563334
3013024,483.26203888653015
3013025,17.45708520757054
3013026,28.12446701718942
3013027,871.736196831365
3013028,191.00736237392871
3013029,7587.111964859076
3013030,286.5527749844814
3013031,63.39502852237674
3013032,5.411987876097975
3013033,0.37235736296805794
3013034,6.757313730850325
3013035,1894.883866024156
3013036,0.0
3013037,354.0067065911143
3013038,20.22831383284186
3013039,729.9256860028236
3013040,545.8545353370264
3013041,215.76267970494598
3013042,78.04347592034311
3013043,61.84148891560307
3013044,3150.480501787381
3013045,48.78940548305034
3013046,1.2188903418345862
3013047,29.43122143155644
3013048,18.399745845812628
3013049,0.005849099387394237
3013050,177.24326953208572
3013051,11.18258592596263
3013052,8.903087977506452
3013053,12.971415344962903
3013054,47.64613729310448
3013055,8.638462329506591
3013056,225.57707423871082
3013057,216.37969609356423
3013058,3.168476198232698
3013059,6.610451649339394
3013060,202.6258235704819
3013061,50.361744441332085
3013062,1623.6830928939723
3013063,1.4804616577878633
3013064,7.767082161454063
3013065,9.59124518041808
3013066,0.1608951568380497
3013067,14.703099725920556
3013068,4793.874934253713
3013069,0.0
3013070,641.2706380675157
3013071,26.654435630567868
3013072,1485.6968593579952
3013073,1182.2552377098305
3013074,469.9741370569182
3013075,102.15803308674127
3013076,102.79460763144066
3013077,7842.247064431352
3013078,94.65893350240917
3013079,1.5396509581068458
3013080,56.350297374493216
3013081,31.105759263767926
3013082,0.003190417847669584
3013083,384.89735038266423
3013084,15.138840892293915
3013085,8.716960702715376
3013086,3.49373364592124
3013087,103.89914691026864
3013088,11.343027638277349
3013089,527.0995102709674
3013090,491.4705359076275
3013091,12.247379150861006
3013092,22.56567813024493
3013093,364.0378913361847
3013094,74.39179381038409
3013095,2261.5046177689064
3013096,317.95650711937543
3013097,15.146056200506573
3013098,7.155850636173991
3013099,0.1608951568380497
3013100,5.759263353222515
3013101,4773.4282139758125
3013102,0.0
3013103,945.5420953272845
3013104,8.074561737142677
3013105,1147.7801795988917
3013106,1654.9350429882913
3013107,256.8905618859671
3013108,323.3542892767025
3013109,175.9062405429169
3013110,5873.311339969967
3013111,35.33800417595871
3013112,1.8283355127518792
3013113,36.33895623249343
3013114,35.5708441677192
3013115,0.005849099387394237
3013116,276.7416257475362
3013117,2.325092123219953
3013118,43.58480351357688
3013119,7.024634671054407
3013120,125.47266882703809
3013121,12.998060140659453
3013122,583.4835382950658
3013123,269.26454310897554
3013124,19.163187775849686
3013125,9.404869846560137
3013126,843.8129536363651
3013127,110.44049878033798
3013128,5632.238563260482
3013129,5.204047039496731
3013130,38.24661864122744
3013131,10.673642755637674
3013132,0.1608951568380497
3013133,8.760738404821025
3013134,4908.7859520205575
3013135,0.0
3013136,934.7140693280171
3013137,10.756769096193532
3013138,1314.0448645232843
3013139,1229.645666011877
3013140,365.1848673553206
3013141,207.51046205786255
3013142,227.29773522537425
3013143,7314.362260824537
3013144,41.577058585555946
3013145,3.303834347604273
3013146,51.36060162114376
3013147,42.25348801725701
3013148,0.004253890463559445
3013149,307.1758569217378
3013150,7.196713714728427
3013151,52.30176421629226
3013152,11.44755279727385
3013153,204.33766939435847
3013154,13.07879343345858
3013155,453.0697149403344
3013156,315.664421761302
3013157,14.04488007101225
3013158,24.21829104257978
3013159,435.8054961216376
3013160,116.39944250622756
3013161,5021.0327935002315
3013162,6.370471375935654
3013163,7.330132973613491
3013164,8.568980803821795
3013165,0.03102978024733816
3013166,3.628668817926325
3013167,2353.450869662065
3013168,0.0
3013169,507.2302354570336
3013170,6.705518397627137
3013171,849.5543127651607
3013172,544.2218983476886
3013173,225.79225390506414
3013174,86.06078323800277
3013175,85.24236798795354
3013176,3538.1806589896087
3013177,12.70271477793996
3013178,1.5396509581068458
3013179,30.103167126340836
3013180,21.696117251414236
3013181,0.001595208923834792
3013182,178.37359927135336
3013183,4.816262255241331
3013184,12.594612260862785
3013185,8.51132983953153
3013186,71.9132762981999
3013187,4.399964457552423
3013188,264.37046958603804
3013189,201.89753322328806
3013190,4.5699175936048535
3013191,5.859263961914462
3013192,172.50393832073962
3013193,59.858621923355315
3013194,2089.0826583561634
3013195,0.448624744784201
3013196,3.2079473633353226
3013197,6.073453060954395
3013198,0.1608951568380497
3013199,1.4794315804462923
3013200,4015.34280690831
3013201,0.0
3013202,254.24366026526172
3013203,3.967431718596056
3013204,1005.4620263293712
3013205,246.59396929799695
3013206,219.6609312038138
3013207,64.21048903670928
3013208,22.852643539542413
3013209,4362.853723473571
3013210,8.31042047358351
3013211,0.8981297255623266
3013212,23.28524684896414
3013213,9.283898076382433
3013214,0.0010634726158898612
3013215,186.5123851717631
3013216,8.637594217014865
3013217,14.002630626643422
3013218,4.27424860937173
3013219,20.583967207766626
3013220,1.3724659775851595
3013221,48.30222425365476
3013222,155.61662999917365
3013223,0.1218644691627961
3013224,2.103325524789807
3013225,56.915668663663396
3013226,76.82517864240766
3013227,1003.8200057795459
3013228,47.8931838654067
3013229,2.2455631543347256
3013230,6.6447184478758485
3013231,0.06205956049467632
3013232,6.623818666998173
3013233,3688.9602591287817
3013234,0.0
3013235,571.0224041556145
3013236,10.756769096193532
3013237,1025.665707170042
3013238,1005.776149695327
3013239,344.0157821353301
3013240,165.8267275273743
3013241,100.72995501864635
3013242,5593.882822662127
3013243,26.353765826138698
3013244,1.2830424650890382
3013245,28.792873021511266
3013246,52.98167859185134
3013247,0.0036039905316267522
3013248,280.98679629608347
3013249,19.84632205177031
3013250,16.782475943661986
3013251,10.71907216472006
3013252,75.2307430943755
3013253,8.759562268705283
3013254,419.5122338875328
3013255,295.3820721781023
3013256,8.560978958686425
3013257,13.250950806175785
3013258,472.00775721977976
3013259,85.51013006095444
3013260,2626.6054586158853
3013261,47.8931838654067
3013262,29.271477187740416
3013263,5.021122085046455
3013264,0.06205956049467632
3013265,5.6367541674429855
3013266,3901.322464753191
3013267,0.0
3013268,665.7813278601554
3013269,14.863899114740153
3013270,799.02899846589
3013271,1307.2667902153974
3013272,184.5573964590875
3013273,245.59267181674585
3013274,143.5955547524547
3013275,4112.197501449872
3013276,28.450088107763367
3013277,2.9189216080775617
3013278,29.095248584164242
3013279,27.17420470496572
3013280,0.012761671390678336
3013281,191.70052661390702
3013282,11.846897961168333
3013283,38.838558006404455
3013284,9.722614728048267
3013285,131.8102750339979
3013286,15.3796922782337
3013287,420.3387214396463
3013288,221.49133270384905
3013289,6.458816865628192
3013290,12.890380716211817
3013291,544.6133926543622
3013292,111.87946151921386
3013293,4879.521059938651
3013294,0.49348721926262107
3013295,32.482926587013615
3013296,4.3596569001900365
3013297,0.5275062642047487
3013298,10.458555925135178
3013299,4751.355417641639
3013300,0.0
3013301,856.3612182867535
3013302,17.12701157393931
3013303,975.0807650529056
3013304,1479.0883775438335
3013305,279.1555686924871
3013306,295.10580802463613
3013307,107.31363322558593
3013308,5703.517794739666
3013309,29.77276764259798
3013310,3.7208231487582104
3013311,39.17443400593015
3013312,48.87619784123843
3013313,0.0036039905316267522
3013314,283.14193774340293
3013315,25.050099660881635
3013316,32.4792094510427
3013317,24.73043078003271
3013318,112.77696873798385
3013319,23.008988447751204
3013320,404.9644631474429
3013321,294.66283610529126
3013322,17.304754621117045
3013323,17.35904603116525
3013324,535.1447347932267
3013325,129.53349872224155
3013326,4703.290006443895
3013327,1.390736708831023
3013328,31.42596128965243
3013329,11.094575146000851
3013330,0.31029780247338157
3013331,7.363534457221319
3013332,4148.878526423913
3013333,0.0
3013334,532.6068880259076
3013335,12.852243595452013
3013336,1579.6703003143643
3013337,813.9335289862864
3013338,529.8662436071115
3013339,195.35171442892437
3013340,70.85717239685087
3013341,8378.845808455291
3013342,8.959282132181622
3013343,1.1547382185801343
3013344,47.83454995544347
3013345,35.40220627228111
3013346,0.0036039905316267522
3013347,338.0180053629566
3013348,9.82628218741766
3013349,5.55962169800943
3013350,8.112895534379662
3013351,42.800802123763575
3013352,4.036664639956352
3013353,326.2093299249601
3013354,404.30003907853467
3013355,6.915808624988678
3013356,6.850831709315371
3013357,369.5611333278139
3013358,90.82664179404065
3013359,2367.8358099300463
3013360,118.65765599746291
3013361,13.532752671758304
3013362,4.340546042833332
3013363,0.15014738759972188
3013364,3.2304667825923032
3013365,2329.4404475834876
3013366,0.0643951405932325
3013367,357.0322370225646
3013368,11.161129520872892
3013369,511.23376859854784
3013370,730.092125941965
3013371,120.17797038899357
3013372,110.21546248504038
3013373,97.35453574953077
3013374,2862.6492354201073
3013375,15.57393906986088
3013376,1.5901376150577515
3013377,22.665402764128757
3013378,20.918798599297713
3013379,0.0
3013380,131.18450929601036
3013381,11.275024942675538
3013382,20.16607996664802
3013383,6.615635856755191
3013384,75.50244940673271
3013385,7.257483126096444
3013386,264.6622500160791
3013387,125.05382649777788
3013388,3.4998269457594544
3013389,7.2723286410039645
3013390,258.51606710251224
3013391,58.12789439897069
3013392,4335.8027950645555
3013393,47.59996040411968
3013394,21.98215177040805
3013395,1.175564553267361
3013396,0.15014738759972188
3013397,2.298908910879424
3013398,1426.1019692564685
3013399,0.03219757029661625
3013400,101.09325238885522
3013401,4.005775252696846
3013402,796.2932253191951
3013403,418.5932472619975
3013404,236.37580604997135
3013405,41.780627944132235
3013406,27.30506715061024
3013407,3276.24419819192
3013408,4.427109583310707
3013409,0.3894214567488371
3013410,9.926960475560222
3013411,7.406721381652708
3013412,0.0
3013413,127.41244509223137
3013414,3.029111178629249
3013415,15.936177222320957
3013416,1.8075507805342053
3013417,11.925307042461291
3013418,0.4865351816377504
3013419,162.90499483207785
3013420,148.09813691716732
3013421,0.812459826694159
3013422,3.483384307035512
3013423,127.60337658908306
3013424,25.576681285257244
3013425,332.18257139318683
3013426,1.7563136930541705
3013427,1.498901308710558
3013428,7.173958043016203
3013429,0.17374197707967817
3013430,4.711097391280442
3013431,5448.815934269295
3013432,0.03219757029661625
3013433,753.8337336716576
3013434,12.047904195134024
3013435,1710.4946680600012
3013436,910.2014337800938
3013437,490.1275842807526
3013438,260.9390127056259
3013439,67.84912455770363
3013440,9306.724191393063
3013441,24.797084035091522
3013442,0.7463911254352711
3013443,26.92358287301592
3013444,19.803564372130758
3013445,0.0
3013446,386.48636152831693
3013447,9.844611330545058
3013448,2.3301142818605904
3013449,10.339190464655655
3013450,33.5193356432707
3013451,2.87866649135669
3013452,570.6076420891976
3013453,348.7850470091674
3013454,2.5311248447010337
3013455,13.811313217368873
3013456,368.5506449763607
3013457,96.36374302356437
3013458,1934.2111944591556
3013459,19.608379608896485
3013460,8.934627408784504
3013461,5.1845411067175915
3013462,0.15014738759972188
3013463,0.9328905725307807
3013464,1681.749482820673
3013465,0.03219757029661625
3013466,195.36367120393788
3013467,10.335511720698733
3013468,1007.7784896719414
3013469,562.4032399805533
3013470,193.53436241245004
3013471,54.46090243906468
3013472,32.25982235221219
3013473,3544.465623865978
3013474,7.299460443911106
3013475,0.4218732448112402
3013476,15.168117929439921
3013477,17.867363628336577
3013478,0.0
3013479,130.90102479606347
3013480,6.058222357258498
3013481,15.936177222320957
3013482,5.677155491501833
3013483,32.22797095349645
3013484,1.9461407265510016
3013485,139.71283504201327
3013486,152.0884788052245
3013487,1.5311742887697612
3013488,6.172312544045381
3013489,139.43848757600256
3013490,29.83408598847787
3013491,451.55611975822933
3013492,3.7453757353782766
3013493,2.939022173942271
3013494,4.310403361980324
3013495,0.15014738759972188
3013496,3.9034806956323664
3013497,1669.952813531509
3013498,0.03219757029661625
3013499,127.77373711056224
3013500,6.63552083843676
3013501,778.7115409044449
3013502,388.1904635664639
3013503,146.4572991592572
3013504,43.446009617429816
3013505,25.540113699291872
3013506,3561.2085545353075
3013507,12.359014253409057
3013508,0.06490357612480618
3013509,16.556504009937854
3013510,8.296671458723244
3013511,0.0
3013512,110.18646083424396
3013513,1.2340823320341385
3013514,15.936177222320957
3013515,2.9282322644654126
3013516,33.83006683141118
3013517,1.216337954094376
3013518,140.93053131490706
3013519,161.3736923396616
3013520,0.4687268230927841
3013521,4.980628439006916
3013522,83.80383253398345
3013523,21.674060307305005
3013524,247.55783153361446
3013525,3.580400851796138
3013526,1.7046328608865169
3013527,3.22526685127199
3013528,0.15014738759972188
3013529,2.3988614722220074
3013530,1724.8374291387597
3013531,0.03219757029661625
3013532,174.2957449386623
3013533,8.776011431480876
3013534,1298.467090076438
3013535,525.1960237436383
3013536,230.5516425595574
3013537,34.6224084711865
3013538,35.12821087579476
3013539,3867.9391620878278
3013540,8.590700739043395
3013541,0.3245178806240309
3013542,12.738442288568535
3013543,19.583873483691903
3013544,0.0
3013545,155.0303677475688
3013546,0.8694670975695067
3013547,15.936177222320957
3013548,3.145138358129517
3013549,16.92645533271872
3013550,2.513765105128377
3013551,226.6591691200918
3013552,222.65800724906464
3013553,1.031199010804125
3013554,4.216728371674567
3013555,76.74861346511813
3013556,85.27710632814647
3013557,509.4422964502197
3013558,2.4113085686816333
3013559,3.9676799348220655
3013560,3.526693659802083
3013561,0.7528819006786055
3013562,3.664927249228067
3013563,1951.4223313786981
3013564,0.03219757029661625
3013565,160.0439322298503
3013566,2.5380102746094524
3013567,815.1057481374686
3013568,466.85163408030485
3013569,236.0164961072342
3013570,82.14696875942101
3013571,54.14587062621295
3013572,3396.1477671617217
3013573,6.508905161177051
3013574,1.0060054299344958
3013575,13.74224542476854
3013576,16.22574133184089
3013577,0.0
3013578,171.5492613794793
3013579,6.871594803371908
3013580,15.936177222320957
3013581,3.868158670343199
3013582,19.893401486974135
3013583,2.39213130971894
3013584,112.62809276587818
3013585,160.36161650362456
3013586,0.8749567364398636
3013587,4.736180417460565
3013588,97.15688261253973
3013589,41.403583269479924
3013590,809.2607631358194
3013591,3.322683330957014
3013592,4.114631043519179
3013593,4.159689957715277
3013594,0.17374197707967817
3013595,1.4326533792436988
3013596,1513.8961697765446
3013597,0.03219757029661625
3013598,160.34364500182926
3013599,4.923128364001467
3013600,801.7949524884531
3013601,369.46620948096063
3013602,150.8606365388974
3013603,135.77243220726052
3013604,29.156013735057144
3013605,2686.7106185099988
3013606,4.268998526763896
3013607,0.35696966868643404
3013608,11.731862380207534
3013609,12.05161445150271
3013610,0.0
3013611,122.57151716701668
3013612,8.752323811913833
3013613,15.936177222320957
3013614,3.072836326908149
3013615,25.879862136436977
3013616,1.8650515296113765
3013617,49.31896893280987
3013618,115.27819023212302
3013619,0.9062051913127158
3013620,2.7500402423964574
3013621,58.18701406316996
3013622,33.80121309829709
3013623,711.3712908757924
3013624,47.59996040411968
3013625,0.8229262087038358
3013626,7.65624093666435
3013627,0.6080969197788736
3013628,3.1968160869403004
3013629,3297.4387843019667
3013630,0.03219757029661625
3013631,353.560270675559
3013632,6.115687408697474
3013633,1024.1698423417306
3013634,1030.3165585708607
3013635,478.912404839034
3013636,167.91137677966992
3013637,84.40655763221159
3013638,5833.972021748563
3013639,13.887421133361563
3013640,1.4603304628081393
3013641,23.914950236576896
3013642,23.663847126127717
3013643,0.0
3013644,229.23474188098825
3013645,0.5048518631048748
3013646,15.936177222320957
3013647,7.970575921843632
3013648,36.58206076428685
3013649,4.622084225558629
3013650,225.72005647879828
3013651,235.756237668906
3013652,2.1561433862268067
3013653,7.883448694869844
3013654,322.1442826980288
3013655,55.4430203396686
3013656,1831.252056542004
3013657,8.707998584754494
3013658,12.549624682733496
3013659,3.4061229363900463
3013660,0.17374197707967817
3013661,4.172686260848392
3013662,2376.4625614645274
3013663,0.03219757029661625
3013664,603.6016987145989
3013665,7.919815194263229
3013666,546.7168323851809
3013667,866.5758520963441
3013668,198.66808230330622
3013669,154.1792822805495
3013670,47.1853466314114
3013671,3581.918343148748
3013672,10.356274203816119
3013673,0.9411018538096897
3013674,25.858690749274004
3013675,16.686563945072596
3013676,0.0
3013677,147.342377812773
3013678,8.891002255791408
3013679,5.1191904677240245
3013680,5.677155491501833
3013681,45.18730551929146
3013682,2.4732205066585644
3013683,96.98482229951473
3013684,134.96814679535834
3013685,3.8748084042336814
3013686,6.294536554818557
3013687,163.14143452027955
3013688,52.64009989778463
3013689,2318.6080068785695
3013690,39.275615122206055
3013691,12.350917408248371
3013692,5.787394723777777
3013693,0.6660109121387663
3013694,3.331418869548313
3013695,2797.4138853849586
3013696,0.03219757029661625
3013697,182.75759073408668
3013698,6.115687408697474
3013699,835.9948781351917
3013700,492.0425119994611
3013701,275.7650093074399
3013702,51.042487425453864
3013703,34.1561825621119
3013704,4389.24879322601
3013705,31.464100252815385
3013706,1.2656197344337206
3013707,14.300376629128712
3013708,17.028374379701642
3013709,0.0
3013710,146.29595349766555
3013711,7.4325413179328805
3013712,15.936177222320957
3013713,4.41042390450346
3013714,42.79778543476034
3013715,3.405746271464253
3013716,131.0518635392967
3013717,163.9224084225687
3013718,1.2499381949140909
3013719,4.919516433620329
3013720,122.88340801731565
3013721,24.512330109452087
3013722,600.3627613404977
3013723,3.1073242261727625
3013724,3.7913386043855293
3013725,6.420391021690971
3013726,0.15014738759972188
3013727,7.476451588425257
3013728,3384.017181517119
3013729,0.03219757029661625
3013730,707.0464330002349
3013731,10.549560780003144
3013732,706.5479031910293
3013733,916.1372153587457
3013734,210.6653875738667
3013735,145.27612929130518
3013736,87.482811957973
3013737,4429.831385743726
3013738,37.31420934504739
3013739,1.4603304628081393
3013740,20.16630781923248
3013741,27.9948960696365
3013742,0.0
3013743,198.91037749572675
3013744,18.959992192160858
3013745,18.23843996983608
3013746,5.330828761951478
3013747,71.46624668389823
3013748,11.311942973077697
3013749,449.8470833857725
3013750,227.2038792573733
3013751,8.124598266941591
3013752,7.54733266524361
3013753,399.6131030692088
3013754,101.78306407225524
3013755,4374.65344064407
3013756,47.59996040411968
3013757,29.157069198534536
3013758,7.143815362163193
3013759,0.028956996179946362
3013760,5.630660955632211
3013761,4570.135850496559
3013762,0.03219757029661625
3013763,548.7848375212018
3013764,7.33882489043697
3013765,1842.0274795488554
3013766,1076.1620260482528
3013767,662.9348455617492
3013768,94.28397648651378
3013769,70.03174373315714
3013770,7673.902676710313
3013771,10.593440788636334
3013772,0.4867768209360464
3013773,22.892056791770045
3013774,14.405445399061833
3013775,0.0
3013776,274.06593313072705
3013777,2.0194074524194994
3013778,6.884428560042654
3013779,4.518876951335513
3013780,45.646934468976674
3013781,1.7839623326717513
3013782,325.8686883032004
3013783,333.6428151035222
3013784,3.8748084042336814
3013785,5.805640511725854
3013786,308.3123355018987
3013787,66.9086949369246
3013788,1380.6144831939437
3013789,46.89968413401952
3013790,12.70042582524683
3013791,9.645657872962962
3013792,0.4343549426991954
3013793,4.2979601377310965
3013794,3626.6638892866254
3013795,0.03219757029661625
3013796,489.26127620461904
3013797,6.574363964349786
3013798,1710.8699955798425
3013799,897.5094780468792
3013800,318.6126071722363
3013801,241.4511254058104
3013802,72.78368593316794
3013803,5664.90776000486
3013804,13.386736120963329
3013805,0.6165839731856587
3013806,38.80539094991723
3013807,28.30376840783766
3013808,0.0
3013809,263.51043639391776
3013810,3.3376317616377835
3013811,3.636390470176376
3013812,11.53217397980823
3013813,73.33723925872462
3013814,2.594854302068002
3013815,105.67920477392721
3013816,253.2066059150531
3013817,2.562373299573886
3013818,4.950072436313623
3013819,155.46699968697644
3013820,149.02790428909057
3013821,1831.9408600080922
3013822,0.8471683210974672
3013823,6.700970556588377
3013824,4.280260681127315
3013825,0.17374197707967817
3013826,2.4988140335645914
3013827,1874.8558901669721
3013828,0.03219757029661625
3013829,151.99671150238783
3013830,8.072707379480667
3013831,677.5497503431835
3013832,451.74675900617456
3013833,139.5110381732521
3013834,45.929473516206905
3013835,43.43035908428071
3013836,3322.1352162458115
3013837,8.643404424559
3013838,0.7788429134976742
3013839,23.151337892303037
3013840,16.841932324449434
3013841,0.0
3013842,131.42959747846226
3013843,1.0657983776658468
3013844,15.936177222320957
3013845,4.518876951335513
3013846,83.57375394473773
3013847,3.20302327911519
3013848,96.22473337289475
3013849,130.3132331436273
3013850,1.2186897400412384
3013851,5.62230449556609
3013852,136.72747743804504
3013853,27.963408164335476
3013854,669.6131321618666
3013855,2.9561715625664253
3013856,2.204266630456703
3013857,1.9592742554456015
3013858,0.15014738759972188
3013859,1.6652096719674436
3013860,1495.0843768221773
3013861,0.128790281186465
3013862,275.3590586121635
3013863,12.170217943307975
3013864,447.60344816512986
3013865,548.0994541276069
3013866,115.66056988181101
3013867,41.80087750416886
3013868,52.53612130368607
3013869,2457.7860177229572
3013870,18.762512043554903
3013871,0.4543250328736433
3013872,13.154958112717916
3013873,14.562367462232443
3013874,0.0
3013875,101.20471446125602
3013876,10.742125753842615
3013877,2.7537714240170614
3013878,2.9282322644654126
3013879,45.11079243664926
3013880,6.122234368941693
3013881,533.214157911234
3013882,127.3230572033693
3013883,3.343584671395193
3013884,5.438968479406326
3013885,274.99782638574493
3013886,30.775165978538297
3013887,2198.1112703748404
3013888,47.59996040411968
3013889,7.014652407908347
3013890,2.5922705533587957
3013891,0.11582798471978545
3013892,4.764405423996488
3013893,3920.0163493342625
3013894,0.03219757029661625
3013895,821.0992942095346
3013896,15.533846018091586
3013897,901.3208380605704
3013898,1461.621708365958
3013899,260.58767048303855
3013900,194.59827195193353
3013901,135.04983692365815
3013902,4665.480521816728
3013903,27.432268310871702
3013904,0.8761982776848836
3013905,20.374565731307168
3013906,29.989515324076372
3013907,0.0
3013908,201.3462997160269
3013909,10.686031102386517
3013910,42.47586507260779
3013911,10.9176067144266
3013912,73.56265010291155
3013913,16.1772947894552
3013914,363.96057299191256
3013915,238.5471214793168
3013916,15.374239797443316
3013917,8.70846076758878
3013918,470.5813828049263
3013919,106.99164410418574
3013920,6833.717560611165
3013921,47.59996040411968
3013922,20.316108470518905
3013923,3.134838808712962
3013924,0.08687098853983909
3013925,3.598292208333011
3013926,2454.3709916272182
3013927,0.03219757029661625
3013928,441.5090186797288
3013929,6.757834586610709
3013930,379.88426255824993
3013931,695.5616415605722
3013932,148.32248184688876
3013933,113.4843200338093
3013934,94.14738517204533
3013935,2287.678665955375
3013936,18.393586244945677
3013937,1.1358125821841083
3013938,20.33985607929472
3013939,16.220458806942077
3013940,0.0
3013941,90.28819260929886
3013942,8.752323811913833
3013943,28.900124999822133
3013944,5.024991169885091
3013945,225.2236898840713
3013946,12.16337954094376
3013947,201.1829639111354
3013948,95.43049381578152
3013949,4.749765140673545
3013950,6.538984576364909
3013951,165.7938430217415
3013952,38.14447555979186
3013953,3338.3097419742376
3013954,1.3376341912065273
3013955,4.261582152216293
3013956,4.008976553450231
3013957,0.15014738759972188
3013958,0.3664927249228067
3013959,1003.1589998716329
3013960,0.03219757029661625
3013961,232.23338217033384
3013962,5.320648045566803
3013963,324.0422445327951
3013964,259.6893180369904
3013965,79.56699508579186
3013966,30.027204740018874
3013967,28.16867760107142
3013968,1707.632403722404
3013969,13.834717447845959
3013970,0.681487549310465
3013971,11.245927252033258
3013972,9.632839521364067
3013973,0.0
3013974,68.4903039752988
3013975,0.11218930291219441
3013976,8.246486272075707
3013977,0.9037753902671026
3013978,18.766622492955428
3013979,0.2432675908188752
3013980,250.33664531095553
3013981,110.87629553940124
3013982,2.624870209319591
3013983,1.3444641185049346
3013984,131.9261712951584
3013985,22.093350164440366
3013986,994.7511153600211
3013987,0.8917561274710182
3013988,2.233656852196126
3013989,6.239534936572916
3013990,0.26061296561951725
3013991,3.0285626086802844
3013992,3503.4993302454004
3013993,0.3219757029661625
3013994,729.1929095578042
3013995,15.044591025395789
3013996,747.9977516066145
3013997,1182.8452331745907
3013998,285.8683811263462
3013999,207.9919095190132
3014000,113.02904894652237
3014001,4660.7640789974785
3014002,22.82069582825638
3014003,2.823305561429069
3014004,24.189156487475238
3014005,26.52884004183664
3014006,0.0
3014007,189.2240337640317
3014008,5.637512471337769
3014009,42.662274215156636
3014010,10.049982339770182
3014011,155.845589811707
3014012,4.946441013317129
3014013,265.01696208532877
3014014,216.00408502265066
3014015,9.812014830075611
3014016,8.586236756815605
3014017,352.9444629793796
3014018,77.23267537725471
3014019,5142.443722770005
3014020,1.917275674062689
3014021,14.358475255212893
3014022,6.390248340837962
3014023,0.15014738759972188
3014024,3.5649746878854836
3014025,3960.1476830699203
3014026,0.03219757029661625
3014027,714.106671345498
3014028,14.769385092004402
3014029,1147.902301973556
3014030,1266.6378788201116
3014031,350.17698470685525
3014032,218.66169198173822
3014033,61.08432484747525
3014034,6619.13953040889
3014035,11.463051599643796
3014036,0.8112947015600773
3014037,34.530897304584215
3014038,18.488837145843938
3014039,0.0
3014040,226.20916192772907
3014041,8.752323811913833
3014042,6.213638084961574
3014043,6.07337062259493
3014044,45.34225827298774
3014045,1.662328537262314
3014046,182.17549968493836
3014047,274.36730134357543
3014048,4.718516685800693
3014049,4.247284374367862
3014050,195.1582408067263
3014051,78.86239067482026
3014052,2127.3899881001466
3014053,4.1466659927402345
3014054,3.26231461307592
3014055,5.907965447189814
3014056,0.37644095033930275
3014057,3.163165391288297
3014058,3618.910380028407
3014059,0.03219757029661625
3014060,729.4074787562364
3014061,10.457825468872683
3014062,921.5931388146198
3014063,1036.2523401495125
3014064,259.59743943800174
3014065,198.73554634684442
3014066,66.28333592089115
3014067,5152.9511174342115
3014068,13.702958234056952
3014069,1.2656197344337206
3014070,26.18739115383189
3014071,18.73649434257062
3014072,0.0
3014073,199.1946099758846
3014074,8.752323811913833
3014075,6.884428560042654
3014076,5.711860466488089
3014077,86.91610961238874
3014078,1.905596128081189
3014079,107.75548117602361
3014080,217.0720050013142
3014081,4.843510505292102
3014082,4.216728371674567
3014083,171.86107698647
3014084,62.633099569023635
3014085,1610.9221690750032
3014086,2.8090318015337075
3014087,6.142556343539346
3014088,10.489652936847222
3014089,0.95558087393823
3014090,14.907258173837398
3014091,9224.587046147513
3014092,0.03219757029661625
3014093,1358.6601851088878
3014094,44.15526309079576
3014095,1670.8709521060478
3014096,2451.648626672529
3014097,345.7848363701412
3014098,413.75636743399804
3014099,278.5904591333882
3014100,10041.521547162525
3014101,64.35120001455206
3014102,2.6285948330546507
3014103,59.353504941286644
3014104,52.425641516368295
3014105,0.0
3014106,426.7167265005533
3014107,35.73229297753392
3014108,65.96341703376254
3014109,23.281254053280563
3014110,195.43698167531005
3014111,35.071077676387844
3014112,671.8763025580618
3014113,500.65358987826556
3014114,17.249147089814453
3014115,22.65238703664655
3014116,991.2518231982548
3014117,233.3150017908166
3014118,14512.530880575385
3014119,1.560573223074282
3014120,72.24646776772785
3014121,2.863554681035879
3014122,0.4053979465192491
3014123,0.9328905725307807
3014124,1797.9621645302338
3014125,0.03219757029661625
3014126,174.65459386295998
3014127,4.372716497218694
3014128,581.1372373127006
3014129,387.4665877641893
3014130,109.46657929861462
3014131,125.83857661215212
3014132,40.15931775046362
3014133,2765.829167472399
3014134,4.479813268826311
3014135,0.25961430449922474
3014136,13.391677939442815
3014137,8.172376755221773
3014138,0.0
3014139,139.96604629920293
3014140,0.42070988592072905
3014141,15.936177222320957
3014142,3.506648514236358
3014143,32.98594588010307
3014144,1.0136149617453134
3014145,63.11659820541813
3014146,77.96477504701673
3014147,2.0936464764811022
3014148,4.247284374367862
3014149,96.71787236353416
3014150,20.932239790834743
3014151,782.2099495049231
3014152,0.08917561274710183
3014153,4.290972373955715
3014154,7.686383617517361
3014155,0.17374197707967817
3014156,2.5987665949071745
3014157,3993.1923572388487
3014158,0.03219757029661625
3014159,598.5996538306852
3014160,9.204109550089699
3014161,1307.4488006844429
3014162,980.7551953084592
3014163,228.65305837190016
3014164,277.1837883258619
3014165,71.2895740296654
3014166,6066.49279985053
3014167,11.199533172065777
3014168,0.25961430449922474
3014169,24.925348206659265
3014170,19.936248968118576
3014171,0.0
3014172,230.21334932363695
3014173,1.121893029121944
3014174,6.707904750810791
3014175,11.170663823701389
3014176,14.373450460095976
3014177,1.9461407265510016
3014178,342.70737969254395
3014179,237.79124057248572
3014180,3.7498145847422726
3014181,6.355648560205146
3014182,122.18990311523793
3014183,63.98382571725225
3014184,1831.1571754694871
3014185,2.541504963292402
3014186,5.31963013483551
3014187,1.3865633192384257
3014188,0.15014738759972188
3014189,1.0994781747684201
3014190,1142.6976048366457
3014191,0.03219757029661625
3014192,131.58465892646535
3014193,3.210735889566174
3014194,662.6356088546275
3014195,235.25963573924804
3014196,84.7878951502347
3014197,180.3579134958939
3014198,15.629341061236376
3014199,2214.159826271573
3014200,1.528406879952506
3014201,0.2920660925616278
3014202,9.857541171535324
3014203,4.008504187922467
3014204,0.0
3014205,65.63975139139997
3014206,8.752323811913833
3014207,15.936177222320957
3014208,0.43381218732820925
3014209,27.269758062131768
3014210,0.3649013862283128
3014211,65.75565149842271
3014212,62.95408124035436
3014213,0.5624721877113409
3014214,1.1000160969585828
3014215,51.45297693597657
3014216,10.804777087719012
3014217,284.3218763281138
3014218,47.59996040411968
3014219,1.9397546348018986
3014220,6.661532468515046
3014221,0.15014738759972188
3014222,2.3655439517744794
3014223,2447.257621230304
3014224,0.03219757029661625
3014225,246.99289218683666
3014226,8.470227061046003
3014227,855.0453134797036
3014228,590.2965875615348
3014229,168.7927094950356
3014230,164.40531009904345
3014231,52.58035323561324
3014232,3820.590548417807
3014233,3.0304619171472105
3014234,0.6490357612480618
3014235,29.537913862593527
3014236,16.382663395011498
3014237,0.0
3014238,180.41282687913846
3014239,8.752323811913833
3014240,15.936177222320957
3014241,13.845838978892012
3014242,26.908385121451122
3014243,1.7028731357321265
3014244,235.32737775333362
3014245,182.02437988741954
3014246,1.624919653388318
3014247,3.788944333968452
3014248,189.37776294207507
3014249,27.028069252264277
3014250,1705.907259773025
3014251,47.59996040411968
3014252,0.8229262087038358
3014253,3.315694893831018
3014254,0.34748395415935635
3014255,1.884438956512177
3014256,2684.3113267761246
3014257,0.03219757029661625
3014258,712.0456420368444
3014259,7.8280798831327685
3014260,801.5806261178334
3014261,876.5653381677337
3014262,205.6444062508574
3014263,104.65609041670048
3014264,54.05297846651437
3014265,5143.529235848206
3014266,5.981868306021015
3014267,4.121377083925193
3014268,31.866584416108687
3014269,35.340091573055986
3014270,0.0
3014271,151.820036682207
3014272,1.4865082635865758
3014273,6.037114275729712
3014274,3.5427995298470423
3014275,27.450031692098126
3014276,2.959755688296315
3014277,157.43917768229926
3014278,216.33412125893156
3014279,3.1560939421580794
3014280,5.805640511725854
3014281,129.28187091560147
3014282,29.045950069327116
3014283,861.992111788713
3014284,4.993834313837702
3014285,2.7920710652451572
3014286,3.6774070640671295
3014287,0.15014738759972188
3014288,0.5997153680555019
3014289,1627.175879523495
3014290,0.03219757029661625
3014291,110.9911658832013
3014292,2.8722325914947686
3014293,407.3708504764616
3014294,255.8659669106653
3014295,85.27015832919089
3014296,129.11090551407017
3014297,43.32349876515378
3014298,2501.686008418279
3014299,5.929164620505412
3014300,0.4543250328736433
3014301,9.99637977958512
3014302,8.017008375844934
3014303,0.0
3014304,76.36379300240813
3014305,8.752323811913833
3014306,15.936177222320957
3014307,0.3976611717175252
3014308,38.97268175648189
3014309,0.8514365678660633
3014310,177.05322740214206
3014311,72.06329309305387
3014312,0.9687021010584204
3014313,1.2527961104250527
3014314,49.70322058232833
3014315,18.96480276889188
3014316,520.0825724871497
3014317,0.08917561274710183
3014318,0.6759751000067222
3014319,4.4008314045393515
3014320,0.15014738759972188
3014321,0.9328905725307807
3014322,4343.982926855113
3014323,0.03219757029661625
3014324,564.6393743581972
3014325,9.601629231655036
3014326,815.636949381397
3014327,849.444124775845
3014328,192.4717345919743
3014329,119.29391880831604
3014330,79.77256171115906
3014331,5034.358031079315
3014332,6.113627519810024
3014333,0.4218732448112402
3014334,29.833293001219463
3014335,9.694986873114804
3014336,0.0
3014337,174.2644295451977
3014338,8.752323811913833
3014339,27.114057098014143
3014340,3.325893436182938
3014341,49.925061650956835
3014342,1.1757933556245634
3014343,214.1200334691948
3014344,184.4021229080672
3014345,2.4686279349553297
3014346,3.2083802827958667
3014347,108.87821945588918
3014348,43.39746780548825
3014349,1797.2985225288173
3014350,1.2484585784594255
3014351,1.1756088695769082
3014352,3.4061229363900463
3014353,0.15014738759972188
3014354,7.068645138147515
3014355,3149.7717973930503
3014356,0.03219757029661625
3014357,564.7155194388063
3014358,6.63552083843676
3014359,765.8119647512118
3014360,935.7494237617057
3014361,148.53384485948615
3014362,107.75658733773633
3014363,89.99589469143768
3014364,4333.612715745023
3014365,46.537354310278026
3014366,1.4927822508705422
3014367,32.731201847738774
3014368,26.582597501101027
3014369,0.0
3014370,186.1086961854595
3014371,18.567329631968175
3014372,25.934171957108376
3014373,1.8075507805342053
3014374,93.34320855433423
3014375,11.636299760836199
3014376,197.90166611854738
3014377,232.91612632044533
3014378,11.936909761429568
3014379,13.352973176969465
3014380,217.20786833740172
3014381,64.83985427568686
3014382,4620.578778029447
3014383,47.59996040411968
3014384,10.420714522036231
3014385,5.395539872688657
3014386,0.15014738759972188
3014387,7.714338684420606
3014388,2979.539071315295
3014389,0.03219757029661625
3014390,496.75892325860855
3014391,11.895012009916588
3014392,983.4139909180925
3014393,865.6235532631295
3014394,137.122088427116
3014395,79.20470768609988
3014396,89.07806196190351
3014397,4677.402559435938
3014398,23.426788211685825
3014399,1.1033607941217052
3014400,43.1899141921297
3014401,62.28096855700001
3014402,0.0
3014403,270.6461676063016
3014404,18.567329631968175
3014405,20.047455966844208
3014406,10.158435386602234
3014407,88.28068466181345
3014408,14.677144646072138
3014409,149.38795542337374
3014410,382.4812968043369
3014411,7.562126079230249
3014412,9.536222880550115
3014413,114.33625415723826
3014414,77.87670556540661
3014415,3825.6792291765523
3014416,3.5224367035105217
3014417,13.749539265688906
3014418,8.4700933196956
3014419,0.26061296561951725
3014420,3.1295146956362943
3014421,4468.615967514381
3014422,0.03219757029661625
3014423,721.4214101862854
3014424,6.146265845740962
3014425,2047.188577740779
3014426,896.9303774050595
3014427,186.49014410566093
3014428,403.84044716349354
3014429,57.02253366322498
3014430,6851.880933878795
3014431,24.718028506818115
3014432,1.6550411911825578
3014433,25.615723185186866
3014434,16.386392236116542
3014435,0.0
3014436,278.42441381988436
3014437,4.683903396584117
3014438,15.216352355786583
3014439,8.288343349061545
3014440,43.90639945232443
3014441,4.500450430149191
3014442,146.7825211964879
3014443,277.57979519760727
3014444,6.687169342790386
3014445,9.350136824147954
3014446,206.71595859819314
3014447,52.29015419691239
3014448,2194.1586846841333
3014449,6.179869963374157
3014450,14.310040184481437
3014451,3.7979777874791663
3014452,0.34748395415935635
3014453,5.01395365214847
3014454,2665.228741267479
3014455,0.128790281186465
3014456,397.9078690629689
3014457,6.849569897741172
3014458,688.0168760126368
3014459,839.796308083129
3014460,191.23289568446486
3014461,120.86094547572145
3014462,73.56460480246781
3014463,3886.969699926194
3014464,21.792973960702113
3014465,1.5901376150577515
3014466,15.600253096994901
3014467,11.392541786186154
3014468,0.0
3014469,184.20757981598268
3014470,16.604016831004774
3014471,24.961172720622343
3014472,2.169060936641046
3014473,76.16739763573838
3014474,9.325257648056883
3014475,340.9810586118855
3014476,211.6077482777732
3014477,5.7809641514776695
3014478,8.616792759508899
3014479,331.6440552990695
3014480,49.03536820454103
3014481,4233.156964557248
3014482,0.04458780637355091
3014483,22.239345668447246
3014484,3.4061229363900463
3014485,0.20269897325962455
3014486,2.9319417993824537
3014487,5386.153554741935
3014488,0.03219757029661625
3014489,468.75178337771683
3014490,9.54047235756806
3014491,1869.785308256679
3014492,922.314288871489
3014493,257.166840178387
3014494,156.75039784634225
3014495,58.17889494107414
3014496,7514.017207029394
3014497,8.93327469489482
3014498,2.3689805285554257
3014499,30.078690240947473
3014500,21.65524471754393
3014501,0.0
3014502,357.99754058070636
3014503,8.752323811913833
3014504,0.17652380923186292
3014505,8.784696793396238
3014506,35.21996275710596
3014507,2.635398900537815
3014508,124.37801259296522
3014509,269.5112429127158
3014510,3.093597032412375
3014511,9.197356810681484
3014512,158.8387617038379
3014513,56.18484085613886
3014514,1556.2977740606848
3014515,47.59996040411968
3014516,5.290239913096087
3014517,6.842388553633102
3014518,0.028956996179946362
3014519,8.394016101550175
3014520,2958.749448843171
3014521,0.03219757029661625
3014522,542.8930730976111
3014523,10.090884224350832
3014524,1030.5304132210083
3014525,829.2380164924409
3014526,214.339230892826
3014527,116.43497021057416
3014528,112.62021902748477
3014529,4744.969501316211
3014530,34.942543496845225
3014531,1.4927822508705422
3014532,26.657012745560316
3014533,33.40420156602056
3014534,0.0
3014535,206.50237663678502
3014536,16.940584739741357
3014537,22.46441996284688
3014538,9.833076246106076
3014539,125.0939360355228
3014540,14.43387705525326
3014541,205.59191338692293
3014542,402.9432787895702
3014543,12.468133494268056
3014544,7.944560700256432
3014545,175.53510297304476
3014546,61.125268801139136
3014547,3985.6121297131926
3014548,0.8917561274710182
3014549,6.095120525651917
3014550,3.315694893831018
3014551,0.15014738759972188
3014552,4.643795999976436
3014553,2998.249547327586
3014554,0.03219757029661625
3014555,501.8844497104973
3014556,8.684276120350415
3014557,599.9164318676004
3014558,920.190276406326
3014559,159.93493453517812
3014560,113.83145534872281
3014561,92.07450007534703
3014562,3483.686770088195
3014563,24.718028506818115
3014564,1.070909006059302
3014565,28.0801084780707
3014566,20.556790275349673
3014567,0.0
3014568,164.17467515306808
3014569,13.855378909656011
3014570,41.742585169058636
3014571,5.3763790416209405
3014572,59.5442423644287
3014573,12.082290344004136
3014574,210.13897091252966
3014575,201.3750369679667
3014576,8.405834360797261
3014577,7.975116702949726
3014578,195.77628312081634
3014579,52.50208909316136
3014580,4447.717877916411
3014581,0.22293903186775454
3014582,12.873181633862801
3014583,5.576395957806712
3014584,0.08687098853983909
3014585,3.9034806956323664
3014586,5738.990726588154
3014587,0.03219757029661625
3014588,626.1987649185252
3014589,15.350375395830662
3014590,1137.8922862548386
3014591,975.7363230793551
3014592,273.7014206830561
3014593,200.07953857441788
3014594,57.36803677634901
3014595,6284.374672137978
3014596,8.116367569402964
3014597,0.12980715224961237
3014598,17.528374266286406
3014599,18.579572279400008
3014600,0.0
3014601,201.73923865350824
3014602,8.752323811913833
3014603,8.579057128668538
3014604,1.4098896088166801
3014605,70.40744873812638
3014606,4.135549043920879
3014607,190.04276340171074
3014608,251.04191756177195
3014609,3.4060815811408975
3014610,2.4750362181568115
3014611,221.6381158904691
3014612,133.2381894448279
3014613,1711.4237976428738
3014614,3.4332610907634202
3014615,0.7935359869644131
3014616,13.77520514982523
3014617,0.15014738759972188
3014618,16.791697130349576
3014619,11568.287699817818
3014620,0.03219757029661625
3014621,1842.0098607428238
3014622,24.92142619044221
3014623,2218.7127415657255
3014624,2971.0899986493732
3014625,547.9766986717932
3014626,530.0756258729344
3014627,356.5647216739937
3014628,12679.890245018236
3014629,74.02232630666533
3014630,4.770412845173254
3014631,126.58991895112042
3014632,114.26101356131554
3014633,0.0
3014634,594.6891465113094
3014635,26.292685030501886
3014636,30.511787378109045
3014637,35.177830270444495
3014638,299.67587337942757
3014639,32.15186658656134
3014640,805.897527395925
3014641,576.0442410808012
3014642,37.74813348640554
3014643,33.183818924917254
3014644,1033.2704447213957
3014645,286.0515390008037
3014646,17498.485013413036
3014647,315.6134497809889
3014648,82.64511320135628
3014649,15.3124818733287
3014650,0.15014738759972188
3014651,14.647048339142207
3014652,10422.341198371905
3014653,0.0643951405932325
3014654,1456.96106198534
3014655,24.065229953224563
3014656,2297.4094880141924
3014657,2564.2409124034793
3014658,696.2042063716818
3014659,329.9521168252941
3014660,264.78950553877803
3014661,14268.445854837719
3014662,118.34612582528801
3014663,1.9146554956817825
3014664,75.37200934503154
3014665,78.28639752688453
3014666,0.0
3014667,555.4885009628028
3014668,22.293416854939434
3014669,41.76412107378491
3014670,4.6172077137965735
3014671,202.14701388688215
3014672,25.01601725587433
3014673,1063.6418328302989
3014674,726.0585466833523
3014675,22.873868966927862
3014676,27.439290418577983
3014677,1135.7545176991248
3014678,240.6432221916874
3014679,11962.251663726063
3014680,555.7638207869978
3014681,77.86330869331019
3014682,11.33364800073148
3014683,0.15014738759972188
3014684,20.25438703046115
3014685,7061.352743746812
3014686,0.3219757029661625
3014687,1045.9377660525809
3014688,13.576826047308394
3014689,2176.9721681450173
3014690,1832.3757733298098
3014691,812.1616156337085
3014692,130.75430195075657
3014693,206.54888838770333
3014694,12146.803041228044
3014695,40.397374947710205
3014696,2.9206609256162785
3014697,46.66053229685441
3014698,23.16915420619186
3014699,0.0
3014700,538.3841881524619
3014701,26.750136913126354
3014702,31.35062851957886
3014703,9.29225705257024
3014704,111.28937961075574
3014705,12.771548517990949
3014706,950.7030093600017
3014707,706.7613517677842
3014708,23.197290474861884
3014709,40.6730951850436
3014710,712.0113066202828
3014711,133.32172565966926
3014712,5459.81907279301
3014713,349.3138055942461
3014714,43.68371546418662
3014715,15.824907447829858
3014716,0.15014738759972188
3014717,21.13796767272959
3014718,9959.042769894693
3014719,0.1931854217796975
3014720,1370.4612659692782
3014721,19.99829782644074
3014722,2085.959602894874
3014723,2461.7809575689007
3014724,648.2904367962526
3014725,303.9169682067806
3014726,205.80844047603043
3014727,13242.509206900184
3014728,43.45418870761522
3014729,1.8497519195569763
3014730,73.85242077992655
3014731,73.70955580720158
3014732,0.0
3014733,530.2112577142389
3014734,25.238386056384538
3014735,34.252679943350685
3014736,7.932255845296306
3014737,186.5388954817036
3014738,17.88016792518733
3014739,835.9839197863525
3014740,682.4535345384467
3014741,21.842669956123736
3014742,28.814310539776212
3014743,1024.4999166779282
3014744,218.8113466651779
3014745,10623.008487867492
3014746,424.3359109641916
3014747,62.20519796503602
3014748,12.237928426321757
3014749,0.15014738759972188
3014750,22.2254515401369
3014751,5595.44918134799
3014752,0.03219757029661625
3014753,943.689342688318
3014754,16.75698349983108
3014755,1948.7435533870027
3014756,1471.9592982675968
3014757,622.626124291579
3014758,104.54558567478634
3014759,159.50872588884658
3014760,10228.879663679665
3014761,38.763560696726486
3014762,0.4867768209360464
3014763,35.5825997605614
3014764,68.81016933193233
3014765,0.0
3014766,508.7220355806208
3014767,20.67087906157182
3014768,13.81828378667023
3014769,2.8197792176333603
3014770,109.69994417097607
3014771,7.906196701613443
3014772,840.9553233171805
3014773,777.9173760412945
3014774,16.717923356975966
3014775,23.222562046903416
3014776,777.861215179335
3014777,93.14253234381752
3014778,3898.0306196197516
3014779,314.8710628048693
3014780,20.973773300735743
3014781,11.002078511348378
3014782,0.15014738759972188
3014783,12.064274154049844
3014784,7664.086004078665
3014785,0.03219757029661625
3014786,1377.7055593591767
3014787,23.514818086441792
3014788,1543.4321332157901
3014789,2489.2583178555087
3014790,429.5496567413293
3014791,389.80403070496567
3014792,262.57299428331675
3014793,9800.903522360173
3014794,56.287536130664705
3014795,1.6225894031201546
3014796,55.004038447606746
3014797,61.964017063071246
3014798,0.0
3014799,400.5162263449504
3014800,13.433266657448879
3014801,33.51127994457686
3014802,12.21325911391352
3014803,216.0187256791481
3014804,22.907698135444083
3014805,715.5286539763854
3014806,487.7782067005642
3014807,17.90536464214435
3014808,28.600418520923153
3014809,868.4673523629292
3014810,206.08702803589657
3014811,13839.047699287199
3014812,287.3412135156477
3014813,69.69667769782252
3014814,5.425682553541665
3014815,0.34748395415935635
3014816,6.630186569058049
3014817,2007.4202052646488
3014818,0.03219757029661625
3014819,367.69776580991993
3014820,22.138788419484857
3014821,764.3268060610203
3014822,597.4278902429654
3014823,213.2611109407123
3014824,72.08843373037287
3014825,74.61991370658313
3014826,3515.545855859316
3014827,51.517852591502574
3014828,1.2331679463713174
3014829,30.405655162904733
3014830,19.460821727225447
3014831,0.0
3014832,174.98074526054285
3014833,11.331119594131636
3014834,10.4364406494062
3014835,12.616704448128754
3014836,51.20541726409192
3014837,8.676544072539881
3014838,222.8879746928304
3014839,216.58687555375772
3014840,3.249839306776636
3014841,6.722320592524673
3014842,199.8673419601137
3014843,54.33770777012792
3014844,2961.631234013721
3014845,1.4713976103271802
3014846,8.539152590936876
3014847,9.615515192109953
3014848,0.15014738759972188
3014849,14.715016080855163
3014850,5112.559126483457
3014851,0.0643951405932325
3014852,676.5743250083326
3014853,29.171828939486954
3014854,1528.4239034760174
3014855,1293.0506590935076
3014856,464.4079171547847
3014857,94.36294977065661
3014858,124.03525344333751
3014859,8454.413529275089
3014860,99.95253958034233
3014861,1.5576858269953484
3014862,58.79815050908747
3014863,32.89956506980458
3014864,0.0
3014865,372.8815987982353
3014866,15.190992560825684
3014867,10.317463601983926
3014868,3.398195467404306
3014869,112.73432091964638
3014870,11.393032170017323
3014871,520.8159681225152
3014872,500.64803193042127
3014873,12.561878858886613
3014874,22.94755802266377
3014875,362.67281867805633
3014876,80.26488354217426
3014877,4125.03076564832
3014878,316.00983537964976
3014879,16.65161798968517
3014880,7.173958043016203
3014881,0.15014738759972188
3014882,5.821570347796547
3014883,5418.767478396517
3014884,0.128790281186465
3014885,1023.5632521722894
3014886,8.837168305567852
3014887,1192.218637410552
3014888,1885.3374225274292
3014889,249.2532147634102
3014890,298.68101054016853
3014891,212.2540824926694
3014892,6383.496749617541
3014893,37.31420934504739
3014894,1.8497519195569763
3014895,37.174037305332156
3014896,37.99098686198362
3014897,0.0
3014898,270.6556420223069
3014899,2.3559753611560823
3014900,53.075413721744226
3014901,6.832541950419296
3014902,137.4389641248523
3014903,13.055360707279636
3014904,576.5278433373524
3014905,267.137205190631
3014906,19.65527811502408
3014907,9.564028843001012
3014908,840.6488160040003
3014909,119.15956477051776
3014910,10273.318555431964
3014911,5.172185539331905
3014912,42.46892757597759
3014913,10.700651702818286
3014914,0.15014738759972188
3014915,8.681879478216816
3014916,5306.384577097466
3014917,0.03219757029661625
3014918,969.6816813583471
3014919,11.77269826174264
3014920,1402.1456772649408
3014921,1378.6031272450027
3014922,347.91489166375806
3014923,191.6765497180781
3014924,274.2646997287906
3014925,7657.455325483042
3014926,43.90217003449785
3014927,3.3425341704275184
3014928,53.59170270722022
3014929,44.6901606439542
3014930,0.0
3014931,303.2012583073282
3014932,7.292304689292637
3014933,66.07144960501245
3014934,11.134512808090705
3014935,215.41928145614546
3014936,13.136449904219262
3014937,447.66868042115743
3014938,318.8390886880159
3014939,14.405537696384897
3014940,24.628138170794937
3014941,434.171308634082
3014942,125.58895569785597
3014943,9158.466706537605
3014944,6.33146850504423
3014945,8.13935708405636
3014946,8.590664043107639
3014947,0.028956996179946362
3014948,3.70424192335615
3014949,2537.2080304904
3014950,0.03219757029661625
3014951,517.1374873170736
3014952,7.33882489043697
3014953,881.1685190546665
3014954,595.4698866284574
3014955,215.09619547591032
3014956,79.49398711519449
3014957,102.85616104888165
3014958,3771.104971292003
3014959,13.41308796372113
3014960,1.5576858269953484
3014961,31.0998482031537
3014962,22.947288160441733
3014963,0.0
3014964,176.16055937993488
3014965,4.880234676680457
3014966,14.90708264201236
3014967,8.27858257484666
3014968,79.55846846751768
3014969,4.419361233209566
3014970,261.21891479215105
3014971,202.19020265180404
3014972,4.687268230927841
3014973,5.958420525192324
3014974,171.85708145439312
3014975,64.58434555186788
3014976,3885.985609657677
3014977,0.4458780637355091
3014978,3.5268266087307247
3014979,6.088821532307869
3014980,0.15014738759972188
3014981,1.4659708996912268
3014982,4033.999751297093
3014983,0.03219757029661625
3014984,256.8743416387758
3014985,4.342138060175207
3014986,1033.7299265049007
3014987,375.45024944643075
3014988,209.2004848169197
3014989,59.31096134726465
3014990,27.57472885582011
3014991,4257.854521956586
3014992,8.775163638348008
3014993,0.9086500657472866
3014994,24.29675640871383
3014995,9.819281576616277
3014996,0.0
3014997,184.06720886306263
3014998,8.752323811913833
3014999,15.936177222320957
3015000,4.157366795228672
3015001,21.90475978894988
3015002,1.378516347973626
3015003,47.72641445674221
3015004,155.84221091362232
3015005,0.12499381949140909
3015006,2.138920188530578
3015007,56.702245761924544
3015008,82.89037944906825
3015009,854.9494519372224
3015010,47.59996040411968
3015011,2.4687786261115074
3015012,6.661532468515046
3015013,0.057913992359892724
3015014,6.629187043444622
3015015,3956.6018971182625
3015016,0.03219757029661625
3015017,608.3997768536293
3015018,11.77269826174264
3015019,1102.8732544428724
3015020,1109.1997176640657
3015021,330.7537671323127
3015022,153.1734577055876
3015023,121.54397772371442
3015024,5732.549670670556
3015025,27.82754595223873
3015026,1.2980715224961237
3015027,30.34109521016158
3015028,56.03702412660356
3015029,0.0
3015030,269.6468660444835
3015031,20.109932547010846
3015032,20.4368674900097
3015033,10.628398589541128
3015034,81.64331235605987
3015035,8.79817786794932
3015036,414.51123739245253
3015037,303.63333737843533
3015038,8.780815819271487
3015039,13.47519718774264
3015040,470.2378181581061
3015041,92.26099115868658
3015042,4837.952594552743
3015043,47.59996040411968
3015044,32.5029581409326
3015045,5.0338277024525455
3015046,0.057913992359892724
3015047,5.6413225621754215
3015048,4158.299674131654
3015049,0.25758056237293
3015050,678.7303175695858
3015051,16.267728507135285
3015052,807.3294951785716
3015053,1429.587147750808
3015054,179.05571251518765
3015055,226.85292829598075
3015056,173.26697807842731
3015057,4410.846158709736
3015058,30.041100743894084
3015059,2.9531127136786814
3015060,30.359144229208052
3015061,28.741285764162843
3015062,0.0
3015063,187.48473044685528
3015064,12.004255411604802
3015065,48.17970239650774
3015066,9.550375304030526
3015067,144.40743441052882
3015068,15.447492016998575
3015069,415.32787240388313
3015070,215.8691062892879
3015071,6.6246724330446805
3015072,13.108525155423113
3015073,542.5711963081679
3015074,120.71213086338268
3015075,8987.604702742383
3015076,0.49046587010906
3015077,36.0689416656731
3015078,4.370688723686342
3015079,0.49226893505908814
3015080,10.46703222379536
3015081,5105.497028599654
3015082,0.0643951405932325
3015083,904.1960294442327
3015084,18.74458190765776
3015085,1021.3646280506766
3015086,1578.353276795604
3015087,270.85628372208134
3015088,272.5880060358361
3015089,129.48805391412114
3015090,6177.923395514822
3015091,31.43774841005758
3015092,3.7644074152387588
3015093,40.8761687889799
3015094,51.69478865977964
3015095,0.0
3015096,269.17563851159025
3015097,25.382829783883984
3015098,39.92121250540427
3015099,23.820627206191972
3015100,121.20167698974544
3015101,23.110421127793146
3015102,400.1368903206268
3015103,294.8983606805885
3015104,17.74912236778009
3015105,17.47803354056415
3015106,533.1380441080172
3015107,139.75992051289688
3015108,8578.897351749685
3015109,1.382221997580078
3015110,34.54979272666532
3015111,11.122649234760416
3015112,0.2895699617994636
3015113,7.369502347788693
3015114,3977.9303415096147
3015115,0.03219757029661625
3015116,533.1809573298299
3015117,14.066081040004192
3015118,1570.7456705357147
3015119,1113.2244671247126
3015120,509.4395817002296
3015121,180.4455651629096
3015122,85.49852505914451
3015123,8401.227942478094
3015124,9.460311550050855
3015125,1.1682643702465112
3015126,50.41160438983971
3015127,37.81821722411657
3015128,0.0
3015129,327.465736350277
3015130,9.956800633457254
3015131,6.14302856126883
3015132,8.045770034313854
3015133,45.99812401376609
3015134,4.054459846981254
3015135,322.3205953807977
3015136,404.56037694809163
3015137,7.093399256137466
3015138,6.966768614071024
3015139,360.9562250643986
3015140,97.99723131703591
3015141,2016.6762131871744
3015142,117.93118083353228
3015143,14.87794742445719
3015144,4.232170116222055
3015145,0.12735562238853662
3015146,2.89248900111172
3015147,2124.6576547979485
3015148,0.0
3015149,282.2319822074912
3015150,12.680835751391127
3015151,473.101144979858
3015152,565.0507805777879
3015153,115.13474801853579
3015154,97.34437234947916
3015155,80.92614978897412
3015156,2751.142542584345
3015157,14.873740473109667
3015158,1.4956582744664575
3015159,22.968528766829927
3015160,19.213980666734372
3015161,0.0
3015162,126.24475091620367
3015163,9.881654406106723
3015164,16.18553498940905
3015165,6.616199549346859
3015166,93.9935448357973
3015167,7.2787314351419115
3015168,302.134584868363
3015169,112.87315844831754
3015170,3.276110511075742
3015171,6.618687803144433
3015172,227.92957225509338
3015173,52.97603505636283
3015174,1881.2244665088338
3015175,47.024118507397866
3015176,17.563364940269906
3015177,1.14621273981014
3015178,0.12735562238853662
3015179,2.0789764695490485
3015180,1288.2546203767022
3015181,0.0
3015182,88.46495764276175
3015183,4.551204064197911
3015184,730.3187377866478
3015185,249.50309568868713
3015186,226.4563861342612
3015187,36.901437528701514
3015188,22.92436481349376
3015189,3167.4972380099243
3015190,4.228068357838281
3015191,0.36628365905301
3015192,10.05972316587038
3015193,6.735738914660297
3015194,0.0
3015195,122.603811286624
3015196,2.654772825521209
3015197,13.43009311570144
3015198,1.8077047949035132
3015199,15.127035434101016
3015200,0.48795964928325664
3015201,219.44457481422933
3015202,132.46902378397192
3015203,0.7605256543568686
3015204,3.1702958384809463
3015205,112.5059009687087
3015206,23.30982703576478
3015207,207.83714900522662
3015208,1.7350666373915091
3015209,1.1857392292435383
3015210,6.994836719867008
3015211,0.14736864876387812
3015212,4.218213126621258
3015213,4712.405083407738
3015214,0.0
3015215,647.9188895166199
3015216,13.688354208350967
3015217,1568.7767611832003
3015218,562.8082264798877
3015219,469.5595684503779
3015220,230.46625074743577
3015221,56.39971856199778
3015222,8757.868507612588
3015223,23.682216218606086
3015224,0.7020436798516024
3015225,27.013522347512072
3015226,18.189634608907436
3015227,0.0
3015228,361.7257716615961
3015229,8.62801168294393
3015230,1.9636862303327154
3015231,10.340071426848096
3015232,42.52283708950998
3015233,2.887094591592602
3015234,794.7048350376027
3015235,317.7543671658869
3015236,2.3693299231887064
3015237,12.56994490345077
3015238,324.94533823497244
3015239,87.82305090117083
3015240,1222.1626976294924
3015241,19.371166669856915
3015242,7.067935797843835
3015243,5.055092083265232
3015244,0.12735562238853662
3015245,0.8436426253242516
3015246,1519.4229816999323
3015247,0.0
3015248,166.16611815788704
3015249,11.742801325945754
3015250,916.4491261766623
3015251,338.3541536020675
3015252,185.412767224817
3015253,48.10089479265707
3015254,26.816040934727607
3015255,3450.448917384781
3015256,6.971279375721451
3015257,0.39680729730742753
3015258,15.218787729299166
3015259,16.575340570715966
3015260,0.0
3015261,127.13793265965693
3015262,5.309545651042418
3015263,13.43009311570144
3015264,5.6776392198329555
3015265,40.88460383480524
3015266,1.9518385971330265
3015267,189.79803316199087
3015268,139.8057489434174
3015269,1.433298348595637
3015270,5.617541748887291
3015271,122.94073318271737
3015272,27.189899127468372
3015273,285.32305419168
3015274,3.5943497743373225
3015275,2.3249788808696823
3015276,4.202780045970513
3015277,0.12735562238853662
3015278,3.495090876343328
3015279,1508.9911908373608
3015280,0.0
3015281,109.74312344409644
3015282,7.539017419320203
3015283,689.7768514198721
3015284,224.89414253237103
3015285,143.08971593623323
3015286,38.37233398963577
3015287,21.230269868204736
3015288,3150.118115780186
3015289,11.803357498965202
3015290,0.061047276508835006
3015291,16.6118117777476
3015292,7.696723360662891
3015293,0.0
3015294,105.03703219126109
3015295,1.0815741141012334
3015296,13.43009311570144
3015297,2.9284817677436914
3015298,42.91282546223995
3015299,1.2198991232081415
3015300,188.23457239813712
3015301,144.34358144968672
3015302,0.43876480059050116
3015303,4.5329668567753885
3015304,73.88852815571362
3015305,19.753094285036486
3015306,153.35630281899196
3015307,3.344154839064823
3015308,1.3484877509044157
3015309,3.144737516914999
3015310,0.12735562238853662
3015311,2.191060418342128
3015312,1559.6965418887041
3015313,0.0
3015314,149.7002426721946
3015315,9.970958522326722
3015316,1201.152755594676
3015317,301.3412579102422
3015318,220.8766314278281
3015319,30.57916326679111
3015320,29.20039455035805
3015321,3639.8309308809426
3015322,8.20446598009095
3015323,0.305236382544175
3015324,12.780995644514402
3015325,17.809750350627226
3015326,0.0
3015327,150.57361457329853
3015328,0.7620181258440508
3015329,13.43009311570144
3015330,3.145406343132113
3015331,21.68561023769726
3015332,2.521124854630159
3015333,294.97593374039195
3015334,199.2583471848275
3015335,0.9652825612991025
3015336,3.8377265413190407
3015337,67.66805187137196
3015338,77.71901977624474
3015339,321.89937329478727
3015340,2.2905170130580976
3015341,3.1387214891740713
3015342,3.4386382194304197
3015343,0.6385974779768051
3015344,3.3143103137738454
3015345,1670.7456215009302
3015346,0.0
3015347,140.05167853572374
3015348,2.883587307850585
3015349,735.2160334446935
3015350,280.8682067913507
3015351,226.1121544952704
3015352,71.14493934729376
3015353,44.56322941949711
3015354,3195.8630088910377
3015355,6.216267168964615
3015356,0.9462327858869426
3015357,13.651635674794674
3015358,14.90339317401766
3015359,0.0
3015360,160.55880653869457
3015361,6.022401317154595
3015362,13.43009311570144
3015363,3.868488261093518
3015364,24.751567652604216
3015365,2.3991349423093453
3015366,147.86078618241444
3015367,139.63021535869032
3015368,0.8190276277689355
3015369,4.353594855387651
3015370,83.98206227535425
3015371,37.73399503667289
3015372,511.34453165872225
3015373,3.039339882711706
3015374,3.2549704332175557
3015375,4.055829694712803
3015376,0.14736864876387812
3015377,1.2955940317479577
3015378,1380.1692005123348
3015379,0.0
3015380,139.01619069930283
3015381,5.59346453691499
3015382,716.346584920888
3015383,218.1627166619055
3015384,141.80284998349418
3015385,119.9167693677454
3015386,24.235993902153588
3015387,2528.2642776367716
3015388,4.077065916486914
3015389,0.3357600207985925
3015390,12.006474273577073
3015391,10.959846369616756
3015392,0.0
3015393,116.84328815834388
3015394,7.670709342053823
3015395,13.43009311570144
3015396,3.0730981513359725
3015397,33.15641652456766
3015398,1.8705119889191504
3015399,64.74709231976473
3015400,105.99455665560491
3015401,0.8482786144749688
3015402,2.502865135642853
3015403,51.30258004799481
3015404,30.805420849283088
3015405,449.491481780012
3015406,47.024118507397866
3015407,0.6509940866435111
3015408,7.46507784389168
3015409,0.5157902706735733
3015410,2.890982496423641
3015411,3056.902256185394
3015412,0.0
3015413,295.3862461638229
3015414,6.9484031514471924
3015415,947.4832802970037
3015416,631.3400022679033
3015417,458.8150297065018
3015418,148.30249054366962
3015419,70.16311745032336
3015420,5489.918771936537
3015421,13.263047765361751
3015422,1.3735637214487877
3015423,23.994839234524314
3015424,21.5201150070079
3015425,0.0
3015426,220.52652492365775
3015427,0.4424621375868682
3015428,13.43009311570144
3015429,7.894608380302624
3015430,46.403679793186335
3015431,4.635616668190938
3015432,304.0609152106863
3015433,212.8465273596845
3015434,2.018318082716305
3015435,7.174880055509511
3015436,284.02957457444637
3015437,50.529120648776356
3015438,1157.1062973238277
3015439,8.520723288576123
3015440,9.927659821313545
3015441,3.321077938424252
3015442,0.14736864876387812
3015443,3.773492942700331
3015444,2255.7975072557006
3015445,0.0
3015446,508.9128918070213
3015447,8.998182081124114
3015448,476.34923611776094
3015449,526.1784091373202
3015450,190.33105253216823
3015451,136.17404604122927
3015452,39.22291241943156
3015453,3370.677932339876
3015454,9.89065990851455
3015455,0.8851855093781075
3015456,26.204523631375643
3015457,15.479926759086041
3015458,0.0
3015459,143.08186850214628
3015460,7.792249867502068
3015461,4.314159142397632
3015462,5.5138611654146965
3015463,57.33040646059711
3015464,2.4804615505232213
3015465,131.7525946236631
3015466,122.96031163109
3015467,3.6271223515481426
3015468,5.728780199360307
3015469,143.83925070523512
3015470,47.97462227712933
3015471,1465.05005479736
3015472,38.80047723312223
3015473,9.77046801080284
3015474,5.642893488296074
3015475,0.564913153594866
3015476,3.012708075220426
3015477,2506.9073295554585
3015478,0.0
3015479,158.36008680735796
3015480,6.9484031514471924
3015481,786.5602799575194
3015482,282.3187968072066
3015483,259.2544564818315
3015484,45.081686267581496
3015485,28.39239409812846
3015486,4047.788859751992
3015487,30.04948582892207
3015488,1.1904218919222824
3015489,14.491629176009083
3015490,15.64061408997391
3015491,0.0
3015492,135.58513126105987
3015493,6.514025914473338
3015494,13.43009311570144
3015495,4.410799699564572
3015496,54.83109580425893
3015497,3.4157175449827966
3015498,173.54401107731704
3015499,148.00519273768919
3015500,1.1700394682413364
3015501,4.477347631538881
3015502,108.34437851604883
3015503,22.33980901283888
3015504,379.3489428962604
3015505,3.039339882711706
3015506,2.9992227563218905
3015507,6.260084963578456
3015508,0.12735562238853662
3015509,6.628620627547691
3015510,3333.237881260135
3015511,0.0
3015512,614.3988447481684
3015513,11.985995436246407
3015514,653.9540318793389
3015515,695.33962515056
3015516,201.82489549487096
3015517,128.31061363230558
3015518,72.72025992384953
3015519,4597.7052201957395
3015520,35.63657615892265
3015521,1.3735637214487877
3015522,20.23367430371354
3015523,25.967985992010696
3015524,0.0
3015525,193.226251432435
3015526,16.616911389373495
3015527,14.638388262480241
3015528,5.331282981129441
3015529,90.67123882507235
3015530,11.345061845835717
3015531,513.5389039606026
3015532,203.32648268141497
3015533,7.605256543568687
3015534,6.8689743167087185
3015535,352.33262160829986
3015536,92.7620590112292
3015537,1898.0810415096707
3015538,47.024118507397866
3015539,23.065348303826802
3015540,6.9654466496154654
3015541,0.02456144146064635
3015542,5.142905704164161
3015543,3969.8780056394544
3015544,0.0
3015545,466.9795317515675
3015546,8.33808378173663
3015547,1689.4118159716709
3015548,647.4427342823155
3015549,635.115039382037
3015550,83.2733838497341
3015551,58.21402505491215
3015552,7221.341172332023
3015553,10.117163570541601
3015554,0.4624331195544252
3015555,23.195939942739134
3015556,13.10044136368253
3015557,0.0
3015558,261.257799032907
3015559,1.7698485503474728
3015560,5.801800225983023
3015561,4.564454607131371
3015562,57.90798417717188
3015563,1.7891853807052742
3015564,465.008708533725
3015565,309.43605241382585
3015566,3.6271223515481426
3015567,5.2838263974682445
3015568,269.14273575483674
3015569,60.97859565022831
3015570,872.3636415714526
3015571,44.632045451559954
3015572,10.04695442026658
3015573,9.404822480493456
3015574,0.36842162190969524
3015575,3.886782095243874
3015576,3361.2004097096074
3015577,0.0
3015578,412.50939394757586
3015579,7.469533387805732
3015580,1507.8272033141795
3015581,519.9628621105217
3015582,308.0425381930764
3015583,213.25418163439812
3015584,59.90255686582617
3015585,5330.824922883048
3015586,12.784873367749087
3015587,0.5799491268339325
3015588,39.324372375675125
3015589,25.997098083929995
3015590,0.0
3015591,258.1732560136051
3015592,2.9251663540465174
3015593,3.064540632185904
3015594,11.533156591484415
3015595,93.9572258462935
3015596,2.6024514628440354
3015597,141.15096094788663
3015598,230.67934108610186
3015599,2.3985809098947395
3015600,4.505157244157135
3015601,137.07282156812184
3015602,135.81960199361612
3015603,1157.541528959681
3015604,0.836919677848151
3015605,5.300951848382876
3015606,4.173389975718972
3015607,0.14736864876387812
3015608,2.2597570321185314
3015609,1767.0599623434475
3015610,0.0
3015611,135.61772801439622
3015612,9.171892159910293
3015613,610.8809669184177
3015614,264.2313157032716
3015615,133.65651103850553
3015616,40.565776080502644
3015617,36.10157161743102
3015618,3126.215281559226
3015619,8.254800127208073
3015620,0.73256731810602
3015621,23.228676007877674
3015622,15.624060155353137
3015623,0.0
3015624,127.6513101385976
3015625,0.9340867349056106
3015626,13.43009311570144
3015627,4.519261987258783
3015628,106.02218259252194
3015629,3.212401024448106
3015630,124.12909832441945
3015631,116.521026035318
3015632,1.1407884815353029
3015633,5.11696872175872
3015634,120.55047795390463
3015635,25.48501896596225
3015636,423.1059122785788
3015637,2.920409191649074
3015638,1.7437341606522618
3015639,1.910354566350233
3015640,0.12735562238853662
3015641,1.4763745943174402
3015642,1558.5542637529095
3015643,0.0
3015644,245.68669642946793
3015645,13.827322271379913
3015646,399.423509111926
3015647,412.1858519554275
3015648,111.85226677626163
3015649,36.919322321521626
3015650,43.670754415510686
3015651,2398.5010509857875
3015652,17.918956373695572
3015653,0.427330935561845
3015654,13.198902859048932
3015655,13.375579173586448
3015656,0.0
3015657,96.4750366813728
3015658,9.414611038653916
3015659,2.320720090393209
3015660,2.9870514030985653
3015661,56.12729585684064
3015662,6.1401589201476465
3015663,608.7095467398805
3015664,112.86037921756129
3015665,3.129855577545575
3015666,4.950111046049198
3015667,242.46128158188333
3015668,28.047571456042615
3015669,953.719737125728
3015670,47.024118507397866
3015671,5.604587824522622
3015672,2.527546041632616
3015673,0.0982457658425854
3015674,4.308603407905999
3015675,3807.2203651823243
3015676,0.0
3015677,713.50682817985
3015678,17.64894400467587
3015679,849.3962889051122
3015680,1122.8179648083558
3015681,249.6522089754784
3015682,171.87285900129825
3015683,112.2604432111748
3015684,4786.458729056467
3015685,26.198923574462203
3015686,0.8241382328692726
3015687,20.647054190090607
3015688,27.545461796304238
3015689,0.0
3015690,193.7821726931953
3015691,9.365448578922043
3015692,33.1446433422825
3015693,10.918536961217221
3015694,93.33980302472914
3015695,16.224658338668284
3015696,415.4921097462229
3015697,211.45045667895658
3015698,14.391485459368438
3015699,7.925739596202367
3015700,414.9042436554028
3015701,97.50900402306
3015702,2907.4501136057647
3015703,47.024118507397866
3015704,16.23222471396888
3015705,3.056567306160373
3015706,0.07368432438193906
3015707,3.286590627513192
3015708,2332.8593668423405
3015709,0.0
3015710,390.41528111918274
3015711,7.677985482349147
3015712,351.6969787021677
3015713,547.0133012794404
3015714,142.09818586260116
3015715,100.23148890472618
3015716,78.2601995481233
3015717,2169.1981950423597
3015718,17.566617343875713
3015719,1.0683273389046126
3015720,20.40780230976959
3015721,15.196511981871732
3015722,0.0
3015723,83.58593451333923
3015724,7.670709342053823
3015725,22.344369075452565
3015726,5.025419329831767
3015727,277.66043781418426
3015728,12.198991232081417
3015729,229.66755281565432
3015730,82.15454000351303
3015731,4.446149979317078
3015732,5.951257100306338
3015733,146.17783778788737
3015734,34.763741149686155
3015735,1420.3058514590098
3015736,1.321452122918133
3015737,3.3712193772610397
3015738,3.908879343455092
3015739,0.12735562238853662
3015740,0.3347453416911584
3015741,971.2003220368001
3015742,0.0
3015743,199.60422088251892
3015744,6.045110741759057
3015745,286.4849772145063
3015746,201.49329751750346
3015747,74.02911217633144
3015748,26.520592781826604
3015749,23.41526879411587
3015750,1683.4466203905642
3015751,13.212713618244628
3015752,0.6409964033427675
3015753,11.283494792432332
3015754,8.847792642138526
3015755,0.0
3015756,64.65561532691956
3015757,0.09832491946374848
3015758,6.813396162821088
3015759,0.9038523974517566
3015760,24.043171051506107
3015761,0.24397982464162832
3015762,285.7806823744946
3015763,97.27068216520473
3015764,2.4570828833068066
3015765,1.2236229552031723
3015766,116.31724143719738
3015767,20.1352225970982
3015768,427.4137399621669
3015769,0.8809680819454222
3015770,1.7669839494609587
3015771,6.083744542069204
3015772,0.22105297314581715
3015773,2.7388255229276597
3015774,3460.4338117036905
3015775,0.0
3015776,628.1809224974294
3015777,17.093071752560093
3015778,679.8442385678065
3015779,908.6618444393185
3015780,266.40278727970275
3015781,183.70237196660239
3015782,93.95561978832242
3015783,4802.079976427013
3015784,21.794685701713995
3015785,2.6555565281343227
3015786,24.029664835735524
3015787,24.3668209364495
3015788,0.0
3015789,182.098794576396
3015790,4.940827203053361
3015791,33.91821670574691
3015792,10.050838659663533
3015793,192.2000924540337
3015794,4.9609231010464425
3015795,302.5395190204154
3015796,184.48748537111547
3015797,9.18480982569449
3015798,7.814501145729351
3015799,308.1045660438939
3015800,70.38756453484382
3015801,2187.8865278479175
3015802,1.8940813761826576
3015803,11.47217722482579
3015804,6.230694893326914
3015805,0.12735562238853662
3015806,3.2239200324891044
3015807,3727.3577084764624
3015808,0.0
3015809,585.9554053109663
3015810,16.78039361074497
3015811,1027.5291875113207
3015812,769.0930948725979
3015813,335.48194203658227
3015814,193.1261248005609
3015815,50.77646546518467
3015816,6228.781733369978
3015817,10.94767699797412
3015818,0.7630909563604376
3015819,34.646249364973166
3015820,17.15187415578435
3015821,0.0
3015822,211.71687231513235
3015823,7.670709342053823
3015824,5.236496614220574
3015825,6.073888110875805
3015826,56.43124701171699
3015827,1.6671954683844603
3015828,255.80175612349828
3015829,238.89735093260438
3015830,4.416898992611045
3015831,3.8655361539372946
3015832,170.36432470441997
3015833,71.87283861243456
3015834,1344.2258499043928
3015835,4.096501581046213
3015836,2.5807265577653475
3015837,5.7604537693022415
3015838,0.31929873898840255
3015839,2.832228813588559
3015840,3326.965936003034
3015841,0.0
3015842,609.3923863728878
3015843,11.8817693889747
3015844,845.2373026558557
3015845,623.4321898315767
3015846,248.70353259592721
3015847,175.52697767148788
3015848,55.09815367049069
3015849,4849.060462582497
3015850,13.086878250451823
3015851,1.1904218919222824
3015852,26.535018586870038
3015853,17.03913615276355
3015854,0.0
3015855,189.88549502318034
3015856,7.670709342053823
3015857,5.801800225983023
3015858,5.712347151895102
3015859,111.35402181860684
3015860,1.9111752930260884
3015861,148.84463371795982
3015862,195.97794276145905
3015863,4.533902939435178
3015864,3.8377265413190407
3015865,153.04249529212166
3015866,57.08194512746732
3015867,1017.8872862838425
3015868,2.7750494581280796
3015869,4.859205861017637
3015870,10.227744447536633
3015871,0.8105275682013295
3015872,13.481107851743923
3015873,9169.887105668526
3015874,0.0
3015875,1139.7246588597814
3015876,50.167470753448725
3015877,1532.4359494045893
3015878,1838.8680152408913
3015879,328.2896570898307
3015880,365.4374167229922
3015881,231.57886843208857
3015882,9449.331850592253
3015883,61.457993630006435
3015884,2.472414698607818
3015885,59.55177807117065
3015886,48.153112510508365
3015887,0.0
3015888,410.5410773408495
3015889,31.316486849203898
3015890,51.47238149205451
3015891,23.748902513524396
3015892,245.66305544980054
3015893,35.17375805250141
3015894,767.0042393425504
3015895,448.3147043335129
3015896,16.14654466173044
3015897,20.412255661798376
3015898,873.97122581579
3015899,212.6363571542775
3015900,6296.718152075667
3015901,1.5416941434044888
3015902,57.15217573608509
3015903,2.7920566738964947
3015904,0.3438601804490489
3015905,0.8436426253242516
3015906,1639.478756472326
3015907,0.0
3015908,148.61948596973446
3015909,4.9681082532847425
3015910,532.9888540303776
3015911,230.95000637358416
3015912,103.86446349189023
3015913,111.1430010042779
3015914,33.38251205941055
3015915,2549.23639751145
3015916,4.2784025049554035
3015917,0.24418910603534003
3015918,13.436413459309392
3015919,7.506353112523975
3015920,0.0
3015921,133.42490537861
3015922,0.36871844798905684
3015923,13.43009311570144
3015924,3.506947302112816
3015925,41.43185695820208
3015926,1.0165826026734515
3015927,85.74306144214779
3015928,67.79984710084359
3015929,1.9598161093042383
3015930,3.8655361539372946
3015931,85.27463505199219
3015932,19.077021117542674
3015933,494.25203656050564
3015934,0.08809680819454223
3015935,3.3944691660697366
3015936,7.4944679141432236
3015937,0.14736864876387812
3015938,2.3501473134032724
3015939,3641.6854370265805
3015940,0.0
3015941,518.9793685213643
3015942,10.457346742928024
3015943,1189.375074611792
3015944,573.6537794079252
3015945,225.37669330592604
3015946,244.81394254181205
3015947,59.25959896886127
3015948,5708.726846402531
3015949,10.696006262388508
3015950,0.24418910603534003
3015951,25.008612485782663
3015952,18.131981250400596
3015953,0.0
3015954,225.4397375369269
3015955,0.9832491946374848
3015956,5.653036117624484
3015957,11.171615632503713
3015958,18.41478551306507
3015959,1.9518385971330265
3015960,481.21262032187036
3015961,214.70120364226813
3015962,3.5101184047240093
3015963,5.784399424596815
3015964,107.73292609276598
3015965,58.312956787531384
3015966,1157.046345180094
3015967,2.510759033544453
3015968,4.208211774374126
3015969,1.3519432315709343
3015970,0.12735562238853662
3015971,0.9942930941321537
3015972,1095.40775707591
3015973,0.0
3015974,111.91902695212858
3015975,3.647911654509776
3015976,581.983442606251
3015977,133.67418187256325
3015978,81.22980369485718
3015979,159.295506199073
3015980,12.99192057243902
3015981,2097.7557685709535
3015982,1.4596902663965494
3015983,0.2747127442897575
3015984,9.890470743983897
3015985,3.681823389793129
3015986,0.0
3015987,63.17965507496512
3015988,7.670709342053823
3015989,13.43009311570144
3015990,0.43384915077684316
3015991,34.59119291574149
3015992,0.36596973696244245
3015993,88.57752335696117
3015994,57.35318763396657
3015995,0.5265177607086013
3015996,1.001146054257141
3015997,45.36528485719933
3015998,9.847152656975032
3015999,179.6533865400417
3016000,47.024118507397866
3016001,1.5344860613739904
3016002,6.4952055255907934
3016003,0.12735562238853662
3016004,2.1392366570722094
3016005,2268.738810079069
3016006,0.0
3016007,208.24637718260735
3016008,9.623538364754362
3016009,797.9610469333048
3016010,338.69395081853185
3016011,157.17548018719864
3016012,145.205866415387
3016013,43.707522296134165
3016014,3643.8594517820666
3016015,2.8942134592345377
3016016,0.61047276508835
3016017,29.636586630740478
3016018,14.898541158697777
3016019,0.0
3016020,170.3890345613733
3016021,7.670709342053823
3016022,13.43009311570144
3016023,13.847018728960911
3016024,34.13279790258691
3016025,1.7078587724913983
3016026,327.74851074998435
3016027,167.32401399525094
3016028,1.5210513087137372
3016029,3.448391964663486
3016030,166.97141104539946
3016031,24.63257888520919
3016032,1077.9051555913027
3016033,47.024118507397866
3016034,0.6509940866435111
3016035,3.232907727669625
3016036,0.29473729752775624
3016037,1.6872852506485032
3016038,2427.636557517441
3016039,0.0
3016040,600.34490883515
3016041,8.893956033852406
3016042,741.2438359936497
3016043,512.7120626465362
3016044,198.90898904894226
3016045,92.43423022923693
3016046,44.93164492279362
3016047,4840.194227983986
3016048,5.712925697793391
3016049,3.8765020583110226
3016050,31.656471500990712
3016051,32.459982490013374
3016052,0.0
3016053,146.11649982210668
3016054,1.3028051828946674
3016055,5.087732505862035
3016056,3.5431013980108856
3016057,34.82991093413045
3016058,2.968421199806478
3016059,219.2709429378953
3016060,204.31988703454084
3016061,2.9543496573093746
3016062,5.2838263974682445
3016063,115.12566119037685
3016064,26.471615478734517
3016065,544.6636891033064
3016066,4.933421258894364
3016067,2.2087299368261983
3016068,3.58558857068813
3016069,0.12735562238853662
3016070,0.5423416877084475
3016071,1459.7171450557516
3016072,0.0
3016073,95.25828548679696
3016074,3.231007465422944
3016075,370.4530943804201
3016076,151.0839503319518
3016077,83.30948886264743
3016078,114.03318352400836
3016079,36.01274376646769
3016080,2354.1513274158824
3016081,5.66259155067627
3016082,0.427330935561845
3016083,10.029773148828742
3016084,7.363646779586258
3016085,0.0
3016086,74.19492944486527
3016087,7.670709342053823
3016088,13.43009311570144
3016089,0.39769505487877294
3016090,49.93050050208794
3016091,0.8539293862456991
3016092,242.54567483273553
3016093,63.845036858132126
3016094,0.9067805878870356
3016095,1.1401941173484107
3016096,43.82255205258983
3016097,17.283957499406924
3016098,325.40081395507656
3016099,0.08809680819454223
3016100,0.534745142600027
3016101,4.290950256725139
3016102,0.12735562238853662
3016103,0.8436426253242516
3016104,3702.0458185180323
3016105,0.0
3016106,467.15491113324265
3016107,10.908992947772091
3016108,699.7978732966845
3016109,496.84858658359
3016110,186.15087247910932
3016111,105.36263596481696
3016112,65.65455366774309
3016113,4737.46129676982
3016114,5.838761065586198
3016115,0.39680729730742753
3016116,29.636586630740478
3016117,8.99392392706675
3016118,0.0
3016119,161.58983964223376
3016120,7.670709342053823
3016121,22.850167043871597
3016122,3.3261768226224646
3016123,63.32903412504761
3016124,1.1792358191012036
3016125,298.2123149514051
3016126,169.5234883906914
3016127,2.3108279497766393
3016128,2.9200093249166614
3016129,95.99622285231585
3016130,39.551162132954076
3016131,1135.6522064559406
3016132,1.233355314723591
3016133,0.929991552347873
3016134,3.321077938424252
3016135,0.12735562238853662
3016136,6.3297300974328135
3016137,3152.5479395276157
3016138,0.0
3016139,486.4878844814978
3016140,7.539017419320203
3016141,696.0353168764789
3016142,703.7092822212898
3016143,141.0186910074853
3016144,95.17264750703671
3016145,74.80926490091274
3016146,4277.66622984455
3016147,44.44505190441907
3016148,1.4040873597032049
3016149,32.84054194217188
3016150,24.41619732764595
3016151,0.0
3016152,182.4800248894612
3016153,16.272774171250372
3016154,20.618705418493512
3016155,1.8077047949035132
3016156,118.44927139914253
3016157,11.670368278691221
3016158,225.921670861077
3016159,208.438416101469
3016160,11.173876921704762
3016161,12.152800714176962
3016162,191.50877961079541
3016163,59.09311576954472
3016164,1985.319569702245
3016165,47.024118507397866
3016166,8.243538072667205
3016167,5.260822575026027
3016168,0.12735562238853662
3016169,6.839531283878754
3016170,3133.8006912500114
3016171,0.0
3016172,419.90094660655484
3016173,13.514644129564788
3016174,885.9727013294575
3016175,674.6775887127015
3016176,131.36781265093884
3016177,69.95508963067557
3016178,74.04631463486041
3016179,4584.955159199397
3016180,22.3735283935609
3016181,1.037803700650195
3016182,43.33419209913396
3016183,56.644424732968474
3016184,0.0
3016185,250.83124504047723
3016186,16.272774171250372
3016187,16.245040632752463
3016188,10.159300947357744
3016189,109.90126223845542
3016190,14.720116086711576
3016191,170.53912257389342
3016192,345.36907924229575
3016193,7.078738782860086
3016194,8.59317029904046
3016195,100.808486665453
3016196,70.97451450400519
3016197,1627.6604075064836
3016198,3.4798239236844175
3016199,10.985647738496272
3016200,8.258609740683315
3016201,0.22105297314581715
3016202,2.830119707025249
3016203,3951.3255119735863
3016204,0.0
3016205,608.2498721445728
3016206,6.983145167204428
3016207,1817.9693539511434
3016208,549.605868016452
3016209,177.0250361288927
3016210,356.6794891760225
3016211,47.40009353492506
3016212,6447.797422021382
3016213,23.606714997930403
3016214,1.5567055509752925
3016215,25.701293693873648
3016216,15.05095152227526
3016217,0.0
3016218,270.2825472981182
3016219,4.105065387611499
3016220,12.823466140506065
3016221,8.37111936423919
3016222,56.251415121940965
3016223,4.513626755870124
3016224,199.40210802589542
3016225,244.01097217558845
3016226,6.25971115509115
3016227,8.5097414611857
3016228,182.25822692445672
3016229,47.65569216777447
3016230,1386.414733190795
3016231,5.930677127656582
3016232,11.320275671376868
3016233,3.7031488516942983
3016234,0.29473729752775624
3016235,4.489383970475481
3016236,2638.6980575706966
3016237,0.0
3016238,355.02979392104777
3016239,7.782211529620856
3016240,619.9428919549589
3016241,621.1966252333822
3016242,183.2078806641443
3016243,106.74666343205352
3016244,61.15072278427344
3016245,3982.871529643253
3016246,20.81316983293011
3016247,1.4956582744664575
3016248,15.652366464378742
3016249,10.360479771278339
3016250,0.0
3016251,175.59886527358603
3016252,14.552088080634777
3016253,19.845132055029108
3016254,2.1692457538842156
3016255,93.82993307725597
3016256,9.352559944595752
3016257,389.2590295193895
3016258,187.57113786435028
3016259,5.411432540616181
3016260,7.8423107583476055
3016261,292.40537546661
3016262,44.68937696548362
3016263,1818.8564175808747
3016264,0.044048404097271114
3016265,17.768858485162724
3016266,3.321077938424252
3016267,0.17193009022452446
3016268,2.6514482510190764
3016269,4831.844417496026
3016270,0.0
3016271,395.2172867082134
3016272,10.83950891625762
3016273,1671.637839911416
3016274,539.4710934431072
3016275,244.09368312571198
3016276,138.4449037353032
3016277,47.88249616540039
3016278,7070.884804339691
3016279,8.531637936352245
3016280,2.228225592572478
3016281,30.17916949761114
3016282,19.693473945405106
3016283,0.0
3016284,344.39785569879587
3016285,7.670709342053823
3016286,0.14876410835853904
3016287,8.785445303231075
3016288,44.67588320514216
3016289,2.6431147669509736
3016290,156.18694815437027
3016291,238.89735093260438
3016292,2.8958476838973075
3016293,8.370693398094428
3016294,141.44610790597923
3016295,51.20519381627017
3016296,993.108333014708
3016297,47.024118507397866
3016298,4.184961985565429
3016299,6.671545947100046
3016300,0.02456144146064635
3016301,7.442133159110362
3016302,2992.067599179089
3016303,0.0
3016304,471.5316130276903
3016305,11.464865199887866
3016306,962.0265648678431
3016307,636.104690451934
3016308,205.34456738996812
3016309,102.83755871565712
3016310,93.61577911206086
3016311,4888.838534802777
3016312,33.371539538652144
3016313,1.4040873597032049
3016314,26.746061730209973
3016315,30.988680197425502
3016316,0.0
3016317,194.97696370552617
3016318,14.847062839026021
3016319,18.030209933054934
3016320,9.833914084275113
3016321,158.69494310791998
3016322,14.476136262069945
3016323,234.70074557167342
3016324,341.333253498941
3016325,11.67114369570733
3016326,7.230499280746018
3016327,154.76655429905793
3016328,55.70775298711128
3016329,1712.4940702205283
3016330,0.8809680819454222
3016331,4.8216807018804
3016332,3.232907727669625
3016333,0.12735562238853662
3016334,4.199532468489078
3016335,3011.16597026394
3016336,0.0
3016337,439.8055188578998
3016338,9.866732475055013
3016339,560.216012087755
3016340,718.0619510401458
3016341,151.83038710262022
3016342,100.538085353071
3016343,77.30248082177455
3016344,3753.709325838503
3016345,23.606714997930403
3016346,1.0072800623957774
3016347,28.173911379869622
3016348,18.88147491098949
3016349,0.0
3016350,155.0257381545562
3016351,12.143127553772938
3016352,32.87686794723713
3016353,5.221736070558289
3016354,74.12705757722654
3016355,12.11766462386754
3016356,239.89160047367886
3016357,176.78787828170533
3016358,7.868515423922988
3016359,7.258308893364273
3016360,172.6128861914211
3016361,47.8488433322789
3016362,1911.046595618874
3016363,0.22024202048635555
3016364,10.285452913771573
3016365,5.437162996535279
3016366,0.07368432438193906
3016367,3.530041785106761
3016368,5318.223455834843
3016369,0.0
3016370,527.9650885332474
3016371,17.440491910132454
3016372,1009.6769130328729
3016373,592.4598348469942
3016374,259.7877230397369
3016375,176.71401692066289
3016376,47.687293678913896
3016377,5913.759331350415
3016378,7.751458656036849
3016379,0.12209455301767001
3016380,17.586928611661506
3016381,16.89642981982583
3016382,0.0
3016383,199.43384078195925
3016384,7.670709342053823
3016385,7.229935666224997
3016386,1.4100097400247402
3016387,90.20367591165467
3016388,4.147657018907681
3016389,260.3400738448678
3016390,234.94471074794583
3016391,3.1883575509576416
3016392,2.2525786220785675
3016393,195.41485957353288
3016394,121.42932524664964
3016395,1081.3908694698612
3016396,3.3917271154898754
3016397,0.6277442978348142
3016398,13.431262104954715
3016399,0.12735562238853662
3016400,15.185265954898913
3016401,11690.438548167967
3016402,0.0
3016403,1601.3756217696628
3016404,28.31474284214731
3016405,2034.8879500788262
3016406,2211.0669393796948
3016407,524.9810669741864
3016408,468.17277662253446
3016409,296.3951279054048
3016410,11932.105128840944
3016411,70.6943096259984
3016412,4.486974823399373
3016413,128.27035089315623
3016414,104.9490913690567
3016415,0.0
3016416,566.8970811202349
3016417,22.403332899815094
3016418,24.72459480918919
3016419,35.18082763649422
3016420,380.3465625455867
3016421,32.24600015680188
3016422,920.0009252222982
3016423,533.6896104875963
3016424,35.33519194088836
3016425,30.20123930342376
3016426,911.0183870923091
3016427,260.6988695310707
3016428,7665.979646922048
3016429,314.6042736796936
3016430,65.37825556535314
3016431,14.93015568778336
3016432,0.12735562238853662
3016433,13.11593111535357
3016434,10570.123652022367
3016435,0.0
3016436,1194.2728234003707
3016437,27.3419664009447
3016438,2088.742213451151
3016439,1952.5707770119066
3016440,666.9882642433895
3016441,291.41992415174786
3016442,220.10679854618712
3016443,13426.977101161303
3016444,113.02532735149833
3016445,1.8008946570106326
3016446,76.37254345618551
3016447,71.20817683459437
3016448,0.0
3016449,534.4772933251315
3016450,19.724470469025263
3016451,33.20414898562591
3016452,4.662432207015142
3016453,256.54076911195864
3016454,25.08925863398078
3016455,1214.2380849225124
3016456,650.438251500912
3016457,21.411722268816455
3016458,24.973032131192017
3016459,1001.3769910219854
3016460,219.31507939032943
3016461,5089.418702222545
3016462,549.0404519023538
3016463,62.21145774630014
3016464,11.05066641457981
3016465,0.12735562238853662
3016466,18.137111240720944
3016467,6900.625845174493
3016468,0.0
3016469,901.3235088208013
3016470,15.425454996212766
3016471,1963.0492689517032
3016472,1406.6274068412702
3016473,764.0601137335169
3016474,115.48466220988078
3016475,171.69417071037637
3016476,11663.730880768095
3016477,38.58112376527431
3016478,2.7471274428975754
3016479,46.35287521212171
3016480,21.489575851759227
3016481,0.0
3016482,513.2234656969879
3016483,22.36891917800278
3016484,23.802257337366246
3016485,9.384157131303118
3016486,139.86442857907858
3016487,12.808940793685487
3016488,1085.3087625781038
3016489,605.3593944495251
3016490,21.499475228934557
3016491,37.01737535615779
3016492,634.0469229687806
3016493,121.50545766967421
3016494,2322.915959382915
3016495,345.08797173521003
3016496,34.55697503497271
3016497,15.429786882059576
3016498,0.12735562238853662
3016499,18.928327502900046
3016500,9893.984752105313
3016501,0.0
3016502,1131.8312747866626
3016503,22.721278305232318
3016504,1929.7696196549489
3016505,1793.7300949680375
3016506,621.0851776058864
3016507,268.4251905258866
3016508,171.07867192390856
3016509,12461.54414376399
3016510,41.50050429806742
3016511,1.7398473805017975
3016512,74.09912820911767
3016513,67.70245305964637
3016514,0.0
3016515,510.20071811496587
3016516,22.751403114716766
3016517,26.50440860159075
3016518,7.932931721954578
3016519,234.47821712882887
3016520,17.932517111159683
3016521,954.3471142784113
3016522,611.0174591462369
3016523,20.446439707517353
3016524,26.224464699013446
3016525,903.2855497185834
3016526,199.4181570056955
3016527,4564.377679341446
3016528,415.49273842408337
3016529,49.70089390941287
3016530,11.93236852212607
3016531,0.12735562238853662
3016532,19.90213213327433
3016533,5776.519161414298
3016534,0.0
3016535,812.9640786008597
3016536,19.038624634965306
3016537,1817.8381511963332
3016538,1129.1332466194172
3016539,602.0209864344566
3016540,92.33663035984716
3016541,132.59194288738036
3016542,10240.043288082037
3016543,37.02076520464352
3016544,0.45785457381626254
3016545,35.34798522937906
3016546,63.20235155678838
3016547,0.0
3016548,489.47975729598187
3016549,19.2033483958674
3016550,11.306072235248967
3016551,2.7657883362023754
3016552,137.86688415637036
3016553,7.92934430085292
3016554,960.0223964235172
3016555,708.7076858683444
3016556,15.649277887727875
3016557,21.135305589872978
3016558,692.686345561418
3016559,84.88733524075253
3016560,1691.2832339091854
3016561,313.86426049085946
3016562,16.591770014089334
3016563,10.834649398230976
3016564,0.12735562238853662
3016565,10.803145118214657
3016566,7378.682369771765
3016567,0.0
3016568,1148.6393865031332
3016569,26.716610117314456
3016570,1453.1368162929205
3016571,1865.387521259084
3016572,411.5237703738995
3016573,344.2822617871999
3016574,218.26431919494365
3016575,9222.90405726307
3016576,53.756869121086716
3016577,1.5261819127208751
3016578,55.73419566639771
3016579,57.47212146400724
3016580,0.0
3016581,388.93501572021034
3016582,11.887482763167194
3016583,26.89655079122386
3016584,12.21429975820406
3016585,271.4844465407978
3016586,22.97476682042
3016587,816.8371304084347
3016588,425.2272155906702
3016589,16.760815382557144
3016590,26.029797410685667
3016591,765.714078665373
3016592,187.8215912476715
3016593,6004.506283061758
3016594,281.3530143947456
3016595,55.68645864683268
3016596,5.290212645277569
3016597,0.29473729752775624
3016598,5.995888658554502
3016599,2017.513828530632
3016600,0.0
3016601,325.09259432723115
3016602,25.153219408238833
3016603,694.8516705185663
3016604,465.35820214004644
3016605,204.3116903275699
3016606,63.66986243960684
3016607,62.027950391498585
3016608,3595.890981258369
3016609,49.20162880698714
3016610,1.159898253667865
3016611,30.812298927630955
3016612,17.69958106159931
3016613,0.0
3016614,160.56760050476902
3016615,9.930816865838597
3016616,8.53905981978014
3016617,12.617779468426523
3016618,66.88900031951577
3016619,8.701947078884743
3016620,254.44567822527486
3016621,188.58672503312852
3016622,3.0421026174274743
3016623,6.1181147760158625
3016624,176.21990877134337
3016625,49.52177162921059
3016626,1260.0455010642083
3016627,1.4535973352099467
3016628,6.82263751072681
3016629,9.375432410241913
3016630,0.12735562238853662
3016631,13.176793904751962
3016632,4931.272574101846
3016633,0.0
3016634,567.8567034123929
3016635,33.1438830324031
3016636,1414.306914259073
3016637,992.6132630589644
3016638,436.9026548037013
3016639,83.34313454173255
3016640,103.10454897646902
3016641,8233.997697666622
3016642,95.45871000762261
3016643,1.46513463621204
3016644,59.584514136309195
3016645,30.218351412227697
3016646,0.0
3016647,358.8087893472263
3016648,13.313685719988863
3016649,8.360542889749894
3016650,3.3984850144186045
3016651,144.43145335629248
3016652,11.426388454049594
3016653,594.5559531514252
3016654,444.20799002709543
3016655,11.758896655825431
3016656,20.88501907630869
3016657,319.7629507378309
3016658,73.15102892150173
3016659,1772.3979393243994
3016660,312.1868972628353
3016661,13.30435922076137
3016662,6.994836719867008
3016663,0.12735562238853662
3016664,5.212506220753411
3016665,4791.4867458952285
3016666,0.0
3016667,837.1598608023003
3016668,10.040442553841192
3016669,1073.5601927150985
3016670,1412.8244048111576
3016671,234.45170116712293
3016672,263.8006940966857
3016673,176.43662455866442
3016674,5964.732704686064
3016675,35.63657615892265
3016676,1.7398473805017975
3016677,37.29821889720688
3016678,34.217268273808436
3016679,0.0
3016680,253.1388292733638
3016681,2.064823308738718
3016682,41.80271444874947
3016683,6.83312412473528
3016684,169.43760654697175
3016685,13.093583922434053
3016686,658.1558216224679
3016687,232.50580661399718
3016688,18.398870638095016
3016689,8.878496924503747
3016690,741.1869103383882
3016691,108.59848521703321
3016692,4414.126747684745
3016693,5.109614875283448
3016694,33.595990048243664
3016695,10.433474939297428
3016696,0.12735562238853662
3016697,7.773564190487748
3016698,5145.090839796886
3016699,0.0
3016700,842.6197728938009
3016701,13.375676066535846
3016702,1263.2144801845798
3016703,994.014120096145
3016704,336.37271059188697
3016705,169.29233889439604
3016706,227.98307239821742
3016707,7611.827945959758
3016708,41.928344548562954
3016709,3.1439347402050024
3016710,54.30843555281074
3016711,41.04804960620526
3016712,0.0
3016713,278.32664950864915
3016714,6.391119765143652
3016715,50.16325733849937
3016716,11.135461536605641
3016717,273.30850608160443
3016718,13.17491053064793
3016719,511.05207074071575
3016720,275.0493125068602
3016721,13.484704871481403
3016722,22.414547770312655
3016723,382.80205084180915
3016724,114.45804098934347
3016725,3973.6889472134294
3016726,6.254873381812498
3016727,6.375068825281009
3016728,8.376170021689484
3016729,0.02456144146064635
3016730,3.317022022212388
3016731,2391.329781840765
3016732,0.0
3016733,440.6270753809904
3016734,8.33808378173663
3016735,752.4266371025727
3016736,435.37056013324013
3016737,209.8858730273675
3016738,70.21058667096293
3016739,85.49938666623204
3016740,3653.8543367311872
3016741,12.810040441307649
3016742,1.46513463621204
3016743,31.515776072097417
3016744,20.870515779475404
3016745,0.0
3016746,166.32859898256663
3016747,4.27713399667306
3016748,12.079645598713372
3016749,8.27928796065809
3016750,99.01543851067996
3016751,4.432300147656248
3016752,298.2037233330254
3016753,179.17807666824348
3016754,4.387648005905012
3016755,5.422874460559514
3016756,151.52370026337871
3016757,58.86025271386038
3016758,1669.6876406736437
3016759,0.4404840409727111
3016760,2.789974657043619
3016761,5.936794190811494
3016762,0.12735562238853662
3016763,1.3257241255095382
3016764,3768.3848843367377
3016765,0.0
3016766,218.2798765773192
3016767,4.9333662375275065
3016768,939.9102008580593
3016769,215.42175746960254
3016770,200.42146681949203
3016771,52.38455817011473
3016772,22.92154772857823
3016773,3924.4208754222573
3016774,8.380635495000877
3016775,0.85466187112369
3016776,24.377920847847633
3016777,9.019040241663788
3016778,0.0
3016779,173.8552832432579
3016780,7.670709342053823
3016781,13.43009311570144
3016782,4.157721028278081
3016783,27.78579002813893
3016784,1.3825523396358936
3016785,59.38732273269514
3016786,138.10514678259287
3016787,0.11700394682413365
3016788,1.9466728832777744
3016789,49.99348306383486
3016790,75.54382784604726
3016791,529.6212454034724
3016792,47.024118507397866
3016793,1.9529822599305333
3016794,6.4952055255907934
3016795,0.0491228829212927
3016796,5.994984755741655
3016797,3723.338424895115
3016798,0.0
3016799,528.8003973660963
3016800,13.375676066535846
3016801,985.3385668851723
3016802,828.8740170290081
3016803,316.8738123276538
3016804,135.28568283215014
3016805,101.03367112265701
3016806,5627.332865808193
3016807,26.576429677840622
3016808,1.2209455301767
3016809,30.4424510427679
3016810,51.47017851331269
3016811,0.0
3016812,261.94135163912614
3016813,17.624741813876916
3016814,16.096276524393925
3016815,10.62930419403266
3016816,103.58316851099103
3016817,8.823936991205558
3016818,477.9320149794079
3016819,259.78198963414667
3016820,8.219527264395388
3016821,12.26403916464998
3016822,414.60132808087235
3016823,84.08392480915171
3016824,2058.33877328019
3016825,47.024118507397866
3016826,25.712188194243936
3016827,4.908141732007522
3016828,0.0491228829212927
3016829,5.051611520066572
3016830,4040.401755332953
3016831,0.0
3016832,578.55583261582
3016833,18.482752382849533
3016834,733.5846988338081
3016835,1078.9421868862146
3016836,169.996287514076
3016837,200.36077899333742
3016838,144.02851714615963
3016839,4391.341952822755
3016840,28.690463856759763
3016841,2.7776510811519928
3016842,30.460560355397725
3016843,26.14265854352647
3016844,0.0
3016845,180.4089270415496
3016846,10.520766382621089
3016847,37.25053273297818
3016848,9.4575499459762
3016849,186.77199027518637
3016850,15.492718864743399
3016851,474.13227351231257
3016852,189.7021348723422
3016853,6.201209181679082
3016854,11.930323813230931
3016855,478.3765360449165
3016856,110.01344780278257
3016857,3861.69533261633
3016858,0.48453244506998217
3016859,28.533138800897564
3016860,4.261560186473598
3016861,0.417544504830988
3016862,9.372869567352435
3016863,4769.330445153052
3016864,0.0
3016865,730.2577554193216
3016866,21.296855659185642
3016867,878.7142263455959
3016868,1177.1554108285418
3016869,259.489903803825
3016870,240.75486106276696
3016871,107.63720011871588
3016872,5852.8669089333325
3016873,30.024318755363506
3016874,3.54074203751243
3016875,41.41878403251735
3016876,47.94732997841217
3016877,0.0
3016878,256.59604631441516
3016879,22.246013028673094
3016880,31.151204290278077
3016881,23.82265686915646
3016882,156.75840048311622
3016883,23.178083340954693
3016884,456.7904687585611
3016885,254.52176891380807
3016886,16.61456044902698
3016887,15.907098417641242
3016888,470.059473318038
3016889,127.37303707833627
3016890,3686.0864443824157
3016891,1.3655005270154041
3016892,27.33138223321879
3016893,10.844935922819017
3016894,0.2456144146064635
3016895,6.664475439123972
3016896,3570.636696640573
3016897,0.0
3016898,458.1065342140603
3016899,15.981327248328542
3016900,1428.9884554962716
3016901,669.7403136513207
3016902,492.5802299941773
3016903,159.37292180228008
3016904,71.07081752691768
3016905,7905.773085093493
3016906,9.034979407523469
3016907,1.09885097715903
3016908,50.5800066871385
3016909,35.080070762749884
3016910,0.0
3016911,309.32419154727984
3016912,8.72633660240768
3016913,5.176990970877159
3016914,7.736976522187036
3016915,57.231322615446004
3016916,4.066330410693806
3016917,441.5478185074804
3016918,362.1576128101236
3016919,6.639973982269584
3016920,6.340591676961893
3016921,318.24945700228807
3016922,89.31176357507492
3016923,1286.7623952961399
3016924,117.58325038129647
3016925,11.76953132890242
3016926,4.483924335418235
3016927,0.12236954314717878
3016928,3.1021831714395134
3016929,2555.5045944268477
3016930,0.02876711850596554
3016931,320.29988311860967
3016932,15.398068695391943
3016933,513.2805724009218
3016934,642.4668061027066
3016935,203.12947720412336
3016936,151.45904108981435
3016937,130.36565720056333
3016938,3139.807423126648
3016939,17.657678682072596
3016940,1.566315162678513
3016941,25.278892960179085
3016942,20.32194922539865
3016943,0.0
3016944,132.2494150918636
3016945,10.736176280324992
3016946,21.67559826094537
3016947,7.0016962788027275
3016948,134.4392477554694
3016949,8.657353753030808
3016950,659.7363102697644
3016951,124.26551547602398
3016952,3.5670763687897518
3016953,7.409081279186312
3016954,573.1480821150736
3016955,60.53878648217864
3016956,2158.9595446933354
3016957,47.6272591256743
3016958,33.494159889114506
3016959,1.2143961741757723
3016960,0.12236954314717878
3016961,2.2296941544721505
3016962,1492.1498316978166
3016963,0.01438355925298277
3016964,99.41296575221321
3016965,5.526430134510533
3016966,821.6891230718273
3016967,283.54478353232594
3016968,389.4664535773451
3016969,45.56769842228448
3016970,36.20169318793369
3016971,3400.9752604391506
3016972,5.019441655817591
3016973,0.38358738677841137
3016974,11.071613149481191
3016975,7.054986786104856
3016976,0.0
3016977,127.23496909955584
3016978,2.884345866355968
3016979,17.985522454062615
3016980,1.9130317701646795
3016981,21.42820312949425
3016982,0.5803812571864229
3016983,272.5376575999587
3016984,147.18956649974302
3016985,0.8280712998976208
3016986,3.548887671543023
3016987,228.8206667426203
3016988,26.637490713552165
3016989,245.6527958464999
3016990,1.8095185960903568
3016991,2.1751170207501693
3016992,7.410930498816251
3016993,0.1415990427845926
3016994,4.569257296266117
3016995,5580.774932465032
3016996,0.01438355925298277
3016997,721.1679839236415
3016998,16.621476893108014
3016999,1750.8126196350368
3017000,628.1810763004006
3017001,835.9639018999434
3017002,284.5909892373585
3017003,89.95594761805923
3017004,9595.32242343674
3017005,28.114848798359247
3017006,0.7352091579919551
3017007,30.02807303422927
3017008,19.05175266378172
3017009,0.0
3017010,378.9307783390701
3017011,9.374124065656895
3017012,2.6297600831294017
3017013,10.942541725341968
3017014,61.4285146217124
3017015,3.433922438353002
3017016,954.6181830945519
3017017,343.68822044778165
3017018,2.5797605881425882
3017019,14.071028311731986
3017020,684.9240591177736
3017021,102.36770153682025
3017022,1444.533304507729
3017023,19.436264092029706
3017024,12.965403417804932
3017025,5.355798511749559
3017026,0.12236954314717878
3017027,0.9048034250031914
3017028,1820.979759932126
3017029,0.01438355925298277
3017030,188.5607441811717
3017031,14.259033476828703
3017032,1022.2934626864276
3017033,380.9581401067243
3017034,333.41480612845874
3017035,59.39733556583096
3017036,42.770822889770145
3017037,3629.1756430873097
3017038,8.27610320631829
3017039,0.41555300234327897
3017040,16.91711519693455
3017041,17.189056788179204
3017042,0.0
3017043,133.1850798405772
3017044,5.768691732711936
3017045,17.985522454062615
3017046,6.0662237431922
3017047,57.915088495538456
3017048,2.3215250287456914
3017049,233.73751577260987
3017050,151.1679211709082
3017051,1.5605959113455163
3017052,6.288379909225357
3017053,250.04360033097433
3017054,31.07147403535404
3017055,330.6246483106149
3017056,3.6404516134362206
3017057,4.264935334804253
3017058,4.452785971977831
3017059,0.12236954314717878
3017060,3.78595604547764
3017061,1747.556279689017
3017062,0.01438355925298277
3017063,120.92976863904063
3017064,9.154468238082332
3017065,817.2825534588546
3017066,265.43135149562255
3017067,252.10662168446032
3017068,47.38403325450141
3017069,33.86167684652784
3017070,3549.252362267272
3017071,14.012607955824109
3017072,0.06393123112973523
3017073,18.46559256049835
3017074,8.061518163597018
3017075,0.0
3017076,111.05180323024014
3017077,1.1751038714783573
3017078,17.985522454062615
3017079,3.099111467666781
3017080,60.788165987399786
3017081,1.4509531429660572
3017082,235.77470370674757
3017083,161.855087318977
3017084,0.47773344224862746
3017085,5.074286758434322
3017086,147.54620062492677
3017087,22.57300600190045
3017088,179.48219279960352
3017089,3.3544798629199684
3017090,2.473662494186467
3017091,3.3318048881232722
3017092,0.12236954314717878
3017093,2.3499037523654316
3017094,1775.784014847514
3017095,0.01438355925298277
3017096,168.22644236111898
3017097,12.107522508431472
3017098,1351.4293189451598
3017099,352.39870760388
3017100,407.10866519280665
3017101,37.76064519608889
3017102,47.03953710882991
3017103,3987.882590180753
3017104,9.740107022598421
3017105,0.3196561556486761
3017106,14.207279810697893
3017107,18.84040200031663
3017108,0.0
3017109,157.73544888851725
3017110,0.8279140912688426
3017111,17.985522454062615
3017112,3.3286752800865425
3017113,30.718752738086167
3017114,2.9986364954631846
3017115,379.1974524121766
3017116,219.36961423083332
3017117,1.0510135729469805
3017118,4.296021918183659
3017119,133.87352870120475
3017120,88.81402956700117
3017121,376.7383819102579
3017122,2.366293548733543
3017123,5.757662701985742
3017124,3.643188522527317
3017125,0.613595852066568
3017126,3.5545848839411094
3017127,1918.2033685343868
3017128,0.01438355925298277
3017129,158.92679579495154
3017130,3.5014786348425515
3017131,792.4428552052625
3017132,319.2171673755162
3017133,413.28552956765134
3017134,87.85324793722958
3017135,71.07708395646011
3017136,3501.461110633142
3017137,7.379774339208005
3017138,0.990934082510896
3017139,15.175078162925269
3017140,15.45520410345852
3017141,0.0
3017142,168.19557326929345
3017143,6.543192011640853
3017144,17.985522454062615
3017145,4.093887988152414
3017146,34.71468805360957
3017147,2.8535411811665794
3017148,188.42514076381786
3017149,152.299815767415
3017150,0.8917690921974379
3017151,4.825242009554111
3017152,172.36011431701687
3017153,43.12082371235063
3017154,604.3828759392063
3017155,3.1091062860339487
3017156,5.970909468725955
3017157,4.2970941547758095
3017158,0.1415990427845926
3017159,1.3895195455406153
3017160,1531.3255481275623
3017161,0.01438355925298277
3017162,154.70348144364462
3017163,6.792024821803022
3017164,798.8364419499542
3017165,245.54530969068554
3017166,245.65689727468632
3017167,148.07908711073844
3017168,38.65572122557956
3017169,2601.5771265722033
3017170,4.840175882395535
3017171,0.35162177121354377
3017172,13.084633722114136
3017173,11.479300533323155
3017174,0.0
3017175,124.73222773338517
3017176,8.334038442037793
3017177,17.985522454062615
3017178,3.2521540092799555
3017179,46.96772420674764
3017180,2.2247948192146207
3017181,82.50990880941605
3017182,114.55150260909824
3017183,0.9236179883473463
3017184,2.8017534249023868
3017185,102.44487144723938
3017186,35.203140312487605
3017187,526.0671737101146
3017188,47.6272591256743
3017189,1.1941818937451911
3017190,7.909144313862721
3017191,0.4955966497460741
3017192,3.1005674510377226
3017193,3480.4194378169486
3017194,0.01438355925298277
3017195,328.71912560859715
3017196,8.437297915283256
3017197,1084.402893403562
3017198,724.2473974768093
3017199,831.9618178554806
3017200,183.13116282018802
3017201,111.9081775406905
3017202,6014.881434840012
3017203,15.745510432237324
3017204,1.4384527004190426
3017205,26.672522587386506
3017206,22.540084901368903
3017207,0.0
3017208,226.81529344947884
3017209,0.48072431105932795
3017210,17.985522454062615
3017211,8.273479799608207
3017212,65.73313594035999
3017213,5.513621943271017
3017214,377.6263307915997
3017215,236.4595237343771
3017216,2.1975738343436864
3017217,8.031693151386841
3017218,598.6812741604884
3017219,57.74255553164713
3017220,1354.2317578628474
3017221,8.630011765969392
3017222,18.211273879614165
3017223,3.518635068765699
3017224,0.1415990427845926
3017225,4.047056462407132
3017226,2508.336631309533
3017227,0.01438355925298277
3017228,566.3411989499572
3017229,10.926300800291816
3017230,531.2441490611661
3017231,598.0726147673132
3017232,337.39848051912855
3017233,168.15436683524135
3017234,62.559430170765204
3017235,3692.992366607352
3017236,11.741908159144723
3017237,0.9270028513811608
3017238,29.128794805339588
3017239,16.0530843395691
3017240,0.0
3017241,148.51225438310274
3017242,8.466089255878165
3017243,5.777503212935807
3017244,5.835129505356306
3017245,81.2113913850399
3017246,2.9502713906976497
3017247,162.25417961864247
3017248,135.37077120887196
3017249,3.9492631225886536
3017250,6.412902283665463
3017251,311.1648509995891
3017252,55.919849791296535
3017253,1714.6370352092576
3017254,38.92740263852665
3017255,17.922921622952725
3017256,5.978565780557648
3017257,0.5427963306742716
3017258,3.2311176595024684
3017259,2878.2107953913605
3017260,0.01438355925298277
3017261,176.19602789833309
3017262,8.437297915283256
3017263,847.7835706604938
3017264,336.4418274303042
3017265,480.3098084622068
3017266,55.669069331280404
3017267,45.2850613684351
3017268,4495.188796639756
3017269,35.67388891098931
3017270,1.246659007029837
3017271,16.108810013154244
3017272,16.38191846942992
3017273,0.0
3017274,144.73946887558344
3017275,7.077330135040107
3017276,17.985522454062615
3017277,4.667797519201818
3017278,77.67099269548615
3017279,4.0626688003049605
3017280,219.2478379802039
3017281,158.53957054825221
3017282,1.27395584599634
3017283,5.012025571214269
3017284,224.36322040454695
3017285,25.528994883101696
3017286,443.9751014837353
3017287,3.1706727471435316
3017288,5.5017665818974875
3017289,6.63247141280614
3017290,0.12236954314717878
3017291,7.180261465561041
3017292,3826.9309520713614
3017293,0.01438355925298277
3017294,684.2693742600752
3017295,14.554338903863618
3017296,749.1480508238803
3017297,841.5733171574785
3017298,362.60831029649677
3017299,204.39303891501717
3017300,115.9867470843944
3017301,5037.351720609764
3017302,42.30672252760541
3017303,1.4384527004190426
3017304,22.716550042821883
3017305,27.46542228644787
3017306,0.0
3017307,204.30854767387558
3017308,18.053868570894764
3017309,19.603666074237356
3017310,5.641913296569673
3017311,128.44034986303987
3017312,13.493864229584332
3017313,1121.3554443843586
3017314,223.8483491352103
3017315,8.28071299897621
3017316,7.6892566216765506
3017317,925.0569264717436
3017318,106.00458260330998
3017319,2178.3047446611167
3017320,47.6272591256743
3017321,44.42656696367461
3017322,7.379792135375846
3017323,0.023599840464098767
3017324,5.515746307635526
3017325,4595.847432207661
3017326,0.01438355925298277
3017327,524.7707276871292
3017328,10.124757498339909
3017329,1839.949821924422
3017330,742.7197922431967
3017331,1141.0782139117525
3017332,102.83004392217622
3017333,92.84971489209806
3017334,7911.867689944722
3017335,12.010806819277807
3017336,0.4794842334730142
3017337,25.531681889780877
3017338,13.721351418737834
3017339,0.0
3017340,278.75240536583414
3017341,1.9228972442373118
3017342,7.769745700155051
3017343,4.782579425411699
3017344,82.02955914089333
3017345,2.1280646096835505
3017346,545.1735171587096
3017347,337.6528650195031
3017348,3.9492631225886536
3017349,5.914812785905038
3017350,597.1606309851173
3017351,70.3806141759373
3017352,1010.8714243601395
3017353,45.635023963038115
3017354,18.430107587959842
3017355,9.964276300929413
3017356,0.35399760696148147
3017357,4.210244222988066
3017358,3859.035071079215
3017359,0.01438355925298277
3017360,463.55962118444484
3017361,9.0700952589295
3017362,1696.4718941622175
3017363,613.6862599596703
3017364,548.4127243512021
3017365,263.3366851480832
3017366,95.5428751242194
3017367,5840.574550016739
3017368,15.177835483067478
3017369,0.6073466957324847
3017370,43.712741734724375
3017371,26.962306067760814
3017372,0.0
3017373,265.5798989274511
3017374,3.178121834225557
3017375,4.104019523671641
3017376,12.205142693650656
3017377,134.3873005963676
3017378,3.0953667049942553
3017379,176.79975347472367
3017380,249.3860573346344
3017381,2.611609484292497
3017382,5.043156164824296
3017383,299.06157730449314
3017384,158.31311184324676
3017385,1354.7411358730287
3017386,0.8476541746971591
3017387,9.724052563353698
3017388,4.421647608537428
3017389,0.1415990427845926
3017390,2.42358060268712
3017391,1962.2655581345437
3017392,0.01438355925298277
3017393,150.90701291900538
3017394,11.137233248173898
3017395,675.4583128342314
3017396,300.2285323947894
3017397,233.20649171371556
3017398,50.092602741140695
3017399,57.58098033374662
3017400,3379.4847438834468
3017401,9.799862280405772
3017402,0.7671747735568227
3017403,25.820860037426417
3017404,16.202554398596746
3017405,0.0
3017406,133.72287543856058
3017407,1.0148624344585813
3017408,17.985522454062615
3017409,4.782579425411699
3017410,150.18573035820378
3017411,3.8208432764772837
3017412,160.98256203661433
3017413,133.12237833072635
3017414,1.2421069498464312
3017415,5.728029224244879
3017416,242.9532394576467
3017417,29.12320863638049
3017418,495.18653962249437
3017419,3.044863022267427
3017420,3.1987015011031903
3017421,2.023993623626287
3017422,0.12236954314717878
3017423,1.5992400536931408
3017424,1888.0231828916583
3017425,0.05753423701193108
3017426,278.6246809435369
3017427,16.79022285141368
3017428,449.39549809596974
3017429,494.73359766810444
3017430,203.35063657218194
3017431,52.88414878864033
3017432,69.65361169886758
3017433,2815.5567717462663
3017434,21.27287177941741
3017435,0.44751861790814657
3017436,14.671823019767034
3017437,14.14823790732079
3017438,0.0
3017439,101.06374387436043
3017440,10.2287450630957
3017441,3.1078982800620203
3017442,3.130102582343449
3017443,81.08152348728538
3017444,7.303130819595822
3017445,1266.7243972439483
3017446,126.55239914133975
3017447,3.4078318880402096
3017448,5.54124566258472
3017449,596.2402591740557
3017450,32.05158592775948
3017451,1105.3592615697428
3017452,47.6272591256743
3017453,10.586419098280514
3017454,2.6778992558747796
3017455,0.09439936185639507
3017456,4.667169952614676
3017457,4504.585197731197
3017458,0.01438355925298277
3017459,808.9660775331513
3017460,21.43073670481947
3017461,964.1972192796609
3017462,1288.050790273838
3017463,448.53716106934246
3017464,273.78573731209093
3017465,179.05221526918993
3017466,5388.820740355527
3017467,31.102611688726856
3017468,0.8630716202514256
3017469,22.951144363401795
3017470,29.131116624251945
3017471,0.0
3017472,199.1325140227293
3017473,10.175331250755775
3017474,44.38716261524475
3017475,11.554711891794666
3017476,132.22050467152502
3017477,19.29767680144856
3017478,895.0839986372288
3017479,226.32582856044445
3017480,15.66965690575498
3017481,8.872219178857558
3017482,1081.6686659315587
3017483,111.42919186687834
3017484,3402.7654048320856
3017485,47.6272591256743
3017486,31.250428468640088
3017487,3.238389797802059
3017488,0.0707995213922963
3017489,3.524855628548147
3017490,2963.785808955251
3017491,0.01438355925298277
3017492,438.7312446107033
3017493,9.323214196387998
3017494,410.4903322802392
3017495,627.5112592481036
3017496,252.51103870298851
3017497,153.47571856897548
3017498,124.8227932802733
3017499,2574.6754554470135
3017500,20.85458497476594
3017501,1.1187965447703665
3017502,22.912045309971813
3017503,15.916767645735888
3017504,0.0
3017505,90.16242791968308
3017506,8.334038442037793
3017507,29.92348215803304
3017508,5.318228321057809
3017509,401.0320682659288
3017510,14.509531429660573
3017511,471.20659072379607
3017512,92.20268976329436
3017513,4.841032214786091
3017514,6.728566502871132
3017515,348.65709202585344
3017516,39.72654239871816
3017517,1645.8120566614793
3017518,1.3384013284691987
3017519,6.307839360175492
3017520,4.141402337573787
3017521,0.12236954314717878
3017522,0.3554584883941109
3017523,1171.2677541815585
3017524,0.01438355925298277
3017525,220.03380177637285
3017526,7.340449186296433
3017527,325.3395979921678
3017528,240.0350467577004
3017529,130.1422561005785
3017530,37.33377338299361
3017531,37.34668801211929
3017532,1886.3415876360984
3017533,15.685755174429971
3017534,0.6712779268622199
3017535,12.542666644866804
3017536,9.359815096311145
3017537,0.0
3017538,67.73087393602003
3017539,0.10682762467985066
3017540,9.124470591464135
3017541,0.9565158850823398
3017542,34.05835567803485
3017543,0.29019062859321143
3017544,582.145234790263
3017545,110.17735646434218
3017546,2.675307276592314
3017547,1.3697461188411668
3017548,275.2842238253098
3017549,23.009686177532448
3017550,495.32405337841993
3017551,0.8922675523127992
3017552,3.241350854451233
3017553,6.445641232163714
3017554,0.21239856417688888
3017555,2.9373796904567895
3017556,4064.64998099537
3017557,0.1438355925298277
3017558,699.6187744064182
3017559,20.755752871596812
3017560,785.7606470132661
3017561,1033.2359773796786
3017562,487.57844891935633
3017563,292.6296196334077
3017564,149.85654233025735
3017565,5261.269410119006
3017566,25.874026630583533
3017567,2.781008554143482
3017568,26.711234521475603
3017569,25.77192651766465
3017570,0.0
3017571,188.96045885809514
3017572,5.368088140162496
3017573,45.42312870859875
3017574,10.636456642115618
3017575,274.90436596674806
3017576,5.900542781395299
3017577,647.3194338353371
3017578,212.7797260136001
3017579,10.000553391071268
3017580,8.747696804417451
3017581,797.541755347207
3017582,80.43595063016477
3017583,2560.616449382894
3017584,1.918375237472518
3017585,22.086341217015
3017586,6.601333049365736
3017587,0.12236954314717878
3017588,3.457641659833625
3017589,4146.729379061599
3017590,0.01438355925298277
3017591,664.863414610845
3017592,20.376074465409065
3017593,1175.0358479047352
3017594,882.2721043779203
3017595,614.0092099220799
3017596,238.48157691774614
3017597,80.98701880214757
3017598,6824.396710791765
3017599,12.99676857309912
3017600,0.7991403891216903
3017601,38.13125507775865
3017602,18.142675764775582
3017603,0.0
3017604,221.78690460833454
3017605,8.334038442037793
3017606,7.0126935550117375
3017607,6.4277867477533235
3017608,80.72138981697384
3017609,1.9829692953869449
3017610,304.7769284632059
3017611,267.87995148192226
3017612,4.809183318636183
3017613,4.327152511793686
3017614,362.24613139256616
3017615,83.77592461415689
3017616,1557.6526058637605
3017617,4.1490441182545155
3017618,4.734078221632721
3017619,6.103119234319265
3017620,0.306797926033284
3017621,3.067929898921536
3017622,3819.730055438978
3017623,0.01438355925298277
3017624,684.80792904222
3017625,14.427779435134369
3017626,943.3159469802571
3017627,715.1758788716666
3017628,455.1847369996558
3017629,216.74928997788743
3017630,87.87998862061828
3017631,5312.7423126728445
3017632,15.536367029911593
3017633,1.246659007029837
3017634,29.206992912199564
3017635,18.025192298379853
3017636,0.0
3017637,197.10880910587343
3017638,8.334038442037793
3017639,7.769745700155051
3017640,6.045180393720387
3017641,157.7385475964575
3017642,2.273159923980156
3017643,180.27333332254057
3017644,211.83524173255617
3017645,4.936578903235817
3017646,4.296021918183659
3017647,319.3910743568917
3017648,65.88315643529026
3017649,1203.0902989626002
3017650,2.8106427897853172
3017651,8.91371484974089
3017652,10.836150477260738
3017653,0.7787947353152592
3017654,14.458435587470639
3017655,10765.533928140692
3017656,0.01438355925298277
3017657,1280.7716354279055
3017658,60.917290948345105
3017659,1724.1594474847684
3017660,2127.9782448124815
3017661,584.4589720531088
3017662,586.6379752780691
3017663,373.05532829173694
3017664,10352.905585836375
3017665,72.96116978277712
3017666,2.589214860754277
3017667,66.19740729235258
3017668,50.435383077580276
3017669,0.0
3017670,430.067919303425
3017671,34.02459846053244
3017672,68.93159005778583
3017673,25.379044675712706
3017674,347.9940188229867
3017675,41.83581562218798
3017676,1686.0587413373637
3017677,489.2715265808589
3017678,17.58059067474949
3017679,22.849855709759467
3017680,2359.267851321271
3017681,242.99189266269875
3017682,7297.883703096319
3017683,1.5614682165473985
3017684,111.06791280107204
3017685,2.9581445268384194
3017686,0.3303977664973827
3017687,0.9048034250031914
3017688,1866.8767669002025
3017689,0.01438355925298277
3017690,167.01193627971654
3017691,6.032668009427528
3017692,615.5917167919351
3017693,259.9843079437244
3017694,175.0973825513809
3017695,137.24480916418128
3017696,53.24415764370431
3017697,2929.7224866372817
3017698,5.079196913624943
3017699,0.2557249245189409
3017700,14.935838410254664
3017701,7.862125104854139
3017702,0.0
3017703,139.77108408032518
3017704,0.40060359254944
3017705,17.985522454062615
3017706,3.7112816341194788
3017707,58.69029994674999
3017708,1.209127619138381
3017709,105.59313941425701
3017710,75.35381222354708
3017711,2.133876042043869
3017712,4.327152511793686
3017713,171.85953287860062
3017714,21.800417998859213
3017715,578.4531687768584
3017716,0.08922675523127992
3017717,6.22680558881421
3017718,7.940282677303126
3017719,0.1415990427845926
3017720,2.5205238267946046
3017721,4248.499847870376
3017722,0.01438355925298277
3017723,571.8814354294755
3017724,12.6981333625013
3017725,1382.0528216922637
3017726,658.0721248399938
3017727,404.2414243238225
3017728,302.30822023231667
3017729,94.51737555835875
3017730,6254.61260019464
3017731,12.697992284062359
3017732,0.2557249245189409
3017733,28.07466884009353
3017734,18.99136675993455
3017735,0.0
3017736,227.80274592244274
3017737,1.0682762467985065
3017738,7.570521451433126
3017739,11.82253633961772
3017740,26.08546573973678
3017741,2.3215250287456914
3017742,579.0778439046748
3017743,234.24165803226293
3017744,3.8218675379890197
3017745,6.475163470885517
3017746,227.0808790207497
3017747,67.30397230960148
3017748,1340.7540517116968
3017749,2.542962524091478
3017750,7.7195329559956996
3017751,1.432364718258603
3017752,0.12236954314717878
3017753,1.0663754651823327
3017754,1195.7992818341395
3017755,0.01438355925298277
3017756,125.76960064054627
3017757,4.4295814055237095
3017758,660.5902078100194
3017759,154.8489352599714
3017760,137.5509458981978
3017761,196.7058757767567
3017762,20.721743942527095
3017763,2220.7025860647136
3017764,1.732902476413216
3017765,0.2876905400838085
3017766,11.10413117411603
3017767,3.8563275229132477
3017768,0.0
3017769,65.54832013420426
3017770,8.334038442037793
3017771,17.985522454062615
3017772,0.4591276248395231
3017773,49.49015837467179
3017774,0.43528594288981715
3017775,110.00823671374938
3017776,62.546201882960254
3017777,0.5732801306983529
3017778,1.1207013699609547
3017779,88.91126046747786
3017780,11.252912218209302
3017781,210.2592666056907
3017782,47.6272591256743
3017783,2.814857320970807
3017784,6.8815783203293766
3017785,0.12236954314717878
3017786,2.317266200249245
3017787,2626.473009961485
3017788,0.01438355925298277
3017789,236.2899909430617
3017790,11.68565761266731
3017791,890.0545757741683
3017792,396.08021606272723
3017793,278.20749438273276
3017794,179.3073000155208
3017795,69.7122554231223
3017796,3912.4504038444725
3017797,3.435927323922756
3017798,0.6393123112973522
3017799,32.94385590981991
3017800,15.604674162486164
3017801,0.0
3017802,180.16152532442305
3017803,8.334038442037793
3017804,17.985522454062615
3017805,14.653823359461446
3017806,48.35081731783318
3017807,2.0313344001524802
3017808,393.69923781738555
3017809,175.98837346044448
3017810,1.6561425997952417
3017811,3.8601936076432883
3017812,358.11900254393476
3017813,28.149075936893716
3017814,1261.5378526950622
3017815,47.6272591256743
3017816,1.1941818937451911
3017817,3.4252199784444852
3017818,0.2831980855691852
3017819,1.8096068500063829
3017820,2833.268463796984
3017821,0.01438355925298277
3017822,674.6407781321938
3017823,10.799741331562569
3017824,820.3092427151446
3017825,599.3653740137355
3017826,370.98352697327687
3017827,114.14230471931677
3017828,71.66469620987573
3017829,5303.028261864638
3017830,6.782221761134483
3017831,4.059633176738187
3017832,35.5410395678573
3017833,33.99845962642819
3017834,0.0
3017835,157.4396613096264
3017836,1.4154660270080213
3017837,6.813469306289813
3017838,3.749542269522772
3017839,48.85930008673354
3017840,3.5306526478840725
3017841,263.3934259918005
3017842,218.9701064053777
3017843,3.2167385111407585
3017844,5.914812785905038
3017845,242.36832623018395
3017846,30.250649668296838
3017847,643.8275165495268
3017848,4.996698292951675
3017849,4.051688568064041
3017850,3.798880339729339
3017851,0.12236954314717878
3017852,0.5816593446449088
3017853,1675.9190080880794
3017854,0.01438355925298277
3017855,108.10687530468815
3017856,3.9233435306067137
3017857,406.1133920000786
3017858,168.4121137945371
3017859,127.77352352481849
3017860,140.8137477818707
3017861,57.439302436905734
3017862,2458.8968294198858
3017863,6.722466503327131
3017864,0.44751861790814657
3017865,11.149037017659383
3017866,7.712655045826495
3017867,0.0
3017868,74.7909350362126
3017869,8.334038442037793
3017870,17.985522454062615
3017871,0.4208669894362295
3017872,71.4293417326386
3017873,1.0156672000762401
3017874,296.2074423588571
3017875,73.60447231009022
3017876,0.9873157806471634
3017877,1.2763543380110873
3017878,87.50818589079891
3017879,19.75138025166289
3017880,380.8363305182664
3017881,0.08922675523127992
3017882,0.9809351270049783
3017883,4.546201062299045
3017884,0.12236954314717878
3017885,0.9048034250031914
3017886,4183.428967001717
3017887,0.01438355925298277
3017888,530.1145544453
3017889,13.246557726994713
3017890,787.3497845329352
3017891,564.536120843188
3017892,343.9131053041053
3017893,130.10693192880245
3017894,104.71714648948691
3017895,5190.471696571631
3017896,6.931609905652864
3017897,0.41555300234327897
3017898,32.94385590981991
3017899,9.420201000158315
3017900,0.0
3017901,172.43967686337876
3017902,8.334038442037793
3017903,30.60084460368758
3017904,3.519978457103011
3017905,92.40001026850543
3017906,1.402588038200522
3017907,358.2196631053095
3017908,181.58944662796193
3017909,2.5160627958427715
3017910,3.268712329052785
3017911,200.56717080000413
3017912,46.101354019422395
3017913,1329.1227326535263
3017914,1.2491745732379187
3017915,1.7059741339217014
3017916,3.518635068765699
3017917,0.12236954314717878
3017918,6.788610840166802
3017919,3646.289585153928
3017920,0.01438355925298277
3017921,541.8121520650119
3017922,9.154468238082332
3017923,775.9972527564148
3017924,822.2158510558737
3017925,249.38396064931197
3017926,148.08003361143267
3017927,119.3186506307568
3017928,4686.709632546725
3017929,52.763892643892056
3017930,1.4704183159839102
3017931,36.505353846016654
3017932,25.826632559268763
3017933,0.0
3017934,194.69943503101933
3017935,17.679971884515282
3017936,27.61248087285872
3017937,1.9130317701646795
3017938,167.78932389882772
3017939,13.880785067708615
3017940,466.8320684107412
3017941,225.34152622370726
3017942,12.166278329265046
3017943,13.604069407581589
3017944,463.86034220093046
3017945,67.52912924368533
3017946,2323.540038642583
3017947,47.6272591256743
3017948,15.878021496956482
3017949,5.57376705583239
3017950,0.12236954314717878
3017951,7.408724330374347
3017952,3571.3031723489194
3017953,0.01438355925298277
3017954,463.12765998618244
3017955,16.410544445225934
3017956,1023.757998279717
3017957,760.0172316830409
3017958,236.02172792362109
3017959,105.38843529866521
3017960,118.10176664767907
3017961,5023.382460158771
3017962,26.561212095368084
3017963,1.0868309292054987
3017964,48.170033825742784
3017965,59.32915052984323
3017966,0.0
3017967,262.76170060635224
3017968,17.679971884515282
3017969,21.75528796043414
3017970,10.7512385483255
3017971,158.70356597515638
3017972,17.508167925123757
3017973,319.90252762340026
3017974,380.2273919815467
3017975,7.707432868277857
3017976,9.619353425498193
3017977,231.1245294491365
3017978,81.10669238765902
3017979,1904.9498044900781
3017980,3.5244568316355567
3017981,20.950144980192434
3017982,8.749880126753641
3017983,0.21239856417688888
3017984,3.035292346805349
3017985,4356.542462591565
3017986,0.01438355925298277
3017987,683.524022613309
3017988,8.479484404859672
3017989,2112.4788378454296
3017990,624.7536606838124
3017991,318.8566363040709
3017992,440.4452640509203
3017993,75.6018015662912
3017994,7064.355343029111
3017995,28.025215911648218
3017996,1.6302463938082483
3017997,28.85510143132969
3017998,15.609756144493106
3017999,0.0
3018000,280.5873838645088
3018001,4.460053330383765
3018002,17.17313023982988
3018003,8.685164236547646
3018004,81.24535683522186
3018005,5.368526628974411
3018006,245.5649966088695
3018007,275.9656713246986
3018008,6.815663776080419
3018009,9.525961644668115
3018010,390.3722057324867
3018011,55.54810066722792
3018012,1622.6053436908019
3018013,6.065634820622408
3018014,20.765884846455215
3018015,3.9234337934909562
3018016,0.2831980855691852
3018017,4.862995265311795
3018018,3077.6089733424533
3018019,0.05753423701193108
3018020,398.9666155339675
3018021,9.449773665117247
3018022,697.5041237322009
3018023,732.4060898965012
3018024,326.167721987338
3018025,168.72447575339598
3018026,97.53366427780472
3018027,4452.781398088888
3018028,24.708799103340166
3018029,1.566315162678513
3018030,17.399078776343785
3018031,10.960041548261115
3018032,0.0
3018033,182.21560573338724
3018034,15.810488452617898
3018035,26.57651477950471
3018036,2.2956381241976156
3018037,138.2313903699011
3018038,11.123974096073105
3018039,849.9798723347085
3018040,208.41487074850582
3018041,5.892045787733072
3018042,8.77882739802748
3018043,773.1230994684157
3018044,51.0691418724826
3018045,2107.8483189362546
3018046,0.04461337761563996
3018047,34.208769952655224
3018048,3.518635068765699
3018049,0.16519888324869136
3018050,2.8436679071528874
3018051,5639.193547185922
3018052,0.01438355925298277
3018053,444.1275238820054
3018054,13.162184747841879
3018055,1929.4177087318005
3018056,612.965250628054
3018057,446.74765089635105
3018058,170.95853289199732
3018059,76.3712200468134
3018060,7747.0242282861245
3018061,10.12851619834621
3018062,2.3334899362353356
3018063,33.21483944844357
3018064,20.626868145815045
3018065,0.0
3018066,354.21907061173505
3018067,8.334038442037793
3018068,0.19922424872192435
3018069,9.297334403000344
3018070,63.91848181519792
3018071,3.1437318097597906
3018072,208.08258361854763
3018073,270.31522376812154
3018074,3.1530407188409413
3018075,9.37030867661798
3018076,295.19006653322094
3018077,58.51514353468836
3018078,1150.8999336246723
3018079,47.6272591256743
3018080,7.676883602647656
3018081,7.0684085009718025
3018082,0.023599840464098767
3018083,7.981658784849582
3018084,3461.2536653706593
3018085,0.01438355925298277
3018086,539.5204468793954
3018087,13.92154156021737
3018088,1025.4182991076582
3018089,736.2285495480766
3018090,367.38331890747213
3018091,154.92638863299032
3018092,150.80765117469326
3018093,5320.61525742259
3018094,39.617735926274555
3018095,1.4704183159839102
3018096,29.73076538042502
3018097,32.77878394476261
3018098,0.0
3018099,208.17868414380763
3018100,16.130971326657452
3018101,24.145978945097234
3018102,10.406892829695858
3018103,229.25080498689323
3018104,17.217977296530545
3018105,491.8517086098161
3018106,389.96476477447914
3018107,12.70770956381349
3018108,8.093954338606896
3018109,366.280959279259
3018110,63.66047892977633
3018111,1984.5864204628135
3018112,0.8922675523127992
3018113,9.021776369305892
3018114,3.4252199784444852
3018115,0.12236954314717878
3018116,4.459388308944301
3018117,3430.5627640494
3018118,0.01438355925298277
3018119,507.71288971604895
3018120,11.980963039702223
3018121,613.4216327110554
3018122,801.862294218118
3018123,272.7857729540767
3018124,160.15264996626695
3018125,122.0745140004388
3018126,4112.650382221871
3018127,28.025215911648218
3018128,1.0548653136406312
3018129,31.317954678077918
3018130,19.97218928727396
3018131,0.0
3018132,167.03931273362926
3018133,13.193211647961558
3018134,44.02855896754529
3018135,5.635408988551114
3018136,102.96576273466376
3018137,14.412801220129502
3018138,485.15197761469364
3018139,196.46733041089325
3018140,8.567353064325387
3018141,8.125084932216922
3018142,418.09191526240284
3018143,54.679647256163086
3018144,2214.6862803726417
3018145,0.2230668880781998
3018146,19.614840641153904
3018147,5.760597236474816
3018148,0.0707995213922963
3018149,3.748471332156079
3018150,5960.538055713135
3018151,0.01438355925298277
3018152,599.063799695206
3018153,21.389393945034584
3018154,1183.728882513746
3018155,667.1750989420676
3018156,475.4713580192972
3018157,218.21510405300984
3018158,76.05987763062757
3018159,6479.25091243275
3018160,9.20230970233225
3018161,0.12786246225947046
3018162,19.54952671499301
3018163,17.87422753876193
3018164,0.0
3018165,201.4582310045638
3018166,8.334038442037793
3018167,9.682298487885523
3018168,1.4921647807284502
3018169,129.03074930590847
3018170,4.933240686084595
3018171,317.9387448169675
3018172,254.07980973975498
3018173,3.4715296803400264
3018174,2.521578082412148
3018175,419.12429292286834
3018176,141.5396162751707
3018177,1265.6173952954998
3018178,3.4352300764042765
3018179,1.1515325403971484
3018180,14.230232092264817
3018181,0.12236954314717878
3018182,16.286138505977085
3018183,13421.934682429188
3018184,0.01438355925298277
3018185,1799.55435559339
3018186,34.38198900477927
3018187,2249.999682426694
3018188,2603.194015022077
3018189,926.2115174765597
3018190,763.1218637227181
3018191,472.7418022626766
3018192,13073.08916570876
3018193,83.92625959042627
3018194,4.698945488035539
3018195,141.18668193567956
3018196,109.92327081011086
3018197,0.0
3018198,604.8582110929896
3018199,24.572490228859248
3018200,33.11107013758383
3018201,37.230659098236934
3018202,538.7799504626515
3018203,38.35352807906945
3018204,2022.3820449012544
3018205,572.866349064386
3018206,38.473466549089466
3018207,33.8078246604888
3018208,2425.5872112586735
3018209,297.9157119232397
3018210,8885.69258977583
3018211,318.6394501415283
3018212,127.0542423747847
3018213,15.818288627725442
3018214,0.12236954314717878
3018215,14.066784962076403
3018216,12222.99462879535
3018217,0.02876711850596554
3018218,1365.8238837376448
3018219,33.20076729663961
3018220,2370.679954970819
3018221,2239.9092383822463
3018222,1187.4491531254953
3018223,464.2188374879901
3018224,354.5747267306072
3018225,14710.905324252888
3018226,134.18043140640953
3018227,1.8859713183271891
3018228,84.06296487446997
3018229,74.58316793385055
3018230,0.0
3018231,565.0832470332502
3018232,21.02581308948821
3018233,44.466852314733515
3018234,4.981534729508826
3018235,363.4028448915594
3018236,29.84126964033524
3018237,2669.185686513542
3018238,716.0873826800348
3018239,23.31339198173302
3018240,27.955273061803812
3018241,2666.1670691675163
3018242,250.62405575289523
3018243,6015.430539816503
3018244,561.0475758174364
3018245,119.77007123105709
3018246,11.70802465359206
3018247,0.12236954314717878
3018248,19.45198106124718
3018249,8157.4389052102015
3018250,0.1438355925298277
3018251,994.9402266294427
3018252,18.730801371928827
3018253,2208.6469220825834
3018254,1656.464971624008
3018255,1372.7471337295979
3018256,181.1097528375558
3018257,276.5857940916588
3018258,12779.05215908232
3018259,45.80240510933552
3018260,2.876905400838085
3018261,51.52558427258555
3018262,22.071047856140154
3018263,0.0
3018264,537.6342593039574
3018265,23.835913756691678
3018266,31.8758797955079
3018267,9.834513724062585
3018268,201.97205306355826
3018269,15.235008001143601
3018270,2385.768203528278
3018271,660.3999736170897
3018272,23.408938670182746
3018273,41.4379331543063
3018274,1659.8289022078964
3018275,138.85133061501767
3018276,2799.401560010448
3018277,349.51413812043194
3018278,66.56078829724551
3018279,16.34764080621232
3018280,0.12236954314717878
3018281,20.30055741626803
3018282,11783.262596533155
3018283,0.08630135551789662
3018284,1237.8326155900074
3018285,27.589964182976246
3018286,2115.0518279430325
3018287,2170.961256207124
3018288,1115.871489736971
3018289,437.53319691502276
3018290,272.8656178175286
3018291,13653.154743002771
3018292,49.268210062161955
3018293,1.8220400871974538
3018294,81.56062545495084
3018295,70.91128646377742
3018296,0.0
3018297,534.4677387413868
3018298,23.80333133116433
3018299,35.14315747454746
3018300,8.39514862019068
3018301,338.53763789880054
3018302,21.32901120160104
3018303,2097.883182077919
3018304,690.3901368041331
3018305,22.26237840878604
3018306,29.35614977425501
3018307,2315.042584895628
3018308,227.88668904332
3018309,5394.340580308263
3018310,417.06459156960085
3018311,95.68461854812605
3018312,12.642175556804192
3018313,0.12236954314717878
3018314,21.344959083986
3018315,6438.454186399809
3018316,0.01438355925298277
3018317,889.1020015195297
3018318,23.11819628787612
3018319,1942.1456235555593
3018320,1329.9908360741576
3018321,1081.6198473372986
3018322,142.52722953864856
3018323,211.48037921222203
3018324,11219.227246183145
3018325,43.949992117307595
3018326,0.4794842334730142
3018327,39.68553923143582
3018328,65.5488986261016
3018329,0.0
3018330,508.01342388891965
3018331,21.060799136570857
3018332,15.141042902866252
3018333,2.9843295614569
3018334,202.8796298720965
3018335,9.431195429279372
3018336,2054.0825745154298
3018337,759.7054081549463
3018338,17.039159440201047
3018339,23.895843655056353
3018340,1762.6143961306525
3018341,97.00567922294526
3018342,1960.1938743275612
3018343,320.7282484814926
3018344,32.262054674655644
3018345,11.36550265574761
3018346,0.12236954314717878
3018347,11.586331001246224
3018348,8853.730384438355
3018349,0.01438355925298277
3018350,1290.7896079394352
3018351,32.441410484264125
3018352,1606.7505707402486
3018353,2215.6447147593935
3018354,726.0415276165122
3018355,561.1802616057425
3018356,351.60663752668904
3018357,10104.82608101939
3018358,63.81861533825223
3018359,1.5982807782433806
3018360,61.346414831648076
3018361,59.61164894140548
3018362,0.0
3018363,407.43419401163123
3018364,13.536395392245577
3018365,36.01974416892393
3018366,12.925973064648709
3018367,388.3050142859868
3018368,27.32628419252741
3018369,1795.6033530591542
3018370,485.015772788364
3018371,18.249417493897568
3018372,29.429617975174672
3018373,2081.187585584636
3018374,214.6346210543768
3018375,6959.21073326918
3018376,284.961703647034
3018377,108.21947989780216
3018378,5.604905419272794
3018379,0.2831980855691852
3018380,6.430567199129825
3018381,2316.332164602959
3018382,0.01438355925298277
3018383,378.73093329219904
3018384,30.543018453325384
3018385,761.029413281576
3018386,524.1336937457932
3018387,363.73914903633306
3018388,95.1334157769735
3018389,98.93281737105848
3018390,3913.4760296769323
3018391,58.410764506686846
3018392,1.2146933914649694
3018393,34.25077080466776
3018394,18.722021713566733
3018395,0.0
3018396,174.73701018865302
3018397,10.789590092664916
3018398,11.435471876638458
3018399,13.352961755749465
3018400,93.84054494975162
3018401,10.35013241982454
3018402,484.75478956540775
3018403,207.62089871798239
3018404,3.3122851995904834
3018405,6.8487305942058345
3018406,407.27921290422614
3018407,56.59139940711569
3018408,1474.7077583450432
3018409,1.4722414613161185
3018410,13.01108941406772
3018411,9.93313793748901
3018412,0.12236954314717878
3018413,14.132060066308775
3018414,5750.117363111312
3018415,0.02876711850596554
3018416,632.3830480299929
3018417,40.24591105590113
3018418,1591.2512551080906
3018419,1148.762149216331
3018420,784.9603144050673
3018421,129.67438111154183
3018422,164.44882427410354
3018423,9143.267736229855
3018424,113.32584643164358
3018425,1.5343495471136455
3018426,65.57801634692707
3018427,31.650583939221935
3018428,0.0
3018429,372.3622026603678
3018430,14.890435535062682
3018431,11.19640277817215
3018432,3.5964997279095976
3018433,202.64586765613836
3018434,13.590594439115403
3018435,1306.9761685859776
3018436,489.0421745800658
3018437,12.803256252263216
3018438,23.379075801129915
3018439,845.4568359938647
3018440,83.59392159339365
3018441,2074.3449262656973
3018442,316.191067977982
3018443,25.13039798016714
3018444,7.410930498816251
3018445,0.12236954314717878
3018446,5.59039259019829
3018447,5632.144309777875
3018448,0.05753423701193108
3018449,949.3152269289075
3018450,12.191895487584306
3018451,1174.3215693458694
3018452,1635.077084034225
3018453,422.2932667867697
3018454,426.7377254969288
3018455,281.41139993915954
3018456,6859.536029020167
3018457,42.30672252760541
3018458,1.8220400871974538
3018459,41.46048140942082
3018460,36.19387585342624
3018461,0.0
3018462,265.1790420233987
3018463,2.2433801182768636
3018464,55.98201389086075
3018465,7.231260091222489
3018466,244.72306652859982
3018467,15.573563734502347
3018468,1408.202985208481
3018469,260.75729767951333
3018470,20.032955678292446
3018471,9.7438757999383
3018472,1877.4810736439304
3018473,124.10178492685002
3018474,5115.472312571992
3018475,5.175151803414235
3018476,63.45894503003219
3018477,11.054119021343567
3018478,0.12236954314717878
3018479,8.337117273243694
3018480,6257.194192432683
3018481,0.01438355925298277
3018482,938.4439923117657
3018483,16.24179848692027
3018484,1446.863812647597
3018485,1204.2339180542851
3018486,598.8493527393009
3018487,271.7655893303843
3018488,367.2627839245927
3018489,8339.693991719954
3018490,49.77612975352445
3018491,3.292458403181364
3018492,60.368938495898426
3018493,42.57206221225392
3018494,0.0
3018495,294.3683960628321
3018496,6.943795604190293
3018497,67.1784166690329
3018498,11.784275704214426
3018499,394.74646201461053
3018500,15.670293944033418
3018501,1123.414665725359
3018502,308.47021200191875
3018503,14.682341125107818
3018504,25.342171034178186
3018505,990.8993673770899
3018506,130.7978390087174
3018507,4560.345579679691
3018508,6.335099621420874
3018509,12.04524230909013
3018510,8.874433580515259
3018511,0.023599840464098767
3018512,3.557493180664334
3018513,2948.05278472132
3018514,0.01438355925298277
3018515,513.8421853287584
3018516,10.124757498339909
3018517,877.9171312257386
3018518,532.7352302203186
3018519,373.6629496203657
3018520,106.64034021689291
3018521,136.3690909178772
3018522,4233.649659114615
3018523,15.207713111971154
3018524,1.5343495471136455
3018525,35.03275187326748
3018526,22.076129838147093
3018527,0.0
3018528,175.91518091534616
3018529,4.647001673573504
3018530,16.17700899622026
3018531,8.761685507354231
3018532,141.63542776681263
3018533,5.271796419443341
3018534,629.3021731688614
3018535,197.26262970993977
3018536,4.777334422486275
3018537,6.070465753955171
3018538,367.011035204571
3018539,67.2630231299933
3018540,1934.9786231194305
3018541,0.4461337761563996
3018542,5.220280849800406
3018543,6.289949414961692
3018544,0.12236954314717878
3018545,1.4218339535764437
3018546,4257.853462937073
3018547,0.01438355925298277
3018548,247.7461017053615
3018549,5.990481519851111
3018550,1020.7199334760079
3018551,247.1230187328364
3018552,343.9000819297979
3018553,64.68701244562062
3018554,36.5592169494647
3018555,4480.092288157582
3018556,9.949250424924154
3018557,0.8950372358162931
3018558,27.098353862366555
3018559,9.44650773054718
3018560,0.0
3018561,177.0654659443661
3018562,8.334038442037793
3018563,17.985522454062615
3018564,4.3999730713787635
3018565,39.753562486484576
3018566,1.644413562028198
3018567,79.84558862110502
3018568,154.88613121154404
3018569,0.127395584599634
3018570,2.1791415527018563
3018571,97.05769071506896
3018572,86.32831164417286
3018573,619.8479014616674
3018574,47.6272591256743
3018575,3.582545681235573
3018576,6.8815783203293766
3018577,0.047199680928197534
3018578,6.42959776688875
3018579,4340.576440532213
3018580,0.01438355925298277
3018581,599.5010345921861
3018582,16.24179848692027
3018583,1098.8038073407533
3018584,976.7826120051396
3018585,564.1351733871214
3018586,220.51573174043833
3018587,161.14583297395845
3018588,6292.996214700944
3018589,31.550776122282002
3018590,1.2786246225947044
3018591,33.17612751435448
3018592,53.90966512961887
3018593,0.0
3018594,276.9647329614265
3018595,19.14885172386323
3018596,21.556063711712216
3018597,10.820107692051428
3018598,149.60781821319625
3018599,10.495227734121148
3018600,1033.272082837794
3018601,283.35377883172924
3018602,8.949539818124288
3018603,13.728591782021695
3018604,1073.2131471228984
3018605,96.08757554598094
3018606,2385.147372503171
3018607,47.6272591256743
3018608,49.5013414424305
3018609,5.200106694547538
3018610,0.047199680928197534
3018611,5.417833651286968
3018612,4888.6177873908755
3018613,0.11506847402386217
3018614,662.3076214889373
3018615,22.443212454653462
3018616,856.218406797855
3018617,1248.7693507386437
3018618,302.646925687746
3018619,316.6915602819845
3018620,229.72139000418
3018621,4943.070588184821
3018622,34.060496950190796
3018623,2.9088710164029528
3018624,33.85978027036789
3018625,27.38171905339239
3018626,0.0
3018627,188.9898384324294
3018628,11.43055584074402
3018629,49.88575187996986
3018630,10.00859961514757
3018631,259.57995403171583
3018632,18.427104915668927
3018633,1042.2561223270727
3018634,208.84888755556224
3018635,6.751965983780601
3018636,13.48857490528839
3018637,1264.8329384158087
3018638,125.7187447043761
3018639,4475.26695148677
3018640,0.4907471537720395
3018641,54.41403264042598
3018642,4.515062698858641
3018643,0.401197287889679
3018644,10.052366051785459
3018645,6171.056613882797
3018646,0.02876711850596554
3018647,875.3397643748001
3018648,25.86031811034318
3018649,1063.2655390134244
3018650,1412.902283401655
3018651,461.9737453191961
3018652,389.45758715327463
3018653,171.6782739791528
3018654,6455.572924963362
3018655,35.64401128208563
3018656,3.708011405524643
3018657,45.58949629936371
3018658,49.24470458736606
3018659,0.0
3018660,273.92071028506336
3018661,24.16975008381621
3018662,41.71755768237096
3018663,24.71637047052766
3018664,222.0561234512933
3018665,27.56810971635509
3018666,1004.1346883168884
3018667,287.99444049592546
3018668,18.090173013148025
3018669,17.80669954493517
3018670,1216.7689115462279
3018671,145.55655377130512
3018672,4314.050780602918
3018673,1.3830147060848386
3018674,53.14481500124709
3018675,11.49005610950923
3018676,0.23599840464098765
3018677,7.147623913444854
3018678,4198.672663396445
3018679,0.01438355925298277
3018680,509.849652972756
3018681,19.40578520515149
3018682,1607.769608150897
3018683,761.1847857161885
3018684,884.9933227795852
3018685,196.80147234687337
3018686,113.35593335623186
3018687,8661.747055469257
3018688,10.726068776419734
3018689,1.150762160335234
3018690,56.224438832319905
3018691,36.742729910175754
3018692,0.0
3018693,327.00960110709957
3018694,9.480951690336745
3018695,6.933003855522968
3018696,8.269653736067875
3018697,81.8737176635879
3018698,4.836510476553524
3018699,539.2376099447204
3018700,384.5967599596195
3018701,7.22969942602923
3018702,7.097775343086046
3018703,706.1162026950304
3018704,104.10296458123203
3018705,1491.3550340971397
3018706,117.99881472315845
3018707,21.589998279874763
3018708,6.521234270137596
3018709,0.20321066736667898
3018710,4.526497361908227
3018711,3289.979855677597
3018712,0.09569438879205204
3018713,394.153399773635
3018714,18.991469292641515
3018715,710.5705313779252
3018716,840.118959068179
3018717,161.4847901349298
3018718,133.09769011618891
3018719,163.46832633874402
3018720,3914.193252327299
3018721,20.442078059207958
3018722,2.0169884611915654
3018723,32.1407097157482
3018724,26.925585474781023
3018725,0.20036417506053641
3018726,195.92900721814226
3018727,20.680775778773633
3018728,25.48577247493594
3018729,8.588893189623303
3018730,179.40038369711164
3018731,10.608179877234283
3018732,340.07122733232967
3018733,192.88781442013476
3018734,5.198900858104232
3018735,10.703823414440002
3018736,349.7507512130992
3018737,74.38114896179586
3018738,2677.733882843819
3018739,50.98614839123431
3018740,29.718222713168178
3018741,1.7661676148289323
3018742,0.20321066736667898
3018743,3.22120789987281
3018744,1937.8582044619493
3018745,0.04784719439602602
3018746,121.1475048760614
3018747,6.8161163762631185
3018748,1126.4679685937365
3018749,370.77611812416137
3018750,326.44423572803146
3018751,50.454854024884945
3018752,52.266753637892194
3018753,4506.562682185595
3018754,5.810946047287541
3018755,0.4939563578428323
3018756,13.937566113298843
3018757,9.34751128574334
3018758,0.02862345358007663
3018759,195.75005052395443
3018760,5.556029313700379
3018761,21.147048749883016
3018762,2.3466921283123776
3018763,28.87215250598764
3018764,0.7111628967978291
3018765,209.32075325342336
3018766,228.43224193666626
3018767,1.2068876992027682
3018768,5.127041467420841
3018769,172.63676227003103
3018770,32.728227304596516
3018771,298.73563082742027
3018772,1.9557603028298718
3018773,2.026402300492021
3018774,10.885932596219968
3018775,0.2351437722385857
3018776,6.601141986116165
3018777,6965.359015605512
3018778,0.04784719439602602
3018779,878.8360873028645
3018780,20.50038055150892
3018781,2360.357704314509
3018782,829.0441959156175
3018783,676.8853688263332
3018784,315.1134974099632
3018785,132.15380248637553
3018786,12460.273972233113
3018787,32.548215657723674
3018788,0.9467496858654285
3018789,37.80101847120156
3018790,25.242637362360536
3018791,0.05724690716015326
3018792,566.8881882163711
3018793,18.05709526952623
3018794,3.0920238664444337
3018795,13.423078973946799
3018796,82.7681832049271
3018797,4.207713806053822
3018798,733.1882093448957
3018799,528.5411874836759
3018800,3.759919370593239
3018801,20.328269677844037
3018802,498.6183891210131
3018803,123.30819821470912
3018804,1774.0737533862603
3018805,21.199582007817423
3018806,12.318134116289293
3018807,7.789252044886572
3018808,0.20321066736667898
3018809,1.307156828933894
3018810,2304.9451321870097
3018811,0.04784719439602602
3018812,229.7855566653156
3018813,17.586620879213235
3018814,1353.5661162526062
3018815,507.55748811983057
3018816,264.7570304790145
3018817,65.76772580586402
3018818,61.20936034310271
3018819,4778.222512980941
3018820,9.581143185111006
3018821,0.5351193876630683
3018822,21.509173270722766
3018823,23.00240330167561
3018824,0.1288055411103448
3018825,201.10972832299234
3018826,11.112058627400758
3018827,21.147048749883016
3018828,7.370490636603516
3018829,78.0342270108218
3018830,2.8446515871913163
3018831,179.52055982268058
3018832,230.3603036245103
3018833,2.274519125420601
3018834,9.084757687886052
3018835,188.6486837136761
3018836,38.17605328720275
3018837,410.1103339394549
3018838,3.9354004628371535
3018839,4.012677822756476
3018840,6.475947921039418
3018841,0.20321066736667898
3018842,5.469517645639107
3018843,2269.214846154082
3018844,0.04784719439602602
3018845,150.28668906671544
3018846,11.290818730145777
3018847,1101.5157476315426
3018848,343.84633320160873
3018849,210.27368602444122
3018850,52.4659915629398
3018851,48.459474003165695
3018852,4672.552950129451
3018853,16.222224382011056
3018854,0.08232605964047206
3018855,23.47797631609785
3018856,10.57536234446386
3018857,0.014311726790038315
3018858,169.22686383999468
3018859,2.263567498174228
3018860,21.147048749883016
3018861,3.8016412478660517
3018862,81.90538368248708
3018863,1.7779072419945725
3018864,181.0852086005695
3018865,251.17177617295152
3018866,0.696281364924674
3018867,7.330769817452606
3018868,113.37961973433038
3018869,27.73438682054081
3018870,222.63162290331826
3018871,3.625917513817921
3018872,2.3273531371987564
3018873,4.845639353505018
3018874,0.20321066736667898
3018875,3.39487302143117
3018876,2305.3719231193772
3018877,0.04784719439602602
3018878,205.00559048830513
3018879,14.933018320515382
3018880,1821.163344259628
3018881,469.5900400778531
3018882,324.6439917810019
3018883,41.810490922719346
3018884,67.2416417604033
3018885,5178.576336463886
3018886,11.276002448903206
3018887,0.41163029820236025
3018888,18.242617128854157
3018889,24.96260810477492
3018890,0.05724690716015326
3018891,242.59158926818398
3018892,1.594786191895479
3018893,21.147048749883016
3018894,4.083244303263537
3018895,41.39014869739487
3018896,3.67434163345545
3018897,294.1525073649678
3018898,337.3577257094757
3018899,1.5318190028342826
3018900,6.206418618456808
3018901,103.83449475635312
3018902,109.12160528796116
3018903,462.68346541720143
3018904,2.582845352308656
3018905,5.417115060721244
3018906,5.298502844486797
3018907,1.0189563463672047
3018908,5.135258970811726
3018909,2469.5124615835207
3018910,0.04784719439602602
3018911,191.79245500600112
3018912,4.318608085723961
3018913,1162.1218064144027
3018914,413.5218084774195
3018915,325.94801464006827
3018916,98.23867146544345
3018917,100.8183106976485
3018918,4546.92013632013
3018919,8.543474248095373
3018920,1.2760539244273168
3018921,19.48530221937556
3018922,20.682160881680506
3018923,0.07155863395019157
3018924,251.62401485193027
3018925,12.603955387561044
3018926,21.147048749883016
3018927,5.021921154588488
3018928,47.70971774241174
3018929,3.4965509092559928
3018930,144.71868858012326
3018931,238.59222484732936
3018932,1.299725214526058
3018933,6.970977433773951
3018934,130.1565082995052
3018935,52.45596078706453
3018936,742.260350698694
3018937,3.3942828991970444
3018938,5.562672981742802
3018939,6.249516175548529
3018940,0.2351437722385857
3018941,2.0074194158627656
3018942,1988.5854148798392
3018943,0.04784719439602602
3018944,188.52612061943603
3018945,8.377059057850092
3018946,1153.6398347702088
3018947,327.26100534454457
3018948,204.41341389009744
3018949,163.96063402352473
3018950,53.3619965120361
3018951,3572.788098673174
3018952,5.603412259884416
3018953,0.4527933280225963
3018954,16.471669042989543
3018955,15.209509888667126
3018956,0.11449381432030652
3018957,191.8663894925247
3018958,16.053609390460405
3018959,21.147048749883016
3018960,3.989376618131042
3018961,63.28385483194693
3018962,2.7261244377250113
3018963,63.37119213158181
3018964,179.45588265745607
3018965,1.3461439721877029
3018966,4.047664316384875
3018967,78.72219358563456
3018968,43.25243658917673
3018969,646.0785379505324
3018970,50.98614839123431
3018971,1.1015194023253074
3018972,11.502732670937148
3018973,0.8230032028350499
3018974,4.479346347721684
3018975,4480.723636614961
3018976,0.04784719439602602
3018977,400.5865992548923
3018978,10.406284543913157
3018979,1486.4115047753241
3018980,938.4493708074034
3018981,655.2727231120992
3018982,202.77206019651314
3018983,172.90734627150664
3018984,7810.792309130295
3018985,18.228384326907943
3018986,1.8523363419106214
3018987,33.91263245658578
3018988,30.163151459936365
3018989,0.11449381432030652
3018990,339.3203141928108
3018991,0.9260048856167298
3018992,21.147048749883016
3018993,10.34797360900626
3018994,88.56818810694575
3018995,6.756047519579376
3018996,290.03341668713324
3018997,363.6394558520541
3018998,3.2028942786535004
3018999,11.603304373636641
3019000,440.1927825872495
3019001,70.9455520007584
3019002,1663.1717732844836
3019003,9.32747221349631
3019004,16.966152594315545
3019005,5.1173574480940855
3019006,0.2351437722385857
3019007,5.84672575913146
3019008,3308.0177176051066
3019009,0.04784719439602602
3019010,696.9259770704944
3019011,13.476138484367539
3019012,760.4070139720849
3019013,796.5498092837761
3019014,276.88553524929716
3019015,186.18899628623623
3019016,98.24405079727875
3019017,4795.638399070262
3019018,13.593463074904784
3019019,1.1937278647868448
3019020,36.66895672011089
3019021,21.694939964631594
3019022,0.08587036074022988
3019023,226.33021554190813
3019024,16.307974930027964
3019025,6.7930827368854985
3019026,7.087010227503381
3019027,110.49621777944202
3019028,3.6150780587222973
3019029,124.61825420890256
3019030,208.18004199299878
3019031,5.755925950043971
3019032,9.26465387972538
3019033,222.9239687735636
3019034,67.35890147657346
3019035,2105.7960735529036
3019036,43.260271665452244
3019037,17.19348104182594
3019038,8.694979026850127
3019039,0.9013844602479119
3019040,4.6679504044678595
3019041,3705.434753622561
3019042,0.04784719439602602
3019043,219.0119082273768
3019044,10.406284543913157
3019045,1182.631500789458
3019046,435.8350588418202
3019047,377.28299290614353
3019048,61.63960138564616
3019049,64.80748912883404
3019050,5876.529847792048
3019051,41.299223693222174
3019052,1.605358162989205
3019053,20.278671367363337
3019054,21.705238070285375
3019055,0.05724690716015326
3019056,216.51429048192762
3019057,13.632849704912967
3019058,21.147048749883016
3019059,5.725928793082201
3019060,104.65314020235613
3019061,4.978140277584804
3019062,168.39185820905712
3019063,252.84020473916334
3019064,1.856750306465797
3019065,7.240821721532942
3019066,166.2510371111253
3019067,31.36627080894496
3019068,545.258854358994
3019069,3.3942828991970444
3019070,5.125605818891581
3019071,9.64599235791186
3019072,0.20321066736667898
3019073,10.373223121039688
3019074,5036.310727193225
3019075,0.04784719439602602
3019076,848.8950697495864
3019077,17.950840838250198
3019078,1045.5165403771664
3019079,1081.3409549562098
3019080,293.6062900523603
3019081,175.43742775944898
3019082,146.89268192874962
3019083,6541.393792040648
3019084,48.97797382713785
3019085,1.8523363419106214
3019086,28.880001503717345
3019087,36.39033673258283
3019088,0.05724690716015326
3019089,305.6497625651425
3019090,34.77662792649497
3019091,23.049632458949414
3019092,6.9208644248188635
3019093,176.4525974971996
3019094,16.534537350549524
3019095,578.0199093356701
3019096,350.4479704866101
3019097,12.068876992027683
3019098,11.108589846078491
3019099,540.6433130426313
3019100,130.24282625108282
3019101,2701.727522535421
3019102,50.98614839123431
3019103,39.41817366904754
3019104,10.732864736268125
3019105,0.03919062870643095
3019106,8.047417648986594
3019107,6014.533066387987
3019108,0.04784719439602602
3019109,633.2919862567151
3019110,12.48754145269579
3019111,2583.5332681984623
3019112,980.2070711477796
3019113,915.5389572786273
3019114,113.85861114566693
3019115,142.2845472900817
3019116,10274.176801810965
3019117,13.904763756009475
3019118,0.6174454473035405
3019119,31.822484867077428
3019120,18.361918461685402
3019121,0.09700170379914856
3019122,417.090156397889
3019123,3.704019542466919
3019124,9.135525059949464
3019125,5.984064927196563
3019126,112.71446054540321
3019127,2.6075972882587064
3019128,418.71692987463507
3019129,523.8959590386246
3019130,5.755925950043971
3019131,8.545069112368068
3019132,417.12096334536193
3019133,85.61716636050853
3019134,1266.3104862570033
3019135,47.93164932649717
3019136,17.680025169925155
3019137,14.49163171141688
3019138,0.5878594305964642
3019139,6.08248083006418
3019140,4928.091065146036
3019141,0.04784719439602602
3019142,564.9071128987765
3019143,11.186755884706646
3019144,2362.085093851103
3019145,809.9840538915915
3019146,444.05332377132714
3019147,291.5796599032512
3019148,140.36152786424222
3019149,7584.441234690156
3019150,17.571194000131378
3019151,0.7820975665844845
3019152,55.572877248117024
3019153,36.07743275310244
3019154,0.11449381432030652
3019155,408.38443956886806
3019156,6.1219211882439355
3019157,4.825431185511767
3019158,14.971895778632968
3019159,179.3310636106754
3019160,3.792868782921755
3019161,135.789886426155
3019162,390.55557258428087
3019163,3.806338128254884
3019164,7.285795769492775
3019165,210.33392832718928
3019166,190.69788890525146
3019167,1663.7973553708193
3019168,0.9074345727415765
3019169,9.148905435884766
3019170,6.430661571941241
3019171,0.2351437722385857
3019172,3.501312934644359
3019173,2569.0561273164226
3019174,0.04784719439602602
3019175,185.72042313354035
3019176,13.736295597965368
3019177,918.0830877235728
3019178,396.3674790251813
3019179,190.86954562377733
3019180,55.465056312670725
3019181,81.67494841402011
3019182,4447.828700619374
3019183,11.34518037803758
3019184,0.9879127156856646
3019185,33.15483821511096
3019186,21.467589478274952
3019187,0.09700170379914856
3019188,203.7914470197192
3019189,1.9548992029686516
3019190,21.147048749883016
3019191,5.8667303207809445
3019192,202.35879251848127
3019193,4.681822403919041
3019194,123.64159669865442
3019195,204.72234931968973
3019196,1.810331548804152
3019197,8.275224824609078
3019198,184.98091233325746
3019199,35.78231156757274
3019200,608.1531247725776
3019201,3.321688133377718
3019202,2.9504983990856446
3019203,2.9436126913815532
3019204,0.20321066736667898
3019205,2.287524450634314
3019206,2394.3797352784673
3019207,0.19138877758410408
3019208,342.6267932681228
3019209,20.708506242387184
3019210,633.4413660202207
3019211,646.9362636963046
3019212,161.238675426784
3019213,50.479307668738315
3019214,88.21357685827381
3019215,3656.219896753528
3019216,24.62734277183768
3019217,0.5762824174833043
3019218,18.46971173755336
3019219,18.74572093778223
3019220,0.11449381432030652
3019221,154.0738185474705
3019222,19.703326177289306
3019223,3.6542100239797852
3019224,3.8016412478660517
3019225,110.30912084711883
3019226,8.948799784706015
3019227,685.1403745748838
3019228,198.15722375036776
3019229,4.966807069796007
3019230,8.005380536850087
3019231,372.0492015772626
3019232,39.38027049908389
3019233,1344.215094959903
3019234,50.98614839123431
3019235,9.389390745069564
3019236,3.894626022443286
3019237,0.1567625148257238
3019238,6.742595028675797
3019239,5713.329224927393
3019240,0.04784719439602602
3019241,985.8293742769047
3019242,26.43196274153942
3019243,1322.1347462354831
3019244,1699.0887675821448
3019245,359.8817677347226
3019246,234.9995174308669
3019247,226.76263251902074
3019248,6950.838580155286
3019249,36.00711211444244
3019250,1.1114018051463728
3019251,28.89218469087932
3019252,37.855044221340414
3019253,0.09700170379914856
3019254,306.5291316989773
3019255,19.600436745554113
3019256,52.18961495786514
3019257,14.174020455006762
3019258,179.882259249426
3019259,23.646166318527815
3019260,467.6621571471492
3019261,367.9442219960971
3019262,22.838028769529306
3019263,12.817603668552104
3019264,636.6574967182089
3019265,136.90778756166003
3019266,4261.789266415922
3019267,50.98614839123431
3019268,27.465856959669058
3019269,4.709780306210486
3019270,0.11757188611929285
3019271,5.041890625887877
3019272,3561.23115071656
3019273,0.04784719439602602
3019274,529.8338662089584
3019275,11.498944421024039
3019276,562.965023561362
3019277,827.8888524923901
3019278,208.63246774750357
3019279,137.04520690966118
3019280,158.08318908569717
3019281,3413.558344422405
3019282,24.143097267897048
3019283,1.440706043708261
3019284,28.557390707668258
3019285,21.08893605500501
3019286,0.04293518037011494
3019287,134.83634988171764
3019288,16.053609390460405
3019289,35.18348369242075
3019290,6.523804116708409
3019291,540.3467087181201
3019292,17.779072419945727
3019293,258.50508507147913
3019294,147.19565083830017
3019295,7.055651164570029
3019296,9.720690726038075
3019297,224.30528900304947
3019298,48.81012718624641
3019299,2021.2700971437994
3019300,1.4327914306445944
3019301,5.761339873947902
3019302,6.02308443005764
3019303,0.20321066736667898
3019304,0.5135258970811726
3019305,1556.1535830044422
3019306,0.04784719439602602
3019307,281.1560137358715
3019308,9.053467553204447
3019309,450.39057282496145
3019310,313.8807977415152
3019311,108.82854524207978
3019312,36.26126045685147
3019313,47.29812070050373
3019314,2594.720766084255
3019315,18.159206397773566
3019316,0.8644236262249566
3019317,15.94730466753816
3019318,12.278510587205231
3019319,0.17174072148045977
3019320,104.27911838969975
3019321,0.2057788634703844
3019322,10.728385839632958
3019323,1.1733460641561888
3019324,45.88989722082222
3019325,0.35558144839891453
3019326,321.6638950661935
3019327,171.01984734530348
3019328,3.8991756435781744
3019329,1.9788581102326055
3019330,180.2699956433318
3019331,28.2709151370096
3019332,608.3220094527409
3019333,0.9551942870963964
3019334,2.98983837774012
3019335,9.374274263322793
3019336,0.3527156583578785
3019337,4.201575521573231
3019338,5350.901953041641
3019339,0.4784719439602602
3019340,860.2564608533764
3019341,25.59945997802637
3019342,1086.9088065105925
3019343,1339.1498917462238
3019344,391.2063689173903
3019345,251.17385615102316
3019346,189.78745383249435
3019347,6832.168362752289
3019348,29.954043315184588
3019349,3.5811835943605344
3019350,33.96185253272015
3019351,33.81501815716321
3019352,0.10018208753026821
3019353,288.0480934296656
3019354,10.340387889386816
3019355,53.4076849658584
3019356,13.047608233416819
3019357,366.8418974208326
3019358,7.2301561174445945
3019359,340.52700585281
3019360,333.1729786499608
3019361,14.575489905756507
3019362,12.637707476712775
3019363,472.7767545030778
3019364,98.82785522083748
3019365,3144.768224563287
3019366,2.053667717257252
3019367,19.41158308397987
3019368,9.600706008813683
3019369,0.20321066736667898
3019370,4.995206453425952
3019371,5509.370302340126
3019372,0.04784719439602602
3019373,802.4311231654451
3019374,25.131177173550277
3019375,1584.2290723764615
3019376,1153.6993271935323
3019377,492.64751965110224
3019378,264.0588304351321
3019379,118.97759703651602
3019380,8862.010984016048
3019381,15.04619958672667
3019382,1.0290757455059008
3019383,48.48177499236138
3019384,23.802486894777367
3019385,0.34348144296091954
3019386,334.89865520049284
3019387,16.053609390460405
3019388,8.245396977185155
3019389,7.884885551129589
3019390,108.76321561853484
3019391,2.429806564059249
3019392,234.0819129436616
3019393,415.70446953105846
3019394,7.009232406908384
3019395,6.25139266641664
3019396,264.03287846906954
3019397,100.9132584092194
3019398,1932.1288767082515
3019399,4.441653434998243
3019400,4.454072383259689
3019401,8.876124423242839
3019402,0.5094781731836023
3019403,4.38831221142093
3019404,4917.555211572224
3019405,0.04784719439602602
3019406,834.5266766267948
3019407,17.7947465700915
3019408,1292.579269476563
3019409,961.1743508873765
3019410,361.86482010755907
3019411,239.9957462078793
3019412,129.10402220411493
3019413,6899.00993822664
3019414,17.98626157493763
3019415,1.605358162989205
3019416,36.76739687237964
3019417,23.882495254087544
3019418,0.014311726790038315
3019419,297.63468323028764
3019420,16.053609390460405
3019421,9.135525059949464
3019422,7.415547125467113
3019423,212.53538501365702
3019424,2.7853880124581636
3019425,138.4577465546742
3019426,337.836577363052
3019427,7.1949074375549635
3019428,6.206418618456808
3019429,234.8388897779394
3019430,80.14606338579217
3019431,1477.5505110770246
3019432,3.0088620043536487
3019433,8.386496649561037
3019434,15.759649486165857
3019435,1.2932907473122213
3019436,20.887899284639005
3019437,13961.555449155188
3019438,0.04784719439602602
3019439,1546.5962667010215
3019440,75.133374407053
3019441,2447.1716135894935
3019442,2806.8384939520733
3019443,473.2402032706178
3019444,499.6578114781758
3019445,467.7821709883377
3019446,13444.05475037493
3019447,84.46625147307248
3019448,3.3342054154391185
3019449,83.33300018790568
3019450,66.82440758741109
3019451,0.17174072148045977
3019452,661.3190490341152
3019453,65.54056801531743
3019454,81.04850437801318
3019455,30.829902504916692
3019456,468.8837566972393
3019457,51.26299214417684
3019458,863.310875701187
3019459,765.6270503517242
3019460,25.623154229228003
3019461,33.34106071454182
3019462,1341.0813250050974
3019463,298.55266705706964
3019464,8962.745194262312
3019465,1.6715900024186936
3019466,96.70476545031592
3019467,4.302203164326886
3019468,0.5486688018900333
3019469,1.307156828933894
3019470,2383.571035888655
3019471,0.04784719439602602
3019472,203.52555837875673
3019473,7.440493448897907
3019474,822.2863213704902
3019475,336.72957901902095
3019476,154.08489068781475
3019477,151.96437502460103
3019478,73.50049266677604
3019479,3601.567749640621
3019480,5.880123976421918
3019481,0.32930423856188823
3019482,18.80206908333203
3019483,10.416929949790244
3019484,0.1288055411103448
3019485,207.0724450663104
3019486,0.7716707380139415
3019487,21.147048749883016
3019488,4.552582728926013
3019489,79.07873938120157
3019490,1.4815893683288106
3019491,81.1001153940694
3019492,112.60321143442
3019493,3.11005676333021
3019494,6.25139266641664
3019495,132.15975464488056
3019496,26.78514441448063
3019497,710.4153162047405
3019498,0.09551942870963964
3019499,5.801073252388922
3019500,11.548019020035326
3019501,0.2351437722385857
3019502,3.6413654520301333
3019503,5295.920600749508
3019504,0.04784719439602602
3019505,710.7114190051452
3019506,15.661458238589303
3019507,1878.4864999473384
3019508,868.7206650492657
3019509,324.88782344845924
3019510,334.73090918467375
3019511,131.67281820555874
3019512,8122.101910640433
3019513,14.700309941054794
3019514,0.32930423856188823
3019515,34.99547413154207
3019516,25.162629003050363
3019517,0.04293518037011494
3019518,343.98258722773437
3019519,2.0577886347038437
3019520,8.901280827643067
3019521,14.502557352970493
3019522,35.49188425537911
3019523,2.8446515871913163
3019524,440.3533908625414
3019525,353.6790965207591
3019526,5.570250919397392
3019527,9.354601975645044
3019528,165.31278262199342
3019529,81.87446872159194
3019530,1696.0179889445653
3019531,2.72230371822473
3019532,7.191741497824623
3019533,2.083172058516176
3019534,0.20321066736667898
3019535,1.5405776912435178
3019536,1566.0256786374946
3019537,0.04784719439602602
3019538,156.27168437683935
3019539,5.463299385554408
3019540,921.5026286255305
3019541,200.52164649205304
3019542,117.09540030275105
3019543,217.80266705987046
3019544,27.817875538215343
3019545,3024.918227685623
3019546,2.0061599448968894
3019547,0.37046726838212424
3019548,13.840100616003047
3019549,5.109444728224113
3019550,0.02862345358007663
3019551,101.86094726151427
3019552,16.053609390460405
3019553,21.147048749883016
3019554,0.5632061107949706
3019555,66.6825580989688
3019556,0.5333721725983718
3019557,84.49110180143565
3019558,98.01885152336449
3019559,0.8355376379096087
3019560,1.6190657265539499
3019561,69.61160107844294
3019562,13.825922001311266
3019563,258.22557716557253
3019564,50.98614839123431
3019565,2.6224029771073205
3019566,10.008283150697283
3019567,0.20321066736667898
3019568,3.3145762447966596
3019569,3409.2902412302183
3019570,0.04784719439602602
3019571,285.1810441941274
3019572,14.412704093319723
3019573,1209.7623756238877
3019574,503.13451895195755
3019575,230.93074345783634
3019576,198.53808643218713
3019577,97.9995099957268
3019578,5184.307922190167
3019579,3.977730925226591
3019580,0.8232605964047205
3019581,41.88628479035485
3019582,20.675427504906875
3019583,0.11449381432030652
3019584,274.5631801793925
3019585,16.053609390460405
3019586,21.147048749883016
3019587,17.975661702872813
3019588,65.1474210391516
3019589,2.489070138792402
3019590,302.3781070878562
3019591,275.70261565722734
3019592,2.4137753984055363
3019593,5.576781947019161
3019594,258.77449610913305
3019595,34.58544070775773
3019596,1549.3316674566138
3019597,50.98614839123431
3019598,1.1125345963485604
3019599,4.981498400799552
3019600,0.4702875444771714
3019601,2.640456794446466
3019602,3677.230673278695
3019603,0.04784719439602602
3019604,822.1366935382896
3019605,13.320044216208842
3019606,1170.7127287308674
3019607,776.4327195765813
3019608,284.00297032139554
3019609,126.38411686513139
3019610,101.651801204531
3019611,6886.39548619376
3019612,7.8516949567516185
3019613,5.2277047871699756
3019614,44.74104920614872
3019615,44.60466031542313
3019616,0.05724690716015326
3019617,231.13046569188822
3019618,2.726569940982593
3019619,8.011152744878759
3019620,4.59951657149226
3019621,66.47796289239956
3019622,4.326240955520126
3019623,202.29758638173547
3019624,342.8659485242289
3019625,4.688294523826138
3019626,8.545069112368068
3019627,174.90762557917284
3019628,37.16754513787725
3019629,782.8747244265478
3019630,5.3490880077398195
3019631,3.812043931618653
3019632,5.524934589977685
3019633,0.20321066736667898
3019634,0.8403151043146461
3019635,2139.7620223250296
3019636,0.04784719439602602
3019637,131.74215359145842
3019638,4.838922312919618
3019639,571.3574614847792
3019640,222.36146817272999
3019641,121.25928871777849
3019642,155.9160838713053
3019643,77.83675577451808
3019644,3349.373250603244
3019645,7.782517027617244
3019646,0.5762824174833043
3019647,14.175381926700586
3019648,10.218889456448226
3019649,0.08587036074022988
3019650,120.68486054153891
3019651,16.053609390460405
3019652,21.147048749883016
3019653,0.5162722682287231
3019654,96.24320039548384
3019655,1.244535069396201
3019656,227.5001755714633
3019657,110.13343095348495
3019658,1.4389814875109928
3019659,1.8439359663531099
3019660,67.24432616981728
3019661,24.267588467973205
3019662,463.08542217016344
3019663,0.09551942870963964
3019664,0.904819509052931
3019665,6.611806968333951
3019666,0.20321066736667898
3019667,1.320228397223233
3019668,5515.043325896659
3019669,0.04784719439602602
3019670,646.0128725020292
3019671,16.33786673394366
3019672,1107.0682766124082
3019673,759.5078457640697
3019674,270.8740619941596
3019675,144.06095733119247
3019676,149.86079576012864
3019677,6740.232014135872
3019678,8.024639779587558
3019679,0.5351193876630683
3019680,41.88628479035485
3019681,12.60488132023288
3019682,0.07155863395019157
3019683,255.60655321649318
3019684,16.053609390460405
3019685,35.979914082262496
3019686,4.317913516094775
3019687,125.70760218364558
3019688,1.7186436672614203
3019689,275.1282533639942
3019690,289.60033577176495
3019691,3.6670818552699496
3019692,4.722275035782355
3019693,147.30318108367914
3019694,55.531918896789094
3019695,1632.334642386937
3019696,1.3372720019349549
3019697,1.6050711291025908
3019698,5.1173574480940855
3019699,0.20321066736667898
3019700,9.807410950801158
3019701,4521.6830502591265
3019702,0.04784719439602602
3019703,654.319542576289
3019704,11.290818730145777
3019705,1045.0591632975356
3019706,1055.618534155522
3019707,205.13105074150556
3019708,130.12831907685137
3019709,151.1124075453062
3019710,6086.057713620838
3019711,61.08411142565355
3019712,1.893499371730857
3019713,45.954981974967865
3019714,34.21902076358093
3019715,0.11449381432030652
3019716,288.65113237394564
3019717,34.05640190434862
3019718,32.46625059766655
3019719,2.3466921283123776
3019720,223.9038791892081
3019721,17.008645948414745
3019722,254.28886244244728
3019723,359.25875926677895
3019724,17.731965426748364
3019725,19.65365895844656
3019726,293.86419177682103
3019727,82.9698531042336
3019728,2825.631179180208
3019729,50.98614839123431
3019730,13.94854011296541
3019731,8.106256488573816
3019732,0.20321066736667898
3019733,10.597307148856926
3019734,4837.908013440046
3019735,0.04784719439602602
3019736,580.3537515686297
3019737,20.24022343791109
3019738,1403.6981679972826
3019739,1012.0687409101469
3019740,189.37096865386602
3019741,95.64868124360243
3019742,149.57127154172153
3019743,6523.253618659533
3019744,30.749589500229906
3019745,1.399543013888025
3019746,60.6391337975525
3019747,80.16481129991622
3019748,0.09700170379914856
3019749,415.66451819545136
3019750,34.05640190434862
3019751,25.579470167858496
3019752,13.188409761115562
3019753,213.83564139224833
3019754,21.453414053401175
3019755,191.95236701270258
3019756,595.1746401747679
3019757,11.233339354118073
3019758,14.03595062778395
3019759,154.68744836864843
3019760,99.65196395307582
3019761,2362.6883834566447
3019762,3.7730174340307654
3019763,18.58834723592707
3019764,12.725464096587947
3019765,0.3527156583578785
3019766,4.385044319348595
3019767,5701.35738465836
3019768,0.04784719439602602
3019769,832.9620712538436
3019770,10.458315966632723
3019771,2871.2817021408173
3019772,816.9564405539296
3019773,257.55018493945533
3019774,487.68321142095084
3019775,112.02367040852944
3019776,9173.615969000886
3019777,32.44444876402211
3019778,2.0993145208320376
3019779,36.32441618717025
3019780,20.886934751796154
3019781,0.02862345358007663
3019782,419.83578819968295
3019783,8.59126754988855
3019784,20.191852824811377
3019785,10.867061907788958
3019786,108.41661518635341
3019787,6.578256795379919
3019788,188.60457859475898
3019789,424.39401454216306
3019790,9.933614139592015
3019791,13.762058675708575
3019792,279.66950997589026
3019793,66.91110677190963
3019794,1992.7692517460691
3019795,6.493410763681303
3019796,19.53764806544483
3019797,5.706079986370396
3019798,0.4702875444771714
3019799,6.955941696826792
3019800,4116.912944659093
3019801,0.19138877758410408
3019802,481.85121290090444
3019803,11.655038689182737
3019804,964.9771830200752
3019805,983.6122089717694
3019806,266.50102051199326
3019807,145.9533200276738
3019808,123.52257377888533
3019809,5782.283670127942
3019810,28.60507369706427
3019811,2.0169884611915654
3019812,21.90293387979778
3019813,14.521517214796951
3019814,0.05724690716015326
3019815,283.0072292370799
3019816,30.45527179361689
3019817,31.248180589673293
3019818,2.8160305539748527
3019819,184.46075000696064
3019820,13.630622188625058
3019821,438.1351971887798
3019822,323.451432803186
3019823,8.587470167404312
3019824,12.682681524672608
3019825,448.68684092355574
3019826,62.746243684392944
3019827,2639.9719851738246
3019828,0.04775971435481982
3019829,30.065929599292314
3019830,5.1173574480940855
3019831,0.27433440094501665
3019832,4.149289248415874
3019833,7259.949057798439
3019834,0.04784719439602602
3019835,541.226599146002
3019836,16.233803888504525
3019837,2578.3899334916687
3019838,793.8342481626548
3019839,355.1574672531362
3019840,189.29391038007532
3019841,109.29491676452788
3019842,10060.114719876074
3019843,11.725658988276647
3019844,3.00490117687723
3019845,41.81269833989653
3019846,27.60288396201073
3019847,0.10018208753026821
3019848,539.8239958959906
3019849,16.053609390460405
3019850,0.23424423230639646
3019851,11.404923743598156
3019852,86.1231407863338
3019853,3.852132357654907
3019854,159.81645812002253
3019855,415.70446953105846
3019856,4.595457008502848
3019857,13.537188435909414
3019858,214.89564207878155
3019859,71.89479440681858
3019860,1413.4539914351942
3019861,50.98614839123431
3019862,7.152008119383603
3019863,10.28000124528635
3019864,0.03919062870643095
3019865,11.530990598095421
3019866,4389.041184507281
3019867,0.04784719439602602
3019868,657.4751640743726
3019869,17.170369497456708
3019870,1484.0843471814787
3019871,962.7261000994456
3019872,298.7517046407595
3019873,140.60845215686624
3019874,189.10098614911675
3019875,6955.604265661577
3019876,45.86496701609095
3019877,1.893499371730857
3019878,37.80101847120156
3019879,43.43028018990496
3019880,0.04293518037011494
3019881,314.35021596198146
3019882,31.072608384028044
3019883,28.390400955535256
3019884,12.766005178019334
3019885,311.8892401616508
3019886,21.09783260500226
3019887,264.1702559048194
3019888,605.1594931967828
3019889,18.521084306996325
3019890,11.693252469556304
3019891,237.4844040341449
3019892,78.21662509949529
3019893,2461.4608062328693
3019894,0.9551942870963964
3019895,8.158560813237006
3019896,4.981498400799552
3019897,0.20321066736667898
3019898,6.44241579974562
3019899,4485.01115412419
3019900,0.04784719439602602
3019901,591.3368521882836
3019902,14.776924052356684
3019903,856.7104189298846
3019904,1077.1486512117524
3019905,220.87640162086416
3019906,137.46441223286178
3019907,154.6026007921884
3019908,5340.597038128449
3019909,32.44444876402211
3019910,1.3583799840677888
3019911,39.42479365614953
3019912,26.462170720360692
3019913,0.02862345358007663
3019914,259.2360656654209
3019915,25.413689638592473
3019916,51.76797533971363
3019917,6.7115394869733995
3019918,145.603140001408
3019919,17.66054527047942
3019920,270.01288526881
3019921,316.25600292600234
3019922,12.486645810982486
3019923,11.738226517516138
3019924,267.5177287325132
3019925,67.18230120018013
3019926,2692.991316571995
3019927,0.2387985717740991
3019928,17.403577357572736
3019929,8.377974583162883
3019930,0.11757188611929285
3019931,5.415364005583275
3019932,7486.488683430078
3019933,0.04784719439602602
3019934,723.0168288302477
3019935,26.119774205222026
3019936,1582.9741619928832
3019937,888.7357296653344
3019938,374.4924404514369
3019939,241.61876948420428
3019940,114.62896610942178
3019941,8413.812266126784
3019942,10.653401086693828
3019943,0.16465211928094411
3019944,24.61003806718852
3019945,23.682474355812104
3019946,0.05724690716015326
3019947,295.752254306341
3019948,16.053609390460405
3019949,11.384269690090868
3019950,1.8304198600836545
3019951,173.85477678220866
3019952,6.044884622781547
3019953,244.19075932332984
3019954,397.77712906489916
3019955,5.0596445851192975
3019956,3.6428978847463873
3019957,299.8579484787241
3019958,170.49318092401455
3019959,1569.7313969728323
3019960,3.677498005321126
3019961,1.0728012179075403
3019962,20.69586153786723
3019963,0.20321066736667898
3019964,23.52835607908547
3019965,17279.520774767498
3019966,0.04784719439602602
3019967,2173.752052148043
3019968,42.40560951644612
3019969,3192.3316461876857
3019970,3404.055470849092
3019971,756.7772589926827
3019972,640.1265285273086
3019973,598.7090158125352
3019974,16976.42512463067
3019975,97.16040146923038
3019976,6.050965383574696
3019977,179.49343447491108
3019978,145.64293961358825
3019979,0.1288055411103448
3019980,921.6401336479104
3019981,47.77979430918855
3019982,38.9313914093231
3019983,45.670383524364176
3019984,719.098310247032
3019985,46.99601476338987
3019986,1035.5181414386516
3019987,896.0424819059193
3019988,56.073859255267074
3019989,48.84181608437749
3019990,1397.9290273834176
3019991,366.03497087185906
3019992,10912.779895754727
3019993,338.06570526916147
3019994,110.62376521225626
3019995,23.005465341874295
3019996,0.20321066736667898
3019997,20.322087114400478
3019998,15960.794366722159
3019999,0.09569438879205204
3020000,1664.4323440402306
3020001,40.94872968029827
3020002,3334.306238071056
3020003,2980.8485374168217
3020004,961.4852461321599
3020005,398.45465970216554
3020006,444.608943684437
3020007,19103.257048669435
3020008,155.33903987124017
3020009,2.4286187593939257
3020010,105.82316368891063
3020011,99.78785162320362
3020012,0.37210489654099616
3020013,868.9332516557298
3020014,41.669705405594165
3020015,52.28331265078769
3020016,6.110786302125431
3020017,484.98216900360813
3020018,36.56562561035504
3020019,1366.7003265884464
3020020,1119.9005271006224
3020021,33.978530608324085
3020022,40.38669506792908
3020023,1536.581459756703
3020024,307.92994553753175
3020025,7387.72681993882
3020026,600.6151829919123
3020027,105.26536133041186
3020028,17.027667260914832
3020029,0.20321066736667898
3020030,28.10200445518024
3020031,10804.175739685703
3020032,0.4784719439602602
3020033,1234.309008779716
3020034,23.101951687487208
3020035,3027.651446544585
3020036,2147.396292998832
3020037,1111.5222174163516
3020038,157.90067173889076
3020039,346.8169287842209
3020040,16594.595155937597
3020041,53.024882681498816
3020042,3.7046726838212427
3020043,66.16055421935935
3020044,29.532590529135373
3020045,0.20036417506053641
3020046,826.8626382250377
3020047,49.965680286402716
3020048,37.47907716902344
3020049,12.418694743029103
3020050,277.31870734638113
3020051,18.668026040943012
3020052,1221.5823722572945
3020053,1071.5009942378686
3020054,34.11778688130902
3020055,59.27804391345649
3020056,963.2921162455831
3020057,170.60007486373254
3020058,3438.027228105709
3020059,374.16345257282137
3020060,59.05711136300051
3020061,23.775333276543318
3020062,0.20321066736667898
3020063,29.61830637674356
3020064,15060.74360539781
3020065,0.2870831663761561
3020066,1549.9757026370444
3020067,34.02855045859602
3020068,3001.9815175234735
3020069,2863.5337967647647
3020070,903.5283499404059
3020071,367.0142604621209
3020072,345.5736402211324
3020073,17729.685483791814
3020074,57.0372025712926
3020075,2.3462926997534534
3020076,103.68964395310563
3020077,93.04180025800105
3020078,0.2862345358007663
3020079,807.0473198975899
3020080,48.49693364838285
3020081,41.32068257884834
3020082,10.201070681773905
3020083,451.8390915604877
3020084,26.135236457320218
3020085,1074.1769089266224
3020086,1052.64248529617
3020087,32.4467116054898
3020088,42.41052722612152
3020089,1372.3398336014207
3020090,279.99361647481163
3020091,6624.948009497481
3020092,450.5001920118476
3020093,84.0967684305703
3020094,18.386257733860162
3020095,0.20321066736667898
3020096,30.8367632779998
3020097,8288.924473528203
3020098,0.04784719439602602
3020099,1073.545088246794
3020100,28.513219650322053
3020101,2756.568510154696
3020102,1739.1568033698782
3020103,875.794573941326
3020104,126.25066983724587
3020105,267.8316347227912
3020106,14569.040942567352
3020107,50.88036687833318
3020108,0.6174454473035405
3020109,49.95837727639268
3020110,86.8490740311961
3020111,0.08587036074022988
3020112,774.2704238625362
3020113,42.464526265748525
3020114,17.802561655286134
3020115,3.6256393382426233
3020116,265.6937961520705
3020117,11.556397072964721
3020118,1080.5647912188276
3020119,1189.364225754412
3020120,24.834035348980038
3020121,34.86388197846172
3020122,1052.381569152623
3020123,119.1862984988333
3020124,2407.3716356288032
3020125,343.34745207966097
3020126,28.074228267831856
3020127,16.529517420834875
3020128,0.20321066736667898
3020129,16.738610036223132
3020130,11480.37569997187
3020131,0.04784719439602602
3020132,1545.3970375980496
3020133,40.01216407134609
3020134,2183.895729992802
3020135,2897.2782932088235
3020136,593.2248809445297
3020137,470.7326441773348
3020138,440.88719222774654
3020139,13121.90417945035
3020140,73.88202831551303
3020141,2.0581514910118015
3020142,77.22629945483757
3020143,79.75684788363166
3020144,0.2146759018505747
3020145,615.2264214974954
3020146,25.117882522353796
3020147,42.35135720099649
3020148,16.16401537981566
3020149,528.2291538027284
3020150,33.483919724231114
3020151,919.4008874874149
3020152,758.8537284112821
3020153,26.597948140122543
3020154,42.0957088904027
3020155,1174.9641416776528
3020156,263.7114261565832
3020157,8546.81097877778
3020158,305.05848908140194
3020159,94.22468791158488
3020160,8.151542837671993
3020161,0.4702875444771714
3020162,9.290150319923033
3020163,2912.7166968456845
3020164,0.04784719439602602
3020165,453.36371373909793
3020166,37.67075004896563
3020167,1072.0055770927747
3020168,704.4195389519231
3020169,291.84446532242185
3020170,87.05497211799022
3020171,125.29454648665862
3020172,5116.060690088573
3020173,67.62142572885205
3020174,1.564195133168969
3020175,42.68988781555869
3020176,24.80576003404804
3020177,0.15742899469042146
3020178,263.8532235673558
3020179,20.783665210508822
3020180,13.445618934387157
3020181,16.379911055620397
3020182,127.66740889920354
3020183,12.682404992894616
3020184,286.3944030809196
3020185,325.2027316896672
3020186,4.827550796811073
3020187,9.894290551163028
3020188,270.40390091419516
3020189,69.53118081572875
3020190,1811.1318858699462
3020191,1.5760705737090541
3020192,11.429994766053857
3020193,14.446345362318702
3020194,0.20321066736667898
3020195,20.416389142773564
3020196,7630.530414506404
3020197,0.09569438879205204
3020198,777.646025936755
3020199,49.63797727446576
3020200,2220.249297213595
3020201,1515.3508534721918
3020202,641.3655023119868
3020203,113.95398035669507
3020204,208.26800858615408
3020205,11873.245730298071
3020206,131.19594260334313
3020207,1.9758254313713293
3020208,84.20434173373009
3020209,41.52433848198136
3020210,0.08587036074022988
3020211,567.572058440589
3020212,28.683001331978204
3020213,13.164525855619482
3020214,4.411781201227269
3020215,275.66848548286873
3020216,16.65306450001583
3020217,669.2096265445448
3020218,758.788820130874
3020219,18.660340579981263
3020220,34.11326511801213
3020221,490.6661786979879
3020222,102.70790505801253
3020223,2522.5877766474077
3020224,335.49479984544155
3020225,22.51174030279547
3020226,10.778151085366305
3020227,0.20321066736667898
3020228,8.076361835912987
3020229,7756.748722109994
3020230,0.19138877758410408
3020231,1146.4407039919925
3020232,15.037081165954513
3020233,1702.5473450232594
3020234,2175.6120779830503
3020235,347.35779041879607
3020236,360.69124683717865
3020237,359.96050466552305
3020238,9028.015669556991
3020239,48.97797382713785
3020240,2.3462926997534534
3020241,53.23662927793679
3020242,47.95510938178343
3020243,0.15742899469042146
3020244,404.27106731863836
3020245,4.321356132878072
3020246,65.82262927809741
3020247,8.870496245020787
3020248,329.73747989262495
3020249,19.08287106407508
3020250,740.7952258513753
3020251,419.4005674607091
3020252,29.19739856917466
3020253,14.217645781541671
3020254,1137.3279742307525
3020255,152.4780043912203
3020256,6282.461704128559
3020257,5.540126865159099
3020258,56.84634567000825
3020259,16.0766539298531
3020260,0.20321066736667898
3020261,12.16496166012836
3020262,7830.238115587487
3020263,0.04784719439602602
3020264,1174.5234030324514
3020265,20.03209774703283
3020266,1966.5776131428015
3020267,1602.5823063850696
3020268,484.89218742470194
3020269,231.4712059605952
3020270,460.51877391526335
3020271,10829.742597039069
3020272,57.62521496893479
3020273,4.2397920714843105
3020274,75.2433639123546
3020275,56.405893313674106
3020276,0.11449381432030652
3020277,461.4300610179043
3020278,13.375626125574986
3020279,78.9871551337169
3020280,14.455623510404246
3020281,531.8775439830306
3020282,19.201398213541385
3020283,575.2208242007254
3020284,478.7332674045212
3020285,21.399047282018312
3020286,36.61157348218079
3020287,587.397692731141
3020288,160.70512992612407
3020289,5656.146687046832
3020290,6.781879438384415
3020291,10.894852607335881
3020292,12.906609492980659
3020293,0.03919062870643095
3020294,5.1394605463333
3020295,3737.405691569894
3020296,0.04784719439602602
3020297,614.7977510336738
3020298,12.48754145269579
3020299,1193.2651583177021
3020300,696.6289352544268
3020301,294.3057400818953
3020302,95.99801901293625
3020303,172.7061237654768
3020304,5460.324545984323
3020305,17.605782964698562
3020306,1.9758254313713293
3020307,44.53783364428699
3020308,29.24978870464297
3020309,0.04293518037011494
3020310,265.63226364487036
3020311,8.951380560961722
3020312,19.020631663279396
3020313,10.747849947670689
3020314,192.6909959975369
3020315,6.4597296459136135
3020316,335.6467987043455
3020317,303.36048299009195
3020318,6.96281364924674
3020319,8.76993935216723
3020320,232.50834663258985
3020321,82.64290108500212
3020322,2376.4040454640126
3020323,0.4775971435481982
3020324,4.720797438537032
3020325,9.147842517831904
3020326,0.20321066736667898
3020327,2.0541035883246903
3020328,5393.1863793946995
3020329,0.04784719439602602
3020330,304.89975216128687
3020331,7.388462026178342
3020332,1474.854103758423
3020333,323.1493538460368
3020334,288.91405394321777
3020335,71.624722846515
3020336,52.31992589641473
3020337,5856.794284569596
3020338,11.51812520087352
3020339,1.1525648349666087
3020340,34.454053294063925
3020341,12.516159179215656
3020342,0.02862345358007663
3020343,275.00831615821266
3020344,16.053609390460405
3020345,21.147048749883016
3020346,5.397391895118468
3020347,53.033231176499434
3020348,2.014961540927182
3020349,61.32487855555417
3020350,242.56224388486547
3020351,0.18567503064657973
3020352,3.1481833571882363
3020353,76.71342548638887
3020354,106.06752102498494
3020355,761.2534024955831
3020356,50.98614839123431
3020357,3.337603789045681
3020358,10.008283150697283
3020359,0.0783812574128619
3020360,9.288749794749174
3020361,5842.102020193629
3020362,0.04784719439602602
3020363,717.7522325847548
3020364,20.03209774703283
3020365,1546.8334620921696
3020366,1288.5889987604548
3020367,460.9364731075827
3020368,184.97434886226253
3020369,204.08489919941863
3020370,8282.377728526677
3020371,36.52594658295026
3020372,1.646521192809441
3020373,42.181605247161116
3020374,71.427660814653
3020375,0.09700170379914856
3020376,414.34490055553664
3020377,36.885861277066404
3020378,25.3452259355521
3020379,13.798549714476781
3020380,201.5801193145319
3020381,12.860195717094076
3020382,532.6159859765796
3020383,460.1907270731108
3020384,13.043670902922225
3020385,19.83355515028589
3020386,636.1926823077839
3020387,118.0582678539052
3020388,2987.8548906265837
3020389,50.98614839123431
3020390,43.50649991035785
3020391,7.562820299395684
3020392,0.0783812574128619
3020393,7.82706835496631
3020394,6063.955706673409
3020395,0.38277755516820816
3020396,807.1071534448951
3020397,27.680716886809
3020398,1142.803377970808
3020399,1647.3987431530827
3020400,247.2829440607026
3020401,273.9506787115888
3020402,290.9331619547975
3020403,6418.9623938462755
3020404,39.431419606594034
3020405,3.7458357136414784
3020406,42.62458593237051
3020407,36.635114782353575
3020408,0.34348144296091954
3020409,282.7079655215893
3020410,22.01833839133113
3020411,58.65475576952168
3020412,12.155865224658115
3020413,349.75550563010967
3020414,22.579421973331073
3020415,533.6653009831697
3020416,327.0716002916045
3020417,9.840776624268724
3020418,19.293866574767904
3020419,734.0537306724619
3020420,154.46468653445763
3020421,5441.788819709336
3020422,0.525356857903018
3020423,48.27971043558941
3020424,6.5665206192357735
3020425,0.6662406880093261
3020426,14.522512369455562
3020427,7944.674406846023
3020428,0.09569438879205204
3020429,1076.2384962507804
3020430,31.895262127093826
3020431,1381.8051956148845
3020432,1847.5756012937009
3020433,377.46369820767507
3020434,329.18098004326725
3020435,217.4238240800656
3020436,8383.064554068767
3020437,41.26463472865498
3020438,4.774911459147379
3020439,57.95883262191811
3020440,65.89282510673023
3020441,0.09700170379914856
3020442,413.6208026710707
3020443,46.55746786017447
3020444,49.05074224495942
3020445,30.925647543751836
3020446,293.5510487517871
3020447,33.78023759789688
3020448,514.1460234091198
3020449,454.8625328851498
3020450,26.36585435181432
3020451,25.725155433023872
3020452,721.2914598190921
3020453,178.8384660075114
3020454,5298.212396183762
3020455,1.4805511449994142
3020456,46.70873195985484
3020457,16.71066281722759
3020458,0.39190628706430947
3020459,10.326072106853143
3020460,5362.8470928026845
3020461,0.04784719439602602
3020462,621.3174795884214
3020463,23.934454451000263
3020464,2203.047316482821
3020465,1004.6624451646002
3020466,710.0704001337028
3020467,217.9085164039786
3020468,167.96620522349673
3020469,11247.953599319917
3020470,12.4174382796204
3020471,1.481869073528497
3020472,71.47924640679095
3020473,48.205036484381054
3020474,0.09700170379914856
3020475,493.7851305595153
3020476,18.262874132996615
3020477,8.151699284262598
3020478,10.244719155360515
3020479,112.47890685362941
3020480,5.926357473315242
3020481,414.1578954270049
3020482,613.1570914450471
3020483,10.5370579891934
3020484,10.254082934841682
3020485,488.34377022011824
3020486,125.39842937378252
3020487,1831.5768938770423
3020488,126.32062369135004
3020489,20.711312247368216
3020490,6.504639375263921
3020491,0.2299198934444943
3020492,5.01278967643506
3020493,3399.4882373170385
3020494,0.07578518288466368
3020495,475.9475111077091
3020496,11.149119818736505
3020497,703.1758436428565
3020498,921.1573926070994
3020499,175.12582999955805
3020500,160.92689616179337
3020501,99.4158940385063
3020502,3694.792415488427
3020503,18.99399971024485
3020504,2.095988506433435
3020505,28.128280400933896
3020506,26.297351680227
3020507,0.3209520457565504
3020508,218.6861857279729
3020509,25.226452233498744
3020510,20.132825786590608
3020511,8.173537136386745
3020512,80.98680783570595
3020513,9.810458681769179
3020514,335.89493810169
3020515,206.53377073235774
3020516,5.37701277915072
3020517,11.097495083596584
3020518,370.1145425307198
3020519,74.9735474046748
3020520,2790.7860069501407
3020521,52.150654471057884
3020522,31.399240046360188
3020523,1.7616731641339787
3020524,0.2299198934444943
3020525,3.5672698811264354
3020526,2186.2465701481524
3020527,0.03789259144233184
3020528,180.08020675877225
3020529,4.001464921245157
3020530,1126.4099637034778
3020531,429.5532080788119
3020532,367.63597588836666
3020533,61.00438743477117
3020534,27.883217167644396
3020535,4823.385425290844
3020536,5.507295753549166
3020537,0.513303307697984
3020538,12.319583759061398
3020539,9.40329544929329
3020540,0.04585029225093577
3020541,222.53248843582833
3020542,6.777255823925036
3020543,16.70539312868144
3020544,2.233206867865231
3020545,13.161552778100225
3020546,0.657684380900727
3020547,206.7501623380462
3020548,253.73881762185755
3020549,1.2482351094457027
3020550,5.315606888781557
3020551,182.68831752308782
3020552,32.9888867749603
3020553,320.7193162885833
3020554,1.9432740751174173
3020555,2.1410261602034515
3020556,10.750723411894537
3020557,0.2660501624143434
3020558,7.310318278134463
3020559,7845.463735579014
3020560,0.03789259144233184
3020561,1501.4383705209002
3020562,12.034940297485432
3020563,2519.379670600458
3020564,942.7623752777587
3020565,747.9138921796675
3020566,381.0001287971617
3020567,69.28574334726456
3020568,13336.2627153457
3020569,31.45226375031137
3020570,0.9838313397544693
3020571,33.08195918517187
3020572,25.39328060503859
3020573,0.09170058450187155
3020574,650.4724801986503
3020575,22.026081427756367
3020576,2.4425854814613603
3020577,12.773943284189121
3020578,37.36408367690607
3020579,3.891299253662635
3020580,724.1841955483189
3020581,581.7594264846667
3020582,3.8887324563500743
3020583,21.07591503271284
3020584,527.6498087476199
3020585,124.29026942006413
3020586,1885.9534335090602
3020587,21.482997486535613
3020588,12.762195151016654
3020589,7.7694303648985725
3020590,0.2299198934444943
3020591,1.4475877778484085
3020592,2599.625660321414
3020593,0.03789259144233184
3020594,375.2455544116669
3020595,10.324390407487503
3020596,1389.221640332469
3020597,593.3097295436056
3020598,292.5391362659147
3020599,79.51900571917027
3020600,32.94288299951163
3020601,5184.200390618268
3020602,9.080481688887613
3020603,0.5560785833394828
3020604,18.82397938010431
3020605,22.910571539591704
3020606,0.20632631512921099
3020607,228.62547505137059
3020608,13.554511647850072
3020609,16.70539312868144
3020610,6.946613283181588
3020611,35.57239444091294
3020612,2.630737523602908
3020613,177.31593408428137
3020614,255.9223973046624
3020615,2.35244309087844
3020616,9.418882381876092
3020617,199.63251266662226
3020618,38.48010121921598
3020619,435.9734148224349
3020620,3.9471228071766546
3020621,4.198090510202846
3020622,6.459468268491255
3020623,0.2299198934444943
3020624,5.997149365371978
3020625,2559.327361188501
3020626,0.03789259144233184
3020627,226.4103606266976
3020628,6.628380823741977
3020629,1139.6083085841697
3020630,402.0773313575256
3020631,225.70037148436325
3020632,63.43603085000331
3020633,26.080893075107106
3020634,5035.065944311921
3020635,15.223803253377127
3020636,0.08555055128299735
3020637,20.54699808766534
3020638,10.638474088819104
3020639,0.022925146125467886
3020640,183.73124185230677
3020641,2.7611042245620516
3020642,16.70539312868144
3020643,3.617795125941674
3020644,37.337085619925354
3020645,1.6442109522518176
3020646,178.86136798800382
3020647,271.54681623426524
3020648,0.7201356400648286
3020649,7.600385288345559
3020650,119.98100345668965
3020651,27.955273534392585
3020652,236.67159993815125
3020653,3.7087322217927183
3020654,2.4348924959176506
3020655,4.833308424675274
3020656,0.2299198934444943
3020657,3.7595922573262954
3020658,2535.104339851778
3020659,0.03789259144233184
3020660,301.77284561580643
3020661,8.76656818623939
3020662,1804.8246441914246
3020663,538.9471482040246
3020664,365.60857160957056
3020665,50.55258679035233
3020666,35.872005996465845
3020667,5320.9376039177405
3020668,10.686776283672787
3020669,0.4277527564149867
3020670,15.96678360829122
3020671,24.862950679487344
3020672,0.09170058450187155
3020673,258.4609673630136
3020674,1.9453234309414456
3020675,16.70539312868144
3020676,3.8857799500855017
3020677,18.867960276297527
3020678,3.3980359679870897
3020679,287.6634940462735
3020680,361.40849082083446
3020681,1.5842984081426228
3020682,6.434682023261884
3020683,109.88012575344176
3020684,109.99068932281844
3020685,491.8620032373901
3020686,2.5656298246648253
3020687,5.667422188773843
3020688,5.285019492401936
3020689,1.1528840371288216
3020690,5.743821504248507
3020691,2850.6522168455717
3020692,0.03789259144233184
3020693,285.090683358167
3020694,2.5352793012469315
3020695,1124.599946783587
3020696,483.552474335244
3020697,353.291134293111
3020698,117.6147525578071
3020699,54.744891552791785
3020700,4866.5801104205675
3020701,8.097036018610975
3020702,1.3260335448864589
3020703,16.88558333409814
3020704,20.59959214951115
3020705,0.11462573062733943
3020706,286.0997114010778
3020707,15.528073644724538
3020708,16.70539312868144
3020709,4.779062697231594
3020710,21.535552383653734
3020711,3.2336148727619083
3020712,142.94145177790818
3020713,260.2917834494714
3020714,1.34425319478768
3020715,7.227360243518784
3020716,137.73470495654792
3020717,52.87373908067406
3020718,796.8060261407163
3020719,3.471807152302535
3020720,5.877326714283985
3020721,6.233612734627925
3020722,0.2660501624143434
3020723,2.245312042569871
3020724,2281.16463654845
3020725,0.03789259144233184
3020726,313.0755163012091
3020727,4.917830933744048
3020728,1183.505242777158
3020729,375.59652142448124
3020730,230.20692870425694
3020731,198.24292895760954
3020732,29.773355188370317
3020733,3823.964129227453
3020734,5.258541848714487
3020735,0.4705280320564854
3020736,14.559508078890744
3020737,15.30027734122298
3020738,0.1834011690037431
3020739,214.15169444921602
3020740,19.582225289602327
3020741,16.70539312868144
3020742,3.796451675370893
3020743,28.84834427220378
3020744,2.5211234601194534
3020745,62.59295390981867
3020746,199.3693313366242
3020747,1.3922622374586684
3020748,4.19653175430123
3020749,84.13874981126665
3020750,43.596914678636054
3020751,686.8226502075013
3020752,52.150654471057884
3020753,1.175465342856797
3020754,11.473461120257193
3020755,0.9311755684502019
3020756,4.960573117305529
3020757,5093.8969070627145
3020758,0.03789259144233184
3020759,697.797184686534
3020760,6.1091067499926055
3020761,1524.8916999960281
3020762,1086.9369079934768
3020763,724.0333376265963
3020764,245.16938083051045
3020765,86.19375897706406
3020766,8359.910743671608
3020767,17.614604672065983
3020768,1.9248874038674404
3020769,29.975787210116213
3020770,30.042732071047208
3020771,0.1834011690037431
3020772,378.7324108074798
3020773,1.1295426373208393
3020774,16.70539312868144
3020775,9.942236975736009
3020776,40.37436703025617
3020777,6.248001618556907
3020778,286.47162334125744
3020779,403.85980947573114
3020780,3.3126239442982115
3020781,12.030057695663523
3020782,461.21034238227094
3020783,71.51058810360246
3020784,1768.0575626318357
3020785,9.813094424574832
3020786,17.925846478566154
3020787,5.104335065311272
3020788,0.2660501624143434
3020789,6.4748533320619535
3020790,3639.1203512223365
3020791,0.03789259144233184
3020792,1202.2157015282007
3020793,7.911293241240424
3020794,767.0908772512022
3020795,914.1979417723121
3020796,300.37778615424185
3020797,225.11898775754366
3020798,48.1844362439086
3020799,5132.783895468294
3020800,13.135748835145982
3020801,1.2404829936034614
3020802,32.09122342832428
3020803,21.61044641031018
3020804,0.13755087675280733
3020805,254.93609907303045
3020806,19.892500890594782
3020807,5.366286285028746
3020808,6.946613283181588
3020809,49.8813646406937
3020810,3.3432289362453624
3020811,123.0878634226066
3020812,231.24300343914518
3020813,5.953121291202582
3020814,9.605394904289481
3020815,235.90343247465714
3020816,67.89537219402976
3020817,2238.595395262756
3020818,45.06021718524528
3020819,17.642013600161793
3020820,8.672852500351896
3020821,1.0198589559216498
3020822,5.118256785964016
3020823,4215.191078838434
3020824,0.03789259144233184
3020825,348.441466861627
3020826,6.1091067499926055
3020827,1172.28738124414
3020828,509.6445139882311
3020829,416.87293694484435
3020830,74.52773765632534
3020831,34.87939622136363
3020832,6289.664744079435
3020833,39.14113767701014
3020834,1.6682357500184481
3020835,17.74709268787866
3020836,21.834770789036963
3020837,0.09170058450187155
3020838,243.9422866528795
3020839,16.62937771611236
3020840,16.70539312868144
3020841,5.449024757591163
3020842,48.18386180803102
3020843,4.603790666305089
3020844,166.32389994783486
3020845,273.3727751776672
3020846,1.9203617068395429
3020847,7.507129027138864
3020848,175.93079166297818
3020849,31.616083163896374
3020850,579.6449029059432
3020851,3.471807152302535
3020852,5.469692125743288
3020853,9.621445742577883
3020854,0.2299198934444943
3020855,11.487643008497013
3020856,5706.130070352019
3020857,0.03789259144233184
3020858,996.6330827270401
3020859,10.538209143737244
3020860,1035.8974118598155
3020861,1252.0346869244684
3020862,318.517207218798
3020863,212.11938911404886
3020864,89.33514906978881
3020865,7001.270303493246
3020866,45.50846631084045
3020867,1.9248874038674404
3020868,25.026846727324035
3020869,36.2520946253602
3020870,0.09170058450187155
3020871,344.33934772232425
3020872,42.420601268271525
3020873,18.208364498166503
3020874,6.520964054166474
3020875,78.89016327427152
3020876,15.291161855941905
3020877,576.6306747641911
3020878,375.5538830062817
3020879,12.482351094457028
3020880,11.517148259026708
3020881,572.1215802540123
3020882,131.28012734879675
3020883,2843.950568396693
3020884,52.150654471057884
3020885,42.06434941487476
3020886,10.70555230512187
3020887,0.0443416937357239
3020888,8.824598492890887
3020889,6832.1355517412385
3020890,0.03789259144233184
3020891,1103.155637049389
3020892,7.3309280999911275
3020893,2607.302303326734
3020894,1114.6599315356568
3020895,1011.6104388068931
3020896,137.6651456307738
3020897,71.51457670364306
3020898,10996.47739032057
3020899,13.56576527528655
3020900,0.6416291346224801
3020901,28.409563204943236
3020902,18.65438501461921
3020903,0.15538154596150455
3020904,474.0771606612821
3020905,4.518170549283357
3020906,7.216729831590383
3020907,5.694677513056339
3020908,50.38389665585752
3020909,2.411509396635999
3020910,413.5748217973379
3020911,581.6592214206996
3020912,5.953121291202582
3020913,8.859344814635929
3020914,441.4072993212193
3020915,86.29905252042418
3020916,1346.168728829027
3020917,51.85483737398538
3020918,18.141250380900036
3020919,14.454754167253158
3020920,0.6651254060358586
3020921,6.669243690801597
3020922,5509.147776157451
3020923,0.03789259144233184
3020924,974.4796770047469
3020925,6.567289756242051
3020926,2422.1128438156347
3020927,929.6163859506789
3020928,490.6497687976189
3020929,352.5456347978664
3020930,73.58889878658178
3020931,8117.646616786325
3020932,16.816278186782597
3020933,0.8127302371884747
3020934,48.15837287633092
3020935,36.29273598704782
3020936,0.1834011690037431
3020937,451.7118713613391
3020938,7.467531880065549
3020939,3.811913705916971
3020940,14.247859816980172
3020941,81.74919614930918
3020942,3.5076500314705443
3020943,134.1223009477836
3020944,433.75298415842076
3020945,3.9367414990210627
3020946,7.553757157742212
3020947,222.58035298421754
3020948,192.2166760445278
3020949,1768.722596248062
3020950,0.9281600660440152
3020951,9.57164636326249
3020952,6.414297161718589
3020953,0.2660501624143434
3020954,3.916241934714891
3020955,2801.3248744080593
3020956,0.03789259144233184
3020957,280.3784004676432
3020958,8.064020909990239
3020959,958.5806442423503
3020960,459.24229846585274
3020961,208.90870976557395
3020962,67.06216576745474
3020963,44.349941618389785
3020964,4760.52229641977
3020965,10.752339328357895
3020966,1.026606615395968
3020967,29.305963687551863
3020968,21.811660995136155
3020969,0.15538154596150455
3020970,227.46184888849876
3020971,2.384590012121772
3020972,16.70539312868144
3020973,5.583017169663077
3020974,92.24653157717579
3020975,4.329755507596453
3020976,122.1231998827807
3020977,225.37187740234808
3020978,1.8723526641685542
3020979,8.579576031015845
3020980,197.70870187626443
3020981,36.06729487249758
3020982,646.5055196126265
3020983,3.3340486582896864
3020984,3.1485678826521344
3020985,2.9361219402232974
3020986,0.2299198934444943
3020987,2.5586113973470623
3020988,2735.5655706477987
3020989,0.15157036576932736
3020990,409.5039302349219
3020991,12.157122432485286
3020992,638.6707620773998
3020993,722.7748610202993
3020994,178.15815034891128
3020995,61.03395405611323
3020996,53.648506754309516
3020997,3913.261393516568
3020998,22.88278814499887
3020999,0.5988538589809813
3021000,16.325602254140804
3021001,18.672713471850876
3021002,0.1834011690037431
3021003,168.6939019509323
3021004,24.034157227437856
3021005,2.886691932636153
3021006,3.653973077201091
3021007,49.80159765415975
3021008,8.275861793000816
3021009,676.7264185038008
3021010,223.89997635163007
3021011,5.136967565795778
3021012,8.299807247395764
3021013,393.7112917215395
3021014,39.69390925365316
3021015,1443.1346706325398
3021016,52.150654471057884
3021017,10.019708584406892
3021018,3.8847151824492863
3021019,0.1773667749428956
3021020,7.466967955523059
3021021,6240.1931011301
3021022,0.03789259144233184
3021023,1167.732757404393
3021024,15.517131144981217
3021025,1333.2603653921076
3021026,1950.0393272439749
3021027,401.29385151697903
3021028,284.13523109721365
3021029,137.9093452005359
3021030,7288.699417143666
3021031,33.456436037842444
3021032,1.154932442320464
3021033,25.538152528792768
3021034,38.080955901303255
3021035,0.15538154596150455
3021036,345.3909334288358
3021037,23.908652489957767
3021038,41.227882217393265
3021039,13.488569481905994
3021040,78.8465982277799
3021041,21.868005664949173
3021042,461.9189707982414
3021043,405.0244149969498
3021044,23.620448994126377
3021045,13.289017221953893
3021046,673.7260672902535
3021047,137.99817082814045
3021048,4442.581613482336
3021049,52.150654471057884
3021050,29.01946876431166
3021051,4.697795104357276
3021052,0.1330250812071717
3021053,5.6393883859894425
3021054,4011.702432999871
3021055,0.03789259144233184
3021056,633.3032499842034
3021057,6.750562958741829
3021058,562.4989728268018
3021059,958.5742179538025
3021060,220.04676202221026
3021061,165.6997936070119
3021062,96.14083613265662
3021063,3428.3218943006586
3021064,22.43284568147361
3021065,1.4971346474524534
3021066,25.242224065769157
3021067,21.006802655832242
3021068,0.06877543837640367
3021069,150.49760865824908
3021070,19.582225289602327
3021071,27.793662069355783
3021072,6.208315092665342
3021073,243.9519885089551
3021074,16.442109522518177
3021075,255.3304795298154
3021076,159.10960876964972
3021077,7.297374485990263
3021078,9.978419949116256
3021079,237.36517831237543
3021080,49.19886873898455
3021081,2148.738896836364
3021082,1.4655158937537083
3021083,6.148103552192068
3021084,6.007757200764593
3021085,0.2299198934444943
3021086,0.5686951984404462
3021087,1765.7361225664567
3021088,0.03789259144233184
3021089,336.118044701796
3021090,5.314922872493566
3021091,441.53804419574294
3021092,360.2400953622187
3021093,121.41585760977543
3021094,43.843075647228744
3021095,28.76511346936868
3021096,2913.079921588961
3021097,16.8728423821972
3021098,0.8982807884714721
3021099,13.956451531244383
3021100,12.351786395258134
3021101,0.27510175350561467
3021102,116.3911509352432
3021103,0.2510094749601865
3021104,8.475031443252295
3021105,1.1166034339326154
3021106,21.122298034187512
3021107,0.3288421904503635
3021108,317.7136594894043
3021109,186.57381270177487
3021110,4.03275958436304
3021111,2.0516377465472675
3021112,188.87721403163195
3021113,28.496074956932915
3021114,646.6850547879894
3021115,0.9770105958358056
3021116,3.1905487877541634
3021117,9.350419101941887
3021118,0.3990752436215151
3021119,4.699490321657869
3021120,5977.199835421126
3021121,0.37892591442331847
3021122,1037.18560470816
3021123,15.02840260498181
3021124,1124.9851423811303
3021125,1536.9385071597776
3021126,428.29168951720834
3021127,303.69143921346307
3021128,115.42229508700389
3021129,7312.487061214129
3021130,27.83215524377671
3021131,3.721448980810384
3021132,29.722072705427852
3021133,34.35031796521288
3021134,0.1604760228782752
3021135,321.50491523807153
3021136,12.613226116749372
3021137,42.190112861605314
3021138,12.416630185330684
3021139,168.8507570950458
3021140,6.686457872490725
3021141,336.3451193743774
3021142,373.2104205769691
3021143,15.074839398690411
3021144,13.102504699540503
3021145,505.3066136990376
3021146,99.61495609737759
3021147,3343.088989048372
3021148,2.100572781046982
3021149,20.714699275414993
3021150,9.576274635805218
3021151,0.2299198934444943
3021152,5.587171826859912
3021153,6109.294873128535
3021154,0.03789259144233184
3021155,1384.2148627024535
3021156,14.753492801232143
3021157,1624.8011222192697
3021158,1336.2451065154467
3021159,544.343164831281
3021160,319.27051437890026
3021161,62.37770761984828
3021162,9485.032747473058
3021163,14.539569321344787
3021164,1.0693818910374668
3021165,42.85362903042739
3021166,23.944535594291537
3021167,0.5502035070112293
3021168,373.79717557432616
3021169,19.582225289602327
3021170,6.51356128389696
3021171,7.503575076027176
3021172,49.099034580456966
3021173,2.2470883014108174
3021174,231.20723936488568
3021175,457.5977811800514
3021176,7.249365443319275
3021177,6.481310153865231
3021178,276.63946138135384
3021179,101.71696819297344
3021180,2053.9760999533605
3021181,4.543099270636496
3021182,4.659880466325159
3021183,8.853536927442558
3021184,0.5764420185644108
3021185,4.859758968491086
3021186,5496.314108569559
3021187,0.03789259144233184
3021188,1439.5805393883284
3021189,10.446572542487356
3021190,1325.595960682012
3021191,1093.1988864329708
3021192,403.53906149507236
3021193,290.17611421770175
3021194,67.68680113049375
3021195,7384.027768330203
3021196,17.213513104580613
3021197,1.6682357500184481
3021198,32.49914810733935
3021199,24.262892927511256
3021200,0.022925146125467886
3021201,335.2527408233605
3021202,19.582225289602327
3021203,7.216729831590383
3021204,7.056933702454129
3021205,96.88559543632856
3021206,2.5759304918611807
3021207,136.75739807070838
3021208,368.5622416764115
3021209,7.441401614003229
3021210,6.434682023261884
3021211,248.5120845548276
3021212,80.78437569765235
3021213,1570.7303341982706
3021214,3.077583376882788
3021215,8.77400916632395
3021216,15.71954515688781
3021217,1.4632758932788887
3021218,23.13193569438262
3021219,15481.85263390157
3021220,0.03789259144233184
3021221,1865.5854551176353
3021222,44.107750734946606
3021223,2447.406257297634
3021224,3221.4005253049095
3021225,522.8993544028503
3021226,604.1305500792993
3021227,284.48925725042284
3021228,14389.205767869538
3021229,78.48282113776297
3021230,3.4647973269613925
3021231,73.65904974823424
3021232,67.22320289966389
3021233,0.27510175350561467
3021234,744.7811705515038
3021235,79.94651777481941
3021236,64.02534671103263
3021237,29.91425263642834
3021238,213.74361711634768
3021239,47.40808245659407
3021240,852.7088734642804
3021241,849.6605598138862
3021242,26.500991554385692
3021243,34.22504786285669
3021244,1419.1640743562848
3021245,300.9304487605064
3021246,9527.969195486745
3021247,1.7097685427126599
3021248,103.19663914768803
3021249,4.291255143403281
3021250,0.6207837123001347
3021251,1.4475877778484085
3021252,2643.1220829551053
3021253,0.03789259144233184
3021254,330.0217414700514
3021255,4.368011326244713
3021256,843.8819790817063
3021257,397.6115641762487
3021258,167.04135415468429
3021259,183.7383892878038
3021260,41.0096401508241
3021261,4071.937037719309
3021262,5.572858798234276
3021263,0.3422022051319894
3021264,16.454828657207884
3021265,10.47909619984803
3021266,0.20632631512921099
3021267,240.0133173910804
3021268,0.9412855311006995
3021269,16.70539312868144
3021270,4.332421323658548
3021271,36.04854199130015
3021272,1.3701757935431815
3021273,80.10415480904497
3021274,128.807597425974
3021275,3.216605858956234
3021276,6.481310153865231
3021277,139.85458776487158
3021278,26.998471017590457
3021279,755.2167446569765
3021280,0.09770105958358057
3021281,6.129212144896155
3021282,11.518632227029862
3021283,0.2660501624143434
3021284,4.032565952577709
3021285,6113.282696732864
3021286,0.03789259144233184
3021287,1225.9959526475618
3021288,9.194205658738872
3021289,1880.7231750266712
3021290,997.0282268690872
3021291,358.979714657506
3021292,404.71931719837346
3021293,72.7990399545162
3021294,8693.106196741144
3021295,14.20532634844031
3021296,0.3422022051319894
3021297,30.932924102166368
3021298,25.312794771108194
3021299,0.06877543837640367
3021300,387.45855796107503
3021301,2.510094749601865
3021302,7.03168547693422
3021303,13.801218443407127
3021304,16.02211963364816
3021305,2.630737523602908
3021306,434.9455733933566
3021307,400.13618929871075
3021308,5.761085120518628
3021309,9.698651165496175
3021310,174.9379085031337
3021311,82.52654668031134
3021312,1785.4705692245225
3021313,2.784480198132046
3021314,7.598543823467152
3021315,2.0778709115426413
3021316,0.2299198934444943
3021317,1.7060855953213385
3021318,1721.8362913268513
3021319,0.03789259144233184
3021320,245.6222747518814
3021321,3.207281043746118
3021322,921.4551779564155
3021323,232.3943772306683
3021324,131.94476377675534
3021325,263.34271582856115
3021326,15.960272450305842
3021327,3215.993771215557
3021328,1.882687822379261
3021329,0.384977480773488
3021330,12.355767151920181
3021331,5.139936919317095
3021332,0.04585029225093577
3021333,113.69210893034183
3021334,19.582225289602327
3021335,16.70539312868144
3021336,0.5359696482876554
3021337,30.397664587574557
3021338,0.4932632856755453
3021339,83.45349776387505
3021340,106.93349999569801
3021341,0.8641627680777942
3021342,1.6786127017204917
3021343,73.66464774876495
3021344,13.936036657770114
3021345,274.5102411586368
3021346,52.150654471057884
3021347,2.770739736733878
3021348,9.982814596759214
3021349,0.2299198934444943
3021350,3.6706690081156075
3021351,3749.5455924737985
3021352,0.03789259144233184
3021353,475.5466659427611
3021354,8.46111284873976
3021355,1262.8445616375652
3021356,600.0909940000333
3021357,257.5705109828513
3021358,240.0501315352849
3021359,53.69367524105473
3021360,5548.777868098916
3021361,3.7698750693937746
3021362,0.8555055128299734
3021363,36.65722300336102
3021364,21.006802655832242
3021365,0.1834011690037431
3021366,306.4537276398436
3021367,19.582225289602327
3021368,16.70539312868144
3021369,17.10636460784767
3021370,29.69786267879025
3021371,2.3018953331525447
3021372,298.6647131553018
3021373,309.0555757784607
3021374,2.4964702188914054
3021375,5.781888194815027
3021376,273.84131103036276
3021377,34.86089169913837
3021378,1647.038276907495
3021379,52.150654471057884
3021380,1.175465342856797
3021381,4.968821744993273
3021382,0.5321003248286869
3021383,2.895175555696817
3021384,4044.766209450131
3021385,0.03789259144233184
3021386,1418.2074916031356
3021387,7.819656639990535
3021388,1153.2017258725984
3021389,907.9230043234828
3021390,316.8219884860863
3021391,152.80959146248273
3021392,55.197481435461064
3021393,7370.526488446991
3021394,7.514360528345766
3021395,5.432460006470331
3021396,39.15560012932452
3021397,44.42658655068652
3021398,0.09170058450187155
3021399,257.9762979731409
3021400,3.3258755432224714
3021401,6.328516929240797
3021402,4.377085461015852
3021403,30.30439857255026
3021404,4.0009133171460896
3021405,199.8132443866251
3021406,370.7093021803484
3021407,4.848913309769846
3021408,8.859344814635929
3021409,186.9423129410133
3021410,37.46356094527786
3021411,832.2457122887404
3021412,5.471259336680512
3021413,3.988185984692704
3021414,5.510875026265267
3021415,0.2299198934444943
3021416,0.9305921429025483
3021417,2372.7642970654715
3021418,0.03789259144233184
3021419,200.4184002621246
3021420,2.8407346387465613
3021421,591.1161158427807
3021422,252.74974114400072
3021423,131.40694606488242
3021424,188.51635529668096
3021425,44.24081866811887
3021426,3537.044750807115
3021427,7.520466890350753
3021428,0.5988538589809813
3021429,12.405734694439452
3021430,10.382672577020532
3021431,0.13755087675280733
3021432,132.23081799976623
3021433,19.582225289602327
3021434,16.70539312868144
3021435,0.49130551093035085
3021436,43.87306977807563
3021437,1.1509476665762723
3021438,224.70632988019213
3021439,122.37487767512077
3021440,1.4882803228006456
3021441,1.9117533547372267
3021442,71.15954127848147
3021443,24.460864342593513
3021444,497.2122019648961
3021445,0.09770105958358057
3021446,0.9655608173466547
3021447,6.594981588809254
3021448,0.2299198934444943
3021449,1.4475877778484085
3021450,6020.029616081054
3021451,0.03789259144233184
3021452,1114.3892526088416
3021453,9.59129759748839
3021454,1163.8057619424847
3021455,863.5383973502767
3021456,302.0952325605492
3021457,174.18245727004944
3021458,80.65509316331105
3021459,7214.087354998168
3021460,7.605313183472658
3021461,0.5560785833394828
3021462,36.65722300336102
3021463,12.555790093141109
3021464,0.11462573062733943
3021465,287.9615971871082
3021466,19.582225289602327
3021467,28.422812875186736
3021468,4.109100636872025
3021469,56.20259152740644
3021470,1.5894039205100905
3021471,271.74950482774744
3021472,307.4763439703379
3021473,3.7927143710080973
3021474,4.895953713351434
3021475,155.87972088982832
3021476,55.97419523620722
3021477,1735.2757277251483
3021478,1.367814834170128
3021479,1.6792362040811384
3021480,5.104335065311272
3021481,0.2299198934444943
3021482,10.86104429894263
3021483,5243.708151838305
3021484,0.03789259144233184
3021485,789.1452338568166
3021486,6.628380823741977
3021487,1082.867863061883
3021488,1200.3125037369427
3021489,226.65634335249902
3021490,157.3366635702573
3021491,91.90144312909081
3021492,6470.496795292934
3021493,56.757027898971906
3021494,1.9676626795089387
3021495,40.6201660307514
3021496,34.42323334941714
3021497,0.1834011690037431
3021498,319.19486762660046
3021499,41.542068105910865
3021500,25.647147555344283
3021501,2.233206867865231
3021502,101.0770437825851
3021503,15.729618109875723
3021504,251.16603477478287
3021505,398.8695972901655
3021506,18.339454300317634
3021507,20.376493073662637
3021508,310.97405946490596
3021509,83.63065510139134
3021510,3003.825976250103
3021511,52.150654471057884
3021512,14.884917552633812
3021513,8.085628112307235
3021514,0.2299198934444943
3021515,11.853158922403736
3021516,5174.477776093906
3021517,0.03789259144233184
3021518,693.7463196704783
3021519,11.882212628735617
3021520,1428.0367727770488
3021521,1203.4060043939699
3021522,205.4031756666753
3021523,115.64772747795018
3021524,90.9641764605999
3021525,6981.854830089404
3021526,28.571346433853922
3021527,1.4543593718109549
3021528,53.59966595480867
3021529,81.42616347532106
3021530,0.15538154596150455
3021531,455.5086580622638
3021532,41.542068105910865
3021533,20.20684352845307
3021534,12.550622597402597
3021535,95.62159549586765
3021536,19.840145490505268
3021537,189.59507083848806
3021538,655.0004211278796
3021539,11.618188326379235
3021540,14.408092356434219
3021541,163.69392771746647
3021542,100.44562833040283
3021543,2487.0638933899727
3021544,3.8591918535514322
3021545,19.836198900078337
3021546,12.693081003119179
3021547,0.3990752436215151
3021548,4.856139999046466
3021549,6424.987551605874
3021550,0.03789259144233184
3021551,1436.8815538318365
3021552,6.139652283742568
3021553,2944.249683075338
3021554,946.2205794832207
3021555,284.57604510444463
3021556,589.6521979883966
3021557,58.229913180985584
3021558,9818.544350221899
3021559,32.256375210125796
3021560,2.1815390577164324
3021561,31.789695154501096
3021562,20.59959214951115
3021563,0.04585029225093577
3021564,477.19792797944933
3021565,10.479645579587787
3021566,15.950823371361308
3021567,10.240146771909231
3021568,48.94256856840963
3021569,6.083580523331725
3021570,186.28839537451586
3021571,458.8946573857066
3021572,10.273935131591555
3021573,14.26820796462418
3021574,295.9529104240576
3021575,67.44401108995592
3021576,2118.4406822705023
3021577,6.770683429142133
3021578,20.440418732367455
3021579,5.691559453355931
3021580,0.5321003248286869
3021581,7.703234960693316
3021582,4702.510062655404
3021583,0.15157036576932736
3021584,570.7614929937945
3021585,6.842199559991719
3021586,998.9318035759
3021587,1128.8889237857531
3021588,294.46613075207017
3021589,176.47049138162012
3021590,75.12224160610802
3021591,6188.79282199758
3021592,26.578744095384923
3021593,2.095988506433435
3021594,19.36026895283268
3021595,14.608178858366097
3021596,0.09170058450187155
3021597,315.8785540437746
3021598,37.14940229410761
3021599,24.684916911132234
3021600,2.6798482414382767
3021601,83.2712116115972
3021602,12.605617300597268
3021603,432.7546205374197
3021604,359.2845888205701
3021605,8.881672894132885
3021606,13.149132830143852
3021607,474.8110598532891
3021608,63.24597752252213
3021609,2779.2112547334345
3021610,0.04885052979179028
3021611,32.08428119389876
3021612,5.104335065311272
3021613,0.31039185615006737
3021614,4.54956158752357
3021615,7985.04588897232
3021616,0.03789259144233184
3021617,927.4059647736005
3021618,9.530206529988464
3021619,2667.9356752963695
3021620,928.7721990568403
3021621,388.7921125864872
3021622,228.87310390737574
3021623,58.822533599976104
3021624,10767.366203163747
3021625,11.112936074125997
3021626,3.122595121829403
3021627,37.697926302727886
3021628,27.767612705985147
3021629,0.1604760228782752
3021630,596.996871222187
3021631,19.582225289602327
3021632,0.18504435465616365
3021633,10.853385377825022
3021634,39.259776791495376
3021635,3.5624570632122716
3021636,157.8538111823168
3021637,457.5977811800514
3021638,4.752895224427869
3021639,14.035067311607444
3021640,227.40766669968679
3021641,72.46739062040459
3021642,1502.5916499616342
3021643,52.150654471057884
3021644,7.556562918365123
3021645,10.253841237395209
3021646,0.0443416937357239
3021647,12.897490104994374
3021648,4941.276143406722
3021649,0.03789259144233184
3021650,771.8377522626213
3021651,10.080026137487799
3021652,1509.8167611785861
3021653,1095.1399609026855
3021654,333.12946903974597
3021655,170.0080727168552
3021656,115.00480871517854
3021657,7444.600819978388
3021658,42.61597904532093
3021659,1.9676626795089387
3021660,33.41277877702359
3021661,43.261135737585555
3021662,0.06877543837640367
3021663,357.4820709178328
3021664,37.902430718988164
3021665,22.427375784327037
3021666,12.148645361186857
3021667,139.44250993659418
3021668,19.5113033000549
3021669,260.9260784910316
3021670,672.0931782614815
3021671,19.15560802572444
3021672,12.123313956870218
3021673,251.31163050375798
3021674,78.8395706651787
3021675,2591.0358467247593
3021676,0.9770105958358056
3021677,8.706251985489274
3021678,4.968821744993273
3021679,0.2299198934444943
3021680,7.2058851598753995
3021681,5011.356360445918
3021682,0.03789259144233184
3021683,713.4204984375841
3021684,8.6749315849895
3021685,871.5648490149446
3021686,1258.1207930944124
3021687,246.27259434677597
3021688,166.20664997287582
3021689,94.02406033437697
3021690,5716.054503776975
3021691,30.14614505619233
3021692,1.4115840961694561
3021693,34.848053360421936
3021694,26.359110612203285
3021695,0.04585029225093577
3021696,286.7396428465807
3021697,30.999670157583036
3021698,40.89480237901217
3021699,6.386971642094561
3021700,64.4955969620178
3021701,16.33249545903472
3021702,266.69695668017914
3021703,345.01895055836223
3021704,12.914432478495927
3021705,12.169942087473565
3021706,280.29070021745457
3021707,67.71736540899536
3021708,2891.449564769688
3021709,0.2442526489589514
3021710,18.57189440546273
3021711,8.356654752943232
3021712,0.1330250812071717
3021713,6.057120859025698
3021714,8370.885865048323
3021715,0.03789259144233184
3021716,1247.2231093215933
3021717,15.33385794248144
3021718,1636.82156603245
3021719,1010.6416661757597
3021720,425.3911361339235
3021721,292.1384931142049
3021722,58.582731882444776
3021723,9005.324527270812
3021724,10.195696223482363
3021725,0.1711011025659947
3021726,21.753111182958065
3021727,23.82380684339595
3021728,0.09170058450187155
3021729,342.6793026086131
3021730,19.582225289602327
3021731,8.993155636289552
3021732,1.74190135693488
3021733,79.2527962668989
3021734,5.590317237656181
3021735,241.1919427331008
3021736,437.79458840509716
3021737,5.232985651137755
3021738,3.776878578871106
3021739,317.31679500463224
3021740,171.85105044217352
3021741,1668.7244891353312
3021742,3.7614907939678517
3021743,1.1334844377547684
3021744,20.643195795108415
3021745,0.2299198934444943
3021746,26.056063005636407
3021747,19161.116767657764
3021748,0.03789259144233184
3021749,2643.2075098268856
3021750,24.894610006219867
3021751,3220.3917611953852
3021752,3906.8247444904673
3021753,836.1891855746346
3021754,773.9696706742
3021755,364.11452548046384
3021756,18169.910704531205
3021757,90.27774143160369
3021758,6.287965519300305
3021759,157.10096896332314
3021760,146.5121088838829
3021761,0.20632631512921099
3021762,1028.688749577954
3021763,58.826580551669316
3021764,30.7543717438544
3021765,43.46177877964598
3021766,324.68354198775245
3021767,43.46197617118972
3021768,1022.8013253288428
3021769,977.5360274670453
3021770,57.9949235465542
3021771,51.65091283193953
3021772,1479.3216616858256
3021773,368.95020611372263
3021774,11488.349451069396
3021775,345.7870096152937
3021776,118.05003328024182
3021777,22.946922240514386
3021778,0.2299198934444943
3021779,22.50533698482824
3021780,17948.07079067271
3021781,0.07578518288466368
3021782,1971.5502716124424
3021783,24.0393350612209
3021784,3392.119494220635
3021785,3450.860149742907
3021786,1062.3780714227983
3021787,481.7669757536523
3021788,270.396086042437
3021789,20446.264286609123
3021790,144.33511454942405
3021791,2.5237412628484215
3021792,92.61225553140562
3021793,100.38336647898531
3021794,0.5960537992621651
3021795,969.8599566996676
3021796,52.728932881198986
3021797,41.30189995925573
3021798,5.704503623274945
3021799,218.95638968634069
3021800,33.815938584645714
3021801,1349.916384294307
3021802,1221.7535825886612
3021803,35.142619235163636
3021804,42.29078189462365
3021805,1626.0469550572273
3021806,310.38241128723297
3021807,7930.620629362145
3021808,608.896451579174
3021809,112.33191515827225
3021810,16.984336146522462
3021811,0.2299198934444943
3021812,31.121069241201
3021813,11980.6605533132
3021814,0.37892591442331847
3021815,1474.9999833561724
3021816,13.562216984983584
3021817,3106.250587098992
3021818,2485.9915558262724
3021819,1228.1590741331693
3021820,190.91589780874173
3021821,210.92229800728262
3021822,17761.237124284846
3021823,49.26869975601582
3021824,3.849774807734881
3021825,57.333447494093434
3021826,30.000098485747447
3021827,0.3209520457565504
3021828,931.2928620811235
3021829,59.85007168581948
3021830,29.607096744986187
3021831,11.705577118602394
3021832,124.05453784589083
3021833,17.264214998644086
3021834,1206.580570000699
3021835,1189.2817975932162
3021836,35.2866463631766
3021837,62.06670464611518
3021838,1019.3785708567476
3021839,171.95879572398997
3021840,3619.699283085465
3021841,386.0960242729895
3021842,63.021665809877426
3021843,23.71483105564971
3021844,0.2299198934444943
3021845,32.47869977856883
3021846,16821.753037713544
3021847,0.22735554865399107
3021848,1868.7595613380256
3021849,19.97677907247582
3021850,3028.1509908217517
3021851,3286.46956246421
3021852,998.339506245082
3021853,443.7527483138585
3021854,210.16617205422693
3021855,18976.127170173517
3021856,52.99679445379655
3021857,2.438190711565424
3021858,91.65253411129413
3021859,94.51467416234797
3021860,0.4585029225093577
3021861,900.785966285674
3021862,62.38338481185515
3021863,32.641824161347266
3021864,9.80020501893978
3021865,204.0120447592069
3021866,24.16990099810172
3021867,1060.9853387613284
3021868,1207.7774256223586
3021869,33.558320827021014
3021870,43.97032715895621
3021871,1466.764995437017
3021872,282.2235871694149
3021873,6974.365702902315
3021874,460.78946133523266
3021875,89.74225649381268
3021876,18.339469349702444
3021877,0.2299198934444943
3021878,34.14962967071385
3021879,9744.392703905442
3021880,0.03789259144233184
3021881,1295.1823805974914
3021882,16.73895249497974
3021883,2804.3644203058975
3021884,1996.025297513607
3021885,967.6955046052227
3021886,152.64824218601606
3021887,162.88611998500696
3021888,15593.281331829687
3021889,47.27609741754682
3021890,0.6416291346224801
3021891,44.596031698448485
3021892,88.23239622383072
3021893,0.13755087675280733
3021894,872.2039003528622
3021895,51.33583029516995
3021896,14.06337095386844
3021897,3.550798919905717
3021898,123.4473883599267
3021899,10.687371189636814
3021900,1067.2947738287191
3021901,1297.5348869424017
3021902,25.684837828978885
3021903,35.79175305112915
3021904,1113.6551435092274
3021905,120.13554140014259
3021906,2559.1894323899346
3021907,348.08151899961416
3021908,29.958875246884766
3021909,16.487453972023133
3021910,0.2299198934444943
3021911,18.536878490983813
3021912,12639.560967888641
3021913,0.03789259144233184
3021914,1846.894997689629
3021915,23.48951545372157
3021916,2299.7186802831748
3021917,3325.1980246843455
3021918,649.5693696457373
3021919,569.1574608346891
3021920,268.1326429844267
3021921,14044.40719784429
3021922,68.64836443499661
3021923,2.1387637820749337
3021924,68.26126289212242
3021925,80.23282153165015
3021926,0.34387719188201826
3021927,686.685046724921
3021928,31.2224410666102
3021929,33.45601932183439
3021930,15.382328905855712
3021931,238.50328973648288
3021932,30.9659729340759
3021933,908.1100645172553
3021934,813.7185621142975
3021935,27.50918145047645
3021936,43.643930244732786
3021937,1243.374929942787
3021938,265.81171958314457
3021939,9085.804623518037
3021940,314.81186568491535
3021941,99.55452661434812
3021942,8.1307992190799
3021943,0.5321003248286869
3021944,10.288213135422618
3021945,3332.4234070821367
3021946,0.03789259144233184
3021947,541.855529835277
3021948,22.11496643497323
3021949,1090.5929918642792
3021950,801.1768674985173
3021951,325.4274043120646
3021952,105.25717197773992
3021953,76.19989533206632
3021954,5475.732683143089
3021955,62.83125115656291
3021956,1.6254604743769494
3021957,38.11145079254253
3021958,24.953796076200856
3021959,0.25217660738014674
3021960,291.747473581421
3021961,25.351956970978836
3021962,10.621545957263793
3021963,15.587783937699314
3021964,58.197993375163186
3021965,11.728704792729632
3021966,282.87729911806804
3021967,361.22990312905296
3021968,4.992940437782811
3021969,10.258188732736338
3021970,286.1478230947431
3021971,70.08495235356729
3021972,1925.3485894678465
3021973,1.6120674831290793
3021974,12.31927310136354
3021975,14.409583060480493
3021976,0.2299198934444943
3021977,22.609770103087303
3021978,8208.851617088289
3021979,0.07578518288466368
3021980,921.1358089403291
3021981,29.140439197464726
3021982,2219.8021167381303
3021983,1754.2870117304672
3021984,702.2823863793311
3021985,137.78045545400786
3021986,126.66154194486566
3021987,12707.964904782375
3021988,121.90226886795044
3021989,2.053213230791936
3021990,73.69954068786193
3021991,42.185733431753235
3021992,0.13755087675280733
3021993,621.6545837921511
3021994,36.32044350305159
3021995,10.399492731676398
3021996,4.198428911586634
3021997,125.66521738167232
3021998,15.400775919425358
3021999,660.9913101103609
3022000,842.4506941224874
3022001,19.299635153737405
3022002,35.01772608311359
3022003,519.2345910172291
3022004,103.5259080584633
3022005,2708.222734474142
3022006,346.2212908251427
3022007,23.78512148761808
3022008,10.750723411894537
3022009,0.2299198934444943
3022010,9.033464729409014
3022011,8850.709868562079
3022012,0.15157036576932736
3022013,1357.9797877854387
3022014,8.827659253739315
3022015,1732.067670613256
3022016,2496.9437700016
3022017,380.3498272099137
3022018,436.1076647954112
3022019,216.74829233041976
3022020,9662.707981844778
3022021,45.50846631084045
3022022,2.438190711565424
3022023,46.59516415389617
3022024,48.24129632320914
3022025,0.25217660738014674
3022026,455.52460389500425
3022027,5.271198974163917
3022028,51.99746365838199
3022029,8.441521960530572
3022030,150.31290942455797
3022031,17.647864220836176
3022032,731.6977930926521
3022033,465.57143213679984
3022034,30.197687840051813
3022035,14.740550927636084
3022036,1203.5474446581823
3022037,153.6923945106986
3022038,6744.782390960695
3022039,5.666661455847672
3022040,60.66248952319251
3022041,16.035742904296473
3022042,0.2299198934444943
3022043,13.471872255419227
3022044,8745.352679234677
3022045,0.03789259144233184
3022046,1403.4481506291932
3022047,11.760030493735767
3022048,2053.791227775947
3022049,1855.2728689059172
3022050,540.6447049085049
3022051,279.869190017859
3022052,280.0719054003769
3022053,11591.10086467858
3022054,53.543153159505785
3022055,4.405853391074363
3022056,67.17360733297451
3022057,57.3043199795492
3022058,0.1834011690037431
3022059,510.3002178669874
3022060,16.315615872412124
3022061,62.39695639005839
3022062,13.756554306049821
3022063,244.7910758480718
3022064,17.75747828431963
3022065,568.156749559087
3022066,531.7691241727193
3022067,22.132168671325733
3022068,37.58227326629767
3022069,621.598174056028
3022070,161.98504385673291
3022071,6012.844305094877
3022072,6.93677523043422
3022073,11.626233390371315
3022074,12.873765430209845
3022075,0.0443416937357239
3022076,5.691604945118975
3022077,4240.758949736385
3022078,0.03789259144233184
3022079,755.2108940961667
3022080,7.3309280999911275
3022081,1235.632852131332
3022082,806.6576028038008
3022083,334.3059555307835
3022084,116.0701077828368
3022085,105.03400924586549
3022086,5724.112873878336
3022087,16.35862242388262
3022088,2.053213230791936
3022089,38.59561904936718
3022090,29.424345861839445
3022091,0.06877543837640367
3022092,296.4854840412067
3022093,10.918912160768114
3022094,15.02560159808049
3022095,10.228087454822758
3022096,87.83940557117558
3022097,5.9739664598482705
3022098,331.5248442487344
3022099,343.3225901643578
3022100,7.201356400648286
3022101,9.092485467652663
3022102,246.04584850787882
3022103,83.30109911771736
3022104,2526.2689109700605
3022105,0.4885052979179028
3022106,5.037708612243415
3022107,9.124563568078555
3022108,0.2299198934444943
3022109,2.274780793761785
3022110,6274.580446412378
3022111,0.03789259144233184
3022112,506.3311493089968
3022113,4.33746579249475
3022114,1538.5729111528428
3022115,370.87759073940504
3022116,322.27135700438964
3022117,86.60063391089894
3022118,28.15858861597999
3022119,6268.541720897403
3022120,10.91624694007067
3022121,1.1977077179619626
3022122,30.15282738231811
3022123,12.590853228714746
3022124,0.04585029225093577
3022125,312.63483596263535
3022126,19.582225289602327
3022127,16.70539312868144
3022128,5.1363757960900305
3022129,24.41728817024337
3022130,1.8634390792187265
3022131,61.17748805912812
3022132,262.2388791813137
3022133,0.19203617068395432
3022134,3.2639691422342896
3022135,81.17996682317315
3022136,106.91228122528118
3022137,809.2608694912665
3022138,52.150654471057884
3022139,3.526396028570391
3022140,9.982814596759214
3022141,0.0886833874714478
3022142,10.28666214851778
3022143,6712.977809520487
3022144,0.03789259144233184
3022145,850.1905254183806
3022146,11.760030493735767
3022147,1560.0878960241814
3022148,1491.8828086317105
3022149,504.7162111718955
3022150,223.65037143745295
3022151,124.11751663514664
3022152,8864.649809587145
3022153,33.938517248762366
3022154,1.711011025659947
3022155,37.653989325685075
3022156,71.85392746371842
3022157,0.15538154596150455
3022158,462.4711121893353
3022159,44.99344838661343
3022160,20.021799173796907
3022161,13.131256383047559
3022162,91.89156848709978
3022163,11.893125887954815
3022164,526.0751256287361
3022165,515.3729035726493
3022166,13.490540990547789
3022167,20.563005596076025
3022168,673.2341896537382
3022169,118.99852671010491
3022170,3176.2801174688097
3022171,52.150654471057884
3022172,46.42712849693854
3022173,7.543574831035242
3022174,0.0886833874714478
3022175,8.667948815502292
3022176,6978.977209542795
3022177,0.30314073153865473
3022178,964.8039937170938
3022179,16.25022395498033
3022180,1226.615690232522
3022181,1940.470487315184
3022182,270.7698737145052
3022183,331.2306350920692
3022184,176.93568564010278
3022185,6870.231668663401
3022186,36.63817202991392
3022187,3.892550083376379
3022188,37.67638856888337
3022189,36.853746156226
3022190,0.5502035070112293
3022191,318.5213660069072
3022192,26.858013820739956
3022193,46.33510640590338
3022194,11.683691691297314
3022195,160.97131280600274
3022196,20.881479093598085
3022197,527.1115543850076
3022198,366.4619435356594
3022199,10.177917046249576
3022200,20.003468028835858
3022201,776.7930727195851
3022202,155.69489931094748
3022203,5842.817916823557
3022204,0.537355827709693
3022205,51.520768731259174
3022206,6.5498104820365874
3022207,0.7538087935073063
3022208,16.08270021189582
3022209,8561.620414721261
3022210,0.07578518288466368
3022211,1274.824000627391
3022212,18.724412188727335
3022213,1483.1457155784963
3022214,2139.222350668039
3022215,417.0726044389731
3022216,398.00896129464013
3022217,132.2297985201034
3022218,8972.41517336613
3022219,38.34152564183097
3022220,4.9619319744138455
3022221,50.7282552786582
3022222,66.286060912514
3022223,0.15538154596150455
3022224,470.29212352132413
3022225,56.7908937097422
3022226,38.74828786500067
3022227,29.430093387475157
3022228,133.81709660933905
3022229,31.240008092784535
3022230,507.83198585474196
3022231,500.5844175544526
3022232,27.269136237121508
3022233,26.67129070511448
3022234,763.2877349264144
3022235,180.26280040229366
3022236,5632.337348416589
3022237,1.5143664235454986
3022238,49.844329125473074
3022239,16.6681383991138
3022240,0.443416937357239
3022241,11.435426449367482
3022242,5994.013461996027
3022243,0.03789259144233184
3022244,1071.7890481496179
3022245,14.050945524982993
3022246,2205.0966437834786
3022247,1153.0482197607412
3022248,791.7791654505185
3022249,263.4706970609418
3022250,87.30884742336676
3022251,12038.713157096405
3022252,11.768566520977085
3022253,1.539909923093952
3022254,61.942522536819205
3022255,48.972840833586375
3022256,0.15538154596150455
3022257,561.1590317653156
3022258,22.27709090271655
3022259,6.439543542034496
3022260,9.749287902352451
3022261,50.28817627201679
3022262,5.480703174172726
3022263,409.07177516912753
3022264,674.8423598609012
3022265,10.898052686314406
3022266,10.631213777563113
3022267,516.776963268397
3022268,126.3971479380608
3022269,1947.0829356163679
3022270,130.4020927315029
3022271,21.251615740663496
3022272,4.580847912214321
3022273,0.20071695572484693
3022274,3.4344542478769644
3022275,2656.0664683724162
3022276,0.0010056098046335592
3022277,342.22194310708227
3022278,9.343275454981566
3022279,561.8749640580259
3022280,699.4654451955826
3022281,136.3288213229096
3022282,184.32847175002362
3022283,74.22551840837265
3022284,3293.0559890530158
3022285,15.914907699526555
3022286,1.6440754102683202
3022287,21.65452601923101
3022288,20.7632969234956
3022289,0.012397772024539204
3022290,155.0895978040827
3022291,12.316435921618947
3022292,15.46089787297634
3022293,7.076514345438668
3022294,61.10243483862396
3022295,7.690330936744687
3022296,276.0269223888453
3022297,141.52497010372707
3022298,3.653709965749359
3022299,7.823296577924859
3022300,277.58926576365644
3022301,57.20072701200899
3022302,2276.4010631163965
3022303,48.71720316873196
3022304,22.37717221216404
3022305,1.2406463095580453
3022306,0.20071695572484693
3022307,2.4440732580807607
3022308,1603.8300755221421
3022309,0.0005028049023167796
3022310,107.26867119947569
3022311,3.3533399578153014
3022312,860.0823424368293
3022313,305.78816016073483
3022314,265.376806516065
3022315,75.41018081804773
3022316,20.818062033018737
3022317,3664.3593180820594
3022318,4.524034676007549
3022319,0.40263071271877227
3022320,9.484218133997041
3022321,7.350942205137955
3022322,0.001771110289219886
3022323,152.05120878532495
3022324,3.308893232673747
3022325,12.828818956079733
3022326,1.933473864873953
3022327,10.02836570376975
3022328,0.5155529119605377
3022329,169.90018169397928
3022330,169.21442587175179
3022331,0.8481826706203868
3022332,3.7472933188379574
3022333,137.0178960763816
3022334,25.168721131193518
3022335,256.47626979692035
3022336,1.8509292094831307
3022337,1.5107293517920577
3022338,7.571123632687559
3022339,0.23225819162446576
3022340,5.008579111487239
3022341,5576.967762670427
3022342,0.0005028049023167796
3022343,778.155351887504
3022344,10.085617888391058
3022345,1925.4130419486737
3022346,696.577350776901
3022347,561.0508872623943
3022348,509.8583584817228
3022349,51.729859375083855
3022350,10199.648820898354
3022351,25.33997994120895
3022352,0.7717088660443135
3022353,25.4681102339501
3022354,20.047514500300384
3022355,0.003542220578439772
3022356,444.4525273185644
3022357,10.753903006189676
3022358,1.8757706978243351
3022359,11.059470507079011
3022360,28.19022689231723
3022361,3.0503547290998476
3022362,595.1096967091762
3022363,402.17200345335993
3022364,2.6424152430865897
3022365,14.857689299252252
3022366,395.74214509128194
3022367,94.82669578074203
3022368,1522.9655847277074
3022369,20.44373216361804
3022370,9.005131822446774
3022371,5.471568339589328
3022372,0.20071695572484693
3022373,0.9917978438588594
3022374,1875.0330518241954
3022375,0.0005028049023167796
3022376,201.48564096023188
3022377,8.65212905146238
3022378,1126.3788103092356
3022379,422.58173150128573
3022380,219.44951641777763
3022381,96.4932940514402
3022382,24.59569057999949
3022383,3991.6955539095766
3022384,7.459271459845779
3022385,0.43618327211200336
3022386,14.491620015932545
3022387,17.91013460997595
3022388,0.007969996301489488
3022389,154.75445535992984
3022390,6.617786465347494
3022391,12.828818956079733
3022392,6.072654714796111
3022393,26.835813118712526
3022394,2.0622116478421506
3022395,145.71214395904377
3022396,172.20819397249048
3022397,1.5984981100153444
3022398,6.639940793028662
3022399,149.72619620608924
3022400,29.35821821734427
3022401,348.64390601179355
3022402,3.723762906652452
3022403,2.9622144152785443
3022404,4.5490364683795
3022405,0.20071695572484693
3022406,4.149965549517999
3022407,1877.5220741467783
3022408,0.0005028049023167796
3022409,133.0696282325236
3022410,5.554769243098629
3022411,863.16317822464
3022412,291.6807489442545
3022413,170.9700269746106
3022414,79.13545439409808
3022415,19.472417642830337
3022416,3798.808316466737
3022417,12.629596803854408
3022418,0.06710511878646205
3022419,15.818084090617445
3022420,8.399697391777764
3022421,0.000885555144609943
3022422,129.05902226707107
3022423,1.3480676133115264
3022424,12.828818956079733
3022425,3.1322276610958038
3022426,28.448767043095074
3022427,1.288882279901344
3022428,146.9821284566093
3022429,186.07443670370998
3022430,0.48933615612714626
3022431,5.357972026057781
3022432,89.98684144480713
3022433,21.328348802222
3022434,189.2640886786739
3022435,3.4645598023658604
3022436,1.7180843608615557
3022437,3.4038244903259187
3022438,0.20071695572484693
3022439,2.550337312779924
3022440,1828.4957329038432
3022441,0.0005028049023167796
3022442,179.75752436054546
3022443,7.346630289259477
3022444,1488.6015833414242
3022445,383.66296368794985
3022446,271.67548828837005
3022447,62.49025473383676
3022448,26.78262130202873
3022449,4210.784536057452
3022450,8.778781573681314
3022451,0.33552559393231024
3022452,12.170307885233965
3022453,19.630753454941292
3022454,0.003542220578439772
3022455,181.55170239847314
3022456,0.9497749093785754
3022457,12.828818956079733
3022458,3.364244524880678
3022459,14.376328456453138
3022460,2.6636900451294445
3022461,236.3919783785968
3022462,252.19520791130893
3022463,1.0765395434797218
3022464,4.536197175435422
3022465,82.411091499828
3022466,83.91689618017108
3022467,393.3374930609292
3022468,2.467905612644174
3022469,3.998989460626035
3022470,3.7591583179608774
3022471,1.0064521637060182
3022472,3.8963486723026617
3022473,2074.7714934203227
3022474,0.0005028049023167796
3022475,169.82043349242954
3022476,2.124635240447863
3022477,895.8475379936617
3022478,347.53760968110447
3022479,267.5959320607496
3022480,149.39024362430266
3022481,40.873423661434124
3022482,3721.9878720551906
3022483,6.651408124844431
3022484,1.0401293411901618
3022485,12.999347931912029
3022486,16.103547118882723
3022487,0.004427775723049716
3022488,200.96608857624568
3022489,7.506285574121
3022490,12.828818956079733
3022491,4.137634070830259
3022492,16.408884162613464
3022493,2.5348018171393103
3022494,117.4643751377539
3022495,179.99839971230256
3022496,0.9134274914373397
3022497,5.095004073858627
3022498,102.27948384969739
3022499,40.33977876134547
3022500,637.1984066977542
3022501,3.2747209090855383
3022502,4.147100181389962
3022503,4.389979249205391
3022504,0.23225819162446576
3022505,1.5231181173546768
3022506,1617.6798862614776
3022507,0.0005028049023167796
3022508,166.92829510544055
3022509,4.121280406169951
3022510,858.4280908445264
3022511,275.0411349719388
3022512,171.061579567895
3022513,249.553174049034
3022514,22.22926972579889
3022515,2825.1134722049537
3022516,4.362462009007279
3022517,0.3690781533255413
3022518,11.208621431087414
3022519,12.080463664579256
3022520,0.007084441156879544
3022521,146.2871714102951
3022522,9.560726999963187
3022523,12.828818956079733
3022524,3.28690557028572
3022525,21.76318990724857
3022526,1.9762861625153942
3022527,51.43673950133624
3022528,135.3848463334047
3022529,0.9460499018458159
3022530,2.958389462240493
3022531,62.48002567813293
3022532,33.26206777489383
3022533,549.245718579519
3022534,48.71720316873196
3022535,0.8294200362779924
3022536,8.080106734044705
3022537,0.8129036706856301
3022538,3.398678682794913
3022539,3522.4705676587187
3022540,0.0005028049023167796
3022541,358.1722182533261
3022542,5.119602989030994
3022543,1154.9848805965696
3022544,774.1650907458769
3022545,538.0607397871796
3022546,322.52741298975525
3022547,64.3536579891429
3022548,6393.706811233532
3022549,14.191465918190346
3022550,1.5098651726953962
3022551,22.848343686447418
3022552,23.72049375805406
3022553,0.007084441156879544
3022554,258.57551249660935
3022555,0.5514822054456244
3022556,12.828818956079733
3022557,8.279908478936216
3022558,30.76300528242655
3022559,4.897752663625108
3022560,235.41253997309332
3022561,266.9443223158656
3022562,2.250946318184873
3022563,8.480716458422746
3022564,349.37106178909886
3022565,54.558677962826806
3022566,1413.8992739745695
3022567,9.082148206886899
3022568,12.648655553239385
3022569,3.5946931533348496
3022570,0.23225819162446576
3022571,4.392247594232091
3022572,2605.586217717162
3022573,0.0005028049023167796
3022574,617.0851274339398
3022575,6.629885870795137
3022576,590.8583197962358
3022577,651.132671406263
3022578,229.50248650092792
3022579,311.46867228828006
3022580,35.97528135726488
3022581,3925.582025847349
3022582,10.58300968851766
3022583,0.9730242224036997
3022584,24.705393391006282
3022585,16.893773405935054
3022586,0.005313330867659659
3022587,174.19183283993976
3022588,9.712214395903498
3022589,4.121011381583767
3022590,5.897481982638531
3022591,38.006804732972405
3022592,2.6207273024660664
3022593,101.14937818346863
3022594,158.45669709304238
3022595,4.0451788906510755
3022596,6.77142476912824
3022597,175.17793586947982
3022598,51.800465426653744
3022599,1790.1840251023018
3022600,40.576694408188246
3022601,12.448380251433475
3022602,6.107797216285762
3022603,0.8903230678937853
3022604,3.506713805072396
3022605,3040.2925748930174
3022606,0.0005028049023167796
3022607,193.92158671733765
3022608,5.119602989030994
3022609,926.7266192833983
3022610,366.29041433828206
3022611,312.71906244041213
3022612,97.19819322031101
3022613,26.041522749863184
3022614,4810.371013235758
3022615,32.15296073305365
3022616,1.3085498163360099
3022617,13.66257996925448
3022618,17.06913698481186
3022619,0.003542220578439772
3022620,166.54899340771533
3022621,8.119043580171693
3022622,12.828818956079733
3022623,4.717676230292445
3022624,36.349903658186385
3022625,3.608870383723764
3022626,136.67926787396888
3022627,180.57518072253657
3022628,1.3048964163390566
3022629,5.292230038007992
3022630,133.26918725891557
3022631,24.12134685965583
3022632,463.5366657190847
3022633,3.18025780593884
3022634,3.8212565957093223
3022635,6.775837536817017
3022636,0.20071695572484693
3022637,7.870624318051377
3022638,4007.887615380343
3022639,0.0005028049023167796
3022640,738.3409796095019
3022641,8.831315156078466
3022642,776.5362972774892
3022643,884.367279893036
3022644,245.5742214266284
3022645,242.9652454405823
3022646,66.69907076655159
3022647,5354.610952110692
3022648,38.13114941206362
3022649,1.5098651726953962
3022650,19.45955959164617
3022651,28.061910387512228
3022652,0.003542220578439772
3022653,232.91721919967256
3022654,20.711220604513453
3022655,13.983017929235954
3022656,5.645743685431942
3022657,60.10988377153289
3022658,11.986605203082501
3022659,469.16364523096644
3022660,255.0257073133835
3022661,8.481826706203869
3022662,8.11913552414891
3022663,429.09637731155175
3022664,100.15957609752999
3022665,2274.2809560397536
3022666,48.71720316873196
3022667,29.387151772087833
3022668,7.539312188852736
3022669,0.03870969860407762
3022670,5.986208414719544
3022671,4773.384156836139
3022672,0.0005028049023167796
3022673,566.2386009455416
3022674,6.143523586837193
3022675,2024.4928786739558
3022676,816.099872528408
3022677,758.8640085323675
3022678,185.78616646231447
3022679,53.393942497034054
3022680,8410.167829039445
3022681,10.825368689018063
3022682,0.5032883908984653
3022683,21.65452601923101
3022684,14.439929224067393
3022685,0.006002095980134059
3022686,324.00757962310536
3022687,2.2059288217824977
3022688,5.59747028691671
3022689,4.882021508806732
3022690,38.38970596893453
3022691,1.8903606771886379
3022692,339.86158256327695
3022693,395.1096404169385
3022694,4.0451788906510755
3022695,6.245488864729929
3022696,327.7816637158078
3022697,65.84146963156788
3022698,1076.5186770873058
3022699,47.56011888864198
3022700,12.800646688983107
3022701,10.179662027142935
3022702,0.5806454790611644
3022703,4.569354352064031
3022704,4008.916958808812
3022705,0.0005028049023167796
3022706,500.19053561009656
3022707,5.503573213208319
3022708,1836.272803106217
3022709,674.3757544586332
3022710,364.7170485401054
3022711,483.7746702246867
3022712,54.942664997003995
3022713,6208.421842807698
3022714,13.679819139356159
3022715,0.6374986284713895
3022716,37.44541759631741
3022717,28.37152210581338
3022718,0.007084441156879544
3022719,311.5286081933296
3022720,3.6459101360016284
3022721,2.927339119331917
3022722,12.335563257895819
3022723,61.07882493335401
3022724,2.7496155304562007
3022725,110.21709991687712
3022726,294.5941053159906
3022727,2.675037653495066
3022728,5.3251010320328875
3022729,166.9372847006576
3022730,146.65083878495042
3022731,1414.431095204276
3022732,0.8670526375783895
3022733,6.753848866835081
3022734,4.517225024544678
3022735,0.23225819162446576
3022736,2.6831673811538788
3022737,2072.4670945151775
3022738,0.0005028049023167796
3022739,166.05621868633716
3022740,6.7578759455209125
3022741,744.6656793920597
3022742,333.15018559027163
3022743,155.2212728589239
3022744,84.4195372509321
3022745,33.11238549774554
3022746,3640.8742586981634
3022747,8.83263912934807
3022748,0.8052614254375445
3022749,22.339976329824434
3022750,17.051071109900928
3022751,0.006002095980134059
3022752,156.84519006210763
3022753,1.1642402114963182
3022754,12.828818956079733
3022755,4.833684662184883
3022756,69.59078018676584
3022757,3.394056670406873
3022758,100.35665082192004
3022759,150.2596928946896
3022760,1.2722740059305802
3022761,6.048262900580563
3022762,146.8151689646952
3022763,27.51737858858106
3022764,517.004482274985
3022765,3.0552196887301677
3022766,2.221660811458908
3022767,2.0677438492634086
3022768,0.20071695572484693
3022769,1.735646226753004
3022770,1933.030597876942
3022771,0.0020112196092671184
3022772,306.1080792858686
3022773,10.188009948171679
3022774,478.64590630140106
3022775,533.8589820677214
3022776,129.89903062908343
3022777,69.90935477133442
3022778,40.05484499421533
3022779,2992.8843492502897
3022780,19.173289817365326
3022781,0.46973583150523435
3022782,12.693929578715831
3022783,14.597226928033269
3022784,0.007084441156879544
3022785,118.496287450697
3022786,11.734315815870787
3022787,2.216819915610578
3022788,3.1635499377067617
3022789,37.209210705437144
3022790,6.4873741421701
3022791,556.1105256735932
3022792,146.81182418906823
3022793,3.490597913706977
3022794,5.851036936431197
3022795,295.28704180212463
3022796,30.284287536807934
3022797,1154.061443575161
3022798,48.71720316873196
3022799,7.070006026188833
3022800,2.735784169794664
3022801,0.1548387944163105
3022802,5.1159058067333945
3022803,4507.914348531821
3022804,0.0005028049023167796
3022805,865.166630833372
3022806,13.003791592138725
3022807,1054.2195161885836
3022808,1390.0235264144594
3022809,303.76900082749745
3022810,325.45344605312573
3022811,102.96535317485737
3022812,5535.993954277289
3022813,28.032857724546773
3022814,0.9059191036172377
3022815,19.66051889896093
3022816,30.061304371189372
3022817,0.006002095980134059
3022818,231.17017498991532
3022819,11.673040015265718
3022820,31.66073571782287
3022821,11.678182143838676
3022822,60.07668964729197
3022823,17.142134322687877
3022824,379.58914362639507
3022825,272.5824329846879
3022826,16.050225920970398
3022827,9.368233297094894
3022828,505.30066467035533
3022829,105.28507681637134
3022830,3587.8665740333386
3022831,48.71720316873196
3022832,20.681190025164092
3022833,3.308390158821454
3022834,0.11612909581223288
3022835,3.825505969169886
3022836,2897.000028128087
3022837,0.0005028049023167796
3022838,477.6650641636701
3022839,5.657161302879248
3022840,433.26965269424574
3022841,695.3827634784043
3022842,169.78530225609506
3022843,189.7954316733183
3022844,71.78030707440854
3022845,2736.832001518119
3022846,18.79628692769803
3022847,1.174339578763086
3022848,19.432698694133798
3022849,16.584473168235817
3022850,0.0026566654338298296
3022851,105.71459720812885
3022852,9.560726999963187
3022853,21.343996879789028
3022854,5.375057344349589
3022855,182.26846868399417
3022856,12.888822799013441
3022857,209.8218176641478
3022858,109.02809039167211
3022859,4.958606382088416
3022860,7.034392721327394
3022861,178.02603787210754
3022862,37.53605314749779
3022863,1718.326614703369
3022864,1.3690304803869309
3022865,4.295210902153889
3022866,4.230922030031282
3022867,0.20071695572484693
3022868,0.3896348672302662
3022869,1207.024801782215
3022870,0.0005028049023167796
3022871,246.64131445110462
3022872,4.454054600456965
3022873,340.09846115557343
3022874,261.33057653421713
3022875,89.32908749334096
3022876,50.21862301221116
3022877,21.476500110863284
3022878,2019.9988676183061
3022879,14.13760836252359
3022880,0.7046037472578516
3022881,10.744359004947698
3022882,9.655898659291381
3022883,0.010626661735319318
3022884,80.18481939549339
3022885,0.12255160121013876
3022886,6.57343946514834
3022887,0.9667369324369764
3022888,15.6297572887052
3022889,0.2577764559802688
3022890,261.0861721387655
3022891,125.48008206453879
3022892,2.740282474312019
3022893,1.4463237370953521
3022894,141.65962462329873
3022895,21.740950787979266
3022896,517.1480548935829
3022897,0.9126869869246206
3022898,2.2512829556116936
3022899,6.584968873808086
3022900,0.3483872874366986
3022901,3.219800857384654
3022902,4160.828093231501
3022903,0.005028049023167796
3022904,775.306095690048
3022905,12.594223353016247
3022906,859.1232089978582
3022907,1095.0383569553637
3022908,315.335169594774
3022909,347.8534676857401
3022910,86.1761569573443
3022911,5592.631280870339
3022912,23.320321603705576
3022913,2.919072667211099
3022914,22.881505288314543
3022915,26.592344907688464
3022916,0.006198886012269602
3022917,221.57484342922257
3022918,6.158217960809473
3022919,32.39967568969306
3022920,10.750114688699178
3022921,124.9436186885618
3022922,5.241454604932133
3022923,276.3968658953455
3022924,251.2906688031958
3022925,10.243436868261593
3022926,9.236749320995317
3022927,375.2322237977757
3022928,76.00077770475174
3022929,2673.4373327822095
3022930,1.9622770218879342
3022931,14.6164978226802
3022932,6.744026092982195
3022933,0.20071695572484693
3022934,3.7900846176034984
3022935,4308.0652686377425
3022936,0.0005028049023167796
3022937,710.5034511368509
3022938,12.363841218509851
3022939,1231.3312260988632
3022940,960.5458903252522
3022941,408.34141309203585
3022942,430.87191503066674
3022943,46.57220789480415
3022944,7254.206455278133
3022945,11.714018357519546
3022946,0.8388139848307756
3022947,32.66417783911569
3022948,18.718426771939214
3022949,0.021253323470638637
3022950,260.13656296647173
3022951,9.560726999963187
3022952,5.002055194198227
3022953,6.496472185976482
3022954,36.677169671829226
3022955,1.7614724491985037
3022956,189.9981675120974
3022957,310.76411516163176
3022958,4.925983971679939
3022959,4.569068169460317
3022960,209.55692766200045
3022961,77.60449827311612
3022962,1642.5456828239592
3022963,4.243994489199485
3022964,3.288058000959184
3022965,6.235042991625048
3022966,0.5032260818530091
3022967,3.329607047240456
3022968,3873.351105692401
3022969,0.0005028049023167796
3022970,738.9220914937686
3022971,8.754521111243001
3022972,1029.2200581276973
3022973,778.6251519244129
3022974,299.9393807882443
3022975,394.89835113186166
3022976,50.53606319095582
3022977,5647.34601651686
3022978,14.0029644733567
3022979,1.3085498163360099
3022980,25.26715092663534
3022981,18.595391934183727
3022982,0.000885555144609943
3022983,231.21114666954352
3022984,9.560726999963187
3022985,5.5420497890264455
3022986,6.109777413001691
3022987,72.38796955765883
3022988,2.0192489051787725
3022989,112.38253221885608
3022990,243.53342197825432
3022991,5.056473613313845
3022992,4.536197175435422
3022993,186.38631871441405
3022994,61.63407203043535
3022995,1256.0985151563293
3022996,2.874964008812555
3022997,6.1910281279321575
3022998,11.070382454517944
3022999,1.2774200539345615
3023000,15.848575331348908
3023001,11108.780167001027
3023002,0.0005028049023167796
3023003,1381.9794068388117
3023004,36.96353358080378
3023005,1820.1309592602224
3023006,2316.769109681177
3023007,395.82120139604655
3023008,691.9816617954299
3023009,212.40429214313176
3023010,11004.945596567752
3023011,65.76007546910972
3023012,2.7177573108517135
3023013,56.706339192779524
3023014,52.55113827108665
3023015,0.010626661735319318
3023016,495.1330212172033
3023017,39.0326849854292
3023018,49.16792889751666
3023019,25.401206247168044
3023020,159.72872327865883
3023021,37.16277240382209
3023022,700.72686229272
3023023,577.2863802620719
3023024,18.007570545478984
3023025,24.127309614272466
3023026,1085.673653672614
3023027,229.5935172473616
3023028,7544.728526146314
3023029,1.5972022271180861
3023030,72.81657490438648
3023031,3.022087164308059
3023032,0.5419357804570868
3023033,0.9917978438588594
3023034,1938.9938663839105
3023035,0.0005028049023167796
3023036,180.2093755439325
3023037,3.6605161371571606
3023038,655.6595614417743
3023039,277.6582816812649
3023040,125.30680461740093
3023041,237.54569809007378
3023042,30.618462262751756
3023043,2844.339542897855
3023044,4.577892231674306
3023045,0.2684204751458482
3023046,12.667731913240805
3023047,8.191939830302042
3023048,0.007969996301489488
3023049,165.47134980540852
3023050,0.4595685045380204
3023051,12.828818956079733
3023052,3.7509392978554685
3023053,27.466969002166564
3023054,1.0740685665844536
3023055,65.82684290349852
3023056,87.44671500451228
3023057,2.1857014973679196
3023058,4.569068169460317
3023059,104.89221003280973
3023060,20.59836067357452
3023061,603.9398430979059
3023062,0.09126869869246207
3023063,4.324833046306675
3023064,8.111918177879527
3023065,0.23225819162446576
3023066,2.762865422178251
3023067,4449.390422110609
3023068,0.0005028049023167796
3023069,629.2912891682679
3023070,7.705002498491646
3023071,1436.9605315902973
3023072,736.925392938101
3023073,259.22328411332575
3023074,532.4199699032205
3023075,54.35294358629283
3023076,6648.53656995738
3023077,11.444730579185764
3023078,0.2684204751458482
3023079,23.577898927524114
3023080,19.78805115890717
3023081,0.0026566654338298296
3023082,267.2155259733097
3023083,1.2255160121013877
3023084,5.399945948282178
3023085,11.948868484921029
3023086,11.968585641795132
3023087,2.0622116478421506
3023088,357.42333215534643
3023089,276.6369898640369
3023090,3.91468924901717
3023091,6.837166757178029
3023092,131.20501897485966
3023093,62.96325345824526
3023094,1427.8242942337886
3023095,2.601157912735169
3023096,5.3616080916541655
3023097,1.463326416401797
3023098,0.20071695572484693
3023099,1.1805936477077064
3023100,1273.9348396829778
3023101,0.0005028049023167796
3023102,135.70803200486725
3023103,2.687791569241272
3023104,734.4460055285241
3023105,166.9501220285312
3023106,96.09606153321322
3023107,322.5428946461752
3023108,11.916198189637269
3023109,2393.5803428543354
3023110,1.5618691143359393
3023111,0.3019730345390792
3023112,9.417894930262797
3023113,4.018099764672866
3023114,0.001771110289219886
3023115,78.35435802505437
3023116,9.560726999963187
3023117,12.828818956079733
3023118,0.46403372756974864
3023119,22.931997098830127
3023120,0.38666468397040327
3023121,68.5792178963203
3023122,73.27499196046512
3023123,0.5872033873525755
3023124,1.183355784896197
3023125,55.24915433340694
3023126,10.63243578682198
3023127,219.52329996260488
3023128,48.71720316873196
3023129,1.955061514083839
3023130,7.03032908749559
3023131,0.20071695572484693
3023132,2.514915961213536
3023133,2773.3987227292014
3023134,0.0005028049023167796
3023135,252.51029060217763
3023136,7.090650139807927
3023137,964.473479198716
3023138,431.2198265028947
3023139,189.60610392029625
3023140,310.34818740488623
3023141,40.08856851877657
3023142,4243.736558568157
3023143,3.0968094508385007
3023144,0.6710511878646205
3023145,28.22052318892127
3023146,16.584473168235817
3023147,0.007084441156879544
3023148,209.33875447436503
3023149,9.560726999963187
3023150,12.828818956079733
3023151,14.81040980493448
3023152,22.85438830130911
3023153,1.804435191861882
3023154,245.43240235864232
3023155,207.99516684398108
3023156,1.6963653412407735
3023157,4.076003259086901
3023158,203.34996875149173
3023159,26.596958774199457
3023160,1317.1212709055615
3023161,48.71720316873196
3023162,0.8294200362779924
3023163,3.499258821830384
3023164,0.4645163832489315
3023165,1.9835956877177188
3023166,2943.1158354961276
3023167,0.0005028049023167796
3023168,727.9515228184368
3023169,6.553091825959673
3023170,888.2635087212349
3023171,646.4416163937286
3023172,235.40192449462728
3023173,199.29246028343104
3023174,41.21133460608147
3023175,5637.020161636769
3023176,6.1128325681768665
3023177,4.26117504294034
3023178,30.143896097214377
3023179,35.077387984390285
3023180,0.003542220578439772
3023181,181.2112542691886
3023182,1.6238087160343386
3023183,4.859951353453959
3023184,3.7896087751529475
3023185,22.64189915387959
3023186,3.136280214426604
3023187,164.19966079951132
3023188,258.60144440169694
3023189,3.294863451256118
3023190,6.245488864729929
3023191,140.2084312457093
3023192,28.582653438577754
3023193,665.5391958064467
3023194,5.111047126777875
3023195,2.814103694514617
3023196,3.8809961478482444
3023197,0.20071695572484693
3023198,0.6439601714769309
3023199,1711.6484543991119
3023200,0.0005028049023167796
3023201,117.79320495765879
3023202,2.380615389899412
3023203,440.13517718718504
3023204,183.35337021722086
3023205,99.54192350507788
3023206,235.171199036664
3023207,33.030912533764834
3023208,2632.039533183368
3023209,6.0589750125101105
3023210,0.46973583150523435
3023211,9.6460467511086
3023212,8.036199529345732
3023213,0.005313330867659659
3023214,89.4111110792474
3023215,9.560726999963187
3023216,12.828818956079733
3023217,0.42536425027226965
3023218,32.77335365194683
3023219,0.902217595930941
3023220,184.65594339901725
3023221,80.80671435865376
3023222,1.0112947226627689
3023223,1.347710755020669
3023224,53.904004763801126
3023225,18.66230520194425
3023226,397.6159974808759
3023227,0.09126869869246207
3023228,0.6813093155140652
3023229,4.6444707998839645
3023230,0.20071695572484693
3023231,0.9917978438588594
3023232,4276.092836818014
3023233,0.0005028049023167796
3023234,577.5581455951707
3023235,8.037776692778662
3023236,889.2020731998518
3023237,638.2601371104884
3023238,222.42143316074308
3023239,229.1420614646199
3023240,60.21840028922909
3023241,5517.374631469791
3023242,6.247476457343757
3023243,0.43618327211200336
3023244,28.784933652699696
3023245,9.815376727470646
3023246,0.004427775723049716
3023247,202.27393996121157
3023248,9.560726999963187
3023249,21.827149938319536
3023250,3.557591911368074
3023251,42.403389864825584
3023252,1.2459195372379661
3023253,223.31440867259198
3023254,216.49368407837153
3023255,2.577170422269637
3023256,3.4514543726139086
3023257,116.91120530790722
3023258,42.7052576843062
3023259,1387.683943911941
3023260,1.2777617816944689
3023261,1.1848857661114176
3023262,3.5946931533348496
3023263,0.20071695572484693
3023264,7.441317537066756
3023265,3790.625900047929
3023266,0.0005028049023167796
3023267,595.1604681980479
3023268,5.554769243098629
3023269,834.0882483478679
3023270,903.2993733690437
3023271,165.4319192018214
3023272,180.21615676347454
3023273,68.61510752085807
3023274,4981.884950602494
3023275,47.556221653746015
3023276,1.543417732088627
3023277,31.271390560696542
3023278,27.173879191459335
3023279,0.007084441156879544
3023280,220.022341007628
3023281,20.282290000277964
3023282,19.69559232715552
3023283,1.9528086035226924
3023284,77.01504346769188
3023285,12.330307144389527
3023286,206.3996200100647
3023287,266.19084490090904
3023288,12.461760776037991
3023289,14.36462438887884
3023290,233.23336675224533
3023291,63.80562795661293
3023292,2378.348356892175
3023293,48.71720316873196
3023294,10.502945860143932
3023295,5.69424844643308
3023296,0.20071695572484693
3023297,8.121053273625739
3023298,3712.260725734002
3023299,0.0005028049023167796
3023300,532.7251110290327
3023301,9.957627813665283
3023302,1109.5224064158758
3023303,872.9921765560291
3023304,158.4042080809853
3023305,132.46492274319283
3023306,67.91532902941604
3023307,5339.761888723329
3023308,23.939683493873275
3023309,1.1407870193698548
3023310,41.2636444352979
3023311,63.042116424105785
3023312,0.006002095980134059
3023313,311.0767406762792
3023314,20.282290000277964
3023315,15.517739409274046
3023316,10.866123120591615
3023317,72.1509354592061
3023318,15.552512844142887
3023319,155.80271676436934
3023320,444.9288712945519
3023321,7.894623318851293
3023322,10.157137153692359
3023323,122.77193134417038
3023324,76.63453530703333
3023325,1988.8819841125744
3023326,3.605113598352251
3023327,13.996619220890807
3023328,8.93901571758489
3023329,0.3483872874366986
3023330,3.3271275526308095
3023331,4751.076625166738
3023332,0.0005028049023167796
3023333,737.5367295791362
3023334,5.145201003976149
3023335,2178.548756393508
3023336,680.1808175252462
3023337,213.47596864949944
3023338,802.452956387032
3023339,43.47539731483087
3023340,7509.278007056945
3023341,25.259193607708816
3023342,1.7111805290547824
3023343,24.473262177936423
3023344,16.26458259007155
3023345,0.001771110289219886
3023346,329.1602841668485
3023347,5.116529350523294
3023348,12.249351072155887
3023349,8.865751059993023
3023350,36.56028895267107
3023351,4.768864435634973
3023352,153.08540444993776
3023353,320.0676844092484
3023354,6.981195827413954
3023355,10.058524171617677
3023356,221.96736865159127
3023357,51.45610152509509
3023358,1694.097412847729
3023359,6.385158160524647
3023360,14.422962743702927
3023361,4.008241923187531
3023362,0.4645163832489315
3023363,5.330559197225705
3023364,3273.4953684247826
3023365,0.0020112196092671184
3023366,434.3370207451558
3023367,5.733955347714714
3023368,716.3712429424173
3023369,818.9349189445145
3023370,218.90501420150176
3023371,202.13237663296553
3023372,56.08748360752726
3023373,4733.223599219981
3023374,22.270099268203825
3023375,1.6440754102683202
3023376,14.756912830869524
3023377,11.41981330792258
3023378,0.003542220578439772
3023379,209.5568770853352
3023380,18.137636979100538
3023381,18.95665235528533
3023382,2.3201686378487434
3023383,62.20391873597041
3023384,9.881430812576973
3023385,355.6228823559505
3023386,239.60124032911895
3023387,6.035145925568137
3023388,9.269620315020212
3023389,356.1126038980172
3023390,48.253230907517
3023391,2222.5095259004324
3023392,0.045634349346231035
3023393,22.638987898292118
3023394,3.5946931533348496
3023395,0.2709678902285434
3023396,3.1482497272205507
3023397,5905.84315775702
3023398,0.0005028049023167796
3023399,479.2228958210664
3023400,7.9865806628883504
3023401,2020.4624895109005
3023402,673.7633522010565
3023403,288.9283695243224
3023404,293.3023998847587
3023405,43.91785732833657
3023406,8234.942302981852
3023407,9.128855685515232
3023408,2.449336835705865
3023409,28.737180946011037
3023410,21.492161531971142
3023411,0.006198886012269602
3023412,415.46786420433216
3023413,9.560726999963187
3023414,0.14210384074426782
3023415,9.39668298328741
3023416,29.617574234676628
3023417,2.792578273119579
3023418,129.71883986776157
3023419,316.3634685879674
3023420,3.229618630439165
3023421,9.894169201493204
3023422,170.55781379612463
3023423,55.28866609147428
3023424,1201.6086398219798
3023425,48.71720316873196
3023426,5.33198594750138
3023427,7.221197750504521
3023428,0.03870969860407762
3023429,8.836564575266772
3023430,3543.1541598934914
3023431,0.0005028049023167796
3023432,576.9560544385824
3023433,8.44734493190114
3023434,1142.7240896261287
3023435,794.4522585155139
3023436,243.08311808904216
3023437,194.7302096571772
3023438,85.8644548630578
3023439,5693.672627502914
3023440,35.70755940705958
3023441,1.543417732088627
3023442,25.7227913362896
3023443,34.15384799971936
3023444,0.0026566654338298296
3023445,237.1570511404769
3023446,18.505291782730954
3023447,17.22298549820526
3023448,10.518097824914303
3023449,106.24737885202323
3023450,15.294736388162615
3023451,214.42008868578236
3023452,456.4687639511607
3023453,13.01634175298209
3023454,8.63192303093726
3023455,188.48600358256726
3023456,60.15029187590086
3023457,2072.0273931992265
3023458,0.9126869869246206
3023459,6.143217987269561
3023460,3.499258821830384
3023461,0.20071695572484693
3023462,4.888146516161521
3023463,3537.0751623693427
3023464,0.0005028049023167796
3023465,547.8328366787914
3023466,7.269836244424011
3023467,665.3362711052816
3023468,904.7477852874572
3023469,184.74246702918327
3023470,190.3759937890664
3023471,70.19988794222483
3023472,4371.670671465793
3023473,25.259193607708816
3023474,1.1072344599766237
3023475,26.827735910502124
3023476,20.810019013782487
3023477,0.001771110289219886
3023478,186.7671908829415
3023479,15.135122749452139
3023480,31.40494880448319
3023481,5.6403299586102955
3023482,48.187816655962706
3023483,12.802897313686685
3023484,219.16239815621879
3023485,230.0877105867716
3023486,8.775428399880157
3023487,8.57932944049743
3023488,210.22056885885917
3023489,51.66465595958825
3023490,2312.2654639572047
3023491,0.22817174673115515
3023492,12.9747657382174
3023493,5.885117109442009
3023494,0.11612909581223288
3023495,4.108876781700989
3023496,6242.382460954952
3023497,0.0005028049023167796
3023498,640.1869734157818
3023499,12.850203502467796
3023500,1250.6082866826462
3023501,739.9427498947032
3023502,316.2080357769032
3023503,400.88201133817205
3023504,44.17620565268602
3023505,6887.32290724102
3023506,8.294063572680507
3023507,0.1342102375729241
3023508,16.580800933561264
3023509,18.439651633227413
3023510,0.003542220578439772
3023511,234.08446992864813
3023512,9.560726999963187
3023513,6.906246660171416
3023514,1.5081096146016832
3023515,59.21364241702815
3023516,4.3821997516645705
3023517,198.20325377290786
3023518,286.8362481407737
3023519,3.5558427345239294
3023520,2.6625505160164438
3023521,237.99047596866993
3023522,131.11297735468798
3023523,1334.4635341735932
3023524,3.513844899659789
3023525,0.7997978921252069
3023526,14.683208130838638
3023527,0.20071695572484693
3023528,17.852006975943805
3023529,13861.361241889044
3023530,0.0005028049023167796
3023531,1941.7568223130306
3023532,20.862382180301303
3023533,2438.4913878826023
3023534,2834.1452715563455
3023535,627.2709858599169
3023536,886.5183507473578
3023537,271.85380843970444
3023538,13896.45002119292
3023539,75.64293693395955
3023540,4.932226230804961
3023541,120.94400978560124
3023542,114.53453212929142
3023543,0.007969996301489488
3023544,690.0367750099033
3023545,27.923382335730118
3023546,23.617658331697314
3023547,37.27350916704007
3023548,242.63315242329185
3023549,34.06945493205887
3023550,840.5029966848798
3023551,658.5877835189212
3023552,39.40787177343951
3023553,36.054878506145634
3023554,1109.5046714127877
3023555,281.4888817655118
3023556,9277.196630857368
3023557,328.8415777324342
3023558,83.297277525812
3023559,16.16021346808941
3023560,0.20071695572484693
3023561,15.419268550364288
3023562,12983.830527270604
3023563,0.0010056098046335592
3023564,1460.9373236038239
3023565,20.145637761836962
3023566,2678.6782373681694
3023567,2524.953645559506
3023568,789.7025929362522
3023569,551.8242910185747
3023570,201.88210201400082
3023571,15637.418058863055
3023572,120.9371412497018
3023573,1.9796010042006305
3023574,71.29744401431343
3023575,78.47379988466298
3023576,0.02302443375985852
3023577,650.5748575619743
3023578,23.888677244889326
3023579,31.717577254120577
3023580,5.034765944131773
3023581,166.8324996276532
3023582,26.508012223304313
3023583,1109.3149159819404
3023584,816.2632322594773
3023585,23.879604419004735
3023586,29.51815263435514
3023587,1219.5499730035617
3023588,236.80484906951457
3023589,6280.4706975069985
3023590,568.8084347391098
3023591,79.2625165105367
3023592,11.96110288189295
3023593,0.20071695572484693
3023594,21.32223678890282
3023595,8297.317457820509
3023596,0.005028049023167796
3023597,1083.2330567513334
3023598,11.365518635648806
3023599,2332.298072073813
3023600,1803.423924508018
3023601,921.3089173054777
3023602,218.67839693178655
3023603,157.47800756498677
3023604,13583.894165788563
3023605,41.28181641856888
3023606,3.0197303453907924
3023607,44.13809208514008
3023608,23.45230895980729
3023609,0.012397772024539204
3023610,624.7043368597693
3023611,28.148570902953747
3023612,22.736614519082853
3023613,10.134496610123312
3023614,91.82196049352366
3023615,13.533263938964113
3023616,991.5264672748458
3023617,773.1502250326012
3023618,23.977471650230168
3023619,43.75458014653689
3023620,772.1886110049345
3023621,131.19518112742333
3023622,2810.330121942801
3023623,360.67655617985855
3023624,44.028429866307505
3023625,16.701008013281378
3023626,0.20071695572484693
3023627,22.252401481036166
3023628,12074.094565272948
3023629,0.0030168294139006776
3023630,1421.422820564269
3023631,16.74110177413135
3023632,2352.3947916393718
3023633,2384.118249406291
3023634,748.9087602525095
3023635,508.2821323374667
3023636,156.9134716686859
3023637,14513.048913903342
3023638,44.40555464724076
3023639,1.9124958854141683
3023640,69.86685250976576
3023641,73.16866227288715
3023642,0.017711102892198863
3023643,620.91548815516
3023644,27.0443809760504
3023645,25.067117507288845
3023646,8.404810890607072
3023647,150.96173429604386
3023648,18.94656951454976
3023649,871.8813073310273
3023650,800.48110001384
3023651,22.803064875525013
3023652,30.997347365475388
3023653,1089.1951067048035
3023654,215.32120227541802
3023655,5632.015484636018
3023656,434.29571391917216
3023657,63.32302869590861
3023658,12.915446196937598
3023659,0.20071695572484693
3023660,23.39721956366182
3023661,6996.389249106813
3023662,0.0005028049023167796
3023663,968.161137359914
3023664,14.027712189944925
3023665,2178.3915306417616
3023666,1447.9855199117292
3023667,725.921027989364
3023668,174.84595719280458
3023669,121.61341819983683
3023670,11925.829368007484
3023671,39.61223219289943
3023672,0.5032883908984653
3023673,33.99561615408066
3023674,68.29866306198325
3023675,0.005313330867659659
3023676,590.1823070297452
3023677,23.70913914911647
3023678,10.799891896564356
3023679,3.045221337176476
3023680,91.39791724441788
3023681,8.377734819358736
3023682,877.0661843449728
3023683,896.9896855569185
3023684,17.452989568534882
3023685,25.481594568098114
3023686,843.6039789242732
3023687,91.65686493368436
3023688,2066.6244251199755
3023689,322.26156090020123
3023690,21.350673127517027
3023691,11.61117699970991
3023692,0.20071695572484693
3023693,12.700325604128357
3023694,9339.087331932242
3023695,0.0005028049023167796
3023696,1380.571561452718
3023697,19.684873492824174
3023698,1756.366336863207
3023699,2412.2132102131804
3023700,487.277312253303
3023701,651.9228758088107
3023702,200.19217872765415
3023703,10741.24170865928
3023704,57.519869452095975
3023705,1.6776279696615513
3023706,52.550858862810394
3023707,62.72129140413578
3023708,0.013283327169149145
3023709,464.64979681354885
3023710,14.67402234989899
3023711,25.692374406563623
3023712,13.064096210180326
3023713,179.97877539568591
3023714,24.27394960480865
3023715,746.2536581100463
3023716,567.2888427513484
3023717,18.692641164056987
3023718,30.767250407301127
3023719,932.5424813403771
3023720,202.7998425417988
3023721,7337.067557087899
3023722,291.48301764014224
3023723,70.94913071974102
3023724,5.7260598902679005
3023725,0.4645163832489315
3023726,7.119337451328292
3023727,2463.4703058571117
3023728,0.0005028049023167796
3023729,397.8092620251556
3023730,18.532962820292198
3023731,832.6698353831853
3023732,586.4849508502615
3023733,241.90151501675336
3023734,120.56339937035666
3023735,56.89207735229595
3023736,4187.871189798112
3023737,52.64576066425451
3023738,1.274997256942779
3023739,29.630554500311316
3023740,19.31615804700954
3023741,0.009741106590709373
3023742,202.99993454340017
3023743,12.377711722224015
3023744,8.156760458720973
3023745,13.495647576820193
3023746,43.49084807587307
3023747,9.194026929962922
3023748,232.45884778885954
3023749,240.89853983943905
3023750,3.392730682481547
3023751,7.231618685476761
3023752,214.61346417142067
3023753,53.47099565114206
3023754,1539.6834528081515
3023755,1.5059335284256241
3023756,8.692601619217838
3023757,10.147850583308115
3023758,0.20071695572484693
3023759,15.490819680528391
3023760,6068.335182410301
3023761,0.0010056098046335592
3023762,700.964216871532
3023763,24.42050625767784
3023764,1664.8262920572622
3023765,1261.6493746636356
3023766,531.6094876678511
3023767,157.81613513086012
3023768,94.56756089343264
3023769,9719.123117448376
3023770,102.14085432200376
3023771,1.610522850875089
3023772,56.17575356290556
3023773,32.33168647853049
3023774,0.005313330867659659
3023775,428.3536048275388
3023776,17.082161313678217
3023777,7.986235849827851
3023778,3.6349308659630313
3023779,93.01414382893685
3023780,12.072530688409257
3023781,543.1799540852201
3023782,557.2006682247309
3023783,13.11420898420752
3023784,24.68611651269567
3023785,389.4306554236567
3023786,78.98462071641636
3023787,2165.740663066726
3023788,320.56487579150837
3023789,16.78301827188794
3023790,7.571123632687559
3023791,0.20071695572484693
3023792,6.127893820985095
3023793,6264.256602727169
3023794,0.0020112196092671184
3023795,1005.8745887480866
3023796,7.397826319149787
3023797,1322.227997802232
3023798,1764.5232870246764
3023799,277.53960713629675
3023800,499.52532042493283
3023801,161.8277893887221
3023802,7390.093475010961
3023803,38.13114941206362
3023804,1.9124958854141683
3023805,35.871236355685106
3023806,37.712202395969186
3023807,0.009741106590709373
3023808,301.8640079656396
3023809,2.573583625412914
3023810,39.931179249139255
3023811,7.308531209223542
3023812,113.42876399853863
3023813,13.83400313760776
3023814,601.2841130845809
3023815,313.52717085827686
3023816,20.519496146931665
3023817,10.391507341089856
3023818,902.6715059343011
3023819,117.25891339750449
3023820,5340.860267667023
3023821,5.2935845241627995
3023822,42.804055914364234
3023823,11.293062561361694
3023824,0.20071695572484693
3023825,9.230095791169342
3023826,6278.112182948299
3023827,0.0005028049023167796
3023828,1030.8457713862765
3023829,9.855235753884665
3023830,1568.3127853443616
3023831,1357.4812628094007
3023832,387.29821350041095
3023833,320.56704824557914
3023834,209.10622562939258
3023835,8864.939210540153
3023836,44.863343870408194
3023837,3.4559136175027954
3023838,51.71352841566556
3023839,44.35795251837696
3023840,0.007084441156879544
3023841,345.17608425747727
3023842,7.96585407865902
3023843,47.91741509896711
3023844,11.91019900762355
3023845,184.7407296556275
3023846,13.919928622934517
3023847,466.89170102279576
3023848,374.1492964349777
3023849,15.03893119830763
3023850,26.494021184064856
3023851,466.204271673331
3023852,123.58575250101539
3023853,4855.557290164393
3023854,6.480077607164807
3023855,8.203585906652256
3023856,9.066261492924177
3023857,0.03870969860407762
3023858,3.899536593943637
3023859,3016.746640925403
3023860,0.0005028049023167796
3023861,564.5273199573965
3023862,6.143523586837193
3023863,926.7105585883277
3023864,579.9986574214648
3023865,250.78107911731553
3023866,132.94872450631627
3023867,78.42009431373725
3023868,4530.904868725743
3023869,13.706747917189537
3023870,1.610522850875089
3023871,29.712795272941783
3023872,22.776707534258804
3023873,0.0026566654338298296
3023874,202.3110797571335
3023875,5.330994652641037
3023876,11.538831868434547
3023877,8.855310301122703
3023878,64.99806920816529
3023879,4.682938950308217
3023880,272.4357293699837
3023881,224.6607811132307
3023882,4.893361561271463
3023883,6.409843834854401
3023884,184.53661929760295
3023885,63.55419471769253
3023886,2020.2338739289519
3023887,0.4563434934623103
3023888,3.554657298334253
3023889,6.425911654633978
3023890,0.20071695572484693
3023891,1.5585394689210648
3023892,4567.069863518936
3023893,0.0005028049023167796
3023894,269.96999481624005
3023895,3.6349181222120057
3023896,1165.510552966193
3023897,269.047382174647
3023898,237.19188974277984
3023899,107.0508161263195
3023900,21.02365882119083
3023901,4794.216006162862
3023902,8.967283018514962
3023903,0.9394716630104687
3023904,23.21312130698577
3023905,9.842787020438957
3023906,0.001771110289219886
3023907,213.61602097137643
3023908,9.560726999963187
3023909,12.828818956079733
3023910,4.446989889210092
3023911,18.42040133932532
3023912,1.4607332505548567
3023913,49.77580028261945
3023914,179.69627632598946
3023915,0.13048964163390567
3023916,2.300969581742606
3023917,60.88571184227982
3023918,81.56823872278355
3023919,653.6300139842624
3023920,48.71720316873196
3023921,2.4882601088339773
3023922,7.03032908749559
3023923,0.07741939720815524
3023924,7.047786321164187
3023925,4752.449083071364
3023926,0.0005028049023167796
3023927,641.1998317376355
3023928,9.855235753884665
3023929,1159.8738125294678
3023930,1082.263189246594
3023931,375.1731246914869
3023932,256.17303357385174
3023933,92.66815034862805
3023934,6779.734091020312
3023935,28.436789392047448
3023936,1.342102375729241
3023937,28.703687728125242
3023938,56.7218635306967
3023939,0.006002095980134059
3023940,309.67515552065316
3023941,21.967374516917374
3023942,15.375635568529779
3023943,11.260551789025902
3023944,69.34299306215057
3023945,9.322915157953057
3023946,432.31046794954545
3023947,337.93141626906896
3023948,9.166897324781873
3023949,14.496108364978417
3023950,504.9317519790782
3023951,90.78938474707347
3023952,2515.1394507708696
3023953,48.71720316873196
3023954,32.75944359926998
3023955,5.31251112041522
3023956,0.07741939720815524
3023957,5.879944360020381
3023958,5007.664485938425
3023959,0.004022439218534237
3023960,721.2001536460202
3023961,13.618143950822445
3023962,895.5167440285175
3023963,1371.5896812664366
3023964,203.1192086146672
3023965,379.3973426413872
3023966,132.1030517161641
3023967,5254.391866317156
3023968,30.69880673005122
3023969,3.0532829047840235
3023970,29.005126689097384
3023971,28.53037721278882
3023972,0.021253323470638637
3023973,215.3760346336778
3023974,13.113021329484848
3023975,35.582801722364664
3023976,10.015394620047076
3023977,119.14680254119392
3023978,16.36880495474707
3023979,433.16216950088676
3023980,251.11397239847335
3023981,6.915951006597
3023982,14.24267300104648
3023983,582.6018540966322
3023984,118.786715327444
3023985,4672.447427710056
3023986,0.5019778428085413
3023987,36.353566806398796
3023988,4.612659356049143
3023989,0.6580648762693196
3023990,11.018874045271929
3023991,6189.777004711476
3023992,0.0010056098046335592
3023993,952.9430548705853
3023994,15.691583161379997
3023995,1112.6038057368473
3023996,1565.4784519444581
3023997,312.86884388705954
3023998,455.8864013912002
3023999,98.72491153565257
3024000,6862.153648062871
3024001,32.12603195522027
3024002,3.8920968896147987
3024003,39.05309205483551
3024004,52.32656075710764
3024005,0.006002095980134059
3024006,315.1954261399096
3024007,27.727299773793895
3024008,29.756544251849682
3024009,25.230287157513185
3024010,100.00033817445814
3024011,24.48876331812554
3024012,417.31888232165886
3024013,325.1232157402206
3024014,18.529529112014604
3024015,18.80220858223958
3024016,572.4727281880353
3024017,137.53068373004498
3024018,4548.286182896237
3024019,1.4146648297331619
3024020,35.17065434785738
3024021,11.738422775049198
3024022,0.38709698604077625
3024023,7.834848752969325
3024024,4293.336120996606
3024025,0.0005028049023167796
3024026,550.1384489646791
3024027,11.775086874771286
3024028,1712.4166674515602
3024029,844.2059129814041
3024030,593.9566144402849
3024031,349.59128361887946
3024032,65.18620110308348
3024033,9207.275612276277
3024034,9.667431242182797
3024035,1.2078921381563168
3024036,47.686383484922196
3024037,37.53341253047134
3024038,0.006002095980134059
3024039,383.61872063954814
3024040,10.876454607399817
3024041,4.945213657900521
3024042,8.440773504493729
3024043,37.94111776880552
3024044,4.296274266337814
3024045,336.16113352054066
3024046,450.25906024944504
3024047,7.4052871627241466
3024048,7.494586637675915
3024049,387.58741230855514
3024050,96.43412916394458
3024051,1541.7988729514416
3024052,121.81678848832257
3024053,14.995351420356126
3024054,4.343572199327587
3024055,0.15842366918391187
3024056,3.241074052492525
3024057,2419.1565317343866
3024058,0.0
3024059,325.97017254989737
3024060,10.183969288685654
3024061,515.4149579811792
3024062,617.812072747239
3024063,119.97170790612545
3024064,119.62697270543302
3024065,65.6831246113451
3024066,2988.7585275548286
3024067,14.848347673027117
3024068,1.5769223796297922
3024069,21.812553459309683
3024070,19.868876507313757
3024071,0.0
3024072,134.05744532701266
3024073,11.118343379550007
3024074,17.1214711332277
3024075,6.840403204516339
3024076,74.02169879517936
3024077,7.261804297564331
3024078,268.5461679650081
3024079,123.80935442810052
3024080,3.3845317806337762
3024081,7.255372836811969
3024082,259.8487302547471
3024083,53.69166027383896
3024084,2335.0821349937914
3024085,48.54533941712503
3024086,19.85359553745189
3024087,1.1763841373178885
3024088,0.15842366918391187
3024089,2.306457401216834
3024090,1448.2899330864318
3024091,0.0
3024092,98.28222616795654
3024093,3.655068429637865
3024094,795.3951055487804
3024095,270.25076842619677
3024096,240.08389742956888
3024097,45.34835608358449
3024098,18.42217329030119
3024099,3236.0138432959225
3024100,4.220850099946794
3024101,0.3861850725623981
3024102,9.553430764720625
3024103,6.96532212674695
3024104,0.0
3024105,130.21458389957564
3024106,2.9870176243567186
3024107,14.2066945422258
3024108,1.8689626241847919
3024109,11.91282723215886
3024110,0.48682486911045797
3024111,165.29562528035697
3024112,150.81360643773
3024113,0.7856948776471265
3024114,3.4408540785280155
3024115,128.26117832646437
3024116,23.624707151350112
3024117,390.7243302085709
3024118,1.8443995317264075
3024119,1.3537610259682207
3024120,7.178959607221986
3024121,0.1833188171985266
3024122,4.726566326551599
3024123,5079.525738903525
3024124,0.0
3024125,712.9652994935886
3024126,10.99310657463602
3024127,1693.9623192652282
3024128,631.9914760819154
3024129,516.8061344761297
3024130,283.22109663111405
3024131,45.7764239620012
3024132,9320.115903967597
3024133,23.64178538124961
3024134,0.7401880557445962
3024135,25.910507606917818
3024136,18.623382466005616
3024137,0.0
3024138,380.6230898802779
3024139,9.707807279159335
3024140,2.077237306604831
3024141,10.69046621033701
3024142,33.8191003018686
3024143,2.8803804755702096
3024144,578.9813080078228
3024145,355.1802332289045
3024146,2.447741734208356
3024147,13.642684592058448
3024148,370.4505418369207
3024149,89.00940601124468
3024150,2297.6099495339727
3024151,20.184715585372725
3024152,8.069477488124296
3024153,5.188155682530175
3024154,0.15842366918391187
3024155,0.9359537280300196
3024156,1693.1915260893365
3024157,0.0
3024158,186.41602295824808
3024159,9.43063457418014
3024160,989.580114697734
3024161,369.9477784028183
3024162,196.64311149039517
3024163,59.11142359426678
3024164,21.982696279515938
3024165,3647.484915320119
3024166,6.959377843364655
3024167,0.41836716194259793
3024168,14.597374979660538
3024169,17.140300106391063
3024170,0.0
3024171,135.05398091640225
3024172,5.974035248713437
3024173,14.2066945422258
3024174,5.8700378100395945
3024175,31.87861459794492
3024176,1.9472994764418319
3024177,141.76312059532685
3024178,149.29595642459338
3024179,1.480732654027277
3024180,6.096951963707537
3024181,140.15729989772262
3024182,27.5571930832268
3024183,536.3942864675477
3024184,3.8197623438120862
3024185,2.654433384251413
3024186,4.313408503498924
3024187,0.15842366918391187
3024188,3.8775225875529387
3024189,1638.2039656570569
3024190,0.0
3024191,120.73799923986086
3024192,6.054579001766539
3024193,797.550406331917
3024194,252.98658579595383
3024195,153.17327437109705
3024196,47.155947899503595
3024197,17.403709055370456
3024198,3471.230669617075
3024199,11.783206529018136
3024200,0.06436417876039968
3024201,15.933519142558527
3024202,7.880258507802693
3024203,0.0
3024204,112.62961502341106
3024205,1.2169331062194038
3024206,14.2066945422258
3024207,3.027719451179363
3024208,33.79466373318726
3024209,1.2170621727761448
3024210,142.99868655840257
3024211,161.34471221171336
3024212,0.45328550633488074
3024213,4.919817673684794
3024214,84.23584544863843
3024215,20.019928380463146
3024216,277.5971870663361
3024217,3.4523375850263522
3024218,1.5395713628658194
3024219,3.227515453667027
3024220,0.15842366918391187
3024221,2.4308055393693935
3024222,1651.1674167189994
3024223,0.0
3024224,164.69831747744666
3024225,8.007669002336392
3024226,1308.0880727541316
3024227,342.2741189976834
3024228,245.78225550545454
3024229,37.5788824888445
3024230,23.700289201364264
3024231,3873.504850771539
3024232,8.190459122515804
3024233,0.3218208938019984
3024234,12.259122694589054
3024235,18.41678392834787
3024236,0.0
3024237,158.43989818604248
3024238,0.8573846884727617
3024239,14.2066945422258
3024240,3.251994966081538
3024241,17.077829248899064
3024242,2.515261823737366
3024243,229.98539193872716
3024244,216.70780848208653
3024245,0.9972281139367376
3024246,4.165244410849703
3024247,77.14425637542713
3024248,78.76888487789368
3024249,599.2231899030658
3024250,2.3646147842646243
3024251,3.5834850687394075
3024252,3.5291524119536652
3024253,0.7943815411936154
3024254,3.6769610744036485
3024255,1829.7198057388405
3024256,0.0
3024257,157.11913602296218
3024258,2.3158067149613957
3024259,813.89885405567
3024260,307.09411431859144
3024261,246.7471255517131
3024262,87.43036204366605
3024263,36.16942309349294
3024264,3401.0345816652107
3024265,6.205654611231299
3024266,0.9976447707861951
3024267,13.356097052328304
3024268,15.411365486963792
3024269,0.0
3024270,170.5557542160501
3024271,6.776104795994407
3024272,14.2066945422258
3024273,3.9995800157554546
3024274,19.299335492658294
3024275,2.393555606459752
3024276,114.2809097846274
3024277,161.85679443955206
3024278,0.8461329451584441
3024279,4.6783542295775655
3024280,95.74287368908202
3024281,37.86507287435812
3024282,961.3043221312917
3024283,3.2317917830324396
3024284,3.7162067379519783
3024285,4.162590024355605
3024286,0.1833188171985266
3024287,1.4373575109032444
3024288,1524.196197013535
3024289,0.0
3024290,152.9438583505497
3024291,4.492107001310659
3024292,800.8906274537148
3024293,240.78385142389635
3024294,156.23168371695695
3024295,147.3663012030889
3024296,19.867678986620493
3024297,2545.1400303728046
3024298,4.0701054535201235
3024299,0.35400298318219825
3024300,11.290418176488012
3024301,11.333405494367918
3024302,0.0
3024303,127.66459492238954
3024304,8.63069855761918
3024305,14.2066945422258
3024306,3.1772364611141466
3024307,26.111306700865494
3024308,1.8661619982567554
3024309,50.04272469567055
3024310,116.30492413760577
3024311,0.8763519789141027
3024312,2.7164637462063284
3024313,58.486971007624824
3024314,31.221554974293714
3024315,853.4736527300129
3024316,48.54533941712503
3024317,0.7432413475903956
3024318,7.661578740480606
3024319,0.6416158601948431
3024320,3.2073128644457283
3024321,3319.873420156572
3024322,0.0
3024323,328.16630026106026
3024324,5.58025714448529
3024325,1049.5499816169956
3024326,702.8417581285231
3024327,491.37073345837734
3024328,182.24965203661543
3024329,57.51686107165209
3024330,5842.36669154606
3024331,13.24040477780929
3024332,1.4481940221089928
3024333,23.24523403797705
3024334,22.47615005255454
3024335,0.0
3024336,236.50742615349185
3024337,0.4978362707261197
3024338,14.2066945422258
3024339,8.162133572339824
3024340,36.5437777098393
3024341,4.624836256549351
3024342,229.03249782144542
3024343,240.07897184368167
3024344,2.0851133291404516
3024345,7.787196072458141
3024346,327.0430019831698
3024347,51.21169179466688
3024348,2175.3068937189973
3024349,8.965527901261796
3024350,11.334430550753533
3024351,3.4084976286390103
3024352,0.1833188171985266
3024353,4.186387317802844
3024354,2392.6311928406053
3024355,0.0
3024356,565.3887512651614
3024357,7.22643300210845
3024358,554.9684976682165
3024359,591.1442365673952
3024360,207.62873799065116
3024361,167.34494758956316
3024362,31.83499339562559
3024363,3587.07246826629
3024364,9.873774340946966
3024365,0.9332805920257954
3024366,24.885685033975058
3024367,16.007549838490437
3024368,0.0
3024369,152.0169510689881
3024370,8.767449878898887
3024371,4.6548999643462805
3024372,5.700709796288453
3024373,44.70614702597164
3024374,2.474693084644828
3024375,98.40807435786417
3024376,134.94390868004746
3024377,3.7471601857016807
3024378,6.217683685761152
3024379,165.62226107661857
3024380,48.622686056607705
3024381,2727.224841159863
3024382,40.81143224195799
3024383,11.154964322916463
3024384,5.791429599103451
3024385,0.702722132594352
3024386,3.3423576166329165
3024387,2816.4465243385625
3024388,0.0
3024389,175.93386446222348
3024390,5.58025714448529
3024391,820.7775870180348
3024392,323.6646257589785
3024393,282.91399047591534
3024394,55.401103551064416
3024395,23.27492628858559
3024396,4395.564609301375
3024397,29.998184638907578
3024398,1.2551014858277938
3024399,13.899907726627786
3024400,16.173714090920882
3024401,0.0
3024402,146.7446244194969
3024403,7.3292562079123185
3024404,14.2066945422258
3024405,4.560268803010892
3024406,43.18052761306999
3024407,3.407774083773206
3024408,132.9750493544628
3024409,165.43759679695447
3024410,1.2087613502263488
3024411,4.859451812657987
3024412,123.51687808252741
3024413,22.641585668380937
3024414,713.1586549271965
3024415,3.294545021537924
3024416,3.4242190656843228
3024417,6.42486721150539
3024418,0.15842366918391187
3024419,7.353922148807297
3024420,3623.360921958682
3024421,0.0
3024422,670.391908846331
3024423,9.818462445721867
3024424,712.5578248428833
3024425,781.191331165801
3024426,220.16716552131044
3024427,157.68153725109832
3024428,59.022873407458135
3024429,4892.873820525361
3024430,35.57573655669441
3024431,1.4481940221089928
3024432,19.407493966093302
3024433,26.853087643217986
3024434,0.0
3024435,201.31202195218242
3024436,18.696517722825387
3024437,15.484859921963286
3024438,5.457370862619593
3024439,70.7052676615273
3024440,11.318678206818147
3024441,461.01307424918684
3024442,227.27476001201862
3024443,7.856948776471267
3024444,7.4551838368107015
3024445,401.67312844240695
3024446,94.01513256765556
3024447,2402.659042257713
3024448,48.54533941712503
3024449,26.597095298992212
3024450,7.1487959113933215
3024451,0.030553136199754433
3024452,5.649149287038332
3024453,4456.308864618809
3024454,0.0
3024455,513.7649866360202
3024456,6.696308573382348
3024457,1780.442461985078
3024458,734.115747366092
3024459,686.5371212327371
3024460,102.33506649071828
3024461,47.248992714722256
3024462,7684.94487553968
3024463,10.099891310586973
3024464,0.4827313407029976
3024465,22.03067899390278
3024466,13.682430867536521
3024467,0.0
3024468,280.1427716784648
3024469,1.9913450829044788
3024470,6.321410803508793
3024471,4.7191306260666
3024472,45.60363554845038
3024473,1.785024520071679
3024474,330.6508106021601
3024475,345.88216755616423
3024476,3.7471601857016807
3024477,5.7347567975466935
3024478,309.90170088838323
3024479,61.80232322302903
3024480,1640.003729760284
3024481,47.83115501593742
3024482,11.470629450720905
3024483,9.652382665172418
3024484,0.4582970429963165
3024485,4.312072532709734
3024486,3591.9671021114546
3024487,0.0
3024488,458.2870170591161
3024489,5.998776430321687
3024490,1641.3860810543797
3024491,601.3129859251295
3024492,329.9560787623579
3024493,262.0691011711484
3024494,49.10567212934727
3024495,5673.059158383399
3024496,12.7630467307915
3024497,0.611459698223797
3024498,37.7186816465288
3024499,26.8831920015624
3024500,0.0
3024501,274.3878686826403
3024502,3.291250900911569
3024503,3.306584112604599
3024504,11.923981542298973
3024505,71.83795815756403
3024506,2.5963993019224425
3024507,107.23004687636178
3024508,255.52633652187828
3024509,2.4779607679640145
3024510,4.889634743171391
3024511,156.2684397838861
3024512,137.6543171079276
3024513,2154.790549384784
3024514,0.8639938634813051
3024515,6.052108116093222
3024516,4.28324480767026
3024517,0.1833188171985266
3024518,2.532089103509785
3024519,1919.3363302506498
3024520,0.0
3024521,150.66770586065925
3024522,7.365939430720583
3024523,648.2552676345153
3024524,291.65522748877424
3024525,141.7774853846489
3024526,49.85147955482155
3024527,29.594595488979497
3024528,3326.9155319653682
3024529,8.240707337991362
3024530,0.7723701451247962
3024531,22.725807994650456
3024532,16.1565959263721
3024533,0.0
3024534,135.5993230561818
3024535,1.0509876826440305
3024536,14.2066945422258
3024537,4.67240656046198
3024538,83.49447910684917
3024539,3.204930388310515
3024540,97.63683112788318
3024541,132.7026056238862
3024542,1.1785423164706899
3024543,5.553659214466271
3024544,137.43231436799667
3024545,25.829282598008255
3024546,787.6215223017409
3024547,3.1626722739539357
3024548,1.9908250381885597
3024549,1.9606402288631473
3024550,0.15842366918391187
3024551,1.6542982142930596
3024552,1774.0522035225874
3024553,0.0
3024554,272.9514161126684
3024555,11.104711717525728
3024556,427.3032964920475
3024557,459.0192741788936
3024558,119.77839936820781
3024559,45.370334792480506
3024560,35.799502728617554
3024561,2607.178750441783
3024562,17.888364709298322
3024563,0.4505492513227977
3024564,12.659965943458452
3024565,13.83147695541818
3024566,0.0
3024567,101.4035412865626
3024568,10.592849538227991
3024569,2.4549168168966187
3024570,3.118551034714744
3024571,44.63894646209793
3024572,6.125879602973263
3024573,541.0390745300895
3024574,130.82568950037643
3024575,3.233436611855483
3024576,5.3725616313858495
3024577,276.4154538248303
3024578,28.42645125332365
3024579,1195.5317415677018
3024580,48.54533941712503
3024581,6.398769962511207
3024582,2.5940778412650873
3024583,0.12221254479901773
3024584,4.780049396724744
3024585,4233.139861482183
3024586,0.0
3024587,799.764763003741
3024588,14.173853146992636
3024589,917.1765818635523
3024590,1259.9673014028938
3024591,272.34112561530736
3024592,211.21539249066876
3024593,92.02653118414814
3024594,4988.357306940116
3024595,26.15419615502746
3024596,0.8689164132653957
3024597,19.607915590528
3024598,28.760877568103254
3024599,0.0
3024600,203.73930894791815
3024601,10.5375343970362
3024602,35.061247872087606
3024603,11.288534250076143
3024604,72.79320584238049
3024605,16.186926897922728
3024606,369.3016936166329
3024607,234.16711728176517
3024608,14.867764607784087
3024609,8.60213519632004
3024610,473.0072531812661
3024611,98.82620154710351
3024612,3716.793761412291
3024613,48.54533941712503
3024614,18.348877065422766
3024615,3.1370243661810355
3024616,0.0916594085992633
3024617,3.6101072366872184
3024618,2764.2474443304754
3024619,0.0
3024620,429.833465604303
3024621,6.1661841446562455
3024622,393.95846517476133
3024623,603.4304466250114
3024624,153.60316384481416
3024625,123.17496428436057
3024626,64.15451861921841
3024627,2325.947120886582
3024628,17.53662720096942
3024629,1.1263731283069944
3024630,19.574511986455548
3024631,15.560411574845453
3024632,0.0
3024633,90.46557283110708
3024634,8.63069855761918
3024635,23.636442685761033
3024636,5.195716095233721
3024637,218.6628595732208
3024638,12.17062172776145
3024639,204.13532347320265
3024640,97.1802700296034
3024641,4.593293130860125
3024642,6.459147129868381
3024643,166.6485185084101
3024644,35.23334612850459
3024645,1780.0733415843122
3024646,1.364200837075745
3024647,3.887417691236194
3024648,4.0117715452122855
3024649,0.15842366918391187
3024650,0.36769610744036485
3024651,1152.9907525831652
3024652,0.0
3024653,221.75500563820816
3024654,4.854823715702202
3024655,300.67271078192624
3024656,228.7809884116279
3024657,80.81518411794573
3024658,32.591285477228205
3024659,19.004833691242755
3024660,1832.2388196462248
3024661,13.190156562333733
3024662,0.6758238769841967
3024663,10.930995396668454
3024664,9.149363810557434
3024665,0.0
3024666,69.97717153433325
3024667,0.11063028238358216
3024668,7.207383988068277
3024669,0.9344813120923959
3024670,18.382964167107612
3024671,0.24341243455522898
3024672,254.01033504169283
3024673,108.72745475040348
3024674,2.5383988354753324
3024675,1.3280489425897606
3024676,133.93231982626307
3024677,20.407218661632818
3024678,535.7313669538673
3024679,0.9094672247171633
3024680,2.017369372031074
3024681,6.243885036533407
3024682,0.2749782257977899
3024683,3.038506924211742
3024684,3818.8512971578884
3024685,0.0
3024686,691.6611942645857
3024687,13.727432575433815
3024688,754.1153448669799
3024689,984.7926432426017
3024690,293.35474169530147
3024691,225.75273851760193
3024692,77.02098376817494
3024693,5110.369254975524
3024694,21.757477300916214
3024695,2.799841776077386
3024696,23.048486809990322
3024697,25.197347934275175
3024698,0.0
3024699,191.5087252790701
3024700,5.559171689775003
3024701,35.87955347771981
3024702,10.391432190467443
3024703,149.8916907851664
3024704,4.949386169289656
3024705,268.90608543311004
3024706,225.85656175786747
3024707,9.488776599276836
3024708,8.481403474266425
3024709,354.7639091974416
3024710,71.33839288816002
3024711,2742.0843747371828
3024712,1.955354533141901
3024713,12.96812810815274
3024714,6.394703515676727
3024715,0.15842366918391187
3024716,3.612447121007294
3024717,4050.3783229294477
3024718,0.0
3024719,650.9809443606397
3024720,13.476321003931975
3024721,1154.996466556407
3024722,856.3362020916389
3024723,369.42263050067555
3024724,237.33363421646598
3024725,41.6244747382887
3024726,6628.664000271652
3024727,10.928986865933664
3024728,0.804552234504996
3024729,32.902550011363
3024730,17.73648445791771
3024731,0.0
3024732,231.26416726899834
3024733,8.63069855761918
3024734,5.594692479122345
3024735,6.279714417260902
3024736,43.56929120572786
3024737,1.6633183027940648
3024738,184.8489247504264
3024739,279.39799288194513
3024740,4.563074097104466
3024741,4.195427341363107
3024742,196.1642912208964
3024743,72.84373074711259
3024744,2527.0830906159736
3024745,4.2290225949348095
3024746,2.946421056519068
3024747,5.912084382418105
3024748,0.3971907705968077
3024749,3.142130372672209
3024750,3672.449119914993
3024751,0.0
3024752,677.0188099155366
3024753,9.542239717069847
3024754,883.2442412975703
3024755,706.8909167350714
3024756,273.86485444983896
3024757,215.70595669967955
3024758,45.167218406649425
3024759,5160.365846704808
3024760,13.064536023644841
3024761,1.2551014858277938
3024762,25.202017164541157
3024763,17.796102893070376
3024764,0.0
3024765,205.5142432707855
3024766,8.63069855761918
3024767,6.321410803508793
3024768,5.905921892423943
3024769,85.99061905999315
3024770,1.9067307373492937
3024771,109.33679263018685
3024772,217.06923072815584
3024773,4.683950232127101
3024774,4.165244410849703
3024775,174.4744996589062
3024776,57.85303491084472
3024777,1913.5815231524011
3024778,2.8648217578590645
3024779,5.5477657730854535
3024780,10.496966148375005
3024781,1.0082534945918964
3024782,14.95620630473113
3024783,10268.937575019887
3024784,0.0
3024785,1277.7148709023356
3024786,40.28945658318379
3024787,1654.721576204981
3024788,2081.117620246035
3024789,345.19136288530035
3024790,449.0878190566427
3024791,189.83890805834554
3024792,10055.97058074353
3024793,61.35307109565519
3024794,2.6067492397961876
3024795,57.120162963889065
3024796,49.79437954627054
3024797,0.0
3024798,440.25470944401997
3024799,35.23574493917092
3024800,54.44879606706602
3024801,24.553683371490123
3024802,187.88361287765625
3024803,35.09195931504551
3024804,681.7360858509446
3024805,509.83337830757637
3024806,16.680906633123612
3024807,22.154270996838278
3024808,996.3617755279802
3024809,215.5087491551127
3024810,7893.227040890719
3024811,1.5915676432550359
3024812,65.25076184766048
3024813,2.865551103723061
3024814,0.4277439067965621
3024815,0.9359537280300196
3024816,1795.4778472563723
3024817,0.0
3024818,165.11231477696876
3024819,3.9898838583069822
3024820,606.079009477717
3024821,247.7949272254352
3024822,112.27384858259086
3024823,136.58417458181708
3024824,27.36562139935272
3024825,2845.694176490185
3024826,4.271098315422352
3024827,0.2574567150415987
3024828,12.88777852323256
3024829,7.762202200569694
3024830,0.0
3024831,144.40659861362133
3024832,0.4148635589384331
3024833,14.2066945422258
3024834,3.6257874909184964
3024835,32.628372955213656
3024836,1.0142184773134542
3024837,64.04283414813558
3024838,76.5072409747941
3024839,2.024675261629134
3024840,4.195427341363107
3024841,97.2164577942429
3024842,19.334722498393724
3024843,929.1712134411025
3024844,0.09094672247171634
3024845,3.875472741007063
3024846,7.691742436309271
3024847,0.1833188171985266
3024848,2.607299670940769
3024849,3923.8720045163004
3024850,0.0
3024851,576.5723404231278
3024852,8.398287002450362
3024853,1326.3927688621543
3024854,639.1653882559882
3024855,243.6243146843992
3024856,300.85304487060563
3024857,48.57860147772129
3024858,6075.222050469797
3024859,10.67774578855588
3024860,0.2574567150415987
3024861,23.749962495511767
3024862,18.74999785551301
3024863,0.0
3024864,235.35783463336224
3024865,1.1063028238358215
3024866,5.979925579619969
3024867,11.781192797811256
3024868,14.359816359659648
3024869,1.9472994764418319
3024870,347.7366097513734
3024871,237.8271576260016
3024872,3.626284050679046
3024873,6.278049546787959
3024874,122.81979812827112
3024875,59.10067565585279
3024876,2175.1941864319847
3024877,2.5919815904439156
3024878,4.804524425495058
3024879,1.3875300081185349
3024880,0.15842366918391187
3024881,1.1030883223210945
3024882,1130.805934930544
3024883,0.0
3024884,124.3390763134189
3024885,2.9296350008547773
3024886,606.1795512506139
3024887,146.15593184568752
3024888,86.93720179773455
3024889,195.7590224503266
3024890,10.544798438149293
3024891,2111.757947047359
3024892,1.4571982487911552
3024893,0.2896388044217985
3024894,9.486623556575726
3024895,3.8073159082642225
3024896,0.0
3024897,68.37973064375262
3024898,8.63069855761918
3024899,14.2066945422258
3024900,0.44855102980435
3024901,27.241220314097532
3024902,0.3651186518328435
3024903,66.72061554253074
3024904,63.50358659123602
3024905,0.5439426076018569
3024906,1.0865854984825314
3024907,51.71821958493028
3024908,9.980172630141597
3024909,337.74014636716385
3024910,48.54533941712503
3024911,1.7519260336059324
3024912,6.666176778134702
3024913,0.15842366918391187
3024914,2.373311238933264
3024915,2505.3181348737094
3024916,0.0
3024917,231.35621251940105
3024918,7.728656145112127
3024919,876.4927089115218
3024920,377.5099700861282
3024921,173.16852172946832
3024922,178.4441955820489
3024923,35.829643537044674
3024924,3877.7919991441595
3024925,2.8892723898445323
3024926,0.6436417876039968
3024927,28.710731736311278
3024928,15.40634809390639
3024929,0.0
3024930,186.13659072852488
3024931,8.63069855761918
3024932,14.2066945422258
3024933,14.316253701255507
3024934,26.88022554948666
3024935,1.703887041886603
3024936,238.78080651499135
3024937,180.35212644123686
3024938,1.571389755294253
3024939,3.7426833836620523
3024940,190.35401470605342
3024941,24.965327355398983
3024942,2026.4123712367987
3024943,48.54533941712503
3024944,0.7432413475903956
3024945,3.3180065411530184
3024946,0.3666376343970532
3024947,1.8719074560600393
3024948,2658.630154861577
3024949,0.0
3024950,666.967301868653
3024951,7.142729144941171
3024952,800.3937581366462
3024953,571.2640905516789
3024954,217.0614021337376
3024955,113.59287516881095
3024956,36.833129322893456
3024957,5150.930407702947
3024958,5.703172456475729
3024959,4.08712535128538
3024960,30.667514862875386
3024961,33.23727759761049
3024962,0.0
3024963,159.64891142045937
3024964,1.4658512415824636
3024965,5.489571682091131
3024966,3.663166743402192
3024967,26.630306097063748
3024968,2.961517953755286
3024969,159.7495972756782
3024970,228.38516989554245
3024971,3.0521224093215302
3024972,5.7347567975466935
3024973,131.24780862825992
3024974,26.82920652086817
3024975,1034.1822416913137
3024976,5.093016458416114
3024977,2.521711715038842
3024978,3.6799708910969846
3024979,0.15842366918391187
3024980,0.6016845394478697
3024981,1572.188291258042
3024982,0.0
3024983,107.92506592319629
3024984,2.5948195721856595
3024985,386.3388713706962
3024986,165.19132743782512
3024987,90.92895756886695
3024988,140.1359339394125
3024989,29.521778040884083
3024990,2455.1800410984724
3024991,5.652924241000172
3024992,0.4505492513227977
3024993,9.620237972865526
3024994,7.614631816528445
3024995,0.0
3024996,78.78650498663986
3024997,8.63069855761918
3024998,14.2066945422258
3024999,0.4111717773206543
3025000,38.93189692188047
3025001,0.8519435209433015
3025002,179.65148313291292
3025003,71.36485733944573
3025004,0.9367900464254202
3025005,1.249875152560045
3025006,49.9594431504645
3025007,17.517437332905253
3025008,611.738641000718
3025009,0.09094672247171634
3025010,0.610519678377825
3025011,4.403899590984915
3025012,0.15842366918391187
3025013,0.9359537280300196
3025014,3862.7597404896346
3025015,0.0
3025016,518.996740120246
3025017,8.761003716841905
3025018,807.753619027394
3025019,569.1101827214824
3025020,205.01922809818333
3025021,129.48065586662622
3025022,53.82092442945609
3025023,5041.602113353919
3025024,5.828792995164621
3025025,0.41836716194259793
3025026,28.42646706565473
3025027,9.208391964173934
3025028,0.0
3025029,171.62071480977053
3025030,8.63069855761918
3025031,24.896633318434628
3025032,3.4388912285000175
3025033,49.87281517239467
3025034,1.1764934336836068
3025035,217.26224449916134
3025036,189.490368555499
3025037,2.3873036666970386
3025038,3.169207703907383
3025039,109.43949207919682
3025040,40.08543784786395
3025041,2134.97418455362
3025042,1.2732541146040286
3025043,1.0617733537005651
3025044,3.4084976286390103
3025045,0.15842366918391187
3025046,6.952799122508718
3025047,3426.943835273861
3025048,0.0
3025049,525.9981484822686
3025050,6.054579001766539
3025051,737.9126319352544
3025052,812.1631619359242
3025053,152.43626770118343
3025054,116.95812948234594
3025055,61.32558319154884
3025056,4552.288610634494
3025057,44.3691742649169
3025058,1.4803761114891925
3025059,31.499598640320105
3025060,25.498391517719316
3025061,0.0
3025062,192.01316675836617
3025063,18.309311734482847
3025064,21.810991719350728
3025065,1.8689626241847919
3025066,91.48718088361441
3025067,11.643228119558453
3025068,200.805872642576
3025069,237.18678532424119
3025070,11.54367089466163
3025071,13.189940634357395
3025072,218.32758567548868
3025073,59.89137339261769
3025074,2488.450574871536
3025075,48.54533941712503
3025076,9.411665131448514
3025077,5.399301553330821
3025078,0.15842366918391187
3025079,7.587910580814802
3025080,3330.2984607048834
3025081,0.0
3025082,475.1377037407502
3025083,10.853600146023888
3025084,1008.383711269753
3025085,750.9666665671241
3025086,140.70121704292794
3025087,85.96814993896997
3025088,60.09915613006278
3025089,4879.305216913047
3025090,22.33533177888512
3025091,1.0941910389267946
3025092,41.56477261943066
3025093,59.735015756057166
3025094,0.0
3025095,268.8907170189193
3025096,18.309311734482847
3025097,17.18441771827633
3025098,10.50356994791853
3025099,85.70904314359667
3025100,14.685883551498815
3025101,151.5802233474445
3025102,386.04747185517175
3025103,7.31300616886941
3025104,9.326525528641726
3025105,114.92566322023275
3025106,71.93327165378344
3025107,2060.35090720356
3025108,3.592395537632795
3025109,12.418156068541858
3025110,8.475998527854529
3025111,0.2749782257977899
3025112,3.139790488352134
3025113,4155.582332459631
3025114,0.0
3025115,675.7495068515958
3025116,5.608158430207716
3025117,1963.0400318076602
3025118,611.850909441533
3025119,193.12969823465582
3025120,438.3251592918216
3025121,38.85666278386031
3025122,6861.740302027502
3025123,23.56641305803627
3025124,1.6412865583901919
3025125,24.89837840352259
3025126,15.258777709865141
3025127,0.0
3025128,287.257685944579
3025129,4.618814289514555
3025130,13.971938750319435
3025131,8.485090313798956
3025132,43.864751536147836
3025133,4.503130039271736
3025134,148.93655437889097
3025135,272.75116556459915
3025136,6.466873223710966
3025137,9.235976737101517
3025138,207.7815896210165
3025139,48.299447689214595
3025140,2606.3962607745607
3025141,6.122533356795945
3025142,12.924383059252445
3025143,3.8006256744116396
3025144,0.3666376343970532
3025145,5.030417018972773
3025146,3119.121685318725
3025147,0.0
3025148,387.38533328721775
3025149,6.249888001823525
3025150,669.4132173885373
3025151,723.2227582575927
3025152,194.44055361966073
3025153,131.18149395362184
3025154,49.63254220282324
3025155,4267.402150260463
3025156,20.777637099142854
3025157,1.5769223796297922
3025158,15.161895888484938
3025159,10.820745980208619
3025160,0.0
3025161,186.46585390725969
3025162,16.37328179277016
3025163,20.99268611371852
3025164,2.2427551490217503
3025165,74.63177994737174
3025166,9.330809991283777
3025167,345.98495491257466
3025168,219.3703665498856
3025169,5.590521244796863
3025170,8.511586404779829
3025171,333.353696858716
3025172,45.29306210492019
3025173,2324.9459634206496
3025174,0.04547336123585817
3025175,20.2867439145993
3025176,3.4084976286390103
3025177,0.21387195339828105
3025178,2.970984548118148
3025179,5422.7990852769935
3025180,0.0
3025181,439.07594365892857
3025182,8.705201145397051
3025183,1898.3952263420572
3025184,584.2263360909344
3025185,263.8567253694322
3025186,170.1356156562453
3025187,39.25211677857902
3025188,7524.829342067165
3025189,8.517072523106926
3025190,2.3492925247545884
3025191,28.946895217103496
3025192,20.975654387623127
3025193,0.0
3025194,365.9667626368445
3025195,8.63069855761918
3025196,0.1573664626215781
3025197,9.08315835353809
3025198,35.18310513553677
3025199,2.6369680410149807
3025200,126.20325965986875
3025201,281.87054149151993
3025202,2.9916843418102133
3025203,9.085062084534497
3025204,159.65758340123503
3025205,51.89689767673631
3025206,1848.694320642302
3025207,48.54533941712503
3025208,4.777980091652544
3025209,6.8471589531066845
3025210,0.030553136199754433
3025211,8.256448957979101
3025212,3351.2397292225387
3025213,0.0
3025214,528.6214958872519
3025215,9.207424288400727
3025216,1038.7945508506834
3025217,701.7104274464232
3025218,224.02556836805405
3025219,126.37757615206507
3025220,76.74239624707639
3025221,5133.328334095428
3025222,33.31456686029434
3025223,1.4803761114891925
3025224,25.653967927641403
3025225,32.67946154593458
3025226,0.0
3025227,215.08293992904927
3025228,16.705172639920907
3025229,19.07281526973527
3025230,10.167156675565268
3025231,124.9752767551629
3025232,14.442471116943585
3025233,208.60897427305088
3025234,388.7350950004387
3025235,12.057394468507827
3025236,7.847561933484949
3025237,176.43999513807668
3025238,56.46027953622151
3025239,2146.4840817256927
3025240,0.9094672247171633
3025241,5.559972450446271
3025242,3.3180065411530184
3025243,0.15842366918391187
3025244,4.659043950458004
3025245,3170.8493727265586
3025246,0.0
3025247,493.05421917592435
3025248,7.923965145169112
3025249,610.3213137285624
3025250,812.9020981102028
3025251,164.12333264617246
3025252,123.55174215114933
3025253,62.74199988289222
3025254,3994.6941377584008
3025255,23.56641305803627
3025256,1.0620089495465947
3025257,27.023515694611845
3025258,19.525037512497644
3025259,0.0
3025260,169.38326861552412
3025261,13.662839874372397
3025262,34.77798823936877
3025263,5.345233105168505
3025264,57.24293982434638
3025265,12.089484249576373
3025266,213.22275985805197
3025267,203.20312206613264
3025268,8.128920080272195
3025269,7.877744863998353
3025270,196.78551957377982
3025271,48.49520803056582
3025272,2395.354920209298
3025273,0.22736680617929084
3025274,11.626657122025772
3025275,5.5802837283028035
3025276,0.0916594085992633
3025277,3.9162978134284683
3025278,5685.588250077611
3025279,0.0
3025280,586.5552374935824
3025281,14.006445432658078
3025282,1117.7325372430678
3025283,665.6092509414805
3025284,283.4459324186378
3025285,217.16471500726334
3025286,39.09209774430458
3025287,6293.417439237252
3025288,7.738225183235791
3025289,0.12872835752079936
3025290,16.868820056587122
3025291,17.647056805188715
3025292,0.0
3025293,202.35794701838222
3025294,8.63069855761918
3025295,8.03041058757913
3025296,1.4577908468641378
3025297,70.34066294927031
3025298,4.138011387438893
3025299,192.8316405452971
3025300,257.9689687486688
3025301,3.2938746793668003
3025302,2.4448173715856956
3025303,222.78067137449963
3025304,123.06964972912856
3025305,2032.9653538340735
3025306,3.501448815161079
3025307,0.7166970137478814
3025308,13.784808993699357
3025309,0.15842366918391187
3025310,16.84683283535177
3025311,12624.986229201551
3025312,0.0
3025313,1747.8738916796171
3025314,22.739547863777556
3025315,2178.32637249004
3025316,2544.762152833222
3025317,567.4861530169939
3025318,575.3398025864449
3025319,242.972633109123
3025320,12698.135703048994
3025321,70.57361863541992
3025322,4.730767138889377
3025323,121.82661844867218
3025324,108.5262118316153
3025325,0.0
3025326,602.1940578515535
3025327,25.927312979416314
3025328,26.15430608770628
3025329,36.37300300683475
3025330,293.87861797442076
3025331,32.171010100382766
3025332,817.7240718746347
3025333,581.6351226424572
3025334,36.50459277683573
3025335,32.778662537556364
3025336,1038.5970051298345
3025337,264.2205125722206
3025338,9423.95253556937
3025339,321.88182330718496
3025340,74.64249486510555
3025341,15.323157480961212
3025342,0.15842366918391187
3025343,14.551072048169566
3025344,11742.44778499468
3025345,0.0
3025346,1338.5471344996201
3025347,21.958311863549614
3025348,2314.7732374060042
3025349,2229.355153518231
3025350,714.4364980927386
3025351,358.12736238272157
3025352,180.4345732196199
3025353,14288.97713113255
3025354,112.83236785036343
3025355,1.8987432734317906
3025356,71.81774875576694
3025357,73.63526051043856
3025358,0.0
3025359,583.8242593204515
3025360,22.1929877975585
3025361,35.124194457136234
3025362,4.820428400297415
3025363,194.3343116329721
3025364,25.030912020096046
3025365,1079.2507744361017
3025366,720.8869904434379
3025367,22.12033270914218
3025368,27.104271601036473
3025369,1141.6093885885293
3025370,222.2776907148183
3025371,6569.940342836003
3025372,566.8018016571294
3025373,71.02695499021237
3025374,11.34154963157759
3025375,0.15842366918391187
3025376,20.12166807589109
3025377,7333.31372804
3025378,0.0
3025379,992.4850852143476
3025380,12.388170860757343
3025381,2083.462924721494
3025382,1619.6325801299804
3025383,833.4995002282736
3025384,141.91966315710164
3025385,140.7478761267003
3025386,12412.53206610184
3025387,38.5152571620145
3025388,2.8963880442179857
3025389,44.90479899063491
3025390,22.006285949767207
3025391,0.0
3025392,540.0353433910217
3025393,26.136404213121285
3025394,25.1786340194525
3025395,9.796354490927005
3025396,110.14588951322862
3025397,12.779152814149521
3025398,964.6545739746373
3025399,688.962975809089
3025400,22.210989810409156
3025401,40.17649880639159
3025402,715.68176023248
3025403,123.14681058475904
3025404,2969.5434861346566
3025405,356.2514991964713
3025406,39.453772654167906
3025407,15.835940310048496
3025408,0.15842366918391187
3025409,20.99945896510782
3025410,11077.997504468443
3025411,0.0
3025412,1291.115868897975
3025413,18.2474408624669
3025414,2137.6521474859137
3025415,2141.146925659362
3025416,671.3713318594238
3025417,329.8690223735641
3025418,140.2433153335442
3025419,13261.564233504327
3025420,41.429653659596816
3025421,1.834379094671391
3025422,71.07351645703277
3025423,70.01004645608124
3025424,0.0
3025425,552.1933862658047
3025426,25.12469028072343
3025427,27.75944400644638
3025428,8.04700547469004
3025429,184.65604199375454
3025430,17.89081393980933
3025431,848.2519820085886
3025432,706.9489207525553
3025433,21.123104595205444
3025434,28.46250347413964
3025435,1019.5854104744074
3025436,202.11199133708814
3025437,5834.397569010063
3025438,432.7636126110891
3025439,56.743617374680966
3025440,12.246460506437504
3025441,0.15842366918391187
3025442,22.07981698260533
3025443,6279.988044656555
3025444,0.0
3025445,878.9892076806879
3025446,15.289904575889695
3025447,1946.4034151136095
3025448,1289.6799426063467
3025449,656.7339170057245
3025450,113.47293421454987
3025451,108.6934651054154
3025452,10897.44499173655
3025453,36.95756248227223
3025454,0.4827313407029976
3025455,34.24370471487185
3025456,65.3565619657245
3025457,0.0
3025458,505.2407142150785
3025459,21.402811005633765
3025460,11.959851159239937
3025461,2.8875472543655034
3025462,107.51868069170288
3025463,7.910904123044941
3025464,853.2963408755235
3025465,792.1809648218724
3025466,16.167183059277413
3025467,23.39780773399051
3025468,781.8711283373092
3025469,86.03403332183771
3025470,2099.3163415766794
3025471,324.01770708443325
3025472,19.132288072601096
3025473,11.009748977462287
3025474,0.15842366918391187
3025475,11.985221756612983
3025476,8141.533805885348
3025477,0.0
3025478,1253.7200937310747
3025479,21.456088720545942
3025480,1555.5678383394345
3025481,2165.9118689226266
3025482,440.8351950218226
3025483,423.0901462482178
3025484,178.92418381954954
3025485,9815.006323758711
3025486,53.66509412789496
3025487,1.609104469009992
3025488,52.93435733757039
3025489,59.431020764932185
3025490,0.0
3025491,409.3610772255092
3025492,13.503808843445999
3025493,28.451856441981324
3025494,12.628206659091802
3025495,211.72342944427794
3025496,22.92133758728406
3025497,726.0290354323092
3025498,492.4398316466308
3025499,17.315506341992442
3025500,28.251222960545814
3025501,881.67378810006
3025502,190.35877371027607
3025503,7600.719358019089
3025504,293.04807441475197
3025505,63.57734949729794
3025506,5.429465249159485
3025507,0.3666376343970532
3025508,6.71847642131263
3025509,2192.3557963614408
3025510,0.0
3025511,371.109705241319
3025512,20.200530863036747
3025513,770.219039386004
3025514,536.5640710645506
3025515,220.8537839824479
3025516,78.24420366980029
3025517,50.34453765037796
3025518,3724.69748878382
3025519,49.117630627357045
3025520,1.222919396447594
3025521,29.554172739140633
3025522,18.484076023470674
3025523,0.0
3025524,175.47052163238396
3025525,11.173658520741798
3025526,9.032834954478583
3025527,13.04535911680985
3025528,51.66334920486461
3025529,8.681710165803166
3025530,226.15885524136849
3025531,222.50996964046078
3025532,3.142779510588506
3025533,6.640244712948802
3025534,200.89766802437236
3025535,50.19073503038344
3025536,1595.0107769793276
3025537,1.5006209207833197
3025538,7.789419906620776
3025539,9.622218969343754
3025540,0.15842366918391187
3025541,14.61859442426316
3025542,5358.29990405624
3025543,0.0
3025544,625.1902182073449
3025545,26.617826579194833
3025546,1513.6513130959534
3025547,1133.3199899864915
3025548,480.94209658110304
3025549,102.42078345541273
3025550,84.52090264566183
3025551,8881.026742210073
3025552,95.295740649394
3025553,1.5447402902495924
3025554,57.717419404704465
3025555,31.248323961502543
3025556,0.0
3025557,377.4529028375218
3025558,15.714201885469969
3025559,8.84399519933269
3025560,3.5136497334674086
3025561,111.57598415764863
3025562,11.399815685003224
3025563,528.4589413329259
3025564,478.7947268934644
3025565,12.148051569774804
3025566,22.667380815566137
3025567,364.54241505241913
3025568,74.1391874525216
3025569,2221.5691308953405
3025570,316.58190305514574
3025571,15.18961551102432
3025572,7.178959607221986
3025573,0.15842366918391187
3025574,5.840685532095904
3025575,5663.865242618288
3025576,0.0
3025577,921.6073315954613
3025578,8.063471573781245
3025579,1202.16274492663
3025580,1613.0976684502918
3025581,258.127304164671
3025582,324.18595621616697
3025583,144.63554630218573
3025584,6752.833253154138
3025585,35.57573655669441
3025586,1.834379094671391
3025587,36.133012561209604
3025588,35.73387335482035
3025589,0.0
3025590,271.3393546739011
3025591,2.323235930055225
3025592,44.21997599666345
3025593,7.064678719418514
3025594,132.12713841866525
3025595,13.063133987797288
3025596,584.9883881965426
3025597,264.74866792829084
3025598,19.007772232309332
3025599,9.541729823202296
3025600,844.9824023594439
3025601,110.06548467288779
3025602,5532.7799163735335
3025603,5.274909903359547
3025604,38.35661402983503
3025605,10.708112019175651
3025606,0.15842366918391187
3025607,8.710386516073662
3025608,5759.869214141018
3025609,0.0
3025610,944.4865505909506
3025611,10.741995003134184
3025612,1376.3051578779664
3025613,1178.2451930976474
3025614,356.9960846276672
3025615,208.04417877852998
3025616,186.89122117615142
3025617,8100.5005539577105
3025618,41.85676349113905
3025619,3.3147552061605836
3025620,52.09091633474103
3025621,42.44714526562485
3025622,0.0
3025623,304.1311376704463
3025624,7.19096835493284
3025625,53.59461090795611
3025626,11.512809764978318
3025627,215.23563081566127
3025628,13.144271465982365
3025629,454.23821734210276
3025630,324.68519752718737
3025631,13.930974561358669
3025632,24.32744199380334
3025633,436.40948327157867
3025634,116.00419408267605
3025635,4981.202634882792
3025636,6.45721729549186
3025637,7.351214074469523
3025638,8.596653311169185
3025639,0.030553136199754433
3025640,3.6435341555454337
3025641,2812.063964150756
3025642,0.0
3025643,503.3794984312075
3025644,6.696308573382348
3025645,819.9917870505703
3025646,525.8921161657005
3025647,222.75420249634575
3025648,86.2821314946273
3025649,70.08890886404689
3025650,4140.197301680789
3025651,12.788170838529277
3025652,1.5447402902495924
3025653,29.929629248914967
3025654,21.795555441356303
3025655,0.0
3025656,176.5565756484921
3025657,4.812417283685824
3025658,12.778156764872143
3025659,8.559848818766346
3025660,77.21205944949807
3025661,4.421992561086659
3025662,265.0523018040856
3025663,204.02568783421876
3025664,4.532855063348808
3025665,5.885671450113711
3025666,172.74301323601068
3025667,59.65536471316802
3025668,2092.8294027310567
3025669,0.4547336123585817
3025670,3.2171732617127127
3025671,6.093066557390088
3025672,0.15842366918391187
3025673,1.485492274059074
3025674,3995.938505243169
3025675,0.0
3025676,244.92819639568813
3025677,3.961982572584556
3025678,1006.088007455273
3025679,235.5366403724952
3025680,216.6485885728315
3025681,64.37563835641716
3025682,18.790149642157903
3025683,4380.802675729672
3025684,8.366327876680254
3025685,0.9010985026455954
3025686,23.616348079221968
3025687,9.326448271406933
3025688,0.0
3025689,182.9378503944878
3025690,8.63069855761918
3025691,14.2066945422258
3025692,4.298614035625022
3025693,22.10065486603868
3025694,1.3793371291462975
3025695,48.42679948609682
3025696,157.25694844875062
3025697,0.12087613502263488
3025698,2.1128051359382556
3025699,56.99454865211944
3025700,76.56430943123554
3025701,1005.6203447680563
3025702,48.54533941712503
3025703,2.229724042771187
3025704,6.666176778134702
3025705,0.06110627239950887
3025706,6.650954045219035
3025707,4203.085414839481
3025708,0.0
3025709,582.2842767386593
3025710,10.741995003134184
3025711,1054.5511731385204
3025712,963.9413575610872
3025713,342.52949689420143
3025714,166.25323372054274
3025715,82.0032489818921
3025716,6195.106188060336
3025717,26.531057771094137
3025718,1.2872835752079936
3025719,28.626888690089427
3025720,52.702696674955476
3025721,0.0
3025722,270.25304342093455
3025723,19.8304781172571
3025724,17.02705125565475
3025725,10.88483832325223
3025726,80.77396702308555
3025727,8.803416383080782
3025728,420.5941889083696
3025729,309.200639508232
3025730,8.491548485340099
3025731,13.31067235641101
3025732,472.66191744164547
3025733,85.21977004395978
3025734,2605.519025530028
3025735,48.54533941712503
3025736,29.355660512247773
3025737,5.037337203386855
3025738,0.06110627239950887
3025739,5.548868530463689
3025740,4629.076570936251
3025741,0.0
3025742,660.7815294103282
3025743,14.843484004330872
3025744,843.9445949764344
3025745,1232.3524276918147
3025746,185.43058074777775
3025747,246.2243359464582
3025748,118.06870207722714
3025749,4801.296795493714
3025750,28.641482821067534
3025751,2.9285701335981855
3025752,29.21679633800889
3025753,27.29875020302256
3025754,0.0
3025755,189.78318043301294
3025756,11.83744021504329
3025757,39.40456224044316
3025758,9.874850921142768
3025759,140.1484420883189
3025760,15.45668959425704
3025761,421.422808036834
3025762,215.9364509367843
3025763,6.406435156199647
3025764,12.948477190250165
3025765,545.3681777449045
3025766,111.4995612392714
3025767,4840.348182267237
3025768,0.5002069735944398
3025769,32.57634588158098
3025770,4.373735895156252
3025771,0.5194033153958254
3025772,10.295491008330217
3025773,4145.349249160342
3025774,0.0
3025775,772.6638433098683
3025776,17.103488147847415
3025777,895.1264508217529
3025778,1191.7329827417598
3025779,254.99954625224805
3025780,295.86481989587804
3025781,87.3629555668934
3025782,4180.279045146378
3025783,29.9730605311698
3025784,3.7331223681031815
3025785,38.9486023484764
3025786,48.1374592742554
3025787,0.0
3025788,264.4909377930753
3025789,25.030101389285463
3025790,32.95253727295846
3025791,24.146997104467513
3025792,116.46246482907753
3025793,23.124181282746754
3025794,406.0088983242257
3025795,263.42587867869486
3025796,17.16441117321415
3025797,17.264636253666886
3025798,535.8863971771345
3025799,129.09365201795566
3025800,4574.490582472655
3025801,1.409674198311603
3025802,31.204297825902856
3025803,11.130403760776945
3025804,0.3055313619975443
3025805,7.3937001822485735
3025806,3847.317846235011
3025807,0.0
3025808,504.0505383374198
3025809,12.834591432316168
3025810,1568.108901148131
3025811,745.8376147607746
3025812,532.4619826439692
3025813,195.85415886169076
3025814,57.68411540674485
3025815,8413.316710509154
3025816,9.019554677862496
3025817,1.158555217687194
3025818,48.995070309306385
3025819,36.27575180501981
3025820,0.0
3025821,331.7120736266548
3025822,9.818437561542916
3025823,5.5311164282232275
3025824,8.159143232141128
3025825,45.07075173822862
3025826,4.056873909253817
3025827,327.0506494237635
3025828,401.23097942755044
3025829,6.859720662534529
3025830,6.881708157056031
3025831,362.81697231351393
3025832,90.51822891668816
3025833,2372.0824946967023
3025834,119.15975998327983
3025835,13.437299208819176
3025836,4.354527941282539
3025837,0.14767589994558403
3025838,3.211574370407029
3025839,2484.4376254319864
3025840,0.06450703314871974
3025841,335.6110223407826
3025842,11.147122913167273
3025843,511.54878039696456
3025844,683.2047061515808
3025845,113.17101958200057
3025846,110.52235362686699
3025847,83.17832951476647
3025848,3057.866927041937
3025849,15.673162118600144
3025850,1.595332974953472
3025851,22.98370885096237
3025852,21.009446673001804
3025853,0.0
3025854,128.6216564469047
3025855,11.266141732530054
3025856,20.618825316392673
3025857,6.654408665488691
3025858,79.1213284938931
3025859,7.293657718138906
3025860,265.3530700093613
3025861,122.8965177222385
3025862,3.47215358983494
3025863,7.377604912097776
3025864,258.8756956165991
3025865,57.94495666771958
3025866,4342.011375074189
3025867,48.25211595583801
3025868,22.059530572462485
3025869,1.2029383437793015
3025870,0.14767589994558403
3025871,2.3314022695173526
3025872,1866.3385916631019
3025873,0.03225351657435987
3025874,119.74125329742597
3025875,4.0807631881024955
3025876,1030.3239891312026
3025877,411.97156770113486
3025878,309.98044239003883
3025879,44.80071468276467
3025880,24.945926281593174
3025881,3379.81529486594
3025882,4.544421422408326
3025883,0.39069378978452374
3025884,10.564706950794887
3025885,7.733423775356279
3025886,0.0
3025887,175.40519756856665
3025888,3.1175263838971223
3025889,16.140241137903338
3025890,1.836325888563819
3025891,13.242887982186396
3025892,0.49384989689298064
3025893,192.72964612516995
3025894,192.77620646551566
3025895,0.8140960113309421
3025896,3.568798981523959
3025897,140.55897791014007
3025898,26.77099677026623
3025899,489.20328624793103
3025900,1.7627490321085701
3025901,1.5041775523138794
3025902,7.1970670140641975
3025903,0.17088211279417584
3025904,4.73038141641202
3025905,5143.023726412034
3025906,0.03225351657435987
3025907,720.3312692778911
3025908,12.032784733665492
3025909,1739.1542631357383
3025910,895.8030595355204
3025911,492.36081499988154
3025912,261.66558835799594
3025913,57.969326198305126
3025914,9344.910416102162
3025915,24.95506861861715
3025916,0.7488297637536705
3025917,27.03137580021302
3025918,19.889379767039184
3025919,0.0
3025920,379.270322428863
3025921,9.935223645769227
3025922,2.3599515657635894
3025923,10.399786220381232
3025924,35.794621510753686
3025925,2.89301507255789
3025926,572.0970391129549
3025927,340.0450580710891
3025928,2.5111110783627693
3025929,13.872524420784567
3025930,369.0633454916677
3025931,96.0604709937434
3025932,1975.336912250136
3025933,20.248562535751752
3025934,8.877304909792649
3025935,5.201241707643033
3025936,0.14767589994558403
3025937,0.9367091913687169
3025938,1745.5447923928273
3025939,0.03225351657435987
3025940,188.34197193977025
3025941,10.322541218220652
3025942,1008.3994621779391
3025943,553.5066462980201
3025944,192.66469048399767
3025945,54.61254693755508
3025946,27.289438617025922
3025947,3681.733289358016
3025948,7.34596600144203
3025949,0.42325160559990077
3025950,15.228845947675703
3025951,17.94478882497926
3025952,0.0
3025953,133.30442144409298
3025954,6.053449289120626
3025955,16.140241137903338
3025956,5.600612145675235
3025957,34.074850734153635
3025958,1.9558411758137848
3025959,140.07751273881098
3025960,149.5410127763561
3025961,1.5190671955527864
3025962,6.1996679933594745
3025963,139.6324641309437
3025964,29.740193373561834
3025965,452.2027179618076
3025966,3.724372313993492
3025967,2.9201660887475813
3025968,4.324288163912522
3025969,0.14767589994558403
3025970,3.880652364241827
3025971,1661.2032243796573
3025972,0.03225351657435987
3025973,121.98539859414873
3025974,6.627193622348761
3025975,779.1913670388191
3025976,382.04972222595444
3025977,148.68628652130693
3025978,43.566983527974465
3025979,21.821109584352772
3025980,3575.8204746161896
3025981,12.437754710022789
3025982,0.06511563163075396
3025983,16.622790656845105
3025984,8.332623680468629
3025985,0.0
3025986,109.11183850933487
3025987,1.2331100403764237
3025988,16.140241137903338
3025989,2.945393999478601
3025990,36.12290360929005
3025991,1.2224007348836154
3025992,141.29838743602107
3025993,161.58208895047008
3025994,0.4650205700671795
3025995,5.0027023906811605
3025996,83.92041425405513
3025997,21.605848591387627
3025998,245.4818048939763
3025999,3.299504598562195
3026000,1.693696331473597
3026001,3.2356561785918867
3026002,0.14767589994558403
3026003,2.432767585583325
3026004,1659.665770341053
3026005,0.03225351657435987
3026006,166.39989093540603
3026007,8.764998016654815
3026008,1321.668337214096
3026009,516.8880068355373
3026010,229.5156286491939
3026011,34.718813369636685
3026012,29.71588448177571
3026013,3883.8096220871907
3026014,8.645432911444411
3026015,0.3255781581537698
3026016,12.917337133695543
3026017,19.668736885312917
3026018,0.0
3026019,150.56767845091656
3026020,0.8687820739015713
3026021,16.140241137903338
3026022,3.1635713327733117
3026023,18.254384321868017
3026024,2.5262948520928052
3026025,227.25079367432795
3026026,211.10772930523132
3026027,1.0230452541477948
3026028,4.235416747938651
3026029,76.85538048400419
3026030,85.00872570778107
3026031,510.1717837925413
3026032,2.444345324523884
3026033,3.942224219809235
3026034,3.538053952292063
3026035,0.7404891554414286
3026036,3.6799289660913876
3026037,1868.2561735886304
3026038,0.03225351657435987
3026039,158.7424054994751
3026040,2.534825210391462
3026041,822.3485616189126
3026042,459.4665605188815
3026043,239.43127611937766
3026044,80.77617591568635
3026045,45.80342683499431
3026046,3410.0824297900685
3026047,6.550374015726287
3026048,1.0092922902766863
3026049,13.797264731358727
3026050,16.296052836068558
3026051,0.0
3026052,165.2287624972463
3026053,6.86618090664145
3026054,16.140241137903338
3026055,3.8908291104223487
3026056,20.835227763797164
3026057,2.404054778604444
3026058,112.92207401285688
3026059,156.30582012491803
3026060,0.868038397458735
3026061,4.757170985003557
3026062,95.38435305146345
3026063,41.273279606027096
3026064,818.4435266407762
3026065,3.2122711208193864
3026066,4.088232524246614
3026067,4.298281955374307
3026068,0.17088211279417584
3026069,1.4385176867448153
3026070,1898.6833470334611
3026071,0.03225351657435987
3026072,206.03198817139656
3026073,5.015289109041999
3026074,1037.4426751929473
3026075,363.62166501266876
3026076,206.85545082258815
3026077,149.63073197047154
3026078,27.376867568672292
3026079,2734.1902747932772
3026080,4.4250826245509645
3026081,0.3581359739691468
3026082,12.603351087955138
3026083,12.82287796940431
3026084,0.0
3026085,168.01434852984542
3026086,8.745428152518146
3026087,16.140241137903338
3026088,3.0908455550084084
3026089,31.502615050685208
3026090,1.8930912714230925
3026091,55.87590217796925
3026092,160.31536042278853
3026093,0.8990397687965469
3026094,2.845095163289225
3026095,63.51207591161531
3026096,35.37957706839723
3026097,1068.5848905766175
3026098,48.25211595583801
3026099,0.8258229698978161
3026100,7.680903451984479
3026101,0.5980873947796154
3026102,3.1781204707152897
3026103,3419.6474132594726
3026104,0.03225351657435987
3026105,331.556736027943
3026106,6.1080125551601485
3026107,1051.5348517736993
3026108,1014.0180966588921
3026109,472.34590173364745
3026110,168.3789201985671
3026111,71.4017438853238
3026112,5857.909269913187
3026113,13.975899215739892
3026114,1.4651017116919642
3026115,24.250804591597355
3026116,23.766390403086444
3026117,0.0
3026118,227.0185331881535
3026119,0.5044541074267188
3026120,16.140241137903338
3026121,7.786021767510593
3026122,39.06141425622489
3026123,4.645122792557739
3026124,226.30922976622736
3026125,238.18736415902526
3026126,2.1390946223090257
3026127,7.918387833102695
3026128,322.5924260997398
3026129,55.26853233421923
3026130,1833.8742871756917
3026131,8.827304768482147
3026132,12.469109198952173
3026133,3.417094842811993
3026134,0.17088211279417584
3026135,4.1897663973935035
3026136,2442.5465465480324
3026137,0.03225351657435987
3026138,571.2300404010588
3026139,7.9098762589323925
3026140,537.93614632018
3026141,852.8675860282775
3026142,195.9608886613928
3026143,154.60858915744535
3026144,39.91533513304334
3026145,3596.6152371286535
3026146,10.422255012876239
3026147,0.9441766586459324
3026148,26.22184241036289
3026149,17.094049793033285
3026150,0.0
3026151,148.64533002942167
3026152,8.883997336348326
3026153,5.184742076298796
3026154,5.545704183462734
3026155,47.31298960822377
3026156,2.4855481609300183
3026157,97.23797156536341
3026158,135.1424435097202
3026159,3.8441700458886836
3026160,6.322433696198277
3026161,165.00206871809542
3026162,52.474433128883
3026163,2321.9280986821145
3026164,39.43811969144443
3026165,12.271676784292781
3026166,5.806037255043386
3026167,0.6550480990443407
3026168,3.3450554301770716
3026169,2877.5046466853155
3026170,0.03225351657435987
3026171,179.51143349673546
3026172,6.1080125551601485
3026173,836.5100010910763
3026174,484.2589467697453
3026175,271.96016133046817
3026176,51.18461346561627
3026177,29.182556172084237
3026178,4407.258227832149
3026179,31.664561031486585
3026180,1.2697548167997021
3026181,14.357630504444828
3026182,17.102163958415012
3026183,0.0
3026184,142.16132904693848
3026185,7.426685470448916
3026186,16.140241137903338
3026187,4.436272443659127
3026188,46.1553945048858
3026189,3.4227220576741235
3026190,131.3939344144757
3026191,158.2721644084738
3026192,1.2400548535124787
3026193,4.94131953926176
3026194,123.05435436477678
3026195,24.435185906926478
3026196,601.2224407158673
3026197,3.274645317340151
3026198,3.7670142544843803
3026199,6.441072579813755
3026200,0.14767589994558403
3026201,7.359857932182775
3026202,3745.616009610216
3026203,0.03225351657435987
3026204,689.632906845175
3026205,10.536321657651257
3026206,726.4415185274506
3026207,849.0489886057305
3026208,211.64276024004124
3026209,145.68064564675223
3026210,74.74406923001226
3026211,4905.890441838436
3026212,37.55194172578308
3026213,1.4651017116919642
3026214,20.4495173696924
3026215,28.67296379276164
3026216,0.0
3026217,193.13097449635143
3026218,18.94505425669233
3026219,18.471984528385917
3026220,5.308981776837971
3026221,76.32469745193147
3026222,11.368326834417624
3026223,451.02127184333955
3026224,221.4575373907128
3026225,8.06035654783111
3026226,7.580782150295992
3026227,400.1690153886138
3026228,101.46273657693324
3026229,4380.917652183296
3026230,48.25211595583801
3026231,29.25970424125306
3026232,7.1668272366941785
3026233,0.028480352132362635
3026234,5.710246138383082
3026235,4621.487649461688
3026236,0.03225351657435987
3026237,519.0729271072908
3026238,7.329615066192179
3026239,1754.6906992670356
3026240,1059.1383398357514
3026241,653.9012203407251
3026242,94.54650695680806
3026243,59.24170787376415
3026244,7705.389305730609
3026245,10.66093260859096
3026246,0.48836723723065467
3026247,22.98370885096237
3026248,14.467868958908062
3026249,0.0
3026250,276.4658002985838
3026251,2.0178164297068752
3026252,6.972584171574242
3026253,4.590814721409548
3026254,48.745439343790196
3026255,1.7928544111626359
3026256,326.7192690152242
3026257,334.073678591121
3026258,3.8441700458886836
3026259,5.8313708848430705
3026260,305.6843929874523
3026261,66.69812262944137
3026262,1382.5914309211616
3026263,48.41458014725884
3026264,12.618942836280995
3026265,9.676728758405643
3026266,0.42720528198543956
3026267,4.315553060234445
3026268,3668.3462373021634
3026269,0.03225351657435987
3026270,463.02178931604544
3026271,6.56611349679716
3026272,1685.175383095656
3026273,883.3118764244531
3026274,317.1808798187331
3026275,242.12343771027642
3026276,61.56964870756258
3026277,5688.151324145282
3026278,13.472024291453254
3026279,0.6185985004921626
3026280,39.3503621674976
3026281,28.147727625936593
3026282,0.0
3026283,258.50178573909704
3026284,3.3350021546544184
3026285,3.6829547162674197
3026286,11.599761553502143
3026287,78.32288469184718
3026288,2.60778823441838
3026289,105.95504807053473
3026290,255.8176812070578
3026291,2.542112449700581
3026292,4.97201096497146
3026293,155.68327392754347
3026294,148.55888976541576
3026295,1834.5640769623371
3026296,0.8587751694887905
3026297,6.657978682344486
3026298,4.294048386542504
3026299,0.17088211279417584
3026300,2.509042476880492
3026301,1865.3029434006721
3026302,0.03225351657435987
3026303,153.71671798912055
3026304,8.062576572811397
3026305,649.2398171139788
3026306,444.60062776692683
3026307,137.586144610099
3026308,46.05736254604967
3026309,37.10628057588312
3026310,3335.7661995298
3026311,8.698472377158794
3026312,0.7813875795690475
3026313,23.476468305653754
3026314,17.084063127948077
3026315,0.0
3026316,132.6034146888862
3026317,1.064958671234184
3026318,16.140241137903338
3026319,4.545361110306483
3026320,89.24672381701316
3026321,3.2189886018601874
3026322,96.47589865868147
3026323,134.10600516834734
3026324,1.2090534821746666
3026325,5.647222330584868
3026326,136.9176826353351
3026327,27.875402870138497
3026328,670.5719734429462
3026329,3.1435691072602836
3026330,2.190124566560686
3026331,1.9655855290511461
3026332,0.14767589994558403
3026333,1.6392410848952546
3026334,1741.1551470211355
3026335,0.12901406629743947
3026336,283.36144030027066
3026337,12.154944984768697
3026338,435.77440760502594
3026339,498.9719456448269
3026340,117.3133025747461
3026341,41.91727060126583
3026342,44.44169722451232
3026343,2742.0783421673545
3026344,18.88204979432031
3026345,0.4558094214152777
3026346,13.207626119380071
3026347,14.625471017283965
3026348,0.0
3026349,98.23639030315668
3026350,10.73366239691296
3026351,2.8169240053159936
3026352,2.974847939473387
3026353,47.24650209459615
3026354,6.152750365580865
3026355,534.605950662047
3026356,126.33894524830185
3026357,3.3171467331458806
3026358,5.463073776326667
3026359,275.3803831095442
3026360,30.67831163517695
3026361,2201.258818899818
3026362,48.25211595583801
3026363,7.039344503833319
3026364,2.6006208538215163
3026365,0.11392140852945054
3026366,4.783907655918804
3026367,4313.715904437019
3026368,0.03225351657435987
3026369,800.8768118260979
3026370,15.514351890106777
3026371,901.876213537676
3026372,1368.895616860528
3026373,259.4166857592151
3026374,195.14012410706937
3026375,115.3846582500462
3026376,5283.409801162963
3026377,27.607041904336292
3026378,0.8790610270151785
3026379,20.660699993131562
3026380,30.41189185072311
3026381,0.0
3026382,195.44083287317744
3026383,10.677611940532215
3026384,43.41810285218328
3026385,10.981592442500462
3026386,76.28254911739967
3026387,16.257929773952085
3026388,364.9105809381686
3026389,234.55148227622396
3026390,15.252674698203487
3026391,8.747056327264605
3026392,471.2360209686268
3026393,106.65492437886928
3026394,6843.502987726664
3026395,48.25211595583801
3026396,20.185765026518684
3026397,3.144936846481834
3026398,0.08544105639708792
3026399,3.6491513783749867
3026400,2859.0727568035495
3026401,0.03225351657435987
3026402,438.2222191601879
3026403,6.749353873451964
3026404,390.876405687455
3026405,684.558630080172
3026406,150.39034532229726
3026407,113.80031319637774
3026408,79.64176803440596
3026409,2630.2273194023464
3026410,18.51077353431963
3026411,1.1395235535381942
3026412,20.42128998933172
3026413,16.61656236864688
3026414,0.0
3026415,87.64004894583438
3026416,8.745428152518146
3026417,29.27019321543056
3026418,5.054441554660809
3026419,233.72735594165448
3026420,12.224007348836157
3026421,201.70809061042536
3026422,96.43037168467525
3026423,4.712208443347419
3026424,6.567965101875879
3026425,166.02448320623344
3026426,38.02442882679347
3026427,3343.089978555471
3026428,1.3559607939296692
3026429,4.276583236970833
3026430,4.021890390212345
3026431,0.14767589994558403
3026432,0.36799289660913875
3026433,1157.9268399943912
3026434,0.03225351657435987
3026435,224.04605777245524
3026436,5.31397092298933
3026437,318.39971611438943
3026438,251.01736970750034
3026439,79.20945040383016
3026440,30.110814452673996
3026441,24.06691716475504
3026442,1959.5873764571031
3026443,13.922859750025507
3026444,0.6837141321229165
3026445,11.290952144272145
3026446,9.674581801293165
3026447,0.0
3026448,67.7915647514832
3026449,0.11210091276149306
3026450,8.43396630025239
3026451,0.9090722220612965
3026452,19.845929179329094
3026453,0.2444801469767231
3026454,250.9900726872493
3026455,112.0474383927922
3026456,2.6041151923762054
3026457,1.3504227312268164
3026458,132.10969726893563
3026459,22.02381887663768
3026460,996.1755325167271
3026461,0.9039738626197795
3026462,2.219326227448162
3026463,6.25963391559365
3026464,0.2563231691912637
3026465,3.0409594819791557
3026466,4154.312324703792
3026467,0.3225351657435987
3026468,711.3981798455783
3026469,15.025710885693966
3026470,741.7157817882938
3026471,1079.6403450687453
3026472,284.5837942281918
3026473,208.57105579453375
3026474,96.57041046554238
3026475,5123.964484242005
3026476,22.966088654327788
3026477,2.8325299759377973
3026478,24.28600169550388
3026479,26.643798280761377
3026480,0.0
3026481,185.52730648537758
3026482,5.633070866265027
3026483,44.4314517517854
3026484,10.108883109321617
3026485,160.2182859641497
3026486,4.971096321860037
3026487,265.7087079461621
3026488,214.3519323671303
3026489,9.734430600072956
3026490,8.624290624425804
3026491,349.9360923996165
3026492,76.98961186088177
3026493,5149.807358711703
3026494,1.943543804632526
3026495,14.409018151385247
3026496,6.410832802443738
3026497,0.14767589994558403
3026498,3.61536293968633
3026499,4036.428321235692
3026500,0.03225351657435987
3026501,657.7065254930217
3026502,14.75085032071176
3026503,1130.2318620539788
3026504,1246.6010764873977
3026505,351.86139457706213
3026506,219.27054789735095
3026507,52.18957762196326
3026508,6646.298382899956
3026509,11.536083792878278
3026510,0.8139453953844245
3026511,34.66914734792946
3026512,18.75464494673267
3026513,0.0
3026514,221.98563861717724
3026515,8.745428152518146
3026516,6.2932041753695716
3026517,6.108965332251913
3026518,47.036650879708986
3026519,1.6706143376742746
3026520,182.651013202491
3026521,267.4281226829537
3026522,4.681207072009607
3026523,4.266108173648352
3026524,193.49478275135638
3026525,78.61419818513417
3026526,2151.529696873174
3026527,4.203478461181975
3026528,3.241384358509815
3026529,5.926996364523456
3026530,0.3702445777207143
3026531,3.1446665710235493
3026532,3775.0700679863326
3026533,0.03225351657435987
3026534,684.013400116188
3026535,10.444701469323855
3026536,899.8506587577286
3026537,1019.8599807754749
3026538,263.2613886419447
3026539,199.2889185993829
3026540,56.63153867581783
3026541,5174.094083018957
3026542,13.790261085739552
3026543,1.2697548167997021
3026544,26.292236618175945
3026545,19.003999490578902
3026546,0.0
3026547,197.2854301010625
3026548,8.745428152518146
3026549,6.972584171574242
3026550,5.745336443427394
3026551,92.82487996335657
3026552,1.9150944846509976
3026553,108.03674395822101
3026554,211.47794264271482
3026555,4.805212557360854
3026556,4.235416747938651
3026557,172.10015746003106
3026558,62.43598324036844
3026559,1629.2014654123018
3026560,2.8475176672523053
3026561,6.103147125482446
3026562,10.523442524766137
3026563,0.939851620367967
3026564,14.968278339075177
3026565,10685.05112289166
3026566,0.03225351657435987
3026567,1302.5453957689062
3026568,44.09985064825627
3026569,1716.2872478008226
3026570,2260.874696207649
3026571,334.9274663254329
3026572,414.9084577231177
3026573,238.02372258324633
3026574,10082.722703480858
3026575,64.7611876372615
3026576,2.6371830810455354
3026577,59.591136316991886
3026578,52.65281916204435
3026579,0.0
3026580,410.70772171178015
3026581,35.70414071453554
3026582,67.42667678121819
3026583,24.588585462313947
3026584,202.81600485144347
3026585,35.24588785581091
3026586,673.6300304992074
3026587,492.73089667129375
3026588,17.112756978472206
3026589,22.527506470920073
3026590,992.6307797337544
3026591,232.58072236205382
3026592,14533.31185548893
3026593,1.581954259584614
3026594,71.78295117254126
3026595,2.872778850151675
3026596,0.39872492985307695
3026597,0.9367091913687169
3026598,1862.6257217918742
3026599,0.03225351657435987
3026600,165.19857159078163
3026601,4.367228976939506
3026602,591.7872748049924
3026603,381.33729733368824
3026604,108.9746769308231
3026605,126.1889697747048
3026606,33.97183111201368
3026607,2853.2646401536476
3026608,4.508354585722546
3026609,0.2604625265230158
3026610,13.312171972567779
3026611,8.207790366903556
3026612,0.0
3026613,137.25677378592718
3026614,0.420378422855599
3026615,16.140241137903338
3026616,3.527200221597831
3026617,34.876262728772225
3026618,1.0186672790696796
3026619,63.28134481338967
3026620,74.51702817965767
3026621,2.0770918796334015
3026622,4.266108173648352
3026623,96.85241914475974
3026624,20.86636270209906
3026625,783.3300219079763
3026626,0.09039738626197796
3026627,4.263442489571469
3026628,7.711143229354497
3026629,0.17088211279417584
3026630,2.6094041759557114
3026631,4230.878829616506
3026632,0.03225351657435987
3026633,582.5291723208904
3026634,9.192558895516024
3026635,1297.6182090821799
3026636,965.2407390350661
3026637,234.1916983820366
3026638,277.95559699387604
3026639,60.90879725278159
3026640,6091.384099139861
3026641,11.270886464306365
3026642,0.2604625265230158
3026643,25.02514087754096
3026644,20.0226393292699
3026645,0.0
3026646,228.00687047615565
3026647,1.1210091276149305
3026648,6.793799962046697
3026649,11.236132664677625
3026650,15.349117431746972
3026651,1.9558411758137848
3026652,343.6019126670146
3026653,235.97244427735959
3026654,3.720164560537436
3026655,6.383816547617678
3026656,122.3598847097526
3026657,63.78245843852131
3026658,1851.93550063823
3026659,2.576325508466372
3026660,5.338355626839454
3026661,1.3910297590208112
3026662,0.14767589994558403
3026663,1.1039786898274162
3026664,1136.710528743171
3026665,0.03225351657435987
3026666,125.62368003786843
3026667,3.206706591459078
3026668,640.5678465800231
3026669,231.53808998651513
3026670,84.40688967210895
3026671,180.86011386562635
3026672,13.353486521006342
3026673,2268.6170397817177
3026674,1.5381445057171037
3026675,0.2930203423383928
3026676,9.995977509453773
3026677,4.0258743624736075
3026678,0.0
3026679,66.88097865709086
3026680,8.745428152518146
3026681,16.140241137903338
3026682,0.4363546665894223
3026683,29.117969137808984
3026684,0.3667202204650847
3026685,65.92728654922293
3026686,63.03537960427502
3026687,0.5580246840806153
3026688,1.1048913255492134
3026689,51.52455452822538
3026690,10.770772735289961
3026691,284.7290062648539
3026692,48.25211595583801
3026693,1.9273096185734038
3026694,6.682990798773898
3026695,0.14767589994558403
3026696,2.375226878113532
3026697,2558.590903548782
3026698,0.03225351657435987
3026699,229.20769290612301
3026700,8.459597388896807
3026701,870.5822130810193
3026702,580.9587521466776
3026703,164.89339092090339
3026704,164.86309099657856
3026705,44.92390532975999
3026706,3888.10817565621
3026707,3.049769278577016
3026708,0.6511563163075396
3026709,29.95273542445479
3026710,16.290747420242038
3026711,0.0
3026712,180.32296056438986
3026713,8.745428152518146
3026714,16.140241137903338
3026715,13.926986441979063
3026716,29.01942514439662
3026717,1.7113610288370618
3026718,235.94162801950802
3026719,180.61746764155018
3026720,1.612071309566222
3026721,3.805736788002846
3026722,191.537623452509
3026723,26.94300761842683
3026724,1708.3500050296525
3026725,48.25211595583801
3026726,0.8176465048493229
3026727,3.3263755107019395
3026728,0.3417642255883517
3026729,1.8734183827374338
3026730,2890.334732982225
3026731,0.03225351657435987
3026732,667.3157342339447
3026733,7.818256070604991
3026734,808.7032589523786
3026735,862.6990495415511
3026736,208.65724541796504
3026737,104.94750167935746
3026738,46.18209536440606
3026739,5164.633542708352
3026740,6.019979358582458
3026741,4.134842608552876
3026742,32.31094138619213
3026743,35.14525901782677
3026744,0.0
3026745,154.66257464770214
3026746,1.485337094089783
3026747,6.1144199658420275
3026748,3.563563110480282
3026749,28.464966771823462
3026750,2.9745084548834644
3026751,157.85012458410424
3026752,222.57533256430287
3026753,3.1311385051190084
3026754,5.8313708848430705
3026755,129.46171833343067
3026756,28.954537843533338
3026757,863.2264269194206
3026758,5.0622536306707655
3026759,2.7741577843102023
3026760,3.6892528391421515
3026761,0.14767589994558403
3026762,0.602170194451318
3026763,1606.271972311532
3026764,0.03225351657435987
3026765,107.98144737681258
3026766,2.840225838149469
3026767,400.7130189140349
3026768,251.81845191969302
3026769,84.88698573849848
3026770,129.4704103632274
3026771,36.64849568352905
3026772,2511.9506237764326
3026773,5.9669398928680755
3026774,0.4558094214152777
3026775,10.036401906019686
3026776,8.051748724947215
3026777,0.0
3026778,75.59185356937422
3026779,8.745428152518146
3026780,16.140241137903338
3026781,0.3999917777069705
3026782,42.030200467400896
3026783,0.8556805144185309
3026784,177.51537079190436
3026785,70.1704002903204
3026786,0.9610425114721709
3026787,1.2583484540977152
3026788,49.77236404239909
3026789,18.905117517464173
3026790,520.8272959940808
3026791,0.09039738626197796
3026792,0.6716382004119438
3026793,4.503307645943026
3026794,0.14767589994558403
3026795,0.9460762832824041
3026796,4772.052793755998
3026797,0.03225351657435987
3026798,771.1157826818209
3026799,10.16495449429752
3026800,987.2655583036774
3026801,836.0068635779774
3026802,273.72405388626714
3026803,129.10142234796922
3026804,74.16308273960959
3026805,5055.014399860355
3026806,6.3371553635544675
3026807,0.42325160559990077
3026808,33.214914530088485
3026809,10.613328319302516
3026810,0.0
3026811,237.51494432548367
3026812,8.745428152518146
3026813,29.658154950105327
3026814,3.4792012082729946
3026815,57.04035030734993
3026816,1.205287124595245
3026817,253.32113555735776
3026818,251.78217032431007
3026819,2.4980905024008884
3026820,3.383729684494466
3026821,123.2035415825755
3026822,46.28915130510666
3026823,2673.077426687511
3026824,1.2655634076676914
3026825,1.1680664354990324
3026826,3.417094842811993
3026827,0.14767589994558403
3026828,7.027995247240716
3026829,3619.030034766332
3026830,0.03225351657435987
3026831,546.0590572195003
3026832,6.627193622348761
3026833,745.5734683106907
3026834,859.55044815102
3026835,145.20212937800545
3026836,108.05663182679253
3026837,76.89121134406626
3026838,4564.399165520231
3026839,46.83384822580008
3026840,1.497659527507341
3026841,32.86224651866862
3026842,26.69778868887827
3026843,0.0
3026844,187.787573556023
3026845,18.5527010620271
3026846,26.514055841353933
3026847,1.818144444122593
3026848,98.74879869987433
3026849,11.694300363719922
3026850,198.41822799184158
3026851,233.21691222070007
3026852,11.842523851044172
3026853,13.412153035139063
3026854,217.5100319275169
3026855,64.63579293889678
3026856,4627.195138226194
3026857,48.25211595583801
3026858,10.353857632503654
3026859,5.412920149233156
3026860,0.14767589994558403
3026861,7.669975582325204
3026862,3470.8359150633137
3026863,0.03225351657435987
3026864,488.77468755009187
3026865,11.88008441978649
3026866,1010.1443739830559
3026867,844.7712729192789
3026868,136.5059124179085
3026869,79.4252504541632
3026870,75.35349319325378
3026871,4892.2857413674155
3026872,23.57604251004319
3026873,1.1069657377228173
3026874,43.36283201284172
3026875,62.55085259461901
3026876,0.0
3026877,262.99715042348214
3026878,18.5527010620271
3026879,20.889862178036427
3026880,10.217971775968973
3026881,91.6138573937107
3026882,14.750302200928962
3026883,151.2756659384616
3026884,372.8077459115211
3026885,7.502331863750496
3026886,9.483650544297415
3026887,114.49531033370607
3026888,77.63161518357268
3026889,3831.157346311532
3026890,3.570696757348129
3026891,13.7979386620852
3026892,8.497377440974955
3026893,0.2563231691912637
3026894,3.142324798045128
3026895,4243.946110786131
3026896,0.03225351657435987
3026897,682.730983303201
3026898,6.138552617935949
3026899,1983.419854338506
3026900,882.7419365106401
3026901,183.9488957755362
3026902,404.9649269157115
3026903,48.71924105322902
3026904,6879.994742737884
3026905,24.875509420045578
3026906,1.6604486065842259
3026907,25.718279884175445
3026908,16.1347057782857
3026909,0.0
3026910,273.17956635584943
3026911,4.680213107792335
3026912,15.41119886127435
3026913,8.254375776316573
3026914,46.88675715478959
3026915,4.522882719069377
3026916,147.1656521503763
3026917,270.6240946586522
3026918,6.634293466291761
3026919,9.391576267168313
3026920,204.95398674867116
3026921,52.125588762804334
3026922,2197.300573370399
3026923,6.204876593022167
3026924,14.2182302827902
3026925,3.810211948622222
3026926,0.3417642255883517
3026927,4.984631054069243
3026928,3085.523317876061
3026929,0.12901406629743947
3026930,402.0617948444904
3026931,6.8409740617793675
3026932,688.4408179483347
3026933,785.8635499607132
3026934,192.10423447633727
3026935,121.19747859660112
3026936,62.23024867355013
3026937,4336.575826362186
3026938,21.931819072897326
3026939,1.595332974953472
3026940,15.507634889509584
3026941,11.441909438090688
3026942,0.0
3026943,180.64193982022516
3026944,16.590935088700974
3026945,25.04230422852318
3026946,2.1817733329471114
3026947,80.56327644569205
3026948,9.371738967441052
3026949,345.28979640780244
3026950,213.78985470871763
3026951,5.735253697495214
3026952,8.654982050135505
3026953,332.10541408481043
3026954,48.88104609975548
3026955,4239.218562593419
3026956,0.04519869313098898
3026957,22.317629812068507
3026958,3.417094842811993
3026959,0.19936246492653847
3026960,2.973382604601841
3026961,5447.703928913875
3026962,0.03225351657435987
3026963,443.6122375519175
3026964,9.623784581910328
3026965,1886.6595950365445
3026966,907.7243027327748
3026967,251.2702787466194
3026968,157.18686390557028
3026969,48.72779106790046
3026970,7544.847813334565
3026971,8.9901894385879
3026972,2.3767205545225196
3026973,30.19911515180048
3026974,21.74908405587486
3026975,0.0
3026976,351.25372646223565
3026977,8.745428152518146
3026978,0.17878420952754465
3026979,8.836181998435803
3026980,37.606999895620774
3026981,2.648534925581167
3026982,124.70266341800244
3026983,274.7216169379433
3026984,3.0691357624433846
3026985,9.238119138619812
3026986,160.65032375632276
3026987,56.0080182235078
3026988,1558.5262885263492
3026989,48.25211595583801
3026990,5.256298959745647
3026991,6.8644294629940035
3026992,0.028480352132362635
3026993,8.263113223859753
3026994,3339.6976469350197
3026995,0.03225351657435987
3026996,529.2713678440712
3026997,10.078220716014245
3026998,1031.1654049972396
3026999,742.5357678127956
3027000,217.3274782670033
3027001,116.75917935646709
3027002,96.22111200235938
3027003,5216.538488424294
3027004,35.16516576863585
3027005,1.497659527507341
3027006,26.763738416052494
3027007,34.21993208102567
3027008,0.0
3027009,202.46809540075517
3027010,16.927237826985454
3027011,22.752078504475335
3027012,9.890705776026907
3027013,133.58528764817288
3027014,14.505822053952237
3027015,206.1285483026172
3027016,382.22870807869214
3027017,12.369547163786974
3027018,7.979770684522096
3027019,175.779294480984
3027020,60.93289785579155
3027021,3991.319260079651
3027022,0.9039738626197795
3027023,6.056015644810059
3027024,3.3263755107019395
3027025,0.14767589994558403
3027026,4.662804539034705
3027027,3336.884577353666
3027028,0.03225351657435987
3027029,493.6603657528737
3027030,8.67337782832741
3027031,600.2860881104194
3027032,868.2110017746933
3027033,160.6636664415652
3027034,114.14841509756472
3027035,78.66714219539092
3027036,4005.3213116361812
3027037,24.875509420045578
3027038,1.0744079219074403
3027039,28.192531742951132
3027040,20.645869647243526
3027041,0.0
3027042,164.09289730342027
3027043,13.844462726044394
3027044,43.06732823309024
3027045,5.251892041292522
3027046,61.79242661618094
3027047,12.142513966510581
3027048,210.68747453352324
3027049,207.134229819027
3027050,8.33936888987142
3027051,8.010462110231797
3027052,196.04863266791148
3027053,52.33685666621805
3027054,4454.086712849761
3027055,0.22599346565494488
3027056,12.918496186499018
3027057,5.594358813453262
3027058,0.08544105639708792
3027059,3.9194588878842453
3027060,5619.941291487483
3027061,0.03225351657435987
3027062,592.615207255464
3027063,15.331111513451974
3027064,1138.59343222272
3027065,960.3012597820205
3027066,272.4715076103672
3027067,200.63665312681178
3027068,49.014433994888606
3027069,6310.1599579647955
3027070,8.168077720014965
3027071,0.1302312632615079
3027072,17.424308864617508
3027073,18.660083711707127
3027074,0.0
3027075,196.03767296515053
3027076,8.745428152518146
3027077,8.68891258303867
3027078,1.4181526664156225
3027079,75.18669241957306
3027080,4.156162498604293
3027081,190.53881200905286
3027082,251.3661109543394
3027083,3.3791494758215044
3027084,2.48600548248573
3027085,221.94644251471362
3027086,132.81886766575667
3027087,1696.9053883299755
3027088,3.480299371086151
3027089,0.788444843961847
3027090,13.819578258098058
3027091,0.14767589994558403
3027092,16.860430905639983
3027093,13290.321361300368
3027094,0.03225351657435987
3027095,1781.6992240551988
3027096,24.890151162277608
3027097,2239.218486548982
3027098,2718.4905351730654
3027099,545.5142938236803
3027100,531.5516031125225
3027101,304.64382254407076
3027102,12731.916836569188
3027103,74.49392959585076
3027104,4.785998924860416
3027105,127.09674220647034
3027106,114.75614432753257
3027107,0.0
3027108,577.8820084670782
3027109,26.028710934091077
3027110,30.605353692182263
3027111,35.38399991373626
3027112,308.0841417179114
3027113,32.31212609209024
3027114,808.0010768232725
3027115,576.7881397037829
3027116,37.449656576076855
3027117,33.66419720394195
3027118,1045.0549330133756
3027119,285.1512892995755
3027120,17523.54167520974
3027121,325.7022346888378
3027122,82.11488130679415
3027123,15.361806903968958
3027124,0.14767589994558403
3027125,14.56281707481129
3027126,12199.963023319944
3027127,0.06450703314871974
3027128,1352.3762756297597
3027129,24.035029404555182
3027130,2318.814888300702
3027131,2421.916284988068
3027132,693.0757218627574
3027133,330.870857078227
3027134,226.2323842868586
3027135,14326.99041557224
3027136,119.10012026164678
3027137,1.9209111331072417
3027138,75.67377339903385
3027139,78.62563838239348
3027140,0.0
3027141,560.400699234586
3027142,22.063701649717064
3027143,43.09700641187181
3027144,4.779538114709473
3027145,211.8360452605044
3027146,25.140708447439692
3027147,1066.4181450688818
3027148,714.8795696269005
3027149,22.69300381927836
3027150,28.11211829305715
3027151,1137.3344957412849
3027152,239.88587968747512
3027153,11979.380809136954
3027154,563.3782065573495
3027155,78.13739330584544
3027156,11.37015629112663
3027157,0.14767589994558403
3027158,20.13790945843974
3027159,7921.710524761564
3027160,0.3225351657435987
3027161,1029.5979791467523
3027162,13.55978787245553
3027163,2160.008417813802
3027164,1759.4045139406085
3027165,801.2281689202754
3027166,131.11838278043012
3027167,176.47243004087682
3027168,12445.55340189903
3027169,40.65475047007448
3027170,2.9302034233839285
3027171,46.84734529958792
3027172,23.26955381509745
3027173,0.0
3027174,533.133455316628
3027175,26.238619893236972
3027176,31.179966141603792
3027177,9.438351438329205
3027178,116.59119789265692
3027179,12.835207716277964
3027180,953.1845292839788
3027181,689.5285687032462
3027182,22.786007933291796
3027183,40.85335676218216
3027184,720.1318223569797
3027185,132.9021409788401
3027186,5467.637169038102
3027187,350.96604421440423
3027188,43.837485377487646
3027189,15.875883119259257
3027190,0.14767589994558403
3027191,21.016408864344836
3027192,11281.591915138264
3027193,0.1935210994461592
3027194,1281.7688024883105
3027195,19.973201055373686
3027196,2250.5945316694915
3027197,2306.5420817017684
3027198,651.2981513523272
3027199,304.7632144892033
3027200,175.83980188532684
3027201,13296.844268505927
3027202,43.731039481508695
3027203,1.8557955014764878
3027204,73.42115874901609
3027205,74.02896369364356
3027206,0.0
3027207,534.9466530240167
3027208,24.738149175924388
3027209,32.79903594308523
3027210,7.903473898600912
3027211,193.58195775789363
3027212,17.96929080278915
3027213,838.1660005546366
3027214,701.0073022129791
3027215,21.669958565130564
3027216,28.94201444424745
3027217,1015.7674510024895
3027218,218.12271254648468
3027219,10638.219926500034
3027220,430.14963471058365
3027221,62.42416486829311
3027222,12.277349612227159
3027223,0.14767589994558403
3027224,22.097638902381867
3027225,6534.463065734798
3027226,0.03225351657435987
3027227,904.3653167779188
3027228,16.73595440113881
3027229,1949.9443293316128
3027230,1389.3026321078864
3027231,631.3065738446467
3027232,104.83668924081294
3027233,136.28198481267978
3027234,10926.43570761041
3027235,39.010527032928614
3027236,0.48836723723065467
3027237,35.725060465125274
3027238,69.1083465561923
3027239,0.0
3027240,498.9645469530774
3027241,22.100414698646453
3027242,14.13110392105713
3027243,2.8363053328312455
3027244,117.17949366055842
3027245,7.9456047767435
3027246,843.1503804164432
3027247,785.7546207864897
3027248,16.585733665729403
3027249,23.325483539372282
3027250,778.9433184161516
3027251,92.84939797646871
3027252,3903.6123391134197
3027253,322.0605759832741
3027254,21.047602535904478
3027255,11.037518740056436
3027256,0.14767589994558403
3027257,11.994895734473335
3027258,8295.138734689881
3027259,0.03225351657435987
3027260,1277.9824270025254
3027261,23.485308274590775
3027262,1558.0502721988628
3027263,2313.776519007768
3027264,423.7669920692365
3027265,390.8894265412159
3027266,224.33862862195284
3027267,9841.117403910801
3027268,56.64614938296093
3027269,1.627890790768849
3027270,54.67748121716974
3027271,62.84265046507736
3027272,0.0
3027273,396.5754454630149
3027274,13.68331766394975
3027275,34.91011988918649
3027276,12.284838380047537
3027277,226.30984270257352
3027278,23.02188050697476
3027279,717.3963230523613
3027280,475.7768748539397
3027281,17.763785776566255
3027282,28.72717446427955
3027283,869.6755001850889
3027284,205.43843937224395
3027285,13858.8642912678
3027286,288.70032455715375
3027287,69.94201516449817
3027288,5.443159926603173
3027289,0.3417642255883517
3027290,6.7238992990428
3027291,2287.2177899008907
3027292,0.03225351657435987
3027293,371.5960963374501
3027294,22.111005449679737
3027295,764.7977686158129
3027296,582.9943875388462
3027297,212.30279429190736
3027298,72.28916147983006
3027299,63.12296244135801
3027300,3836.9243676952024
3027301,51.846077735809274
3027302,1.2371970009843252
3027303,31.13793691342607
3027304,19.545151904883493
3027305,0.0
3027306,171.62454577928756
3027307,11.3221921889108
3027308,10.570080035687496
3027309,12.690648219975701
3027310,55.222629175852056
3027311,8.719791908836457
3027312,223.4697556954881
3027313,220.7049204412116
3027314,3.224142619132444
3027315,6.752113656134082
3027316,200.14538268697922
3027317,54.16669835917927
3027318,2965.872092130315
3027319,1.4915568733226363
3027320,8.569211040398418
3027321,9.646488981035626
3027322,0.14767589994558403
3027323,14.630393952188605
3027324,5844.397567357444
3027325,0.06450703314871974
3027326,643.1338771010289
3027327,29.13521988811391
3027328,1529.3656870438301
3027329,1210.518180543899
3027330,462.3210395384996
3027331,94.6257001393281
3027332,105.97395491567762
3027333,8904.653135657969
3027334,100.58934672732714
3027335,1.562775159138095
3027336,59.62389401765736
3027337,33.36607221624056
3027338,0.0
3027339,365.66386354713865
3027340,15.030210130779086
3027341,10.44957947846593
3027342,3.4181115549504746
3027343,118.10497610471427
3027344,11.4498202167432
3027345,522.1753991844737
3027346,488.21731502203204
3027347,12.46255127780041
3027348,23.049260707984978
3027349,363.17734239429075
3027350,80.01227718431176
3027351,4130.9375341895175
3027352,320.339409748846
3027353,16.710232918094704
3027354,7.1970670140641975
3027355,0.14767589994558403
3027356,5.845399893137711
3027357,5685.8608270681425
3027358,0.12901406629743947
3027359,948.2138109322021
3027360,8.826078142206415
3027361,1236.333376644314
3027362,1737.7031018223238
3027363,248.13316289637132
3027364,299.512677479633
3027365,181.34686667143575
3027366,6770.797966014281
3027367,37.55194172578308
3027368,1.8557955014764878
3027369,37.69609828389081
3027370,38.155614374448504
3027371,0.0
3027372,262.8645746702756
3027373,2.354119167991354
3027374,55.26219916496406
3027375,6.872585998783402
3027376,141.22986761906247
3027377,13.120434554417473
3027378,578.0326932388291
3027379,262.70571633080215
3027380,19.499862571483728
3027381,9.606416247136217
3027382,841.818264727079
3027383,118.78455066306758
3027384,10288.029261437427
3027385,5.243048403194721
3027386,42.1964567781729
3027387,10.73512096635626
3027388,0.14767589994558403
3027389,8.63110612046889
3027390,5864.814809128373
3027391,0.03225351657435987
3027392,962.6891133925291
3027393,11.757924168683287
3027394,1427.8416799881172
3027395,1291.143780551593
3027396,349.52902728035525
3027397,192.21026643874558
3027398,234.3278553246019
3027399,8122.050496184895
3027400,44.18187494008095
3027401,3.3534550289838285
3027402,53.80626577393887
3027403,44.883817892322035
3027404,0.0
3027405,286.2141053999627
3027406,7.28655932949705
3027407,66.91749935248376
3027408,11.199769775795174
3027409,232.31954220444118
3027410,13.201927936743049
3027411,448.8371828229258
3027412,319.25083476950226
3027413,14.291632186731317
3027414,24.7372891220185
3027415,434.77529578402306
3027416,125.19370727430446
3027417,9171.581019157595
3027418,6.418214424600435
3027419,8.087136855176258
3027420,8.618336550455027
3027421,0.028480352132362635
3027422,3.6829398170636445
3027423,2759.59445936763
3027424,0.03225351657435987
3027425,499.24839596667306
3027426,7.329615066192179
3027427,866.5095550660192
3027428,566.5152081975153
3027429,218.09499620244557
3027430,79.71533537181902
3027431,87.00875233226164
3027432,4207.309014394861
3027433,13.498544024310444
3027434,1.562775159138095
3027435,31.224361485394574
3027436,23.046726350383796
3027437,0.0
3027438,171.0421594348445
3027439,4.876389705124948
3027440,14.952796148045728
3027441,8.327101554081475
3027442,84.16577177113128
3027443,4.441389336743803
3027444,261.9007470101986
3027445,196.92991001005126
3027446,4.650205700671795
3027447,5.9848280133915726
3027448,172.09615636966421
3027449,64.3810883416806
3027450,3891.5500815015776
3027451,0.45198693130988976
3027452,3.5392412995620686
3027453,6.108435028743561
3027454,0.14767589994558403
3027455,1.471971586436555
3027456,4145.379935451656
3027457,0.03225351657435987
3027458,247.45866133592548
3027459,4.336688914163705
3027460,1052.2008016481602
3027461,369.51104412206934
3027462,210.24384764679226
3027463,59.476110666972545
3027464,23.32619387286968
3027465,4392.457022759441
3027466,8.831071041444751
3027467,0.9116188428305554
3027468,24.39403241046451
3027469,9.861831771640775
3027470,0.0
3027471,180.59982459035317
3027472,8.745428152518146
3027473,16.140241137903338
3027474,4.181732221481964
3027475,23.8571446220238
3027476,1.3853874995347641
3027477,47.850989689184274
3027478,148.95057947935305
3027479,0.12400548535124788
3027480,2.148399799679026
3027481,56.78112575038059
3027482,82.62951023789613
3027483,847.7798228175525
3027484,48.25211595583801
3027485,2.4529395145479684
3027486,6.682990798773898
3027487,0.05696070426472527
3027488,6.590418239272758
3027489,4438.675708198996
3027490,0.03225351657435987
3027491,598.8054805645979
3027492,11.757924168683287
3027493,1084.526049599167
3027494,1029.5267949803133
3027495,329.2674818911842
3027496,153.59996389875607
3027497,103.84544440382976
3027498,6211.58716717449
3027499,28.004837897194164
3027500,1.3023126326150791
3027501,30.16391804789395
3027502,56.83161433363518
3027503,0.0
3027504,261.8121923285627
3027505,20.094088612497632
3027506,20.31167404442435
3027507,10.487057153699118
3027508,88.04846447542974
3027509,8.84203198232482
3027510,423.9050562615551
3027511,296.0943482679672
3027512,8.711385345925162
3027513,13.534918737977865
3027514,470.8919783799718
3027515,91.97063114169192
3027516,4844.880219536122
3027517,48.25211595583801
3027518,32.29442669356255
3027519,5.050042820792945
3027520,0.05696070426472527
3027521,5.553347348828822
3027522,4613.133461217458
3027523,0.25802813259487895
3027524,673.6775318114228
3027525,16.247313396725996
3027526,830.2665927533924
3027527,1350.2399003150026
3027528,178.2511022906135
3027529,227.48459242569314
3027530,148.03683963645946
3027531,4814.069792405356
3027532,30.232495457198247
3027533,2.9627612391993052
3027534,30.782481012587873
3027535,28.585580473266088
3027536,0.0
3027537,185.62349866721542
3027538,11.994797665479759
3027539,50.58734965423781
3027540,9.512168102760581
3027541,151.28699451301134
3027542,15.524489333021918
3027543,416.4119590010709
3027544,210.4094385791977
3027545,6.572290723616136
3027546,13.16662162946146
3027547,543.3259813987103
3027548,120.33223058344022
3027549,9000.474352384994
3027550,0.4971856244408787
3027551,35.83753169437033
3027552,4.384767718652557
3027553,0.4841659862501648
3027554,10.406839116106445
3027555,5700.879575145112
3027556,0.06450703314871974
3027557,858.7112445851787
3027558,18.721058481565855
3027559,1040.0823609434103
3027560,1489.196000801884
3027561,269.6391556438333
3027562,273.3470179070781
3027563,109.53737625542858
3027564,6287.099902036443
3027565,31.638041298629393
3027566,3.7767066345837295
3027567,41.03982315501091
3027568,51.40979144222014
3027569,0.0
3027570,271.60385867253177
3027571,25.362831512287805
3027572,40.058032418322604
3027573,23.72533048024454
3027574,129.46543635731877
3027575,23.225613962788696
3027576,401.18132549740955
3027577,290.0988532448988
3027578,17.608778919877196
3027579,17.555495505948613
3027580,533.879706491925
3027581,139.320073808611
3027582,8591.181759763675
3027583,1.401159487060658
3027584,34.6714105555449
3027585,11.158477849536508
3027586,0.28480352132362635
3027587,7.399668072815946
3027588,4116.90823350293
3027589,0.03225351657435987
3027590,509.25811441130736
3027591,14.048428876868343
3027592,1571.7135319113181
3027593,1095.6144943197808
3027594,507.15034841925285
3027595,180.94800959567604
3027596,72.32546806903848
3027597,8435.698844531957
3027598,9.520584095731728
3027599,1.1720813693535712
3027600,50.61343541758636
3027601,38.35815642570784
3027602,0.0
3027603,324.32714242140804
3027604,9.94895600758251
3027605,6.2216904915585545
3027606,8.015107967470039
3027607,48.65283173552315
3027608,4.074669116278718
3027609,323.16191487960106
3027610,394.51544478526654
3027611,7.037311293683317
3027612,6.997645061811684
3027613,361.4583607820166
3027614,97.68881843968342
3027615,1999.7643121733192
3027616,118.44001144123744
3027617,14.782493961518062
3027618,4.246152014671262
3027619,0.12488413473439876
3027620,2.9346372226416326
3027621,2250.832581074133
3027622,0.0
3027623,291.10285816078675
3027624,12.666829143685506
3027625,473.4189947224047
3027626,544.5419618712233
3027627,108.40040382616212
3027628,97.65126349130576
3027629,66.58565969460426
3027630,2878.268881857963
3027631,14.972963521848934
3027632,1.5008536343621783
3027633,23.060180826022254
3027634,19.683150872603925
3027635,0.0
3027636,122.60768597654541
3027637,9.87277119596124
3027638,16.43146654157922
3027639,6.654972358080358
3027640,98.78084603164304
3027641,7.3149060271843735
3027642,302.8254048616452
3027643,114.08954122524513
3027644,3.2484371551512288
3027645,6.650918481049157
3027646,228.2892007691802
3027647,52.79309732511174
3027648,1885.4876914487816
3027649,47.676274059116196
3027650,17.248437846158684
3027651,1.149999503973467
3027652,0.12488413473439876
3027653,2.0883866373996764
3027654,1373.02247456794
3027655,0.0
3027656,88.61343094705481
3027657,4.546177035130962
3027658,749.7096404316754
3027659,247.0672910374706
3027660,229.72870444215647
3027661,37.01777424159919
3027662,18.675307680645112
3027663,3181.3082196649875
3027664,4.256273894535737
3027665,0.3675559920886967
3027666,10.099864802821385
3027667,6.835192077496898
3027668,0.0
3027669,120.24928396315907
3027670,2.652386291452274
3027671,13.634157031283818
3027672,1.818298458491901
3027673,16.053346875312474
3027674,0.4903847615989524
3027675,221.81027896159443
3027676,136.34171022142485
3027677,0.7541014824458209
3027678,3.1857340623512767
3027679,112.68341338884387
3027680,23.22933315076109
3027681,210.37060581514012
3027682,1.7765465902003312
3027683,1.176122625794247
3027684,7.0179456909150035
3027685,0.14450878447837573
3027686,4.279679283019047
3027687,4841.226278072378
3027688,0.0
3027689,636.644285617998
3027690,13.673234746882436
3027691,1569.8307330345606
3027692,557.1277847599746
3027693,467.3571161514899
3027694,231.19282639980582
3027695,46.40542614264222
3027696,8796.054732321687
3027697,23.840200802131722
3027698,0.7044823181700021
3027699,27.121315274709172
3027700,18.094504954273127
3027701,0.0
3027702,361.53675731720244
3027703,8.620255447219888
3027704,1.9935235142357142
3027705,10.400667182573674
3027706,44.67994445017039
3027707,2.9014431727938015
3027708,783.4641633507409
3027709,318.2047852027028
3027710,2.3493161568504424
3027711,12.631156106866465
3027712,328.7126191377822
3027713,87.51977887134987
3027714,1237.060402029074
3027715,20.190465395414023
3027716,7.0106132988519825
3027717,5.071792684190674
3027718,0.12488413473439876
3027719,0.8474612441621876
3027720,1591.8199224078694
3027721,0.0
3027722,168.07681329486476
3027723,11.729830823467674
3027724,909.2266752106008
3027725,341.1694007659392
3027726,182.80212269922916
3027727,48.25253929114748
3027728,21.845657199541343
3027729,3465.493630329717
3027730,7.017784933252376
3027731,0.39818565809608814
3027732,15.27951574753495
3027733,16.488653484480267
3027734,0.0
3027735,124.71832275020958
3027736,5.304772582904548
3027737,13.634157031283818
3027738,5.546173958091996
3027739,42.95860655678024
3027740,1.9615390463958096
3027741,187.03482315695862
3027742,140.00392412991863
3027743,1.4211912553786625
3027744,5.6448971982013845
3027745,123.1347097376585
3027746,27.096006512552343
3027747,285.9696523952582
3027748,3.5727432683767346
3027749,2.306122795674994
3027750,4.216664847902712
3027751,0.12488413473439876
3027752,3.51091086867192
3027753,1540.8056441950987
3027754,0.0
3027755,109.9273085112163
3027756,7.530690203232204
3027757,720.7818782526663
3027758,227.00107807739525
3027759,142.4185587604759
3027760,38.49330790018042
3027761,17.468167314954773
3027762,3365.8014049534213
3027763,11.882097955578933
3027764,0.06125933201478279
3027765,16.678098424654852
3027766,7.656470400619533
3027767,0.0
3027768,101.09391902022634
3027769,1.0806018224435188
3027770,13.634157031283818
3027771,2.9456435027568797
3027772,45.54061339686547
3027773,1.2259619039973808
3027774,187.0524429995
3027775,143.20977987351137
3027776,0.4350585475648967
3027777,4.5550408084496326
3027778,74.0051098757853
3027779,19.684882569119107
3027780,155.24087677159875
3027781,3.423134644013459
3027782,1.3375512214914964
3027783,3.1551268442348963
3027784,0.12488413473439876
3027785,2.2009779169812242
3027786,1500.1332541301676
3027787,0.0
3027788,149.95148893145094
3027789,9.959945107500658
3027790,1212.232901978657
3027791,307.11744563852466
3027792,224.1512178609443
3027793,30.675568165241287
3027794,23.78806815633901
3027795,3655.7013908803065
3027796,8.259198152491967
3027797,0.30629666007391393
3027798,13.08863598382662
3027799,18.072711255754513
3027800,0.0
3027801,147.7079913694184
3027802,0.7613331021761156
3027803,13.634157031283818
3027804,3.1638393177759077
3027805,23.013539226846557
3027806,2.5336546015945873
3027807,290.46353685972605
3027808,197.74313182309947
3027809,0.9571288046427727
3027810,3.856414917583124
3027811,67.77481889025802
3027812,77.45063915587934
3027813,322.62886063710886
3027814,2.4151744494226723
3027815,3.1132657741612424
3027816,3.4499985119204006
3027817,0.6262047327396282
3027818,3.362605150943537
3027819,1718.0414944841743
3027820,0.0
3027821,140.28673132993814
3027822,2.8804022436325947
3027823,748.0748569363216
3027824,278.1023515477475
3027825,225.05158355191142
3027826,72.0758593476222
3027827,36.66641792247346
3027828,3209.7976715193854
3027829,6.257736023513851
3027830,0.9495196462291332
3027831,13.980232440490557
3027832,14.973704678245324
3027833,0.0
3027834,156.01727259688028
3027835,6.016987420424139
3027836,13.634157031283818
3027837,3.9300702881843947
3027838,26.26724204924381
3027839,2.4110584111948494
3027840,149.48755039571336
3027841,141.1228467416388
3027842,0.8121092887878072
3027843,4.33148052337235
3027844,84.11456962824934
3027845,37.60369137322007
3027846,517.57762950549
3027847,3.23556562242368
3027848,3.2285719139449918
3027849,4.069229014059959
3027850,0.14450878447837573
3027851,1.3144729226415648
3027852,1350.2571765753637
3027853,0.0
3027854,137.8975686566335
3027855,5.587286279817443
3027856,761.2331229400868
3027857,216.051747110957
3027858,145.20900944493337
3027859,120.29482300749052
3027860,19.941263071793554
3027861,2573.602767151493
3027862,4.104264112588033
3027863,0.33692632608130535
3027864,11.818023621663187
3027865,11.121668465079699
3027866,0.0
3027867,117.89444520825384
3027868,7.663813682658137
3027869,13.634157031283818
3027870,3.091107379436232
3027871,34.838382146657146
3027872,1.879808252795984
3027873,64.89513424585165
3027874,105.17099880260884
3027875,0.8411131919588002
3027876,2.515053207119429
3027877,51.3835255367655
3027878,30.699043054221466
3027879,450.5101179552978
3027880,47.676274059116196
3027881,0.6457143827889984
3027882,7.48974035921181
3027883,0.505780745674315
3027884,2.9040680849057825
3027885,3195.828417767889
3027886,0.0
3027887,295.8820014682879
3027888,6.940728297909866
3027889,988.987074906909
3027890,619.3877968657928
3027891,452.4346134078979
3027892,148.7700339625668
3027893,57.729886740469944
3027894,5513.856020101162
3027895,13.351525847740081
3027896,1.3783349703326129
3027897,24.090586613390343
3027898,21.8378594340367
3027899,0.0
3027900,210.3925970191343
3027901,0.4420643819087122
3027902,13.634157031283818
3027903,8.095064737205943
3027904,49.24523190655295
3027905,4.658655235190047
3027906,309.9214979896807
3027907,215.0859493860693
3027908,2.001269318798525
3027909,7.209819193742363
3027910,287.32249515591894
3027911,50.354632643327
3027912,1159.7285279575149
3027913,8.721959503924705
3027914,9.847144337532225
3027915,3.3320498448461993
3027916,0.14450878447837573
3027917,3.7905730792454424
3027918,2174.8502404818682
3027919,0.0
3027920,509.76701507410127
3027921,8.988243145793277
3027922,497.57581491303046
3027923,525.6889419558926
3027924,189.43831156304543
3027925,136.6033529181251
3027926,32.27242993027415
3027927,3385.3748263197813
3027928,9.956640717574672
3027929,0.8882603142143504
3027930,26.048602361358206
3027931,15.552958244134892
3027932,0.0
3027933,140.38311968501387
3027934,7.785244948058988
3027935,4.379710750972403
3027936,5.546173958091996
3027937,60.24458104531602
3027938,2.4927892047946747
3027939,132.05384225002302
3027940,124.25401387586507
3027941,3.596483993203146
3027942,5.756677340740026
3027943,145.50686306490053
3027944,47.80895550822771
3027945,1468.370146600905
3027946,39.70970164928177
3027947,9.691227386847254
3027948,5.661536019561684
3027949,0.5539503405004402
3027950,2.996380827573449
3027951,2646.142672222711
3027952,0.0
3027953,161.7669734140859
3027954,6.940728297909866
3027955,767.2461521581723
3027956,287.7303570458878
3027957,258.0384327607949
3027958,45.223812307743906
3027959,23.12983150837719
3027960,4148.406230271437
3027961,30.249946607593277
3027962,1.1945569742882645
3027963,14.54945559007836
3027964,15.71440366868728
3027965,0.0
3027966,136.80489551824928
3027967,6.508170066989376
3027968,13.634157031283818
3027969,4.436648238720238
3027970,58.77059192312822
3027971,3.432693331192667
3027972,172.44132352276154
3027973,144.20918010870986
3027974,1.1601561268397247
3027975,4.499150737180312
3027976,108.51532486350997
3027977,22.262664810313275
3027978,380.2086222716299
3027979,3.173935801044181
3027980,2.9748984064207424
3027981,6.280766521701242
3027982,0.12488413473439876
3027983,6.725210301887074
3027984,3320.5534357989154
3027985,0.0
3027986,604.4401865755353
3027987,11.97275631389452
3027988,666.2914479577666
3027989,738.5022548502367
3027990,202.7211627291281
3027991,128.71512998775262
3027992,59.24147690648274
3027993,4617.752221875655
3027994,35.87430853965836
3027995,1.3783349703326129
3027996,20.314413385166603
3027997,26.090498237077437
3027998,0.0
3027999,184.10073799016686
3028000,16.60197345390497
3028001,14.860811651575323
3028002,5.468714443760241
3028003,95.2801686419333
3028004,11.401445707175643
3028005,514.7130924181697
3028006,205.44906540757032
3028007,7.54101482445821
3028008,6.9024238017611
3028009,352.8885339277048
3028010,92.44173151590721
3028011,1902.3824667666063
3028012,47.676274059116196
3028013,22.87828330455273
3028014,6.988458524146452
3028015,0.02408479741306262
3028016,5.166184277358707
3028017,4249.903016656426
3028018,0.0
3028019,467.76327704421055
3028020,8.32887395749184
3028021,1690.5468356528947
3028022,646.9483779909687
3028023,637.9354684395441
3028024,83.53591432002837
3028025,47.42398919551916
3028026,7252.82780135232
3028027,10.184655390496228
3028028,0.4594449901108709
3028029,22.83186220398243
3028030,13.162246868480771
3028031,0.0
3028032,256.28570340230834
3028033,1.768257527634849
3028034,5.88995583751461
3028035,4.591203607692051
3028036,61.45400801736753
3028037,1.7980774591961586
3028038,462.3433589483647
3028039,307.13242540921107
3028040,3.596483993203146
3028041,5.309556770585461
3028042,269.5673906215973
3028043,60.76802334274508
3028044,882.997426816479
3028045,47.4058372422738
3028046,9.965471431300747
3028047,9.435893365936138
3028048,0.3612719611959393
3028049,3.943418767924694
3028050,3264.578405278569
3028051,0.0
3028052,413.2017204280638
3028053,7.461282920253106
3028054,1484.3062392004897
3028055,524.8341683345843
3028056,303.81042412872705
3028057,213.92649393886416
3028058,49.28754520887908
3028059,5354.068487023471
3028060,12.870161538239016
3028061,0.5819636541404365
3028062,39.48128968375632
3028063,25.863671716969193
3028064,0.0
3028065,246.41500230840924
3028066,2.922536747063153
3028067,3.1111048782769477
3028068,11.600744165178329
3028069,97.77461177178955
3028070,2.6153853951944126
3028071,145.10122831273583
3028072,233.08746804631417
3028073,2.3783200600214354
3028074,4.527095772814972
3028075,137.28909580868887
3028076,135.35058746994133
3028077,1160.164745913926
3028078,0.8485265262394743
3028079,5.257959974138987
3028080,4.187177681134162
3028081,0.14450878447837573
3028082,2.2699854754344315
3028083,1715.3257148831735
3028084,0.0
3028085,137.1771562316388
3028086,9.161761353241022
3028087,606.0216297819843
3028088,256.76017598974295
3028089,129.29979810330943
3028090,40.69366511034541
3028091,29.70420523436494
3028092,3139.846264843214
3028093,8.309868079807869
3028094,0.7351119841773934
3028095,23.55457980238414
3028096,15.853195117147948
3028097,0.0
3028098,122.85925202531416
3028099,0.933247028473948
3028100,13.634157031283818
3028101,4.545746146229753
3028102,112.51450299366735
3028103,3.228366347193103
3028104,128.81691209195523
3028105,118.88782135906118
3028106,1.1311522236687315
3028107,5.141886556777499
3028108,120.7406831511947
3028109,25.39701367176528
3028110,424.0647535596583
3028111,3.0770251398894626
3028112,1.7295920967562455
3028113,1.916665839955778
3028114,0.12488413473439876
3028115,1.4830571772838284
3028116,1638.109701592217
3028117,0.0
3028118,250.61461824522468
3028119,13.812049312840633
3028120,407.0935601361562
3028121,411.8711265622323
3028122,112.3680728533949
3028123,37.03571541861859
3028124,35.932093639700305
3028125,2581.0275437694772
3028126,18.038494124460982
3028127,0.4288153241034795
3028128,13.251570865711088
3028129,13.438682728637971
3028130,0.0
3028131,93.64314553615469
3028132,9.406147681724265
3028133,2.355982335005844
3028134,3.034012807839586
3028135,60.15402370396809
3028136,6.170674916786818
3028137,610.1013394906935
3028138,115.113328854441
3028139,3.1034176392962634
3028140,4.974216342969537
3028141,242.84383830568262
3028142,27.95071711268127
3028143,928.0398580383937
3028144,47.676274059116196
3028145,5.504092471651993
3028146,2.535896342095337
3028147,0.09633918965225048
3028148,4.371386696226598
3028149,3850.2043933728005
3028150,0.0
3028151,721.0856160218493
3028152,17.62944987669106
3028153,880.3229124438723
3028154,1120.8869881975702
3028155,253.04051277003393
3028156,172.4147111564341
3028157,92.36737060043805
3028158,4973.098693834092
3028159,26.3736971679268
3028160,0.8270009821995677
3028161,20.729442794601933
3028162,27.675416285924783
3028163,0.0
3028164,186.30259418094832
3028165,9.357029417067743
3028166,33.648260528160385
3028167,10.982522689291082
3028168,97.13210369288717
3028169,16.305293323165166
3028170,416.442117692479
3028171,209.78953862040635
3028172,14.269920360128612
3028173,7.964335155878191
3028174,415.5588818191033
3028175,97.17228429774356
3028176,2971.742709801427
3028177,47.676274059116196
3028178,16.10057783552866
3028179,3.066665343929245
3028180,0.07225439223918786
3028181,3.2687790846255806
3028182,2494.8544572619417
3028183,0.0
3028184,394.5936843048613
3028185,7.669504769190402
3028186,371.66783943797844
3028187,560.6154510259967
3028188,137.50302166130714
3028189,101.55295688796757
3028190,63.75458241048394
3028191,2475.745879815598
3028192,17.683804633249668
3028193,1.0720383102586988
3028194,20.694128582004655
3028195,15.268206367437694
3028196,0.0
3028197,82.71510687561755
3028198,7.663813682658137
3028199,22.683881199863958
3028200,5.054869714607484
3028201,294.66311103720415
3028202,12.25961903997381
3028203,232.4946063100937
3028204,84.66723693449684
3028205,4.408593281990953
3028206,5.980237625817309
3028207,147.8725627521031
3028208,34.64369441668778
3028209,1409.4302416736375
3028210,1.3397787256412754
3028211,3.3438780537287416
3028212,3.9217931802172075
3028213,0.12488413473439876
3028214,0.33626051509435373
3028215,1081.2071832176769
3028216,0.0
3028217,201.8434055066628
3028218,6.038433619181584
3028219,281.31899315878206
3028220,205.2817577250462
3028221,73.68188128327249
3028222,26.604202494481726
3028223,19.265974269729938
3028224,1921.3486549300974
3028225,13.300855920424178
3028226,0.6432229861552193
3028227,11.441804881517934
3028228,8.978430271288298
3028229,0.0
3028230,64.62183051063109
3028231,0.09823652931304716
3028232,6.916922496363311
3028233,0.9091492292459505
3028234,25.020020484315683
3028235,0.2451923807994762
3028236,286.43410975078837
3028237,98.3451845361613
3028238,2.436327866363422
3028239,1.2295815679250541
3028240,116.50076741097459
3028241,20.065691309295516
3028242,424.1825167304062
3028243,0.8931858170941837
3028244,1.7526533247129956
3028245,6.1038435210899395
3028246,0.21676317671756357
3028247,2.723982570521317
3028248,3579.8524574839576
3028249,0.0
3028250,640.4715599161494
3028251,17.07419161285827
3028252,686.4855416618141
3028253,907.099164803154
3028254,262.6751669568791
3028255,184.28151824212293
3028256,77.30624701576045
3028257,4823.018096803166
3028258,21.940078527785406
3028259,2.664780942643051
3028260,24.12555118031834
3028261,24.481779175374232
3028262,0.0
3028263,175.13557965160913
3028264,4.93638559798062
3028265,34.43358797316234
3028266,10.109739429214969
3028267,201.98927248819743
3028268,4.985578409589349
3028269,303.2312648812488
3028270,193.54656838078253
3028271,9.107225595691837
3028272,7.8525550133395505
3028273,308.59069509759
3028274,70.1445010184709
3028275,2214.5560431382514
3028276,1.9203495067524947
3028277,11.379135368446018
3028278,6.2512793549326915
3028279,0.12488413473439876
3028280,3.2385126116197887
3028281,3653.8864167164966
3028282,0.0
3028283,586.9388312630389
3028284,16.92947742784685
3028285,1028.219525911841
3028286,775.2999823230504
3028287,337.02901505940343
3028288,193.73498071617365
3028289,41.36498974836613
3028290,6255.9405858610435
3028291,11.020709191208605
3028292,0.7657416501847849
3028293,34.78449940831841
3028294,17.232793585214637
3028295,0.0
3028296,207.6876087308154
3028297,7.663813682658137
3028298,5.31606270462857
3028299,6.109482820532787
3028300,59.299716223400765
3028301,1.6754812687964207
3028302,258.4710819594383
3028303,248.09658102527976
3028304,4.3795893788199605
3028305,3.8843599532177846
3028306,170.6331264590176
3028307,71.6246461227485
3028308,1360.6114582992443
3028309,4.153314049487954
3028310,2.5597963031992435
3028311,5.779484686635884
3028312,0.3131023663698141
3028313,2.845048462544487
3028314,3418.5399082433696
3028315,0.0
3028316,610.4151472900545
3028317,11.868645389425872
3028318,825.3421412157088
3028319,622.9561668430523
3028320,252.16385737291546
3028321,176.08034992402636
3028322,45.33450460291337
3028323,4870.203428167244
3028324,13.174181102134426
3028325,1.1945569742882645
3028326,26.379716810166347
3028327,17.461914178851156
3028328,0.0
3028329,184.61028395297043
3028330,7.663813682658137
3028331,5.88995583751461
3028332,5.745823128834408
3028333,115.87822175968564
3028334,1.9206736495958967
3028335,149.18496168441868
3028336,189.11916980320348
3028337,4.4956049915039324
3028338,3.856414917583124
3028339,151.76630353506764
3028340,56.88482879881214
3028341,1030.294950118258
3028342,2.8135353238466783
3028343,4.819796642960738
3028344,10.26153403545555
3028345,0.7947983146310664
3028346,13.5421280169817
3028347,9618.343500855124
3028348,0.0
3028349,1152.0160144647166
3028350,50.112058310909234
3028351,1587.7474707438573
3028352,1883.1807498681032
3028353,326.7498262386677
3028354,366.5895070121119
3028355,190.54201597493372
3028356,9490.533006910588
3028357,61.86798125271589
3028358,2.481002946598703
3028359,59.78940944687589
3028360,48.38029015618441
3028361,0.0
3028362,383.97530862466095
3028363,31.288334586205526
3028364,52.25447999436038
3028365,24.122274669736953
3028366,255.6927695386309
3028367,35.34856823192448
3028368,768.757967283696
3028369,441.1423627214037
3028370,16.0101545503882
3028371,20.511656155840676
3028372,875.3501823512896
3028373,211.90207772551477
3028374,6310.987754849634
3028375,1.5630751799148213
3028376,56.68865914089851
3028377,2.801280843012291
3028378,0.3371871637828767
3028379,0.8474612441621876
3028380,1699.3766355991906
3028381,0.0
3028382,148.86891836367028
3028383,4.962620733005554
3028384,556.9463609933548
3028385,224.4602298615106
3028386,103.37729095455823
3028387,111.49339416683056
3028388,27.466975675170225
3028389,2685.6835243004916
3028390,4.306943821851639
3028391,0.24503732805913117
3028392,13.490029212160033
3028393,7.617184391447815
3028394,0.0
3028395,130.83905061855296
3028396,0.3683869849239269
3028397,13.634157031283818
3028398,3.527499009474288
3028399,43.96895705942228
3028400,1.0216349199978174
3028401,86.66128729979893
3028402,69.18920990461183
3028403,1.9432615124565384
3028404,3.8843599532177846
3028405,85.40918183321777
3028406,19.011144028806996
3028407,495.3721089635587
3028408,0.08931858170941837
3028409,3.3669392816854917
3028410,7.519227525980361
3028411,0.14450878447837573
3028412,2.3607848944518084
3028413,3772.800567223237
3028414,0.0
3028415,519.8503866482871
3028416,10.445796088354347
3028417,1219.4407254669509
3028418,562.7936600165501
3028419,220.126682820296
3028420,245.5857512098262
3028421,48.75852244136943
3028422,5733.618145691862
3028423,10.767359554629097
3028424,0.24503732805913117
3028425,25.10840515666435
3028426,18.217524647226902
3028427,0.0
3028428,213.3579407271422
3028429,0.9823652931304716
3028430,5.73893132886039
3028431,11.237084473479948
3028432,19.350831552824214
3028433,1.9615390463958096
3028434,474.47040976859165
3028435,213.06855654599116
3028436,3.4804683805191736
3028437,5.812567412009347
3028438,107.90290768728065
3028439,58.11158950880045
3028440,1159.6684399504227
3028441,2.5455795787184234
3028442,4.1740822601717396
3028443,1.3564096713533198
3028444,0.12488413473439876
3028445,0.9987936091911497
3028446,1072.3488183587117
3028447,0.0
3028448,112.10686390121694
3028449,3.64388235640268
3028450,592.68195645598
3028451,129.85780987089404
3028452,80.84879821673141
3028453,159.79770656880544
3028454,10.583853294377242
3028455,2135.3740977777015
3028456,1.4694278921611474
3028457,0.2756669940665225
3028458,9.929937007551317
3028459,3.699193564344269
3028460,0.0
3028461,63.75382074462446
3028462,7.663813682658137
3028463,13.634157031283818
3028464,0.4363916300380562
3028465,36.709401595994265
3028466,0.36778857119921426
3028467,88.02767938879606
3028468,56.89265122432224
3028469,0.522070257077876
3028470,1.0060212828477715
3028471,45.436862449448135
3028472,9.813148304545983
3028473,178.27773908592255
3028474,47.676274059116196
3028475,1.522041045145496
3028476,6.972830325759122
3028477,0.12488413473439876
3028478,2.170408779245374
3028479,2846.214639832646
3028480,0.0
3028481,295.6796013122035
3028482,10.285812301087528
3028483,1032.539420122361
3028484,483.9057822820339
3028485,225.6320974613845
3028486,165.85464793055488
3028487,39.52297440572636
3028488,3659.7474770148256
3028489,2.9426560288709878
3028490,0.6125933201478279
3028491,34.5156218886421
3028492,16.316024451477535
3028493,0.0
3028494,238.7383182366331
3028495,7.663813682658137
3028496,13.634157031283818
3028497,15.59954613509372
3028498,40.56968892386661
3028499,1.7506735989082602
3028500,328.4978960747171
3028501,224.41231664495837
3028502,1.5383670241894747
3028503,3.4998362628848585
3028504,192.3200883588085
3028505,25.774893113940333
3028506,1604.4770804672225
3028507,47.676274059116196
3028508,0.6521715266168884
3028509,3.2435883445405476
3028510,0.28901756895675146
3028511,1.6949224883243752
3028512,2537.1256644821924
3028513,0.0
3028514,595.514111466519
3028515,8.884132221324629
3028516,747.8216866655962
3028517,503.0056606082083
3028518,196.09052773294474
3028519,92.72564149189391
3028520,36.603513351730804
3028521,4861.298534844133
3028522,5.751036750354835
3028523,3.889967582938707
3028524,31.782791337549813
3028525,32.613122796346794
3028526,0.0
3028527,150.21272453109708
3028528,1.301634013397875
3028529,5.16503819597435
3028530,3.563864978644126
3028531,36.24501456866879
3028532,2.983173966393627
3028533,219.7722981580974
3028534,199.17740034135971
3028535,2.9293942202703045
3028536,5.309556770585461
3028537,114.16565057661815
3028538,26.380203252940742
3028539,545.898004234014
3028540,5.001840575727428
3028541,2.1908166558912443
3028542,3.597434345763153
3028543,0.12488413473439876
3028544,0.5502444792453061
3028545,1549.7671219960437
3028546,0.0
3028547,95.41816023024771
3028548,3.2274386585280874
3028549,367.5335877401
3028550,145.42703269924337
3028551,82.1136924949706
3028552,114.3926883731656
3028553,29.337740684842966
3028554,2364.415942774036
3028555,5.700366823038934
3028556,0.4288153241034795
3028557,10.17049322801594
3028558,7.398387128688538
3028559,0.0
3028560,74.85574641904142
3028561,7.663813682658137
3028562,13.634157031283818
3028563,0.4000256608682183
3028564,52.988019213006936
3028565,0.8581733327981668
3028566,243.10024690045026
3028567,63.935537443280865
3028568,0.8991209983007865
3028569,1.1457464610210732
3028570,43.89169551266059
3028571,17.22427224797922
3028572,326.1382362511554
3028573,0.08931858170941837
3028574,0.5304082430052487
3028575,4.305126348208363
3028576,0.12488413473439876
3028577,0.8474612441621876
3028578,3686.224221674445
3028579,0.0
3028580,463.351313997932
3028581,10.89694342771849
3028582,724.4152010412747
3028583,496.7271228640367
3028584,188.77354488114722
3028585,105.69480575416048
3028586,54.02026142750084
3028587,4758.117665550862
3028588,5.87771156864459
3028589,0.39818565809608814
3028590,30.05239492028321
3028591,9.036355627877256
3028592,0.0
3028593,158.48661072431295
3028594,7.663813682658137
3028595,23.197364529288308
3028596,3.3456691636250984
3028597,67.8790888063912
3028598,1.1850965071974684
3028599,298.89416681388275
3028600,163.6461745839475
3028601,2.291308350508456
3028602,2.934228741639334
3028603,96.14768621286518
3028604,39.41458339765897
3028605,1138.225817896714
3028606,1.250460143931857
3028607,0.9224491182699976
3028608,3.3320498448461993
3028609,0.12488413473439876
3028610,6.358380649056871
3028611,3304.6097387838818
3028612,0.0
3028613,487.3043712083574
3028614,7.530690203232204
3028615,690.1710984653864
3028616,709.5644358816575
3028617,139.08127291890025
3028618,95.4726919960929
3028619,60.94328243132287
3028620,4296.317791436435
3028621,44.74154581994114
3028622,1.4089646363400041
3028623,32.97158661310173
3028624,24.53138851542319
3028625,0.0
3028626,173.94093785816432
3028627,16.258145601309305
3028628,20.931996899475
3028629,1.818298458491901
3028630,123.28521355572141
3028631,11.728368881574946
3028632,226.43823273437118
3028633,214.37533452929492
3028634,11.07949101131937
3028635,12.211980572346562
3028636,191.81094320091057
3028637,58.88905443275465
3028638,1970.310668218032
3028639,47.676274059116196
3028640,8.176681183134631
3028641,5.278202851570527
3028642,0.12488413473439876
3028643,6.939194266038028
3028644,3145.172768633544
3028645,0.0
3028646,432.28916961493235
3028647,13.49971653943469
3028648,910.5292315477164
3028649,691.720476094412
3028650,130.75163664173132
3028651,70.17563239873888
3028652,60.924963324872806
3028653,4604.946567821044
3028654,22.522782691918273
3028655,1.0414086442513073
3028656,43.507109919845966
3028657,58.03862646941537
3028658,0.0
3028659,245.92493549196928
3028660,16.258145601309305
3028661,16.491876345040907
3028662,10.218837336724484
3028663,115.49877901536007
3028664,14.793273641568398
3028665,170.92905421830343
3028666,348.9466648221197
3028667,7.018944567380333
3028668,8.63501601111004
3028669,100.96754284192082
3028670,70.72942412217127
3028671,1631.3490063773695
3028672,3.528083977522025
3028673,10.788665091322455
3028674,8.285893861962672
3028675,0.21676317671756357
3028676,2.842929809434082
3028677,3997.137786198785
3028678,0.0
3028679,609.270715546972
3028680,6.9754319393994155
3028681,1863.9249427540399
3028682,544.1028387365494
3028683,176.19470655203088
3028684,357.8039689282405
3028685,39.00057652364611
3028686,6475.911230880471
3028687,23.764195911157866
3028688,1.562112966376961
3028689,25.803850392862223
3028690,15.12195918001013
3028691,0.0
3028692,255.53908197522603
3028693,4.1013750988197195
3028694,13.01831264599383
3028695,8.502727251599827
3028696,59.110743259017724
3028697,4.536059044790309
3028698,203.2169924133087
3028699,246.57828465443455
3028700,6.206835278592527
3028701,8.551180904206058
3028702,180.73841083408064
3028703,47.49112673366643
3028704,1389.5566218770607
3028705,6.071877184606261
3028706,11.228465769685632
3028707,3.7153830128373544
3028708,0.28901756895675146
3028709,4.5548015226417
3028710,2942.526093524548
3028711,0.0
3028712,346.0999636487433
3028713,7.773615693659051
3028714,636.9761658569313
3028715,648.9369596338759
3028716,184.00626477401377
3028717,107.08319655293319
3028718,50.31453032190934
3028719,4081.8752263069227
3028720,20.952014945125327
3028721,1.5008536343621783
3028722,15.559232282958929
3028723,10.513452220895653
3028724,0.0
3028725,170.53992641319527
3028726,14.539006338330982
3028727,20.14666945447305
3028728,2.181958150190281
3028729,102.5629247465331
3028730,9.399041263979921
3028731,390.1490564597836
3028732,187.83702067324361
3028733,5.365722086633726
3028734,7.880500048974211
3028735,292.86673425235097
3028736,44.535054860698075
3028737,1805.1059679293387
3028738,0.04465929085470918
3028739,17.624749172099516
3028740,3.3320498448461993
3028741,0.16859358189143836
3028742,2.69008412075483
3028743,5129.920986541174
3028744,0.0
3028745,395.88059134357275
3028746,10.82753614473939
3028747,1759.2830347315717
3028748,529.2581031460073
3028749,240.67822121113008
3028750,138.8813697945312
3028751,39.397495164559736
3028752,7101.715410644864
3028753,8.588552680045327
3028754,2.2359656185395718
3028755,30.299594408464152
3028756,19.984248023190084
3028757,0.0
3028758,331.70088140288937
3028759,7.663813682658137
3028760,0.15102450865422076
3028761,8.83693050827064
3028762,47.88574917466461
3028763,2.6562507919943257
3028764,166.5059590476692
3028765,248.09658102527976
3028766,2.8713864139283185
3028767,8.411455726032756
3028768,140.26661617962947
3028769,51.02837118363911
3028770,985.6004912743457
3028771,47.676274059116196
3028772,4.15102103221499
3028773,6.693586856460949
3028774,0.02408479741306262
3028775,7.475818832430726
3028776,3002.9253491213967
3028777,0.0
3028778,485.2045345251981
3028779,11.452201691551279
3028780,954.2283966971205
3028781,629.6342670791344
3028782,204.38140606838172
3028783,103.16176786155005
3028784,77.02662768778127
3028785,4910.154941493995
3028786,33.594161810442785
3028787,1.4089646363400041
3028788,26.85278740070215
3028789,31.13487916656426
3028790,0.0
3028791,191.1274837149824
3028792,14.833715926270123
3028793,18.304170448891558
3028794,9.891543614195943
3028795,168.41270585817324
3028796,14.54808126076892
3028797,235.2373804873677
3028798,357.94054256086673
3028799,11.572557365226253
3028800,7.265709265011684
3028801,155.01074580699714
3028802,55.5153820417637
3028803,1682.7205086958038
3028804,0.8931858170941837
3028805,4.782575821038543
3028806,3.2435883445405476
3028807,0.12488413473439876
3028808,4.176773274799353
3028809,3068.586764086994
3028810,0.0
3028811,444.54859955486717
3028812,9.85583418303201
3028813,540.5712325905575
3028814,729.4048894403628
3028815,153.89104372112092
3028816,100.8550451019129
3028817,62.974377941064986
3028818,3770.0763205798057
3028819,23.764195911157866
3028820,1.010778978243916
3028821,28.286334644750056
3028822,18.78272701275578
3028823,0.0
3028824,150.51773945708297
3028825,12.132211370161325
3028826,33.37641641258279
3028827,5.304340263112573
3028828,78.66626433959941
3028829,12.177888246373985
3028830,240.44010409467245
3028831,185.3893472776874
3028832,7.802049952997148
3028833,7.293654300646344
3028834,172.88523573851623
3028835,47.6836109053356
3028836,1896.5991935365555
3028837,0.2232964542735459
3028838,10.202035650069165
3028839,5.45512585218183
3028840,0.07225439223918786
3028841,3.51091086867192
3028842,5379.883754539996
3028843,0.0
3028844,528.8511876546922
3028845,17.421228027753763
3028846,1052.8071590817406
3028847,581.2436888509311
3028848,258.56919805105434
3028849,177.2711314730568
3028850,38.84839947176154
3028851,5939.544617177234
3028852,7.803168806648852
3028853,0.12251866402956559
3028854,17.657106298638787
3028855,16.976144109238813
3028856,0.0
3028857,190.43098545720147
3028858,7.663813682658137
3028859,7.3397911205951285
3028860,1.4182727976236829
3028861,94.78883893453735
3028862,4.168270473591096
3028863,260.9353321736783
3028864,229.03143394366515
3028865,3.1614254456382493
3028866,2.263547886407486
3028867,195.7231861977774
3028868,121.01000346757841
3028869,1073.110409940854
3028870,3.4387653958126068
3028871,0.6226531548322484
3028872,13.475635213227546
3028873,0.12488413473439876
3028874,15.253999730189319
3028875,11895.817746674738
3028876,0.0
3028877,1618.13398724665
3028878,28.283467813982707
3028879,2018.7011524541106
3028880,2283.377003275616
3028881,522.5186621260735
3028882,469.64875386212253
3028883,243.87253283779606
3028884,11984.131720391897
3028885,71.16591291518384
3028886,4.502560903086535
3028887,127.5196216887693
3028888,105.44422213527373
3028889,0.0
3028890,545.6156406553516
3028891,22.170019935368487
3028892,25.10027333833149
3028893,35.38699727978598
3028894,392.2135746789631
3028895,32.406259662330775
3028896,922.1044746496457
3028897,512.1775293300726
3028898,35.036715030559684
3028899,30.348308699241112
3028900,912.455796839602
3028901,259.79861982984266
3028902,7609.473878596919
3028903,316.1194505363333
3028904,64.84802367079104
3028905,14.97948071842362
3028906,0.12488413473439876
3028907,13.175298364151496
3028908,11371.681065278288
3028909,0.0
3028910,1196.277206119161
3028911,27.31176585227532
3028912,2126.814740164826
3028913,1983.4147592249005
3028914,663.8597797344651
3028915,292.33866440468074
3028916,179.30975269736817
3028917,13485.521661895826
3028918,113.77932178785711
3028919,1.8071502944360922
3028920,75.92555708414677
3028921,72.2455370708346
3028922,0.0
3028923,519.3591766606302
3028924,19.334913699393944
3028925,33.70867033162207
3028926,4.779942987683509
3028927,269.65731030070344
3028928,25.213949825546134
3028929,1217.0143971610953
3028930,623.760239619867
3028931,21.23085712116696
3028932,25.094641999924967
3028933,1002.9569690641455
3028934,218.5577368861172
3028935,5252.465762248692
3028936,556.6548376727055
3028937,61.706909271902305
3028938,11.087174704974963
3028939,0.12488413473439876
3028940,18.2192060905668
3028941,7233.474576467301
3028942,0.0
3028943,910.8259273249722
3028944,15.408416821359902
3028945,1964.3681300691694
3028946,1453.2720801067032
3028947,767.4531641461681
3028948,115.84874303955434
3028949,141.26916518677663
3028950,11714.587301822181
3028951,38.838499287638605
3028952,2.7566699406652257
3028953,46.5378385811648
3028954,21.590959770556047
3028955,0.0
3028956,489.20735849432236
3028957,22.56370282659052
3028958,24.163921384675323
3028959,9.53079320003115
3028960,149.8701547074627
3028961,12.8725999919725
3028962,1087.7902825020808
3028963,628.2617662168242
3028964,21.317868830679938
3028965,36.46827150323172
3028966,628.7597283557176
3028967,121.0858729888451
3028968,2374.2827213005767
3028969,343.68137848022565
3028970,34.61947754398161
3028971,15.480762553488976
3028972,0.12488413473439876
3028973,19.014003671698912
3028974,10893.23588138085
3028975,0.0
3028976,1143.8534570080012
3028977,22.696181534165262
3028978,1964.3603655534316
3028979,1905.0744007862297
3028980,623.8433026281045
3028981,269.27143680830926
3028982,140.7627356476838
3028983,12515.879205369729
3028984,41.7773550719609
3028985,1.7458909624213095
3028986,73.665447477921
3028987,68.02186094608834
3028988,0.0
3028989,490.87116265445104
3028990,22.31000698963958
3028991,26.640723326604544
3028992,7.753588286701164
3028993,246.44394619666764
3028994,18.0216399887615
3028995,956.5291950466953
3028996,644.0879776243743
3028997,20.273728316524185
3028998,26.352168603484685
3028999,904.7107585531695
3029000,198.72952288700233
3029001,4664.421878349058
3029002,425.01621876354756
3029003,49.29780883301961
3029004,11.971789708031475
3029005,0.12488413473439876
3029006,19.992216079246123
3029007,5924.433399120769
3029008,0.0
3029009,807.0577096168578
3029010,19.01759553627303
3029011,1819.0594532254663
3029012,1127.5384509341918
3029013,604.6944508906298
3029014,92.62773392587376
3029015,109.0960339811989
3029016,10284.692119437488
3029017,37.26773154084565
3029018,0.4594449901108709
3029019,35.84392578623673
3029020,63.50052878104834
3029021,0.0
3029022,462.04487664312876
3029023,19.36708616274397
3029024,11.47786265772078
3029025,2.7819966414926083
3029026,144.88875252554752
3029027,7.968752375982976
3029028,962.2174535227799
3029029,697.2611890750803
3029030,15.517088196481316
3029031,21.238227082341844
3029032,686.9101681491115
3029033,84.59420087340374
3029034,1678.658577592945
3029035,321.05832151195557
3029036,16.62177921639161
3029037,10.762815870520907
3029038,0.12488413473439876
3029039,10.85204389622687
3029040,7795.2194372325275
3029041,0.0
3029042,1130.3817921555687
3029043,26.68710030546344
3029044,1479.1840116970568
3029045,1927.2449762037002
3029046,405.9035010744863
3029047,345.36765762345016
3029048,179.58686678269606
3029049,9263.117938813699
3029050,54.115482373382946
3029051,1.5314833003695698
3029052,55.407999565128506
3029053,57.18265028417757
3029054,0.0
3029055,363.7673571263984
3029056,11.876796393947403
3029057,27.305231164683114
3029058,12.16659864546101
3029059,285.3117558294172
3029060,23.088949191950675
3029061,818.7047994844105
3029062,441.1752011925289
3029063,16.619236516979054
3029064,26.15655335404206
3029065,766.9222264875327
3029066,187.17300258401892
3029067,5901.257099984456
3029068,287.80188739117926
3029069,55.23482933653013
3029070,5.307690018339078
3029071,0.28901756895675146
3029072,6.023028128152691
3029073,2071.9242615283233
3029074,0.0
3029075,325.63820665743634
3029076,25.125436438433713
3029077,707.6250239790353
3029078,485.60135143087354
3029079,197.80737257843498
3029080,63.87059018906403
3029081,50.53099912627347
3029082,3611.5698534543144
3029083,49.529853951293845
3029084,1.163927308280873
3029085,30.62896062892589
3029086,17.959154616104872
3029087,0.0
3029088,155.8094158521469
3029089,9.921889460617763
3029090,8.668806796752271
3029091,12.69172324027347
3029092,69.61988530205446
3029093,8.745194915181317
3029094,255.02745922793255
3029095,194.09999320297993
3029096,3.0164059297832835
3029097,6.147907839625271
3029098,176.4979494982089
3029099,49.350762218261956
3029100,1262.9010121960484
3029101,1.473756598205403
3029102,6.7673044342789845
3029103,9.406406199167588
3029104,0.12488413473439876
3029105,13.105382811508116
3029106,5142.494250084558
3029107,0.0
3029108,568.8097537881256
3029109,33.10727398103006
3029110,1427.7815057822702
3029111,1008.29317909101
3029112,442.83233966087863
3029113,83.60588491040404
3029114,83.99400337043612
3029115,8381.655132683205
3029116,96.09551715460745
3029117,1.4702239683547869
3029118,59.22997637602793
3029119,30.658572150256056
3029120,0.0
3029121,341.8632945911114
3029122,13.56253523695929
3029123,8.572453160230879
3029124,3.4184011019647738
3029125,150.35624556040045
3029126,11.48317650077547
3029127,595.9153842133837
3029128,432.9223621882165
3029129,11.659569074739231
3029130,20.9867217616299
3029131,320.26747445406534
3029132,72.89842256363926
3029133,1793.8303707748885
3029134,316.5164716320316
3029135,13.196457969274055
3029136,7.0179456909150035
3029137,0.12488413473439876
3029138,5.236099830002088
3029139,5228.696669580016
3029140,0.0
3029141,830.9415732919175
3029142,10.029352390479756
3029143,1074.2814567291125
3029144,1410.6098829506418
3029145,235.51268067466515
3029146,264.63236103615014
3029147,145.17123415809075
3029148,6373.127920834086
3029149,35.87430853965836
3029150,1.7458909624213095
3029151,37.821521691684275
3029152,34.71908229530372
3029153,0.0
3029154,243.27553403595618
3029155,2.0629671155739904
3029156,42.43788693183603
3029157,6.873168173099386
3029158,179.81320156687417
3029159,13.158657769571889
3029160,659.6606715239448
3029161,250.24363753443293
3029162,18.24345509455467
3029163,8.746796153648681
3029164,742.356359061467
3029165,108.22347110958307
3029166,4380.7562039668055
3029167,5.180477739146265
3029168,33.323519250438984
3029169,10.467944202835405
3029170,0.12488413473439876
3029171,7.808750035494444
3029172,5393.262092207303
3029173,0.0
3029174,851.5699836528576
3029175,13.360901973476492
3029176,1298.227031370691
3029177,1084.5637247002992
3029178,331.7513758641911
3029179,169.8260556150635
3029180,187.58341172072298
3029181,7645.017182831581
3029182,42.208049454146064
3029183,3.1548555987613134
3029184,53.98529133682829
3029185,40.83737639521453
3029186,0.0
3029187,275.5063947507287
3029188,6.385374405348066
3029189,50.92546431820325
3029190,11.20071850431011
3029191,290.0446866284604
3029192,13.240388563171715
3029193,512.2205731424841
3029194,293.45858261643724
3029195,13.370799361827826
3029196,22.523698721536217
3029197,383.40603799175017
3029198,114.062792565792
3029199,3982.6941085458216
3029200,6.341619301368704
3029201,6.386599284653718
3029202,8.403842529036874
3029203,0.02408479741306262
3029204,3.2990455576313735
3029205,2596.7294773837652
3029206,0.0
3029207,453.85809991898697
3029208,8.32887395749184
3029209,801.7333076054915
3029210,459.6714600004055
3029211,203.20409966904506
3029212,70.43193492758746
3029213,69.65197794961205
3029214,3960.200656674013
3029215,12.895496501896966
3029216,1.4702239683547869
3029217,31.32825196748584
3029218,21.176592739511285
3029219,0.0
3029220,159.84777546410984
3029221,4.273289025117552
3029222,12.263190102722726
3029223,8.327806939892906
3029224,105.0786974981118
3029225,4.454328251190484
3029226,298.8855555510729
3029227,179.43206228063076
3029228,4.350585475648967
3029229,5.449281948758762
3029230,151.7627751786498
3029231,58.6569955036731
3029232,1657.0648983752653
3029233,0.4465929085470918
3029234,2.767347354809993
3029235,5.956407687247188
3029236,0.12488413473439876
3029237,1.3317248122548662
3029238,3902.125158987595
3029239,0.0
3029240,225.20560868603428
3029241,4.927917091516005
3029242,948.7202962903515
3029243,209.29162447554543
3029244,199.48139712439485
3029245,52.54970748982263
3029246,18.859742873084084
3029247,4134.474346055671
3029248,8.436542898097622
3029249,0.857630648206959
3029250,24.475196849598316
3029251,9.15220634105517
3029252,0.0
3029253,168.9376478495076
3029254,7.663813682658137
3029255,13.634157031283818
3029256,4.1820864545313725
3029257,29.782139186768514
3029258,1.3894234911970316
3029259,59.52310973605699
3029260,140.88597512271397
3029261,0.11601561268397247
3029262,1.9561524944262225
3029263,50.0723630522909
3029264,75.28295863487516
3029265,536.1296861097708
3029266,47.676274059116196
3029267,1.9371431483669952
3029268,6.516663855849647
3029269,0.04816959482612524
3029270,6.022120133962517
3029271,4081.7898289594677
3029272,0.0
3029273,525.0003948848258
3029274,13.360901973476492
3029275,1003.4518971498364
3029276,872.3227224379322
3029277,315.38752708652527
3029278,135.71218902531862
3029279,83.13003473676179
3029280,5846.761313292884
3029281,26.75372162279606
3029282,1.2251866402956557
3029283,29.964633857293936
3029284,52.21999572413556
3029285,0.0
3029286,249.57062401931015
3029287,17.608897879363706
3029288,16.340851836386687
3029289,10.284296081230192
3029290,111.00384189027257
3029291,8.867791105581055
3029292,474.28196985193375
3029293,272.1942238068236
3029294,8.150096791049064
3029295,12.323760714885202
3029296,415.2554883027381
3029297,83.79356479215707
3029298,2083.4291500835425
3029299,47.676274059116196
3029300,25.5036567468739
3029301,4.924356850347922
3029302,0.04816959482612524
3029303,5.074476864151157
3029304,4366.991728157341
3029305,0.0
3029306,595.7752557153826
3029307,18.462337272440244
3029308,754.6591662820297
3029309,1124.6734691852655
3029310,169.1989260302638
3029311,200.9924431230498
3029312,118.50599409486912
3029313,4531.324485064071
3029314,28.88185857006393
3029315,2.787299606672617
3029316,30.582108109242373
3029317,26.52350461553944
3029318,0.0
3029319,168.51837110155972
3029320,10.511308636496047
3029321,37.81653696701688
3029322,9.418786014988047
3029323,190.72947744208665
3029324,15.569716180766738
3029325,475.21636010950033
3029326,191.71389194078336
3029327,6.14882747225054
3029328,11.988420287269278
3029329,479.1313211354589
3029330,109.63354752284013
3029331,3870.446694373304
3029332,0.491252199401801
3029333,28.301728829594797
3029334,4.275639181439813
3029335,0.40944155602206456
3029336,9.415294422641907
3029337,5090.551105562026
3029338,0.0
3029339,773.2824178019117
3029340,21.27333223309374
3029341,895.8952369770459
3029342,1272.495766935024
3029343,258.272775725577
3029344,241.513872934009
3029345,88.56338768462359
3029346,5917.838950130209
3029347,30.224611643935326
3029348,3.5530412568574015
3029349,41.17637188842564
3029350,48.17353677944858
3029351,0.0
3029352,246.69198626767684
3029353,22.22601475707692
3029354,31.62453211219383
3029355,23.727340244552515
3029356,160.07993363860544
3029357,23.29327617595024
3029358,457.83490393534385
3029359,257.24257815232704
3029360,16.47421700112409
3029361,15.984560383025705
3029362,470.80113570194584
3029363,126.93319037405043
3029364,3730.6598402812606
3029365,1.3844380164959844
3029366,27.380815957163914
3029367,10.88076453759511
3029368,0.2408479741306262
3029369,6.694641164151225
3029370,3699.193790178901
3029371,0.0
3029372,454.46312435433344
3029373,15.963675085192692
3029374,1406.6973162286365
3029375,669.2289319953212
3029376,494.76768818313917
3029377,159.87536623504656
3029378,57.897760536811674
3029379,7940.243987147357
3029380,9.095251953204343
3029381,1.10266797626609
3029382,50.78183771488515
3029383,35.24557217004295
3029384,0.0
3029385,303.4898513559778
3029386,8.718491976532937
3029387,5.255652901166883
3029388,7.9379637503922424
3029389,60.73591075271193
3029390,4.08653967999127
3029391,442.5574019060444
3029392,365.88045025210425
3029393,6.583886019815437
3029394,6.371468124702553
3029395,321.9391086471051
3029396,89.00335069772245
3029397,1264.6361521271222
3029398,119.21395760046924
3029399,11.674077865963296
